line,parent_station,service_hour,comparable_observations,mean_excess_wait_seconds
Blue,place-aport,0,736,61.608695652173914
Blue,place-aport,1,256,74.498046875
Blue,place-aport,2,25,181.12
Blue,place-aport,4,1,137.0
Blue,place-aport,5,846,25.68853427895981
Blue,place-aport,6,1872,22.45299145299145
Blue,place-aport,7,1987,24.346502264720684
Blue,place-aport,8,2024,24.481719367588934
Blue,place-aport,9,1889,28.453414505029116
Blue,place-aport,10,1266,72.27330173775671
Blue,place-aport,11,1039,104.93551491819056
Blue,place-aport,12,1221,80.97911547911548
Blue,place-aport,13,1520,40.90296052631579
Blue,place-aport,14,1732,32.09930715935335
Blue,place-aport,15,1872,31.692574786324787
Blue,place-aport,16,1955,28.828900255754476
Blue,place-aport,17,1960,28.383418367346938
Blue,place-aport,18,1849,33.68685776095187
Blue,place-aport,19,1717,31.85032032615026
Blue,place-aport,20,1567,56.47160178685386
Blue,place-aport,21,1309,56.058059587471355
Blue,place-aport,22,1363,37.689288334556124
Blue,place-aport,23,1209,39.3904052936311
Blue,place-aqucl,0,814,64.88144963144963
Blue,place-aqucl,1,208,155.19951923076923
Blue,place-aqucl,2,3,501.3333333333333
Blue,place-aqucl,4,1,446.5
Blue,place-aqucl,5,836,27.205143540669855
Blue,place-aqucl,6,1879,23.610963278339543
Blue,place-aqucl,7,2010,26.224378109452736
Blue,place-aqucl,8,2012,24.809642147117295
Blue,place-aqucl,9,1931,29.68720870015536
Blue,place-aqucl,10,1271,68.32218725413061
Blue,place-aqucl,11,1064,107.640507518797
Blue,place-aqucl,12,1237,66.62287793047696
Blue,place-aqucl,13,1504,40.79421542553192
Blue,place-aqucl,14,1750,35.94314285714286
Blue,place-aqucl,15,1896,26.22626582278481
Blue,place-aqucl,16,1981,29.647652700656234
Blue,place-aqucl,17,1993,28.88158554942298
Blue,place-aqucl,18,1882,32.4750265674814
Blue,place-aqucl,19,1718,34.96245634458673
Blue,place-aqucl,20,1595,37.10971786833856
Blue,place-aqucl,21,1331,49.8572501878287
Blue,place-aqucl,22,1351,36.846780162842336
Blue,place-aqucl,23,1193,38.88977367979883
Blue,place-bmmnl,0,774,56.52325581395349
Blue,place-bmmnl,1,236,60.9978813559322
Blue,place-bmmnl,2,29,151.1551724137931
Blue,place-bmmnl,4,2,6.5
Blue,place-bmmnl,5,786,19.115139949109416
Blue,place-bmmnl,6,1856,22.076239224137932
Blue,place-bmmnl,7,1972,22.046146044624745
Blue,place-bmmnl,8,1978,23.230535894843275
Blue,place-bmmnl,9,1745,32.93667621776504
Blue,place-bmmnl,10,1112,75.67401079136691
Blue,place-bmmnl,11,982,116.47912423625255
Blue,place-bmmnl,12,1197,70.6595655806182
Blue,place-bmmnl,13,1477,39.0314827352742
Blue,place-bmmnl,14,1646,34.73025516403402
Blue,place-bmmnl,15,1869,26.419475655430713
Blue,place-bmmnl,16,1876,29.007995735607675
Blue,place-bmmnl,17,1928,28.47691908713693
Blue,place-bmmnl,18,1826,32.34063526834611
Blue,place-bmmnl,19,1677,32.05605247465713
Blue,place-bmmnl,20,1529,34.27305428384565
Blue,place-bmmnl,21,1262,64.75950871632331
Blue,place-bmmnl,22,1310,39.08969465648855
Blue,place-bmmnl,23,1149,46.043951261966924
Blue,place-bomnl,0,388,56.06056701030928
Blue,place-bomnl,1,111,114.15315315315316
Blue,place-bomnl,2,1,492.0
Blue,place-bomnl,4,9,1345.6666666666667
Blue,place-bomnl,5,387,36.24418604651162
Blue,place-bomnl,6,960,17.1453125
Blue,place-bomnl,7,971,22.167868177136974
Blue,place-bomnl,8,1003,22.956630109670986
Blue,place-bomnl,9,963,23.917445482866043
Blue,place-bomnl,10,655,67.81908396946565
Blue,place-bomnl,11,522,98.99233716475096
Blue,place-bomnl,12,606,61.88036303630363
Blue,place-bomnl,13,745,36.28456375838926
Blue,place-bomnl,14,864,31.348958333333332
Blue,place-bomnl,15,956,22.9581589958159
Blue,place-bomnl,16,979,31.580183861082737
Blue,place-bomnl,17,1001,23.225774225774227
Blue,place-bomnl,18,947,31.80411826821542
Blue,place-bomnl,19,840,35.166666666666664
Blue,place-bomnl,20,804,33.93221393034826
Blue,place-bomnl,21,643,51.11275272161742
Blue,place-bomnl,22,672,33.62872023809524
Blue,place-bomnl,23,595,36.97142857142857
Blue,place-gover,0,789,64.8212927756654
Blue,place-gover,1,211,147.01184834123222
Blue,place-gover,2,2,600.25
Blue,place-gover,4,2,614.25
Blue,place-gover,5,856,28.01927570093458
Blue,place-gover,6,1856,22.97521551724138
Blue,place-gover,7,1998,26.12762762762763
Blue,place-gover,8,2002,24.525974025974026
Blue,place-gover,9,1949,28.20779887121601
Blue,place-gover,10,1265,68.47786561264822
Blue,place-gover,11,1055,106.45734597156398
Blue,place-gover,12,1240,70.13709677419355
Blue,place-gover,13,1508,40.5026525198939
Blue,place-gover,14,1740,35.2
Blue,place-gover,15,1910,24.71151832460733
Blue,place-gover,16,1977,28.911734951947395
Blue,place-gover,17,1992,27.859939759036145
Blue,place-gover,18,1873,32.42872397223705
Blue,place-gover,19,1703,34.830593071051084
Blue,place-gover,20,1609,36.33126165320075
Blue,place-gover,21,1317,49.77904328018223
Blue,place-gover,22,1356,37.81120943952802
Blue,place-gover,23,1218,37.88382594417077
Blue,place-mvbcl,0,797,60.83249686323714
Blue,place-mvbcl,1,211,112.17298578199052
Blue,place-mvbcl,2,14,251.71428571428572
Blue,place-mvbcl,5,852,26.125
Blue,place-mvbcl,6,1885,22.410610079575598
Blue,place-mvbcl,7,1942,25.94747682801236
Blue,place-mvbcl,8,2019,24.670876671619613
Blue,place-mvbcl,9,1929,28.14307931570762
Blue,place-mvbcl,10,1252,69.40535143769968
Blue,place-mvbcl,11,1042,105.59836852207293
Blue,place-mvbcl,12,1235,68.89838056680162
Blue,place-mvbcl,13,1508,40.09316976127321
Blue,place-mvbcl,14,1748,34.275171624713956
Blue,place-mvbcl,15,1875,26.445333333333334
Blue,place-mvbcl,16,1955,29.365728900255753
Blue,place-mvbcl,17,1945,28.148329048843188
Blue,place-mvbcl,18,1882,33.10998937300744
Blue,place-mvbcl,19,1706,35.63716295427901
Blue,place-mvbcl,20,1571,49.562062380649266
Blue,place-mvbcl,21,1330,60.677067669172935
Blue,place-mvbcl,22,1364,37.5392228739003
Blue,place-mvbcl,23,1182,39.25338409475465
Blue,place-orhte,0,733,60.66643929058663
Blue,place-orhte,1,241,69.42116182572614
Blue,place-orhte,2,27,148.53703703703704
Blue,place-orhte,4,1,13.5
Blue,place-orhte,5,841,23.885850178359096
Blue,place-orhte,6,1840,22.91983695652174
Blue,place-orhte,7,1994,24.18505516549649
Blue,place-orhte,8,1985,24.07506297229219
Blue,place-orhte,9,1764,35.20323129251701
Blue,place-orhte,10,1161,91.90611541774332
Blue,place-orhte,11,984,117.10213414634147
Blue,place-orhte,12,1190,70.63067226890756
Blue,place-orhte,13,1482,39.30161943319838
Blue,place-orhte,14,1685,32.32789317507418
Blue,place-orhte,15,1851,27.12776877363587
Blue,place-orhte,16,1877,38.59483217900906
Blue,place-orhte,17,1932,31.03416149068323
Blue,place-orhte,18,1825,34.12986301369863
Blue,place-orhte,19,1674,33.29360812425328
Blue,place-orhte,20,1529,38.69228253760628
Blue,place-orhte,21,1287,100.33838383838385
Blue,place-orhte,22,1292,39.41292569659443
Blue,place-orhte,23,1190,45.91512605042017
Blue,place-rbmnl,0,750,59.07266666666667
Blue,place-rbmnl,1,238,68.47058823529412
Blue,place-rbmnl,2,29,183.29310344827587
Blue,place-rbmnl,4,1,0.0
Blue,place-rbmnl,5,776,17.67139175257732
Blue,place-rbmnl,6,1850,21.585675675675677
Blue,place-rbmnl,7,1953,22.164874551971327
Blue,place-rbmnl,8,1990,23.414824120603015
Blue,place-rbmnl,9,1727,32.290387955993054
Blue,place-rbmnl,10,1125,77.14933333333333
Blue,place-rbmnl,11,972,114.90586419753086
Blue,place-rbmnl,12,1191,71.97900923593619
Blue,place-rbmnl,13,1461,39.48870636550308
Blue,place-rbmnl,14,1680,33.82172619047619
Blue,place-rbmnl,15,1815,27.159779614325068
Blue,place-rbmnl,16,1881,29.280170122275386
Blue,place-rbmnl,17,1904,28.31171218487395
Blue,place-rbmnl,18,1806,38.019102990033225
Blue,place-rbmnl,19,1695,30.344542772861356
Blue,place-rbmnl,20,1543,34.27316915100454
Blue,place-rbmnl,21,1244,66.61414790996784
Blue,place-rbmnl,22,1288,43.0333850931677
Blue,place-rbmnl,23,1149,48.79416884247171
Blue,place-sdmnl,0,768,56.940104166666664
Blue,place-sdmnl,1,234,63.361111111111114
Blue,place-sdmnl,2,28,152.01785714285714
Blue,place-sdmnl,4,2,6.25
Blue,place-sdmnl,5,774,17.200258397932817
Blue,place-sdmnl,6,1867,22.911087305838244
Blue,place-sdmnl,7,1955,22.16828644501279
Blue,place-sdmnl,8,1986,22.94008056394763
Blue,place-sdmnl,9,1743,33.1310958118187
Blue,place-sdmnl,10,1125,74.356
Blue,place-sdmnl,11,985,114.24619289340102
Blue,place-sdmnl,12,1187,72.9502948609941
Blue,place-sdmnl,13,1486,38.26244952893674
Blue,place-sdmnl,14,1648,33.57372572815534
Blue,place-sdmnl,15,1863,25.64868491680086
Blue,place-sdmnl,16,1871,30.295029396044896
Blue,place-sdmnl,17,1920,28.07734375
Blue,place-sdmnl,18,1813,31.04329840044126
Blue,place-sdmnl,19,1677,33.63774597495528
Blue,place-sdmnl,20,1535,34.16156351791531
Blue,place-sdmnl,21,1265,77.2090909090909
Blue,place-sdmnl,22,1311,38.00152555301297
Blue,place-sdmnl,23,1145,45.68995633187773
Blue,place-state,0,801,65.68913857677903
Blue,place-state,1,211,146.74170616113744
Blue,place-state,2,2,592.0
Blue,place-state,4,1,436.0
Blue,place-state,5,861,33.77351916376307
Blue,place-state,6,1867,23.25066952329941
Blue,place-state,7,1973,22.97339077546883
Blue,place-state,8,2043,24.48947626040137
Blue,place-state,9,1930,29.223316062176167
Blue,place-state,10,1266,68.17733017377567
Blue,place-state,11,1063,105.8414863593603
Blue,place-state,12,1240,68.77701612903226
Blue,place-state,13,1496,41.2774064171123
Blue,place-state,14,1764,35.0031179138322
Blue,place-state,15,1895,25.241952506596306
Blue,place-state,16,1973,30.20881905727319
Blue,place-state,17,1982,27.945005045408678
Blue,place-state,18,1888,32.32097457627118
Blue,place-state,19,1717,35.26179382644147
Blue,place-state,20,1589,35.78791692888609
Blue,place-state,21,1324,49.757552870090635
Blue,place-state,22,1352,37.32433431952663
Blue,place-state,23,1218,37.85385878489327
Blue,place-wimnl,0,714,56.48389355742297
Blue,place-wimnl,1,256,75.0546875
Blue,place-wimnl,2,29,158.41379310344828
Blue,place-wimnl,4,1,36.0
Blue,place-wimnl,5,837,25.898446833930706
Blue,place-wimnl,6,1824,23.73985745614035
Blue,place-wimnl,7,1956,23.609918200409
Blue,place-wimnl,8,1967,24.811133706151498
Blue,place-wimnl,9,1862,28.85982814178303
Blue,place-wimnl,10,1227,71.00366748166259
Blue,place-wimnl,11,1029,109.82993197278911
Blue,place-wimnl,12,1192,66.18246644295301
Blue,place-wimnl,13,1500,39.58233333333333
Blue,place-wimnl,14,1641,33.97684338817794
Blue,place-wimnl,15,1855,25.510242587601077
Blue,place-wimnl,16,1866,30.587888531618436
Blue,place-wimnl,17,1892,30.50396405919662
Blue,place-wimnl,18,1789,33.24958077138066
Blue,place-wimnl,19,1658,34.376357056694815
Blue,place-wimnl,20,1536,34.982096354166664
Blue,place-wimnl,21,1292,92.39512383900929
Blue,place-wimnl,22,1319,37.59931766489765
Blue,place-wimnl,23,1199,42.87864887406172
Blue,place-wondl,0,263,66.99809885931559
Blue,place-wondl,1,53,92.33018867924528
Blue,place-wondl,2,1,978.5
Blue,place-wondl,5,623,11.296950240770466
Blue,place-wondl,6,960,18.3015625
Blue,place-wondl,7,982,16.89307535641548
Blue,place-wondl,8,1004,18.31723107569721
Blue,place-wondl,9,836,28.541267942583733
Blue,place-wondl,10,570,87.17105263157895
Blue,place-wondl,11,486,100.44341563786008
Blue,place-wondl,12,608,62.50411184210526
Blue,place-wondl,13,772,32.67422279792746
Blue,place-wondl,14,846,30.614657210401887
Blue,place-wondl,15,963,37.5134994807892
Blue,place-wondl,16,930,28.461290322580645
Blue,place-wondl,17,956,24.692991631799163
Blue,place-wondl,18,900,28.281111111111112
Blue,place-wondl,19,807,28.89467162329616
Blue,place-wondl,20,735,31.941496598639457
Blue,place-wondl,21,601,52.590682196339436
Blue,place-wondl,22,617,32.08022690437601
Blue,place-wondl,23,547,47.78793418647167
Green,place-alsgr,0,768,73.654296875
Green,place-alsgr,1,288,141.48958333333334
Green,place-alsgr,2,34,357.72058823529414
Green,place-alsgr,5,399,44.38972431077694
Green,place-alsgr,6,878,59.01993166287016
Green,place-alsgr,7,1079,69.45875810936052
Green,place-alsgr,8,1110,61.806756756756755
Green,place-alsgr,9,1099,61.010919017288444
Green,place-alsgr,10,1111,69.34338433843385
Green,place-alsgr,11,1108,66.54151624548736
Green,place-alsgr,12,1039,75.15255052935515
Green,place-alsgr,13,1061,74.74175306314797
Green,place-alsgr,14,1065,69.96572769953052
Green,place-alsgr,15,1079,71.0681186283596
Green,place-alsgr,16,1064,67.51926691729324
Green,place-alsgr,17,1057,70.00709555345317
Green,place-alsgr,18,1050,68.32809523809524
Green,place-alsgr,19,1067,66.21462043111528
Green,place-alsgr,20,1078,64.55890538033395
Green,place-alsgr,21,1016,64.43307086614173
Green,place-alsgr,22,977,68.94626407369499
Green,place-alsgr,23,999,67.52152152152152
Green,place-amory,0,724,63.36809392265194
Green,place-amory,1,246,74.26829268292683
Green,place-amory,2,30,272.81666666666666
Green,place-amory,3,1,4511.0
Green,place-amory,5,282,50.138297872340424
Green,place-amory,6,817,55.37760097919217
Green,place-amory,7,941,65.6817215727949
Green,place-amory,8,985,56.40710659898477
Green,place-amory,9,1010,59.173762376237626
Green,place-amory,10,953,63.94281217208814
Green,place-amory,11,972,65.07098765432099
Green,place-amory,12,950,74.2078947368421
Green,place-amory,13,920,70.96195652173913
Green,place-amory,14,916,74.69541484716157
Green,place-amory,15,966,70.15683229813665
Green,place-amory,16,928,66.25269396551724
Green,place-amory,17,914,72.09956236323852
Green,place-amory,18,955,68.31047120418849
Green,place-amory,19,923,66.72264355362947
Green,place-amory,20,925,61.568108108108106
Green,place-amory,21,890,65.9752808988764
Green,place-amory,22,869,71.54948216340621
Green,place-amory,23,882,58.683673469387756
Green,place-armnl,0,3300,33.02348484848485
Green,place-armnl,1,841,57.37574316290131
Green,place-armnl,2,80,297.05
Green,place-armnl,3,1,657.5
Green,place-armnl,5,1502,42.2719707057257
Green,place-armnl,6,3552,33.15878378378378
Green,place-armnl,7,3714,30.261577813677974
Green,place-armnl,8,3932,32.68438453713123
Green,place-armnl,9,3953,33.74171515304832
Green,place-armnl,10,3904,34.278560450819676
Green,place-armnl,11,3845,28.934980494148245
Green,place-armnl,12,3836,30.007559958289885
Green,place-armnl,13,3768,36.70806794055202
Green,place-armnl,14,3830,36.64543080939948
Green,place-armnl,15,3823,31.913941930421135
Green,place-armnl,16,3868,30.18549638055843
Green,place-armnl,17,3756,31.953407880724175
Green,place-armnl,18,3915,30.220561941251596
Green,place-armnl,19,3859,30.534853589012698
Green,place-armnl,20,3857,30.587373606429868
Green,place-armnl,21,3820,29.263874345549738
Green,place-armnl,22,3676,29.624591947769314
Green,place-armnl,23,3674,34.16072400653239
Green,place-babck,0,717,107.51464435146444
Green,place-babck,1,250,81.946
Green,place-babck,2,29,226.63793103448276
Green,place-babck,3,1,4513.5
Green,place-babck,5,298,45.261744966442954
Green,place-babck,6,802,51.92705735660848
Green,place-babck,7,947,65.6272439281943
Green,place-babck,8,977,56.89406345957011
Green,place-babck,9,1002,59.167165668662676
Green,place-babck,10,971,64.77600411946447
Green,place-babck,11,970,64.39536082474227
Green,place-babck,12,921,74.57926167209556
Green,place-babck,13,935,73.11443850267379
Green,place-babck,14,928,72.82974137931035
Green,place-babck,15,966,69.56107660455487
Green,place-babck,16,920,67.12989130434782
Green,place-babck,17,930,73.62258064516129
Green,place-babck,18,946,68.72780126849894
Green,place-babck,19,929,67.02314316469322
Green,place-babck,20,921,62.098805646036915
Green,place-babck,21,875,63.708
Green,place-babck,22,863,69.48435689455388
Green,place-babck,23,874,58.39473684210526
Green,place-balsq,0,823,85.84933171324423
Green,place-balsq,1,455,122.97802197802197
Green,place-balsq,2,48,229.45833333333334
Green,place-balsq,3,4,2642.625
Green,place-balsq,4,53,0.0
Green,place-balsq,5,882,56.6921768707483
Green,place-balsq,6,1347,59.298812175204155
Green,place-balsq,7,1172,71.44496587030717
Green,place-balsq,8,1119,71.14075067024129
Green,place-balsq,9,1109,62.89990982867448
Green,place-balsq,10,1156,65.18512110726644
Green,place-balsq,11,1140,63.622368421052634
Green,place-balsq,12,1110,65.10945945945946
Green,place-balsq,13,1100,62.144090909090906
Green,place-balsq,14,1142,60.79991243432575
Green,place-balsq,15,1124,69.6970640569395
Green,place-balsq,16,1143,54.13779527559055
Green,place-balsq,17,1138,57.46748681898067
Green,place-balsq,18,1150,65.35173913043478
Green,place-balsq,19,1176,58.97491496598639
Green,place-balsq,20,1175,51.71872340425532
Green,place-balsq,21,1136,54.503080985915496
Green,place-balsq,22,1117,66.4243509400179
Green,place-balsq,23,1129,64.50177147918512
Green,place-bckhl,0,1016,64.81643700787401
Green,place-bckhl,1,212,73.71933962264151
Green,place-bckhl,2,39,384.9102564102564
Green,place-bckhl,5,194,72.03350515463917
Green,place-bckhl,6,824,72.71783980582525
Green,place-bckhl,7,982,65.23116089613035
Green,place-bckhl,8,980,65.49897959183673
Green,place-bckhl,9,1005,64.85771144278607
Green,place-bckhl,10,938,84.22334754797441
Green,place-bckhl,11,981,73.38328236493373
Green,place-bckhl,12,940,80.19787234042553
Green,place-bckhl,13,998,64.2244488977956
Green,place-bckhl,14,945,73.07195767195768
Green,place-bckhl,15,1007,64.493545183714
Green,place-bckhl,16,977,73.32343909928352
Green,place-bckhl,17,963,75.15939771547248
Green,place-bckhl,18,1015,68.06206896551724
Green,place-bckhl,19,1011,65.97823936696341
Green,place-bckhl,20,1026,58.21734892787524
Green,place-bckhl,21,988,71.12196356275304
Green,place-bckhl,22,1031,60.954898157129
Green,place-bckhl,23,990,67.1621212121212
Green,place-bcnfd,0,738,84.59417344173441
Green,place-bcnfd,1,393,101.90330788804071
Green,place-bcnfd,2,40,265.1875
Green,place-bcnfd,3,1,1270.0
Green,place-bcnfd,4,5,0.0
Green,place-bcnfd,5,424,55.52594339622642
Green,place-bcnfd,6,854,62.936182669789225
Green,place-bcnfd,7,928,70.5603448275862
Green,place-bcnfd,8,1019,67.99116781157998
Green,place-bcnfd,9,1006,64.32504970178927
Green,place-bcnfd,10,1005,70.21094527363184
Green,place-bcnfd,11,1022,74.54500978473581
Green,place-bcnfd,12,985,75.2771573604061
Green,place-bcnfd,13,1022,75.18199608610567
Green,place-bcnfd,14,1002,73.76147704590818
Green,place-bcnfd,15,1022,68.50146771037183
Green,place-bcnfd,16,1022,74.26663405088063
Green,place-bcnfd,17,991,77.39505549949546
Green,place-bcnfd,18,1037,67.82497589199615
Green,place-bcnfd,19,1064,66.61325187969925
Green,place-bcnfd,20,1065,64.81408450704225
Green,place-bcnfd,21,1046,65.7848948374761
Green,place-bcnfd,22,990,69.66010101010102
Green,place-bcnfd,23,976,71.69928278688525
Green,place-bcnwa,0,729,58.98491083676269
Green,place-bcnwa,1,236,136.1271186440678
Green,place-bcnwa,2,33,318.43939393939394
Green,place-bcnwa,5,447,32.124161073825505
Green,place-bcnwa,6,893,58.308510638297875
Green,place-bcnwa,7,1004,64.1339641434263
Green,place-bcnwa,8,1073,56.677073625349486
Green,place-bcnwa,9,1079,54.54680259499536
Green,place-bcnwa,10,1031,64.62172647914646
Green,place-bcnwa,11,1060,64.55896226415095
Green,place-bcnwa,12,1027,62.445959104186954
Green,place-bcnwa,13,1023,64.8435972629521
Green,place-bcnwa,14,1034,67.5352998065764
Green,place-bcnwa,15,1059,56.01983002832861
Green,place-bcnwa,16,1057,59.01655629139073
Green,place-bcnwa,17,996,58.46636546184739
Green,place-bcnwa,18,1028,54.4192607003891
Green,place-bcnwa,19,1053,55.08404558404558
Green,place-bcnwa,20,1038,56.604046242774565
Green,place-bcnwa,21,1015,56.74384236453202
Green,place-bcnwa,22,969,52.36687306501548
Green,place-bcnwa,23,884,70.85690045248869
Green,place-bland,0,754,66.58819628647215
Green,place-bland,1,215,74.28139534883721
Green,place-bland,2,28,207.80357142857142
Green,place-bland,5,229,58.83187772925764
Green,place-bland,6,857,58.05075845974329
Green,place-bland,7,938,63.69136460554371
Green,place-bland,8,979,59.43360572012257
Green,place-bland,9,994,58.035714285714285
Green,place-bland,10,988,68.15384615384616
Green,place-bland,11,964,67.27697095435684
Green,place-bland,12,935,75.44545454545455
Green,place-bland,13,926,70.43574514038878
Green,place-bland,14,923,78.67009750812568
Green,place-bland,15,938,68.07036247334754
Green,place-bland,16,922,68.40780911062907
Green,place-bland,17,913,74.82146768893757
Green,place-bland,18,951,71.52681388012618
Green,place-bland,19,926,68.84233261339092
Green,place-bland,20,918,63.001633986928105
Green,place-bland,21,879,66.98748577929466
Green,place-bland,22,861,73.92508710801394
Green,place-bland,23,883,58.67383918459796
Green,place-bndhl,0,417,60.726618705035975
Green,place-bndhl,1,136,137.43014705882354
Green,place-bndhl,2,19,297.2105263157895
Green,place-bndhl,5,250,32.534
Green,place-bndhl,6,535,59.75327102803738
Green,place-bndhl,7,587,63.829642248722315
Green,place-bndhl,8,621,57.66022544283414
Green,place-bndhl,9,613,59.390701468189235
Green,place-bndhl,10,616,62.693993506493506
Green,place-bndhl,11,610,65.17295081967212
Green,place-bndhl,12,593,66.82630691399663
Green,place-bndhl,13,588,66.21513605442176
Green,place-bndhl,14,596,73.65687919463087
Green,place-bndhl,15,638,56.20376175548589
Green,place-bndhl,16,613,56.678629690048936
Green,place-bndhl,17,592,56.7652027027027
Green,place-bndhl,18,599,52.18196994991653
Green,place-bndhl,19,612,59.52777777777778
Green,place-bndhl,20,620,54.848387096774196
Green,place-bndhl,21,601,55.46006655574043
Green,place-bndhl,22,552,55.11594202898551
Green,place-bndhl,23,519,72.69556840077071
Green,place-boyls,0,3302,32.74969715324046
Green,place-boyls,1,845,55.388757396449705
Green,place-boyls,2,77,291.8181818181818
Green,place-boyls,3,2,2410.5
Green,place-boyls,5,1532,41.49314621409922
Green,place-boyls,6,3520,32.388068181818184
Green,place-boyls,7,3751,28.111570247933884
Green,place-boyls,8,3901,32.18097923609331
Green,place-boyls,9,3948,32.08282674772037
Green,place-boyls,10,3899,33.213131572198
Green,place-boyls,11,3863,28.218224178099923
Green,place-boyls,12,3844,30.081425598335066
Green,place-boyls,13,3762,38.307416267942585
Green,place-boyls,14,3840,35.920572916666664
Green,place-boyls,15,3832,29.911273486430062
Green,place-boyls,16,3862,28.769290523045054
Green,place-boyls,17,3753,31.218891553423926
Green,place-boyls,18,3922,29.327893931667518
Green,place-boyls,19,3843,31.08730158730159
Green,place-boyls,20,3850,29.111168831168833
Green,place-boyls,21,3844,28.607180020811654
Green,place-boyls,22,3651,29.895918926321556
Green,place-boyls,23,3665,32.06043656207367
Green,place-brico,0,777,71.59009009009009
Green,place-brico,1,278,150.30755395683454
Green,place-brico,2,32,351.234375
Green,place-brico,3,1,4508.0
Green,place-brico,5,367,44.78610354223433
Green,place-brico,6,916,55.62663755458515
Green,place-brico,7,1057,66.45175023651845
Green,place-brico,8,1128,58.03767730496454
Green,place-brico,9,1106,57.80741410488246
Green,place-brico,10,1120,66.16339285714285
Green,place-brico,11,1098,65.6247723132969
Green,place-brico,12,1038,74.67533718689788
Green,place-brico,13,1074,69.75325884543761
Green,place-brico,14,1056,70.8063446969697
Green,place-brico,15,1070,69.46775700934579
Green,place-brico,16,1074,64.40130353817504
Green,place-brico,17,1058,71.12854442344046
Green,place-brico,18,1066,65.60928705440901
Green,place-brico,19,1074,65.84264432029795
Green,place-brico,20,1055,62.91895734597156
Green,place-brico,21,1032,61.70203488372093
Green,place-brico,22,965,70.19948186528498
Green,place-brico,23,1025,58.68390243902439
Green,place-brkhl,0,757,85.30845442536328
Green,place-brkhl,1,384,99.79036458333333
Green,place-brkhl,2,37,295.1081081081081
Green,place-brkhl,3,1,1272.5
Green,place-brkhl,4,6,0.0
Green,place-brkhl,5,398,53.287688442211056
Green,place-brkhl,6,870,63.719540229885055
Green,place-brkhl,7,959,70.71115745568301
Green,place-brkhl,8,1011,68.05291790306627
Green,place-brkhl,9,1002,65.31037924151697
Green,place-brkhl,10,989,71.35591506572295
Green,place-brkhl,11,1015,72.80098522167488
Green,place-brkhl,12,1003,75.95663010967098
Green,place-brkhl,13,1011,75.311078140455
Green,place-brkhl,14,1009,73.26610505450941
Green,place-brkhl,15,1017,69.2866273352999
Green,place-brkhl,16,1022,72.99119373776908
Green,place-brkhl,17,980,77.93163265306123
Green,place-brkhl,18,1030,68.44223300970874
Green,place-brkhl,19,1081,66.40703052728955
Green,place-brkhl,20,1053,66.24691358024691
Green,place-brkhl,21,1039,65.58132820019249
Green,place-brkhl,22,1002,67.52644710578842
Green,place-brkhl,23,978,71.16257668711657
Green,place-brmnl,0,992,59.473286290322584
Green,place-brmnl,1,211,69.24170616113744
Green,place-brmnl,2,33,385.42424242424244
Green,place-brmnl,3,1,1384.0
Green,place-brmnl,4,1,0.0
Green,place-brmnl,5,196,67.76785714285714
Green,place-brmnl,6,828,69.01570048309179
Green,place-brmnl,7,979,61.43105209397344
Green,place-brmnl,8,982,63.18533604887984
Green,place-brmnl,9,1012,59.194169960474305
Green,place-brmnl,10,943,77.31654294803818
Green,place-brmnl,11,959,73.67466110531804
Green,place-brmnl,12,956,73.1673640167364
Green,place-brmnl,13,993,55.75226586102719
Green,place-brmnl,14,962,67.7993762993763
Green,place-brmnl,15,1008,59.71230158730159
Green,place-brmnl,16,970,67.02680412371134
Green,place-brmnl,17,951,73.30231335436383
Green,place-brmnl,18,1020,61.83627450980392
Green,place-brmnl,19,1028,56.80593385214008
Green,place-brmnl,20,1028,52.06760700389105
Green,place-brmnl,21,984,62.61229674796748
Green,place-brmnl,22,1041,54.71325648414986
Green,place-brmnl,23,997,62.28335005015045
Green,place-bucen,0,733,65.86016371077763
Green,place-bucen,1,232,71.55172413793103
Green,place-bucen,2,29,262.0
Green,place-bucen,3,1,4511.5
Green,place-bucen,5,253,58.26877470355731
Green,place-bucen,6,854,53.94789227166277
Green,place-bucen,7,925,66.91945945945946
Green,place-bucen,8,990,58.0489898989899
Green,place-bucen,9,1006,57.20924453280318
Green,place-bucen,10,972,64.24897119341564
Green,place-bucen,11,974,67.3141683778234
Green,place-bucen,12,934,73.78265524625267
Green,place-bucen,13,934,69.43415417558886
Green,place-bucen,14,926,75.31425485961122
Green,place-bucen,15,943,69.07211028632025
Green,place-bucen,16,927,65.2831715210356
Green,place-bucen,17,912,73.89254385964912
Green,place-bucen,18,958,70.97181628392484
Green,place-bucen,19,929,68.1205597416577
Green,place-bucen,20,908,61.3557268722467
Green,place-bucen,21,902,66.89855875831486
Green,place-bucen,22,862,70.45939675174014
Green,place-bucen,23,882,58.27777777777778
Green,place-buest,0,740,66.76554054054054
Green,place-buest,1,225,79.52
Green,place-buest,2,28,208.42857142857142
Green,place-buest,3,1,4481.5
Green,place-buest,5,240,59.61666666666667
Green,place-buest,6,857,55.58693115519253
Green,place-buest,7,934,65.62205567451821
Green,place-buest,8,971,61.4562306900103
Green,place-buest,9,996,56.36696787148595
Green,place-buest,10,983,68.0116988809766
Green,place-buest,11,966,67.47929606625259
Green,place-buest,12,949,74.94783983140148
Green,place-buest,13,921,70.85179153094462
Green,place-buest,14,925,77.02756756756757
Green,place-buest,15,943,67.25185577942736
Green,place-buest,16,934,67.53693790149893
Green,place-buest,17,902,75.14855875831486
Green,place-buest,18,950,71.01157894736842
Green,place-buest,19,931,68.3609022556391
Green,place-buest,20,922,60.9322125813449
Green,place-buest,21,886,69.17607223476298
Green,place-buest,22,852,72.58978873239437
Green,place-buest,23,887,58.714205186020294
Green,place-bvmnl,0,761,86.67542706964521
Green,place-bvmnl,1,371,100.6455525606469
Green,place-bvmnl,2,33,306.40909090909093
Green,place-bvmnl,3,2,1760.75
Green,place-bvmnl,4,4,0.0
Green,place-bvmnl,5,381,54.63517060367454
Green,place-bvmnl,6,886,62.942437923250566
Green,place-bvmnl,7,956,70.9623430962343
Green,place-bvmnl,8,1017,68.64847590953785
Green,place-bvmnl,9,986,66.2342799188641
Green,place-bvmnl,10,1004,71.37400398406375
Green,place-bvmnl,11,1011,73.19436201780415
Green,place-bvmnl,12,994,78.41498993963782
Green,place-bvmnl,13,1025,76.56390243902439
Green,place-bvmnl,14,992,72.79032258064517
Green,place-bvmnl,15,1026,70.18567251461988
Green,place-bvmnl,16,1003,74.64556331006979
Green,place-bvmnl,17,983,78.33316378433368
Green,place-bvmnl,18,1032,69.2126937984496
Green,place-bvmnl,19,1075,66.95348837209302
Green,place-bvmnl,20,1062,64.43785310734464
Green,place-bvmnl,21,1038,68.17244701348747
Green,place-bvmnl,22,1007,66.493545183714
Green,place-bvmnl,23,977,70.5711361310133
Green,place-chhil,0,697,69.65136298421808
Green,place-chhil,1,417,105.29616306954436
Green,place-chhil,2,53,251.19811320754718
Green,place-chhil,3,1,1259.0
Green,place-chhil,5,414,36.259661835748794
Green,place-chhil,6,848,65.80660377358491
Green,place-chhil,7,902,73.63636363636364
Green,place-chhil,8,1011,73.20474777448071
Green,place-chhil,9,990,67.64393939393939
Green,place-chhil,10,1017,69.47295968534907
Green,place-chhil,11,967,76.5377456049638
Green,place-chhil,12,1002,79.812874251497
Green,place-chhil,13,988,82.05819838056681
Green,place-chhil,14,1009,76.76362735381566
Green,place-chhil,15,1012,78.07756916996047
Green,place-chhil,16,992,76.88860887096774
Green,place-chhil,17,972,80.559670781893
Green,place-chhil,18,1003,79.38983050847457
Green,place-chhil,19,1077,73.58588672237697
Green,place-chhil,20,1030,70.33689320388349
Green,place-chhil,21,1023,67.66373411534701
Green,place-chhil,22,951,80.50210304942166
Green,place-chhil,23,963,80.42315680166148
Green,place-chill,0,731,75.0218878248974
Green,place-chill,1,336,130.9970238095238
Green,place-chill,2,45,332.4111111111111
Green,place-chill,3,2,3436.75
Green,place-chill,5,457,39.67505470459518
Green,place-chill,6,829,59.15199034981906
Green,place-chill,7,1079,68.15848007414273
Green,place-chill,8,1081,66.02821461609621
Green,place-chill,9,1115,62.488789237668165
Green,place-chill,10,1077,65.11234911792015
Green,place-chill,11,1120,68.353125
Green,place-chill,12,1041,75.55907780979827
Green,place-chill,13,1070,74.54299065420561
Green,place-chill,14,1067,69.41611996251171
Green,place-chill,15,1049,71.59818875119161
Green,place-chill,16,1070,67.07616822429907
Green,place-chill,17,1044,70.84530651340997
Green,place-chill,18,1050,69.84285714285714
Green,place-chill,19,1070,69.39532710280373
Green,place-chill,20,1063,62.866415804327374
Green,place-chill,21,1020,64.32450980392157
Green,place-chill,22,980,71.23571428571428
Green,place-chill,23,976,70.48668032786885
Green,place-chswk,0,726,74.2534435261708
Green,place-chswk,1,333,133.28528528528528
Green,place-chswk,2,44,339.125
Green,place-chswk,3,2,3439.25
Green,place-chswk,5,452,41.03650442477876
Green,place-chswk,6,833,60.32232893157263
Green,place-chswk,7,1086,66.57136279926335
Green,place-chswk,8,1084,65.24723247232473
Green,place-chswk,9,1118,60.67978533094812
Green,place-chswk,10,1079,66.70435588507878
Green,place-chswk,11,1114,68.74461400359067
Green,place-chswk,12,1041,75.60086455331412
Green,place-chswk,13,1073,73.69571295433364
Green,place-chswk,14,1060,70.18066037735849
Green,place-chswk,15,1058,70.46833648393195
Green,place-chswk,16,1055,67.2478672985782
Green,place-chswk,17,1059,70.12889518413597
Green,place-chswk,18,1055,68.25308056872038
Green,place-chswk,19,1071,68.24463118580766
Green,place-chswk,20,1066,61.908067542213885
Green,place-chswk,21,1014,64.15039447731755
Green,place-chswk,22,979,72.23391215526047
Green,place-chswk,23,990,70.2611111111111
Green,place-clmnl,0,72,891.9166666666666
Green,place-clmnl,1,19,1908.842105263158
Green,place-clmnl,2,7,2922.8571428571427
Green,place-clmnl,3,4,3600.5
Green,place-clmnl,4,8,16.6875
Green,place-clmnl,5,550,42.04
Green,place-clmnl,6,248,253.48185483870967
Green,place-clmnl,7,259,447.1138996138996
Green,place-clmnl,8,206,531.4466019417475
Green,place-clmnl,9,221,700.8552036199095
Green,place-clmnl,10,230,547.2217391304348
Green,place-clmnl,11,251,616.2191235059761
Green,place-clmnl,12,202,642.3490099009902
Green,place-clmnl,13,220,590.25
Green,place-clmnl,14,226,685.1924778761062
Green,place-clmnl,15,199,592.5402010050251
Green,place-clmnl,16,223,639.3856502242153
Green,place-clmnl,17,202,668.2574257425742
Green,place-clmnl,18,190,823.2
Green,place-clmnl,19,215,709.4232558139535
Green,place-clmnl,20,216,601.8703703703703
Green,place-clmnl,21,204,613.9117647058823
Green,place-clmnl,22,239,665.6422594142259
Green,place-clmnl,23,193,647.8497409326425
Green,place-coecl,0,3283,32.50929028327749
Green,place-coecl,1,843,59.73606168446026
Green,place-coecl,2,86,279.6220930232558
Green,place-coecl,3,1,629.0
Green,place-coecl,5,1489,41.995298858294156
Green,place-coecl,6,3549,33.59256128486898
Green,place-coecl,7,3732,30.480037513397644
Green,place-coecl,8,3911,33.029915622602914
Green,place-coecl,9,3930,33.71157760814249
Green,place-coecl,10,3927,34.08148714031067
Green,place-coecl,11,3829,29.0490989814573
Green,place-coecl,12,3840,29.970833333333335
Green,place-coecl,13,3770,37.03633952254642
Green,place-coecl,14,3827,36.721191533838514
Green,place-coecl,15,3834,31.3952790818988
Green,place-coecl,16,3873,30.233023495997934
Green,place-coecl,17,3731,31.393996247654783
Green,place-coecl,18,3913,29.897137745974955
Green,place-coecl,19,3862,30.132314862765405
Green,place-coecl,20,3871,30.38956342030483
Green,place-coecl,21,3786,29.26267828843106
Green,place-coecl,22,3687,29.8173311635476
Green,place-coecl,23,3692,34.29712892741062
Green,place-cool,0,730,56.538356164383565
Green,place-cool,1,199,154.643216080402
Green,place-cool,2,29,327.86206896551727
Green,place-cool,3,1,70.0
Green,place-cool,5,420,34.15238095238095
Green,place-cool,6,933,54.57770632368703
Green,place-cool,7,1007,58.85898709036743
Green,place-cool,8,1058,54.41257088846881
Green,place-cool,9,1077,53.99396471680594
Green,place-cool,10,1076,56.857342007434944
Green,place-cool,11,1025,61.921951219512195
Green,place-cool,12,1050,62.329523809523806
Green,place-cool,13,1022,61.54256360078278
Green,place-cool,14,1052,59.8921102661597
Green,place-cool,15,1063,51.370178739416744
Green,place-cool,16,1066,53.57176360225141
Green,place-cool,17,1003,56.901296111665005
Green,place-cool,18,1031,52.93016488845781
Green,place-cool,19,1042,57.77447216890595
Green,place-cool,20,1053,53.660493827160494
Green,place-cool,21,1032,49.849321705426355
Green,place-cool,22,955,52.181151832460735
Green,place-cool,23,914,63.06564551422319
Green,place-denrd,0,683,63.56076134699853
Green,place-denrd,1,242,128.28719008264463
Green,place-denrd,2,34,322.6029411764706
Green,place-denrd,5,407,30.796068796068795
Green,place-denrd,6,841,54.57015457788347
Green,place-denrd,7,957,64.32445141065831
Green,place-denrd,8,994,57.06740442655936
Green,place-denrd,9,1025,54.573170731707314
Green,place-denrd,10,988,65.82844129554655
Green,place-denrd,11,997,62.81444332998997
Green,place-denrd,12,1004,64.47509960159363
Green,place-denrd,13,964,63.446058091286304
Green,place-denrd,14,980,71.51683673469388
Green,place-denrd,15,1007,57.25719960278054
Green,place-denrd,16,1009,57.97224975222993
Green,place-denrd,17,958,57.88517745302714
Green,place-denrd,18,972,57.07664609053498
Green,place-denrd,19,1001,54.879120879120876
Green,place-denrd,20,1003,57.030408773678964
Green,place-denrd,21,951,57.04679284963196
Green,place-denrd,22,933,53.90085744908896
Green,place-denrd,23,840,71.12678571428572
Green,place-eliot,0,649,76.2773497688752
Green,place-eliot,1,458,104.353711790393
Green,place-eliot,2,62,240.59677419354838
Green,place-eliot,3,2,1107.25
Green,place-eliot,4,3,0.0
Green,place-eliot,5,470,31.823404255319147
Green,place-eliot,6,814,63.58353808353808
Green,place-eliot,7,922,73.35954446854664
Green,place-eliot,8,949,76.12539515279241
Green,place-eliot,9,989,67.44287158746208
Green,place-eliot,10,1010,72.17326732673267
Green,place-eliot,11,990,77.55555555555556
Green,place-eliot,12,985,81.59644670050761
Green,place-eliot,13,979,80.21552604698672
Green,place-eliot,14,1010,77.23613861386139
Green,place-eliot,15,1005,74.64328358208955
Green,place-eliot,16,963,78.45690550363447
Green,place-eliot,17,978,87.47443762781187
Green,place-eliot,18,973,88.87872559095581
Green,place-eliot,19,1070,77.14953271028037
Green,place-eliot,20,1032,70.09593023255815
Green,place-eliot,21,1005,72.48009950248756
Green,place-eliot,22,929,88.65715823466093
Green,place-eliot,23,963,76.83385254413292
Green,place-engav,0,527,65.85104364326375
Green,place-engav,1,171,140.51461988304092
Green,place-engav,2,21,436.9047619047619
Green,place-engav,3,1,894.0
Green,place-engav,5,450,29.575555555555557
Green,place-engav,6,752,52.91489361702128
Green,place-engav,7,858,58.92948717948718
Green,place-engav,8,899,50.47385984427141
Green,place-engav,9,888,53.88513513513514
Green,place-engav,10,862,61.96635730858468
Green,place-engav,11,893,61.79619260918253
Green,place-engav,12,865,63.22254335260116
Green,place-engav,13,851,63.266157461809634
Green,place-engav,14,857,66.40373395565928
Green,place-engav,15,878,55.68166287015946
Green,place-engav,16,878,58.470387243735765
Green,place-engav,17,816,58.33455882352941
Green,place-engav,18,857,55.417736289381565
Green,place-engav,19,868,51.30587557603687
Green,place-engav,20,870,52.271264367816094
Green,place-engav,21,832,51.87680288461539
Green,place-engav,22,799,49.62515644555695
Green,place-engav,23,742,62.955525606469
Green,place-esomr,0,878,77.95899772209567
Green,place-esomr,1,413,111.53389830508475
Green,place-esomr,2,42,290.29761904761904
Green,place-esomr,3,2,2982.0
Green,place-esomr,4,81,7.481481481481482
Green,place-esomr,5,883,60.81087202718007
Green,place-esomr,6,1315,62.84752851711026
Green,place-esomr,7,1155,68.00735930735931
Green,place-esomr,8,1137,70.30738786279683
Green,place-esomr,9,1127,64.0807453416149
Green,place-esomr,10,1159,62.70319240724763
Green,place-esomr,11,1156,59.96842560553633
Green,place-esomr,12,1102,67.52540834845735
Green,place-esomr,13,1119,61.69436997319035
Green,place-esomr,14,1138,66.74956063268893
Green,place-esomr,15,1134,61.75044091710758
Green,place-esomr,16,1164,54.74054982817869
Green,place-esomr,17,1142,60.09894921190893
Green,place-esomr,18,1160,64.96077586206897
Green,place-esomr,19,1169,55.61847733105218
Green,place-esomr,20,1189,54.10933557611438
Green,place-esomr,21,1120,55.915625
Green,place-esomr,22,1149,64.89556135770235
Green,place-esomr,23,1094,69.36471663619744
Green,place-fbkst,0,721,59.34535367545076
Green,place-fbkst,1,233,136.22103004291844
Green,place-fbkst,2,32,314.296875
Green,place-fbkst,5,436,32.7454128440367
Green,place-fbkst,6,895,56.34357541899441
Green,place-fbkst,7,1016,66.17618110236221
Green,place-fbkst,8,1070,56.13738317757009
Green,place-fbkst,9,1066,55.44606003752345
Green,place-fbkst,10,1048,62.67414122137404
Green,place-fbkst,11,1058,62.56049149338374
Green,place-fbkst,12,1022,63.068982387475536
Green,place-fbkst,13,1033,64.43852855759923
Green,place-fbkst,14,1014,68.04043392504931
Green,place-fbkst,15,1077,55.72191272051996
Green,place-fbkst,16,1059,56.79933899905571
Green,place-fbkst,17,999,59.496996996997
Green,place-fbkst,18,1021,53.870714985308524
Green,place-fbkst,19,1044,56.01580459770115
Green,place-fbkst,20,1040,57.09903846153846
Green,place-fbkst,21,1021,56.082761998041136
Green,place-fbkst,22,967,52.18459152016546
Green,place-fbkst,23,895,67.88491620111732
Green,place-fenwd,0,998,63.710420841683366
Green,place-fenwd,1,210,71.46190476190476
Green,place-fenwd,2,34,392.8529411764706
Green,place-fenwd,3,1,1380.0
Green,place-fenwd,4,1,0.0
Green,place-fenwd,5,176,74.41477272727273
Green,place-fenwd,6,851,73.74148061104583
Green,place-fenwd,7,982,64.54327902240325
Green,place-fenwd,8,979,65.51583248212462
Green,place-fenwd,9,1008,62.09771825396825
Green,place-fenwd,10,956,82.92259414225941
Green,place-fenwd,11,965,76.60725388601037
Green,place-fenwd,12,947,77.02428722280887
Green,place-fenwd,13,1007,61.02929493545184
Green,place-fenwd,14,966,73.42339544513457
Green,place-fenwd,15,1001,65.21528471528471
Green,place-fenwd,16,971,73.13697219361482
Green,place-fenwd,17,960,74.69010416666667
Green,place-fenwd,18,1019,66.85574092247302
Green,place-fenwd,19,1032,62.72238372093023
Green,place-fenwd,20,1035,58.080193236714976
Green,place-fenwd,21,981,70.60601427115189
Green,place-fenwd,22,1045,59.541148325358854
Green,place-fenwd,23,994,65.25955734406439
Green,place-fenwy,0,782,87.35677749360613
Green,place-fenwy,1,339,132.44247787610618
Green,place-fenwy,2,27,234.3148148148148
Green,place-fenwy,3,1,2257.0
Green,place-fenwy,5,399,54.545112781954884
Green,place-fenwy,6,871,66.41905855338692
Green,place-fenwy,7,945,72.15026455026455
Green,place-fenwy,8,997,68.48545636910733
Green,place-fenwy,9,1000,69.5265
Green,place-fenwy,10,988,73.8243927125506
Green,place-fenwy,11,1019,73.34543670264965
Green,place-fenwy,12,981,80.27624872579001
Green,place-fenwy,13,1014,79.09418145956607
Green,place-fenwy,14,985,75.09238578680203
Green,place-fenwy,15,1025,69.86634146341463
Green,place-fenwy,16,1011,75.3971315529179
Green,place-fenwy,17,973,80.35508735868449
Green,place-fenwy,18,1034,70.25145067698259
Green,place-fenwy,19,1067,67.47188378631678
Green,place-fenwy,20,1053,67.40788224121557
Green,place-fenwy,21,1025,70.70341463414634
Green,place-fenwy,22,1009,64.56392467789891
Green,place-fenwy,23,970,70.87731958762886
Green,place-gilmn,0,872,80.57224770642202
Green,place-gilmn,1,429,110.41724941724942
Green,place-gilmn,2,45,339.74444444444447
Green,place-gilmn,3,2,3024.75
Green,place-gilmn,4,68,4.264705882352941
Green,place-gilmn,5,881,58.74517593643587
Green,place-gilmn,6,1325,62.27018867924528
Green,place-gilmn,7,1162,70.20008605851979
Green,place-gilmn,8,1130,71.41902654867256
Green,place-gilmn,9,1138,63.87390158172232
Green,place-gilmn,10,1139,63.28797190517998
Green,place-gilmn,11,1170,61.011965811965815
Green,place-gilmn,12,1086,65.95303867403315
Green,place-gilmn,13,1128,60.548758865248224
Green,place-gilmn,14,1106,63.129746835443036
Green,place-gilmn,15,1140,63.6140350877193
Green,place-gilmn,16,1175,55.33063829787234
Green,place-gilmn,17,1112,63.20908273381295
Green,place-gilmn,18,1182,60.12901861252115
Green,place-gilmn,19,1157,57.01771823681936
Green,place-gilmn,20,1193,50.89312657166806
Green,place-gilmn,21,1107,57.0650406504065
Green,place-gilmn,22,1162,62.87908777969019
Green,place-gilmn,23,1097,66.00546946216956
Green,place-gover,0,2481,56.13583232567513
Green,place-gover,1,704,76.421875
Green,place-gover,2,62,237.25806451612902
Green,place-gover,4,1,1343.5
Green,place-gover,5,1095,66.5041095890411
Green,place-gover,6,2500,52.6036
Green,place-gover,7,2664,54.97597597597598
Green,place-gover,8,2679,54.812803284807764
Green,place-gover,9,2781,56.60499820208558
Green,place-gover,10,2739,54.96184738955823
Green,place-gover,11,2832,51.63877118644068
Green,place-gover,12,2729,52.00732869182851
Green,place-gover,13,2723,55.657730444362834
Green,place-gover,14,2726,59.63132795304475
Green,place-gover,15,2805,50.21033868092692
Green,place-gover,16,2784,54.13415948275862
Green,place-gover,17,2701,52.98815253609774
Green,place-gover,18,2902,45.678842177808406
Green,place-gover,19,2801,54.00999642984648
Green,place-gover,20,2888,54.39819944598338
Green,place-gover,21,2781,53.57892844300611
Green,place-gover,22,2743,54.274516952242074
Green,place-gover,23,2710,50.276383763837636
Green,place-grigg,0,765,74.95882352941176
Green,place-grigg,1,288,141.15625
Green,place-grigg,2,33,370.4848484848485
Green,place-grigg,3,1,4494.0
Green,place-grigg,5,383,45.91514360313316
Green,place-grigg,6,896,59.513392857142854
Green,place-grigg,7,1080,67.72962962962963
Green,place-grigg,8,1103,62.522212148685405
Green,place-grigg,9,1097,59.76481312670921
Green,place-grigg,10,1106,69.55560578661844
Green,place-grigg,11,1103,66.0997280145059
Green,place-grigg,12,1071,74.77684407096172
Green,place-grigg,13,1059,74.3300283286119
Green,place-grigg,14,1046,69.27294455066922
Green,place-grigg,15,1075,72.05953488372093
Green,place-grigg,16,1089,67.66574839302112
Green,place-grigg,17,1039,72.29451395572666
Green,place-grigg,18,1053,68.4335232668566
Green,place-grigg,19,1076,66.1064126394052
Green,place-grigg,20,1076,64.5710966542751
Green,place-grigg,21,1008,64.53224206349206
Green,place-grigg,22,992,71.12903225806451
Green,place-grigg,23,997,65.45586760280842
Green,place-haecl,0,1705,53.85718475073314
Green,place-haecl,1,561,69.2638146167558
Green,place-haecl,2,58,232.4655172413793
Green,place-haecl,5,770,71.82272727272728
Green,place-haecl,6,1743,55.410212277682156
Green,place-haecl,7,1859,53.35180204410974
Green,place-haecl,8,1896,53.81513713080169
Green,place-haecl,9,1920,57.627604166666664
Green,place-haecl,10,1903,64.17314766158697
Green,place-haecl,11,1979,49.20768064679131
Green,place-haecl,12,1909,54.775275013095865
Green,place-haecl,13,1858,60.727664155005385
Green,place-haecl,14,1904,65.54096638655462
Green,place-haecl,15,1919,55.15268368942157
Green,place-haecl,16,1925,58.76831168831169
Green,place-haecl,17,1847,57.21088251218192
Green,place-haecl,18,1950,53.15025641025641
Green,place-haecl,19,1921,56.42790213430505
Green,place-haecl,20,1996,55.668336673346694
Green,place-haecl,21,1908,63.734276729559745
Green,place-haecl,22,1902,52.0034174553102
Green,place-haecl,23,1852,54.38282937365011
Green,place-harvd,0,759,72.77997364953886
Green,place-harvd,1,285,144.53684210526316
Green,place-harvd,2,32,349.546875
Green,place-harvd,3,1,4460.0
Green,place-harvd,5,375,47.541333333333334
Green,place-harvd,6,915,57.89180327868853
Green,place-harvd,7,1070,65.40514018691589
Green,place-harvd,8,1122,58.42557932263814
Green,place-harvd,9,1104,56.697916666666664
Green,place-harvd,10,1102,66.8983666061706
Green,place-harvd,11,1096,64.79607664233576
Green,place-harvd,12,1063,74.79821260583255
Green,place-harvd,13,1065,71.44976525821596
Green,place-harvd,14,1051,70.40532825880115
Green,place-harvd,15,1065,68.87793427230046
Green,place-harvd,16,1077,65.56963788300835
Green,place-harvd,17,1054,72.09487666034155
Green,place-harvd,18,1057,67.42431409649953
Green,place-harvd,19,1073,66.10438024231128
Green,place-harvd,20,1065,63.62863849765258
Green,place-harvd,21,1028,63.35068093385214
Green,place-harvd,22,986,67.60446247464503
Green,place-harvd,23,1002,60.692115768463076
Green,place-hsmnl,0,484,67.68181818181819
Green,place-hsmnl,1,93,77.56451612903226
Green,place-hsmnl,2,18,573.0833333333334
Green,place-hsmnl,5,100,71.685
Green,place-hsmnl,6,401,80.26059850374065
Green,place-hsmnl,7,478,62.69769874476987
Green,place-hsmnl,8,481,68.54469854469855
Green,place-hsmnl,9,495,68.23737373737374
Green,place-hsmnl,10,459,85.90305010893246
Green,place-hsmnl,11,479,75.47703549060543
Green,place-hsmnl,12,456,78.75986842105263
Green,place-hsmnl,13,490,65.41836734693878
Green,place-hsmnl,14,445,79.82134831460674
Green,place-hsmnl,15,494,70.66599190283401
Green,place-hsmnl,16,479,72.3329853862213
Green,place-hsmnl,17,470,75.50425531914894
Green,place-hsmnl,18,490,66.76530612244898
Green,place-hsmnl,19,493,67.00304259634889
Green,place-hsmnl,20,500,65.233
Green,place-hsmnl,21,474,68.16455696202532
Green,place-hsmnl,22,507,61.585798816568044
Green,place-hsmnl,23,483,88.66356107660455
Green,place-hwsst,0,757,59.1446499339498
Green,place-hwsst,1,192,148.17447916666666
Green,place-hwsst,2,29,321.8965517241379
Green,place-hwsst,3,1,79.0
Green,place-hwsst,5,390,38.702564102564104
Green,place-hwsst,6,921,55.768186753528774
Green,place-hwsst,7,1039,56.78440808469682
Green,place-hwsst,8,1048,56.3807251908397
Green,place-hwsst,9,1077,54.32404828226555
Green,place-hwsst,10,1068,54.92696629213483
Green,place-hwsst,11,1037,62.87463837994214
Green,place-hwsst,12,1043,62.93144774688399
Green,place-hwsst,13,1044,60.53448275862069
Green,place-hwsst,14,1062,54.220338983050844
Green,place-hwsst,15,1076,51.31505576208178
Green,place-hwsst,16,1049,51.467111534795045
Green,place-hwsst,17,1012,57.60474308300395
Green,place-hwsst,18,1025,53.48682926829268
Green,place-hwsst,19,1040,58.59903846153846
Green,place-hwsst,20,1050,53.287142857142854
Green,place-hwsst,21,1018,49.49803536345776
Green,place-hwsst,22,960,53.54114583333333
Green,place-hwsst,23,917,62.42039258451472
Green,place-hymnl,0,2272,41.745598591549296
Green,place-hymnl,1,622,66.4975884244373
Green,place-hymnl,2,69,239.86231884057972
Green,place-hymnl,5,1140,48.19385964912281
Green,place-hymnl,6,2583,46.58226867982965
Green,place-hymnl,7,2694,41.409428359317
Green,place-hymnl,8,2834,45.180486944248415
Green,place-hymnl,9,2880,41.24548611111111
Green,place-hymnl,10,2837,41.923863235812476
Green,place-hymnl,11,2796,43.3903791130186
Green,place-hymnl,12,2791,46.72984593335722
Green,place-hymnl,13,2758,49.09209572153735
Green,place-hymnl,14,2813,47.20245289726271
Green,place-hymnl,15,2809,45.57191171235315
Green,place-hymnl,16,2791,42.71157291293443
Green,place-hymnl,17,2696,43.706787833827896
Green,place-hymnl,18,2796,46.11695278969957
Green,place-hymnl,19,2824,44.94298866855524
Green,place-hymnl,20,2798,39.742852037169406
Green,place-hymnl,21,2722,39.288207200587806
Green,place-hymnl,22,2611,44.75067024128686
Green,place-hymnl,23,2650,43.90830188679245
Green,place-kencl,0,2307,48.10121369744257
Green,place-kencl,1,684,68.34649122807018
Green,place-kencl,2,76,246.01973684210526
Green,place-kencl,5,1221,48.00327600327601
Green,place-kencl,6,2635,46.39013282732448
Green,place-kencl,7,2821,40.033144275079756
Green,place-kencl,8,2951,44.10454083361572
Green,place-kencl,9,2990,40.619565217391305
Green,place-kencl,10,3005,39.94975041597338
Green,place-kencl,11,2912,42.424793956043956
Green,place-kencl,12,2908,45.24828060522696
Green,place-kencl,13,2882,47.726405274115194
Green,place-kencl,14,2924,45.870554035567714
Green,place-kencl,15,2960,43.555912162162166
Green,place-kencl,16,2913,42.334019910744935
Green,place-kencl,17,2828,42.724540311173975
Green,place-kencl,18,2946,43.859979633401224
Green,place-kencl,19,2942,43.540278721957854
Green,place-kencl,20,2921,40.469359808284835
Green,place-kencl,21,2849,38.97683397683398
Green,place-kencl,22,2740,41.85091240875912
Green,place-kencl,23,2688,44.455357142857146
Green,place-kntst,0,753,57.64209827357238
Green,place-kntst,1,192,152.44791666666666
Green,place-kntst,2,29,321.55172413793105
Green,place-kntst,3,1,80.0
Green,place-kntst,5,399,37.423558897243105
Green,place-kntst,6,910,57.66538461538462
Green,place-kntst,7,1044,57.27921455938697
Green,place-kntst,8,1050,55.453809523809525
Green,place-kntst,9,1073,54.37371854613234
Green,place-kntst,10,1076,54.49349442379182
Green,place-kntst,11,1037,62.57087753134041
Green,place-kntst,12,1037,62.69864995178399
Green,place-kntst,13,1047,60.29703915950334
Green,place-kntst,14,1051,55.294005708848715
Green,place-kntst,15,1071,52.369281045751634
Green,place-kntst,16,1047,52.05635148042025
Green,place-kntst,17,1014,56.874753451676526
Green,place-kntst,18,1026,52.95906432748538
Green,place-kntst,19,1047,56.4632282712512
Green,place-kntst,20,1036,53.842664092664094
Green,place-kntst,21,1021,50.76983349657199
Green,place-kntst,22,959,53.09280500521376
Green,place-kntst,23,920,63.80163043478261
Green,place-lake,0,135,80.92222222222222
Green,place-lake,1,4,574.875
Green,place-lake,2,2,2722.0
Green,place-lake,4,2,0.0
Green,place-lake,5,670,29.670895522388058
Green,place-lake,6,618,44.06148867313916
Green,place-lake,7,573,51.30541012216405
Green,place-lake,8,544,48.302389705882355
Green,place-lake,9,557,56.151705565529625
Green,place-lake,10,573,49.1413612565445
Green,place-lake,11,536,60.319962686567166
Green,place-lake,12,539,57.38775510204081
Green,place-lake,13,543,56.43922651933702
Green,place-lake,14,530,59.241509433962264
Green,place-lake,15,532,49.66729323308271
Green,place-lake,16,540,43.3962962962963
Green,place-lake,17,549,47.54644808743169
Green,place-lake,18,519,57.73025048169557
Green,place-lake,19,532,52.40413533834587
Green,place-lake,20,519,44.9980732177264
Green,place-lake,21,524,41.50095419847328
Green,place-lake,22,490,52.19285714285714
Green,place-lake,23,465,46.119354838709675
Green,place-lech,0,1794,54.68338907469342
Green,place-lech,1,656,77.66844512195122
Green,place-lech,2,83,243.21686746987953
Green,place-lech,3,1,343.5
Green,place-lech,4,1,0.0
Green,place-lech,5,916,74.04039301310044
Green,place-lech,6,1876,63.45948827292111
Green,place-lech,7,1976,57.334767206477736
Green,place-lech,8,2041,58.30352768250857
Green,place-lech,9,2093,61.34687052078356
Green,place-lech,10,2043,67.0354870288791
Green,place-lech,11,2142,51.23225957049486
Green,place-lech,12,2097,58.532665712923226
Green,place-lech,13,2054,60.73271665043817
Green,place-lech,14,2116,66.09522684310019
Green,place-lech,15,2077,56.809340394800195
Green,place-lech,16,2127,58.447578749412315
Green,place-lech,17,2050,53.20609756097561
Green,place-lech,18,2144,55.819962686567166
Green,place-lech,19,2128,54.91588345864662
Green,place-lech,20,2153,58.11983279145379
Green,place-lech,21,2083,63.51536245799328
Green,place-lech,22,2080,52.69735576923077
Green,place-lech,23,1992,60.74422690763052
Green,place-lngmd,0,1006,59.03280318091451
Green,place-lngmd,1,221,61.56561085972851
Green,place-lngmd,2,32,390.1875
Green,place-lngmd,3,1,1442.0
Green,place-lngmd,5,206,64.62135922330097
Green,place-lngmd,6,856,62.90128504672897
Green,place-lngmd,7,1027,54.029698149951315
Green,place-lngmd,8,1014,56.231262327416175
Green,place-lngmd,9,1042,52.88387715930902
Green,place-lngmd,10,1038,60.44412331406551
Green,place-lngmd,11,1005,59.27462686567164
Green,place-lngmd,12,1004,64.70169322709164
Green,place-lngmd,13,1007,51.77259185700099
Green,place-lngmd,14,983,62.64089521871821
Green,place-lngmd,15,1028,52.257782101167315
Green,place-lngmd,16,1029,58.02332361516035
Green,place-lngmd,17,978,66.96063394683027
Green,place-lngmd,18,1047,57.64851957975167
Green,place-lngmd,19,1056,51.99905303030303
Green,place-lngmd,20,1034,50.27272727272727
Green,place-lngmd,21,1010,60.05148514851485
Green,place-lngmd,22,1051,56.45052331113226
Green,place-lngmd,23,995,55.08140703517588
Green,place-longw,0,770,85.1564935064935
Green,place-longw,1,361,106.202216066482
Green,place-longw,2,30,258.01666666666665
Green,place-longw,3,2,1765.75
Green,place-longw,4,4,0.0
Green,place-longw,5,380,57.694736842105264
Green,place-longw,6,890,63.22752808988764
Green,place-longw,7,953,71.54197271773347
Green,place-longw,8,1012,67.96936758893281
Green,place-longw,9,1005,66.58507462686568
Green,place-longw,10,1000,70.712
Green,place-longw,11,1014,72.27169625246549
Green,place-longw,12,995,79.3713567839196
Green,place-longw,13,1030,75.7242718446602
Green,place-longw,14,990,73.12878787878788
Green,place-longw,15,1030,69.87038834951456
Green,place-longw,16,1001,75.66433566433567
Green,place-longw,17,982,78.57077393075356
Green,place-longw,18,1035,70.15072463768117
Green,place-longw,19,1074,66.63081936685289
Green,place-longw,20,1058,64.79206049149339
Green,place-longw,21,1032,69.26695736434108
Green,place-longw,22,1019,64.6756624141315
Green,place-longw,23,988,71.93825910931174
Green,place-mdftf,0,155,88.43870967741935
Green,place-mdftf,1,34,603.0147058823529
Green,place-mdftf,2,4,1431.375
Green,place-mdftf,3,2,3285.5
Green,place-mdftf,4,29,3.8448275862068964
Green,place-mdftf,5,449,51.46659242761692
Green,place-mdftf,6,702,70.50213675213675
Green,place-mdftf,7,566,58.63515901060071
Green,place-mdftf,8,538,67.38754646840148
Green,place-mdftf,9,564,53.544326241134755
Green,place-mdftf,10,568,48.548415492957744
Green,place-mdftf,11,575,53.68
Green,place-mdftf,12,564,48.27925531914894
Green,place-mdftf,13,547,50.36654478976234
Green,place-mdftf,14,584,51.632705479452056
Green,place-mdftf,15,601,48.097337770382694
Green,place-mdftf,16,573,44.30017452006981
Green,place-mdftf,17,564,45.64716312056738
Green,place-mdftf,18,588,46.90221088435374
Green,place-mdftf,19,569,42.81546572934974
Green,place-mdftf,20,582,56.88487972508591
Green,place-mdftf,21,571,39.02802101576182
Green,place-mdftf,22,557,50.11579892280072
Green,place-mdftf,23,514,101.09727626459144
Green,place-mfa,0,1008,57.41617063492063
Green,place-mfa,1,230,64.23260869565217
Green,place-mfa,2,30,398.3333333333333
Green,place-mfa,3,1,1431.5
Green,place-mfa,5,201,59.79601990049751
Green,place-mfa,6,859,62.62863795110594
Green,place-mfa,7,1027,55.19912366114898
Green,place-mfa,8,1010,56.992079207920796
Green,place-mfa,9,1036,53.527992277992276
Green,place-mfa,10,1033,60.090997095837366
Green,place-mfa,11,1007,59.44836146971202
Green,place-mfa,12,1003,63.885842472582254
Green,place-mfa,13,1017,53.65830875122911
Green,place-mfa,14,982,60.224032586558046
Green,place-mfa,15,1031,54.28564500484966
Green,place-mfa,16,1030,56.92864077669903
Green,place-mfa,17,989,64.9489383215369
Green,place-mfa,18,1045,58.76124401913876
Green,place-mfa,19,1044,54.015325670498086
Green,place-mfa,20,1021,51.43976493633692
Green,place-mfa,21,1017,60.28121927236972
Green,place-mfa,22,1042,55.659309021113245
Green,place-mfa,23,999,58.35935935935936
Green,place-mgngl,0,841,84.24732461355529
Green,place-mgngl,1,444,110.46509009009009
Green,place-mgngl,2,43,318.5
Green,place-mgngl,3,3,1942.5
Green,place-mgngl,4,60,2.3666666666666667
Green,place-mgngl,5,887,56.89966178128523
Green,place-mgngl,6,1331,61.33696468820436
Green,place-mgngl,7,1176,70.75680272108843
Green,place-mgngl,8,1116,67.84811827956989
Green,place-mgngl,9,1141,64.09815950920246
Green,place-mgngl,10,1126,65.67007104795736
Green,place-mgngl,11,1163,61.14617368873603
Green,place-mgngl,12,1093,65.77264409881062
Green,place-mgngl,13,1133,59.37422771403354
Green,place-mgngl,14,1122,61.249554367201426
Green,place-mgngl,15,1115,67.25067264573991
Green,place-mgngl,16,1177,54.2090059473237
Green,place-mgngl,17,1124,61.18149466192171
Green,place-mgngl,18,1160,65.68103448275862
Green,place-mgngl,19,1162,55.6144578313253
Green,place-mgngl,20,1186,51.640809443507585
Green,place-mgngl,21,1111,55.782628262826286
Green,place-mgngl,22,1151,65.77280625543005
Green,place-mgngl,23,1110,64.36576576576577
Green,place-mispk,0,1007,63.00148957298908
Green,place-mispk,1,205,77.65365853658537
Green,place-mispk,2,37,364.8783783783784
Green,place-mispk,3,1,1393.0
Green,place-mispk,4,1,0.0
Green,place-mispk,5,194,73.0979381443299
Green,place-mispk,6,829,72.51749095295537
Green,place-mispk,7,1002,65.89171656686626
Green,place-mispk,8,965,66.18911917098445
Green,place-mispk,9,1001,63.502497502497505
Green,place-mispk,10,953,84.26705141657922
Green,place-mispk,11,972,76.440329218107
Green,place-mispk,12,950,76.93526315789474
Green,place-mispk,13,997,62.55466399197593
Green,place-mispk,14,955,69.83560209424084
Green,place-mispk,15,1007,66.66931479642503
Green,place-mispk,16,977,72.4360286591607
Green,place-mispk,17,958,75.90240083507307
Green,place-mispk,18,1011,66.88427299703264
Green,place-mispk,19,1036,64.48407335907336
Green,place-mispk,20,1019,56.96418056918547
Green,place-mispk,21,1001,69.68981018981019
Green,place-mispk,22,1037,60.05110896817744
Green,place-mispk,23,985,67.3
Green,place-newtn,0,654,71.69036697247707
Green,place-newtn,1,450,106.16111111111111
Green,place-newtn,2,59,238.54237288135593
Green,place-newtn,3,2,1139.5
Green,place-newtn,4,1,0.0
Green,place-newtn,5,466,32.62660944206009
Green,place-newtn,6,808,64.61014851485149
Green,place-newtn,7,931,72.20676691729324
Green,place-newtn,8,965,74.5958549222798
Green,place-newtn,9,988,68.96862348178138
Green,place-newtn,10,1000,71.4375
Green,place-newtn,11,980,76.69234693877551
Green,place-newtn,12,1003,81.27666999002992
Green,place-newtn,13,978,81.09151329243353
Green,place-newtn,14,1011,77.8679525222552
Green,place-newtn,15,1012,77.69021739130434
Green,place-newtn,16,970,76.72474226804124
Green,place-newtn,17,982,88.82993890020367
Green,place-newtn,18,979,80.17977528089888
Green,place-newtn,19,1089,74.80440771349862
Green,place-newtn,20,1042,68.85076775431862
Green,place-newtn,21,1011,71.96636993076162
Green,place-newtn,22,919,86.98803046789989
Green,place-newtn,23,977,75.9078812691914
Green,place-newto,0,665,70.68345864661654
Green,place-newto,1,438,104.56392694063926
Green,place-newto,2,56,252.26785714285714
Green,place-newto,3,1,1252.5
Green,place-newto,4,1,0.0
Green,place-newto,5,448,34.856026785714285
Green,place-newto,6,819,66.53113553113553
Green,place-newto,7,906,73.51048565121413
Green,place-newto,8,988,71.73684210526316
Green,place-newto,9,982,71.40682281059063
Green,place-newto,10,1010,68.42178217821782
Green,place-newto,11,977,78.2267144319345
Green,place-newto,12,1003,80.58923230309072
Green,place-newto,13,994,81.3576458752515
Green,place-newto,14,1003,78.08125623130609
Green,place-newto,15,1022,76.43982387475538
Green,place-newto,16,980,75.78367346938775
Green,place-newto,17,980,80.42295918367347
Green,place-newto,18,992,80.4586693548387
Green,place-newto,19,1069,74.86342376052386
Green,place-newto,20,1052,68.88498098859316
Green,place-newto,21,1018,70.77652259332024
Green,place-newto,22,929,83.07804090419806
Green,place-newto,23,976,77.62909836065573
Green,place-north,0,1748,62.67477116704806
Green,place-north,1,573,80.75567190226876
Green,place-north,2,59,237.8728813559322
Green,place-north,5,786,71.21437659033079
Green,place-north,6,1768,60.88518099547511
Green,place-north,7,1908,55.69470649895178
Green,place-north,8,1936,61.125
Green,place-north,9,1989,62.88964303670186
Green,place-north,10,1944,71.36265432098766
Green,place-north,11,2012,54.06486083499006
Green,place-north,12,1957,61.17756770567195
Green,place-north,13,1911,64.20355834641549
Green,place-north,14,1952,74.67725409836065
Green,place-north,15,1972,69.20334685598377
Green,place-north,16,1948,60.59111909650924
Green,place-north,17,1916,64.2186847599165
Green,place-north,18,2002,61.49025974025974
Green,place-north,19,1966,58.4969481180061
Green,place-north,20,2041,60.8468887800098
Green,place-north,21,1958,90.64785495403473
Green,place-north,22,1939,56.22124806601341
Green,place-north,23,1865,59.626541554959786
Green,place-nuniv,0,984,57.513719512195124
Green,place-nuniv,1,240,57.74166666666667
Green,place-nuniv,2,29,418.63793103448273
Green,place-nuniv,3,1,1434.0
Green,place-nuniv,5,200,62.955
Green,place-nuniv,6,871,64.51549942594718
Green,place-nuniv,7,1009,55.36967294350843
Green,place-nuniv,8,1033,57.631171345595355
Green,place-nuniv,9,1016,54.636811023622045
Green,place-nuniv,10,1035,59.88985507246377
Green,place-nuniv,11,1016,60.688976377952756
Green,place-nuniv,12,986,65.65415821501014
Green,place-nuniv,13,1014,57.858481262327416
Green,place-nuniv,14,987,60.121580547112465
Green,place-nuniv,15,1015,55.5615763546798
Green,place-nuniv,16,1031,56.815227934044614
Green,place-nuniv,17,996,67.21686746987952
Green,place-nuniv,18,1057,57.899716177861876
Green,place-nuniv,19,1045,55.3488038277512
Green,place-nuniv,20,1025,51.34634146341463
Green,place-nuniv,21,1016,62.306102362204726
Green,place-nuniv,22,1042,54.41890595009597
Green,place-nuniv,23,1007,60.075471698113205
Green,place-pktrm,0,3310,33.73942598187311
Green,place-pktrm,1,830,51.58012048192771
Green,place-pktrm,2,71,278.556338028169
Green,place-pktrm,3,2,2293.75
Green,place-pktrm,4,1,1369.0
Green,place-pktrm,5,1487,45.01681237390719
Green,place-pktrm,6,3390,34.26976401179941
Green,place-pktrm,7,3617,29.84019905999447
Green,place-pktrm,8,3694,34.30008121277748
Green,place-pktrm,9,3748,34.761339381003204
Green,place-pktrm,10,3734,34.2019282271023
Green,place-pktrm,11,3759,29.781590848629953
Green,place-pktrm,12,3708,33.0106526429342
Green,place-pktrm,13,3650,39.76424657534247
Green,place-pktrm,14,3710,37.801752021563345
Green,place-pktrm,15,3727,31.596458277434934
Green,place-pktrm,16,3737,31.087369547765586
Green,place-pktrm,17,3646,33.23491497531541
Green,place-pktrm,18,3890,30.431105398457582
Green,place-pktrm,19,3740,32.20254010695187
Green,place-pktrm,20,3801,31.437779531702184
Green,place-pktrm,21,3751,31.68968275126633
Green,place-pktrm,22,3623,32.633314932376486
Green,place-pktrm,23,3568,33.70627802690583
Green,place-prmnl,0,971,60.63954685890834
Green,place-prmnl,1,241,57.149377593360995
Green,place-prmnl,2,24,447.1666666666667
Green,place-prmnl,5,201,58.340796019900495
Green,place-prmnl,6,871,62.76865671641791
Green,place-prmnl,7,1001,59.07192807192807
Green,place-prmnl,8,1023,59.2663734115347
Green,place-prmnl,9,1025,57.4809756097561
Green,place-prmnl,10,1025,60.41512195121951
Green,place-prmnl,11,1008,63.69394841269841
Green,place-prmnl,12,995,68.8246231155779
Green,place-prmnl,13,981,63.850152905198776
Green,place-prmnl,14,983,62.760427263479144
Green,place-prmnl,15,1010,60.404455445544556
Green,place-prmnl,16,1021,60.27130264446621
Green,place-prmnl,17,999,70.008008008008
Green,place-prmnl,18,1046,60.486137667304014
Green,place-prmnl,19,1037,57.48794599807136
Green,place-prmnl,20,1035,55.071014492753626
Green,place-prmnl,21,1021,64.8330068560235
Green,place-prmnl,22,1025,58.33121951219512
Green,place-prmnl,23,1023,59.00342130987292
Green,place-river,0,127,58.153543307086615
Green,place-river,1,10,341.35
Green,place-river,3,1,2728.0
Green,place-river,4,72,12.569444444444445
Green,place-river,5,569,37.4701230228471
Green,place-river,6,570,49.72631578947368
Green,place-river,7,524,61.19370229007634
Green,place-river,8,530,62.632075471698116
Green,place-river,9,525,54.23619047619048
Green,place-river,10,522,61.05651340996169
Green,place-river,11,503,71.59642147117296
Green,place-river,12,473,72.71564482029598
Green,place-river,13,521,55.535508637236084
Green,place-river,14,529,58.5359168241966
Green,place-river,15,532,53.43890977443609
Green,place-river,16,493,57.99797160243408
Green,place-river,17,530,59.364150943396226
Green,place-river,18,525,62.12571428571429
Green,place-river,19,533,59.030956848030016
Green,place-river,20,533,59.46153846153846
Green,place-river,21,489,61.89877300613497
Green,place-river,22,438,99.19748858447488
Green,place-river,23,447,62.884787472035796
Green,place-rsmnl,0,710,84.42605633802818
Green,place-rsmnl,1,405,106.9074074074074
Green,place-rsmnl,2,47,257.1170212765957
Green,place-rsmnl,3,1,1269.5
Green,place-rsmnl,5,394,41.12690355329949
Green,place-rsmnl,6,837,67.74372759856631
Green,place-rsmnl,7,890,72.72640449438202
Green,place-rsmnl,8,1027,70.14216163583252
Green,place-rsmnl,9,993,65.62134944612286
Green,place-rsmnl,10,986,69.86764705882354
Green,place-rsmnl,11,996,75.59086345381526
Green,place-rsmnl,12,976,76.79559426229508
Green,place-rsmnl,13,1007,78.25074478649454
Green,place-rsmnl,14,993,77.11832829808661
Green,place-rsmnl,15,990,72.01515151515152
Green,place-rsmnl,16,1013,77.32773938795657
Green,place-rsmnl,17,979,78.72522982635343
Green,place-rsmnl,18,990,77.44040404040405
Green,place-rsmnl,19,1054,69.43785578747628
Green,place-rsmnl,20,1037,69.80665380906461
Green,place-rsmnl,21,1029,65.72740524781341
Green,place-rsmnl,22,945,77.4015873015873
Green,place-rsmnl,23,959,76.98748696558916
Green,place-rvrwy,0,1017,65.6204523107178
Green,place-rvrwy,1,204,78.03921568627452
Green,place-rvrwy,2,37,390.4594594594595
Green,place-rvrwy,5,195,69.85128205128206
Green,place-rvrwy,6,821,71.02801461632156
Green,place-rvrwy,7,985,64.8243654822335
Green,place-rvrwy,8,993,65.54984894259819
Green,place-rvrwy,9,1003,64.40827517447657
Green,place-rvrwy,10,943,83.40243902439025
Green,place-rvrwy,11,977,75.44421699078812
Green,place-rvrwy,12,944,75.26165254237289
Green,place-rvrwy,13,1004,63.77739043824701
Green,place-rvrwy,14,953,68.51259181532004
Green,place-rvrwy,15,1006,66.9145129224652
Green,place-rvrwy,16,979,72.08426966292134
Green,place-rvrwy,17,964,74.62811203319502
Green,place-rvrwy,18,1012,67.76828063241106
Green,place-rvrwy,19,1033,63.52420135527589
Green,place-rvrwy,20,1029,57.05053449951409
Green,place-rvrwy,21,999,70.54854854854855
Green,place-rvrwy,22,1035,58.99082125603865
Green,place-rvrwy,23,991,66.53077699293642
Green,place-smary,0,767,63.97783572359844
Green,place-smary,1,186,142.9516129032258
Green,place-smary,2,26,334.38461538461536
Green,place-smary,3,1,77.5
Green,place-smary,5,382,42.276178010471206
Green,place-smary,6,929,57.135629709364906
Green,place-smary,7,1032,56.276162790697676
Green,place-smary,8,1056,56.70643939393939
Green,place-smary,9,1064,54.0859962406015
Green,place-smary,10,1084,54.80488929889299
Green,place-smary,11,1018,63.44155206286837
Green,place-smary,12,1054,62.29174573055028
Green,place-smary,13,1039,61.182386910490855
Green,place-smary,14,1060,55.44622641509434
Green,place-smary,15,1069,51.981290926099156
Green,place-smary,16,1053,50.15147198480532
Green,place-smary,17,1018,56.777996070726914
Green,place-smary,18,1030,53.376699029126215
Green,place-smary,19,1041,58.35254562920269
Green,place-smary,20,1049,53.94280266920877
Green,place-smary,21,1025,46.90536585365854
Green,place-smary,22,956,52.46966527196653
Green,place-smary,23,914,59.56892778993436
Green,place-sougr,0,734,76.48365122615805
Green,place-sougr,1,349,127.4025787965616
Green,place-sougr,2,51,398.3529411764706
Green,place-sougr,3,5,1561.9
Green,place-sougr,4,1,0.0
Green,place-sougr,5,496,36.96471774193548
Green,place-sougr,6,854,50.74590163934426
Green,place-sougr,7,1081,64.97178538390379
Green,place-sougr,8,1114,64.92280071813285
Green,place-sougr,9,1093,63.73284537968893
Green,place-sougr,10,1095,62.20639269406393
Green,place-sougr,11,1119,67.71268990169794
Green,place-sougr,12,1045,75.02248803827752
Green,place-sougr,13,1077,73.25905292479109
Green,place-sougr,14,1075,68.43302325581395
Green,place-sougr,15,1058,70.11342155009451
Green,place-sougr,16,1070,62.63785046728972
Green,place-sougr,17,1056,66.78456439393939
Green,place-sougr,18,1068,66.78885767790263
Green,place-sougr,19,1067,68.71087160262418
Green,place-sougr,20,1057,63.17123935666982
Green,place-sougr,21,1036,64.0415057915058
Green,place-sougr,22,982,71.05244399185337
Green,place-sougr,23,957,67.51724137931035
Green,place-spmnl,0,1821,55.13509060955519
Green,place-spmnl,1,644,71.5582298136646
Green,place-spmnl,2,81,228.2469135802469
Green,place-spmnl,5,804,80.59825870646766
Green,place-spmnl,6,1880,62.42712765957447
Green,place-spmnl,7,1959,55.18836140888208
Green,place-spmnl,8,2027,59.22175629008387
Green,place-spmnl,9,2103,59.78388017118402
Green,place-spmnl,10,2016,65.65798611111111
Green,place-spmnl,11,2115,50.19243498817967
Green,place-spmnl,12,2066,61.0972894482091
Green,place-spmnl,13,2063,60.603732428502184
Green,place-spmnl,14,2074,66.51205400192865
Green,place-spmnl,15,2081,55.184046131667465
Green,place-spmnl,16,2127,56.2919605077574
Green,place-spmnl,17,2050,53.544634146341465
Green,place-spmnl,18,2124,54.71257062146893
Green,place-spmnl,19,2086,56.670661553211886
Green,place-spmnl,20,2181,55.128152223750575
Green,place-spmnl,21,2050,60.71463414634146
Green,place-spmnl,22,2079,51.87999037999038
Green,place-spmnl,23,1982,57.63395560040363
Green,place-sthld,0,728,75.06043956043956
Green,place-sthld,1,331,142.7703927492447
Green,place-sthld,2,40,351.7375
Green,place-sthld,3,1,4471.5
Green,place-sthld,5,445,42.668539325842694
Green,place-sthld,6,841,61.23127229488704
Green,place-sthld,7,1065,65.95352112676056
Green,place-sthld,8,1106,63.07007233273056
Green,place-sthld,9,1119,60.93029490616622
Green,place-sthld,10,1096,65.16012773722628
Green,place-sthld,11,1116,68.65188172043011
Green,place-sthld,12,1039,75.37199230028874
Green,place-sthld,13,1072,74.27985074626865
Green,place-sthld,14,1057,70.79280983916746
Green,place-sthld,15,1065,70.95680751173708
Green,place-sthld,16,1057,68.75260170293284
Green,place-sthld,17,1059,72.51227573182247
Green,place-sthld,18,1042,67.87044145873321
Green,place-sthld,19,1092,67.09569597069597
Green,place-sthld,20,1065,62.647887323943664
Green,place-sthld,21,1022,63.77348336594912
Green,place-sthld,22,967,71.91985522233712
Green,place-sthld,23,1005,69.28905472636816
Green,place-stpul,0,747,57.900267737617135
Green,place-stpul,1,195,153.5794871794872
Green,place-stpul,2,29,323.5689655172414
Green,place-stpul,3,1,72.0
Green,place-stpul,5,412,37.32645631067961
Green,place-stpul,6,918,55.79956427015251
Green,place-stpul,7,1026,57.03362573099415
Green,place-stpul,8,1052,55.40636882129277
Green,place-stpul,9,1082,53.5402033271719
Green,place-stpul,10,1068,56.88249063670412
Green,place-stpul,11,1036,62.435810810810814
Green,place-stpul,12,1049,63.29790276453765
Green,place-stpul,13,1038,58.90028901734104
Green,place-stpul,14,1054,54.95635673624288
Green,place-stpul,15,1056,52.796875
Green,place-stpul,16,1059,53.034938621340885
Green,place-stpul,17,1012,55.430335968379445
Green,place-stpul,18,1034,53.49758220502901
Green,place-stpul,19,1041,57.98030739673391
Green,place-stpul,20,1034,54.22195357833656
Green,place-stpul,21,1022,50.11252446183953
Green,place-stpul,22,960,51.9859375
Green,place-stpul,23,914,63.67833698030635
Green,place-sumav,0,616,60.2150974025974
Green,place-sumav,1,183,128.9863387978142
Green,place-sumav,2,23,284.30434782608694
Green,place-sumav,5,411,33.942822384428226
Green,place-sumav,6,805,54.63913043478261
Green,place-sumav,7,898,63.85746102449889
Green,place-sumav,8,930,53.70161290322581
Green,place-sumav,9,940,56.86595744680851
Green,place-sumav,10,945,56.54074074074074
Green,place-sumav,11,925,64.04324324324324
Green,place-sumav,12,911,63.70801317233809
Green,place-sumav,13,909,64.36963696369637
Green,place-sumav,14,922,62.7087852494577
Green,place-sumav,15,948,55.37236286919831
Green,place-sumav,16,929,57.07534983853606
Green,place-sumav,17,889,57.72384701912261
Green,place-sumav,18,902,53.33813747228381
Green,place-sumav,19,912,58.510416666666664
Green,place-sumav,20,919,52.57997823721436
Green,place-sumav,21,906,54.12637969094923
Green,place-sumav,22,843,50.26571767497035
Green,place-sumav,23,786,66.98600508905852
Green,place-tapst,0,556,59.94064748201439
Green,place-tapst,1,167,141.09281437125748
Green,place-tapst,2,23,420.67391304347825
Green,place-tapst,5,436,31.5
Green,place-tapst,6,729,53.2002743484225
Green,place-tapst,7,824,62.51759708737864
Green,place-tapst,8,879,55.14960182025028
Green,place-tapst,9,876,52.87557077625571
Green,place-tapst,10,843,62.17437722419929
Green,place-tapst,11,850,62.305882352941175
Green,place-tapst,12,851,59.57696827262045
Green,place-tapst,13,832,65.51442307692308
Green,place-tapst,14,837,68.06451612903226
Green,place-tapst,15,855,55.42631578947368
Green,place-tapst,16,846,57.64066193853428
Green,place-tapst,17,815,58.01042944785276
Green,place-tapst,18,825,54.06969696969697
Green,place-tapst,19,857,52.09626604434072
Green,place-tapst,20,833,53.283313325330134
Green,place-tapst,21,813,53.687576875768755
Green,place-tapst,22,796,49.73429648241206
Green,place-tapst,23,702,64.57549857549857
Green,place-unsqu,0,428,71.88084112149532
Green,place-unsqu,1,80,112.78125
Green,place-unsqu,2,7,844.8571428571429
Green,place-unsqu,3,1,4147.5
Green,place-unsqu,5,197,104.05837563451777
Green,place-unsqu,6,435,63.697701149425285
Green,place-unsqu,7,455,64.7
Green,place-unsqu,8,461,71.77765726681127
Green,place-unsqu,9,486,71.36316872427983
Green,place-unsqu,10,442,110.36764705882354
Green,place-unsqu,11,499,88.87975951903807
Green,place-unsqu,12,460,89.69130434782609
Green,place-unsqu,13,473,80.36997885835095
Green,place-unsqu,14,482,72.57261410788382
Green,place-unsqu,15,485,65.1742268041237
Green,place-unsqu,16,465,107.34516129032258
Green,place-unsqu,17,480,106.03541666666666
Green,place-unsqu,18,487,78.54414784394251
Green,place-unsqu,19,441,108.12925170068027
Green,place-unsqu,20,519,104.29576107899807
Green,place-unsqu,21,472,73.84004237288136
Green,place-unsqu,22,460,75.84565217391304
Green,place-unsqu,23,390,149.08846153846153
Green,place-waban,0,642,74.9392523364486
Green,place-waban,1,473,107.83720930232558
Green,place-waban,2,63,230.67460317460316
Green,place-waban,3,3,1667.5
Green,place-waban,4,49,4.428571428571429
Green,place-waban,5,444,33.81306306306306
Green,place-waban,6,797,64.56649937264743
Green,place-waban,7,903,74.00664451827242
Green,place-waban,8,966,75.97256728778468
Green,place-waban,9,978,66.91564417177914
Green,place-waban,10,1011,72.4248269040554
Green,place-waban,11,973,82.63771839671121
Green,place-waban,12,986,81.01014198782961
Green,place-waban,13,978,82.86554192229039
Green,place-waban,14,1006,76.27534791252485
Green,place-waban,15,1002,72.96556886227545
Green,place-waban,16,970,81.62628865979381
Green,place-waban,17,986,76.95537525354969
Green,place-waban,18,967,98.31230610134436
Green,place-waban,19,1046,77.31118546845124
Green,place-waban,20,1040,71.39903846153847
Green,place-waban,21,996,73.37650602409639
Green,place-waban,22,939,91.66240681576144
Green,place-waban,23,950,75.48105263157895
Green,place-wascm,0,743,74.6043068640646
Green,place-wascm,1,314,143.8248407643312
Green,place-wascm,2,38,370.5131578947368
Green,place-wascm,3,1,4483.5
Green,place-wascm,5,440,42.33522727272727
Green,place-wascm,6,859,60.66647264260769
Green,place-wascm,7,1050,65.82095238095238
Green,place-wascm,8,1113,64.31401617250674
Green,place-wascm,9,1110,61.29864864864865
Green,place-wascm,10,1125,64.27066666666667
Green,place-wascm,11,1104,68.62998188405797
Green,place-wascm,12,1048,73.95849236641222
Green,place-wascm,13,1072,74.94589552238806
Green,place-wascm,14,1052,72.19866920152091
Green,place-wascm,15,1073,71.99580615097857
Green,place-wascm,16,1057,67.75449385052035
Green,place-wascm,17,1060,72.2938679245283
Green,place-wascm,18,1051,67.96574690770694
Green,place-wascm,19,1084,67.5530442804428
Green,place-wascm,20,1056,66.06486742424242
Green,place-wascm,21,1033,62.1432720232333
Green,place-wascm,22,960,71.45833333333333
Green,place-wascm,23,1013,68.97828232971372
Green,place-woodl,0,605,72.89834710743801
Green,place-woodl,1,482,110.57883817427386
Green,place-woodl,2,68,235.21323529411765
Green,place-woodl,3,3,1635.1666666666667
Green,place-woodl,4,62,6.016129032258065
Green,place-woodl,5,468,34.495726495726494
Green,place-woodl,6,748,66.58088235294117
Green,place-woodl,7,931,74.45649838882922
Green,place-woodl,8,942,78.86252653927814
Green,place-woodl,9,972,67.96296296296296
Green,place-woodl,10,998,75.94188376753507
Green,place-woodl,11,974,81.45328542094455
Green,place-woodl,12,971,84.39340885684861
Green,place-woodl,13,995,83.40502512562814
Green,place-woodl,14,994,75.68108651911469
Green,place-woodl,15,1005,73.81194029850747
Green,place-woodl,16,976,82.23719262295081
Green,place-woodl,17,983,76.4649033570702
Green,place-woodl,18,960,98.63541666666667
Green,place-woodl,19,1049,77.27025738798856
Green,place-woodl,20,1042,67.59740882917467
Green,place-woodl,21,967,79.91778697001034
Green,place-woodl,22,943,93.94803817603393
Green,place-woodl,23,974,73.92453798767967
Green,place-wrnst,0,748,73.03008021390374
Green,place-wrnst,1,302,148.39072847682118
Green,place-wrnst,2,35,354.7857142857143
Green,place-wrnst,3,1,4532.0
Green,place-wrnst,5,422,44.42890995260664
Green,place-wrnst,6,865,60.720809248554914
Green,place-wrnst,7,1066,66.28893058161351
Green,place-wrnst,8,1116,62.848118279569896
Green,place-wrnst,9,1101,60.770663033605814
Green,place-wrnst,10,1111,67.97029702970298
Green,place-wrnst,11,1108,66.89936823104694
Green,place-wrnst,12,1036,74.06901544401545
Green,place-wrnst,13,1064,73.23919172932331
Green,place-wrnst,14,1073,71.77166821994408
Green,place-wrnst,15,1067,71.20103092783505
Green,place-wrnst,16,1063,66.48400752587018
Green,place-wrnst,17,1058,68.953213610586
Green,place-wrnst,18,1062,67.3738229755179
Green,place-wrnst,19,1070,67.17663551401868
Green,place-wrnst,20,1059,63.667610953729934
Green,place-wrnst,21,1034,62.37379110251451
Green,place-wrnst,22,970,69.57164948453608
Green,place-wrnst,23,1004,68.03535856573706
Mattapan,place-asmnl,0,392,55.734693877551024
Mattapan,place-asmnl,1,154,76.47727272727273
Mattapan,place-asmnl,2,31,132.53225806451613
Mattapan,place-asmnl,5,222,47.86036036036036
Mattapan,place-asmnl,6,430,37.853488372093025
Mattapan,place-asmnl,7,632,33.125791139240505
Mattapan,place-asmnl,8,666,30.807057057057058
Mattapan,place-asmnl,9,600,63.251666666666665
Mattapan,place-asmnl,10,497,65.05331991951711
Mattapan,place-asmnl,11,539,40.05287569573284
Mattapan,place-asmnl,12,553,50.848101265822784
Mattapan,place-asmnl,13,481,38.58316008316008
Mattapan,place-asmnl,14,543,44.10957642725599
Mattapan,place-asmnl,15,663,86.98868778280543
Mattapan,place-asmnl,16,671,37.61847988077496
Mattapan,place-asmnl,17,659,111.76631259484067
Mattapan,place-asmnl,18,607,62.50988467874794
Mattapan,place-asmnl,19,462,324.6028138528139
Mattapan,place-asmnl,20,440,70.94886363636364
Mattapan,place-asmnl,21,435,139.56666666666666
Mattapan,place-asmnl,22,407,247.9029484029484
Mattapan,place-asmnl,23,437,104.8741418764302
Mattapan,place-butlr,0,783,38.205619412515965
Mattapan,place-butlr,1,323,55.741486068111456
Mattapan,place-butlr,2,67,141.7537313432836
Mattapan,place-butlr,5,498,35.31726907630522
Mattapan,place-butlr,6,823,37.784933171324425
Mattapan,place-butlr,7,1171,34.824935952177626
Mattapan,place-butlr,8,1291,31.693261037955075
Mattapan,place-butlr,9,1078,43.88543599257885
Mattapan,place-butlr,10,1058,43.64933837429111
Mattapan,place-butlr,11,981,40.05555555555556
Mattapan,place-butlr,12,1066,44.28611632270169
Mattapan,place-butlr,13,1084,35.53136531365314
Mattapan,place-butlr,14,980,43.107142857142854
Mattapan,place-butlr,15,1307,34.96977811782708
Mattapan,place-butlr,16,1325,35.22490566037736
Mattapan,place-butlr,17,1290,39.08527131782946
Mattapan,place-butlr,18,1234,41.11871961102107
Mattapan,place-butlr,19,901,43.62708102108768
Mattapan,place-butlr,20,790,48.04240506329114
Mattapan,place-butlr,21,788,48.859771573604064
Mattapan,place-butlr,22,791,53.03034134007585
Mattapan,place-butlr,23,797,48.24153074027603
Mattapan,place-capst,0,801,37.4394506866417
Mattapan,place-capst,1,299,54.92809364548495
Mattapan,place-capst,2,92,115.95652173913044
Mattapan,place-capst,5,486,32.638888888888886
Mattapan,place-capst,6,798,35.826441102756895
Mattapan,place-capst,7,1216,35.16365131578947
Mattapan,place-capst,8,1310,29.79732824427481
Mattapan,place-capst,9,1050,46.86238095238095
Mattapan,place-capst,10,1034,43.99661508704062
Mattapan,place-capst,11,1063,39.12135465663217
Mattapan,place-capst,12,1064,46.07706766917293
Mattapan,place-capst,13,1003,38.42572283150548
Mattapan,place-capst,14,1034,44.17069632495164
Mattapan,place-capst,15,1296,36.82561728395062
Mattapan,place-capst,16,1305,35.21915708812261
Mattapan,place-capst,17,1302,41.24039938556068
Mattapan,place-capst,18,1242,43.14573268921095
Mattapan,place-capst,19,884,49.30769230769231
Mattapan,place-capst,20,813,43.61562115621156
Mattapan,place-capst,21,797,50.56524466750314
Mattapan,place-capst,22,795,42.30503144654088
Mattapan,place-capst,23,795,37.054716981132074
Mattapan,place-cedgr,0,760,33.892763157894734
Mattapan,place-cedgr,1,336,60.40029761904762
Mattapan,place-cedgr,2,63,132.3015873015873
Mattapan,place-cedgr,5,447,35.8668903803132
Mattapan,place-cedgr,6,852,32.85446009389671
Mattapan,place-cedgr,7,1207,33.45816072908036
Mattapan,place-cedgr,8,1310,29.397709923664124
Mattapan,place-cedgr,9,1107,39.33378500451671
Mattapan,place-cedgr,10,1015,40.498522167487685
Mattapan,place-cedgr,11,1048,39.020515267175576
Mattapan,place-cedgr,12,1060,42.37688679245283
Mattapan,place-cedgr,13,1031,35.24490785645005
Mattapan,place-cedgr,14,1056,41.885416666666664
Mattapan,place-cedgr,15,1283,32.973499610288385
Mattapan,place-cedgr,16,1329,34.56395786305493
Mattapan,place-cedgr,17,1300,38.29769230769231
Mattapan,place-cedgr,18,1218,39.83825944170772
Mattapan,place-cedgr,19,889,43.07592800899887
Mattapan,place-cedgr,20,842,39.148456057007124
Mattapan,place-cedgr,21,821,38.875152253349576
Mattapan,place-cedgr,22,788,41.316624365482234
Mattapan,place-cedgr,23,834,33.10431654676259
Mattapan,place-cenav,0,811,36.43033292231812
Mattapan,place-cenav,1,307,55.99348534201955
Mattapan,place-cenav,2,80,119.4875
Mattapan,place-cenav,5,504,34.22718253968254
Mattapan,place-cenav,6,814,32.671990171990174
Mattapan,place-cenav,7,1150,35.55130434782609
Mattapan,place-cenav,8,1314,31.467656012176562
Mattapan,place-cenav,9,1078,44.50278293135436
Mattapan,place-cenav,10,1077,41.21912720519963
Mattapan,place-cenav,11,1015,41.39458128078818
Mattapan,place-cenav,12,1039,45.25409047160731
Mattapan,place-cenav,13,1082,36.61552680221811
Mattapan,place-cenav,14,994,43.73893360160966
Mattapan,place-cenav,15,1340,34.6865671641791
Mattapan,place-cenav,16,1301,35.270176787086854
Mattapan,place-cenav,17,1260,40.823015873015876
Mattapan,place-cenav,18,1275,40.81490196078431
Mattapan,place-cenav,19,884,48.78733031674208
Mattapan,place-cenav,20,786,41.00636132315522
Mattapan,place-cenav,21,840,48.638690476190476
Mattapan,place-cenav,22,805,40.54596273291926
Mattapan,place-cenav,23,768,37.315104166666664
Mattapan,place-matt,0,340,32.78088235294118
Mattapan,place-matt,1,117,27.542735042735043
Mattapan,place-matt,2,29,20.06896551724138
Mattapan,place-matt,5,207,78.05797101449275
Mattapan,place-matt,6,430,45.85581395348837
Mattapan,place-matt,7,608,39.30838815789474
Mattapan,place-matt,8,633,25.660347551342813
Mattapan,place-matt,9,524,47.11068702290076
Mattapan,place-matt,10,513,35.12865497076023
Mattapan,place-matt,11,525,32.4352380952381
Mattapan,place-matt,12,509,44.53438113948919
Mattapan,place-matt,13,528,32.046401515151516
Mattapan,place-matt,14,506,42.32905138339921
Mattapan,place-matt,15,657,33.850837138508375
Mattapan,place-matt,16,635,31.016535433070867
Mattapan,place-matt,17,642,32.47196261682243
Mattapan,place-matt,18,594,42.40151515151515
Mattapan,place-matt,19,407,46.31695331695332
Mattapan,place-matt,20,415,32.410843373493975
Mattapan,place-matt,21,394,46.880710659898476
Mattapan,place-matt,22,378,38.90343915343915
Mattapan,place-matt,23,416,36.87620192307692
Mattapan,place-miltt,0,795,35.94025157232704
Mattapan,place-miltt,1,318,56.7751572327044
Mattapan,place-miltt,2,70,136.7357142857143
Mattapan,place-miltt,5,500,36.934
Mattapan,place-miltt,6,823,32.72296476306197
Mattapan,place-miltt,7,1156,34.30968858131488
Mattapan,place-miltt,8,1294,32.24729520865533
Mattapan,place-miltt,9,1081,43.13691026827012
Mattapan,place-miltt,10,1075,39.972093023255816
Mattapan,place-miltt,11,994,41.001006036217305
Mattapan,place-miltt,12,1049,44.09485224022879
Mattapan,place-miltt,13,1094,36.168190127970746
Mattapan,place-miltt,14,979,41.57303370786517
Mattapan,place-miltt,15,1334,35.09295352323838
Mattapan,place-miltt,16,1285,36.01011673151751
Mattapan,place-miltt,17,1292,39.76547987616099
Mattapan,place-miltt,18,1263,40.43269992082344
Mattapan,place-miltt,19,887,46.660090191657275
Mattapan,place-miltt,20,786,42.25127226463104
Mattapan,place-miltt,21,819,47.33516483516483
Mattapan,place-miltt,22,822,40.14355231143552
Mattapan,place-miltt,23,775,37.479354838709675
Mattapan,place-valrd,0,809,35.52039555006181
Mattapan,place-valrd,1,302,56.408940397350996
Mattapan,place-valrd,2,89,120.1685393258427
Mattapan,place-valrd,5,494,32.65485829959514
Mattapan,place-valrd,6,806,34.01178660049628
Mattapan,place-valrd,7,1206,34.30431177446103
Mattapan,place-valrd,8,1299,30.04695919938414
Mattapan,place-valrd,9,1049,46.377979027645374
Mattapan,place-valrd,10,1054,43.096774193548384
Mattapan,place-valrd,11,1058,40.136105860113425
Mattapan,place-valrd,12,1041,45.56195965417867
Mattapan,place-valrd,13,1047,37.01193887297039
Mattapan,place-valrd,14,1015,44.44384236453202
Mattapan,place-valrd,15,1317,36.02126044039483
Mattapan,place-valrd,16,1300,35.73461538461538
Mattapan,place-valrd,17,1293,40.365042536736276
Mattapan,place-valrd,18,1258,42.08585055643879
Mattapan,place-valrd,19,870,49.15344827586207
Mattapan,place-valrd,20,818,40.64242053789731
Mattapan,place-valrd,21,818,49.95293398533008
Mattapan,place-valrd,22,794,41.58879093198993
Mattapan,place-valrd,23,778,37.22814910025707
Orange,place-astao,0,1264,28.609572784810126
Orange,place-astao,1,241,53.18257261410788
Orange,place-astao,2,12,165.41666666666666
Orange,place-astao,5,699,18.62804005722461
Orange,place-astao,6,1778,19.90523059617548
Orange,place-astao,7,1837,21.888132825258573
Orange,place-astao,8,1803,22.300332778702163
Orange,place-astao,9,1793,22.288901282766314
Orange,place-astao,10,1620,28.515123456790125
Orange,place-astao,11,1481,33.42876434841323
Orange,place-astao,12,1465,28.075767918088737
Orange,place-astao,13,1431,30.569182389937108
Orange,place-astao,14,1602,27.199750312109863
Orange,place-astao,15,1758,25.66325369738339
Orange,place-astao,16,1792,22.840959821428573
Orange,place-astao,17,1751,27.897487150199886
Orange,place-astao,18,1804,24.65077605321508
Orange,place-astao,19,1692,26.427304964539008
Orange,place-astao,20,1503,26.9500998003992
Orange,place-astao,21,1544,26.754533678756477
Orange,place-astao,22,1506,27.63180610889774
Orange,place-astao,23,1528,23.717604712041886
Orange,place-bbsta,0,1236,39.47775080906149
Orange,place-bbsta,1,221,59.01131221719457
Orange,place-bbsta,2,13,211.92307692307693
Orange,place-bbsta,5,673,19.867013372956908
Orange,place-bbsta,6,1769,23.00367439231204
Orange,place-bbsta,7,1766,27.454133635334088
Orange,place-bbsta,8,1773,30.03553299492386
Orange,place-bbsta,9,1777,27.83145751266179
Orange,place-bbsta,10,1594,35.03481806775408
Orange,place-bbsta,11,1412,44.76097733711048
Orange,place-bbsta,12,1422,41.70886075949367
Orange,place-bbsta,13,1434,36.993375174337515
Orange,place-bbsta,14,1561,35.53331197950032
Orange,place-bbsta,15,1766,28.01359003397509
Orange,place-bbsta,16,1770,32.93050847457627
Orange,place-bbsta,17,1716,41.2252331002331
Orange,place-bbsta,18,1749,29.760720411663808
Orange,place-bbsta,19,1719,44.29959278650378
Orange,place-bbsta,20,1456,34.55563186813187
Orange,place-bbsta,21,1482,39.449730094466936
Orange,place-bbsta,22,1497,37.95991983967936
Orange,place-bbsta,23,1493,30.136302746148694
Orange,place-ccmnl,0,1264,27.82238924050633
Orange,place-ccmnl,1,233,51.43133047210301
Orange,place-ccmnl,2,14,151.71428571428572
Orange,place-ccmnl,5,734,18.579019073569484
Orange,place-ccmnl,6,1767,20.26966610073571
Orange,place-ccmnl,7,1815,21.255922865013773
Orange,place-ccmnl,8,1778,22.3644544431946
Orange,place-ccmnl,9,1803,21.899889073765944
Orange,place-ccmnl,10,1640,27.773475609756098
Orange,place-ccmnl,11,1451,35.72432804962095
Orange,place-ccmnl,12,1481,28.800135043889263
Orange,place-ccmnl,13,1447,30.04077401520387
Orange,place-ccmnl,14,1583,26.897346809854707
Orange,place-ccmnl,15,1760,25.37556818181818
Orange,place-ccmnl,16,1795,22.43426183844011
Orange,place-ccmnl,17,1742,28.20809414466131
Orange,place-ccmnl,18,1799,24.199833240689273
Orange,place-ccmnl,19,1712,25.553154205607477
Orange,place-ccmnl,20,1510,27.14139072847682
Orange,place-ccmnl,21,1535,25.803257328990227
Orange,place-ccmnl,22,1503,26.979374584165004
Orange,place-ccmnl,23,1532,22.963772845953002
Orange,place-chncl,0,1246,26.77207062600321
Orange,place-chncl,1,231,54.84632034632035
Orange,place-chncl,2,12,249.54166666666666
Orange,place-chncl,5,715,17.857342657342656
Orange,place-chncl,6,1776,20.34543918918919
Orange,place-chncl,7,1778,20.111079865016873
Orange,place-chncl,8,1807,22.926950747094633
Orange,place-chncl,9,1799,21.559199555308506
Orange,place-chncl,10,1625,27.600615384615384
Orange,place-chncl,11,1458,45.1176268861454
Orange,place-chncl,12,1471,28.633242692046228
Orange,place-chncl,13,1464,29.550887978142075
Orange,place-chncl,14,1555,28.32250803858521
Orange,place-chncl,15,1803,25.321686078757626
Orange,place-chncl,16,1768,25.52573529411765
Orange,place-chncl,17,1752,28.134988584474886
Orange,place-chncl,18,1777,25.088351153629713
Orange,place-chncl,19,1713,24.75306479859895
Orange,place-chncl,20,1504,28.168550531914892
Orange,place-chncl,21,1525,26.932131147540982
Orange,place-chncl,22,1497,25.48997995991984
Orange,place-chncl,23,1570,23.462101910828025
Orange,place-dwnxg,0,1245,26.309236947791163
Orange,place-dwnxg,1,238,52.45168067226891
Orange,place-dwnxg,2,12,257.3333333333333
Orange,place-dwnxg,5,690,18.242028985507247
Orange,place-dwnxg,6,1793,19.91857222532069
Orange,place-dwnxg,7,1804,19.62028824833703
Orange,place-dwnxg,8,1799,22.208449138410227
Orange,place-dwnxg,9,1788,21.117729306487696
Orange,place-dwnxg,10,1634,27.22858017135863
Orange,place-dwnxg,11,1445,46.128373702422145
Orange,place-dwnxg,12,1464,28.796106557377048
Orange,place-dwnxg,13,1470,30.36530612244898
Orange,place-dwnxg,14,1560,27.797435897435896
Orange,place-dwnxg,15,1797,24.541179744017807
Orange,place-dwnxg,16,1778,24.087739032620924
Orange,place-dwnxg,17,1755,26.725071225071225
Orange,place-dwnxg,18,1777,24.33539673607203
Orange,place-dwnxg,19,1724,23.600638051044083
Orange,place-dwnxg,20,1510,27.685099337748344
Orange,place-dwnxg,21,1530,25.921895424836602
Orange,place-dwnxg,22,1490,25.95201342281879
Orange,place-dwnxg,23,1560,24.010576923076922
Orange,place-forhl,0,493,19.059837728194726
Orange,place-forhl,1,105,35.08095238095238
Orange,place-forhl,2,7,6.857142857142857
Orange,place-forhl,3,2,70.5
Orange,place-forhl,4,6,7.333333333333333
Orange,place-forhl,5,535,17.71121495327103
Orange,place-forhl,6,976,15.501536885245901
Orange,place-forhl,7,986,17.79259634888438
Orange,place-forhl,8,941,18.4952178533475
Orange,place-forhl,9,977,16.64994882292733
Orange,place-forhl,10,866,24.488452655889144
Orange,place-forhl,11,776,20.264819587628867
Orange,place-forhl,12,810,20.919135802469135
Orange,place-forhl,13,763,22.83289646133683
Orange,place-forhl,14,868,23.101958525345623
Orange,place-forhl,15,963,19.647455867082034
Orange,place-forhl,16,936,19.678418803418804
Orange,place-forhl,17,931,22.50644468313641
Orange,place-forhl,18,963,18.89252336448598
Orange,place-forhl,19,906,19.455849889624723
Orange,place-forhl,20,793,20.757881462799496
Orange,place-forhl,21,823,20.125759416767924
Orange,place-forhl,22,825,18.688484848484848
Orange,place-forhl,23,836,19.69377990430622
Orange,place-grnst,0,1344,25.844494047619047
Orange,place-grnst,1,323,67.39783281733746
Orange,place-grnst,2,23,190.5
Orange,place-grnst,5,735,20.233333333333334
Orange,place-grnst,6,1926,19.42601246105919
Orange,place-grnst,7,1921,22.149401353461737
Orange,place-grnst,8,1939,24.169417225373905
Orange,place-grnst,9,1947,23.1160760143811
Orange,place-grnst,10,1753,26.95750142612664
Orange,place-grnst,11,1546,32.980271668822766
Orange,place-grnst,12,1625,32.87353846153846
Orange,place-grnst,13,1552,30.086984536082475
Orange,place-grnst,14,1699,31.61477339611536
Orange,place-grnst,15,1940,23.465979381443297
Orange,place-grnst,16,1881,27.26448697501329
Orange,place-grnst,17,1852,28.853401727861772
Orange,place-grnst,18,1925,25.797142857142855
Orange,place-grnst,19,1883,23.378120021242697
Orange,place-grnst,20,1618,29.280284301606923
Orange,place-grnst,21,1656,26.19716183574879
Orange,place-grnst,22,1663,24.88755261575466
Orange,place-grnst,23,1655,24.59667673716012
Orange,place-haecl,0,1277,25.832419733750978
Orange,place-haecl,1,232,50.3125
Orange,place-haecl,2,14,233.57142857142858
Orange,place-haecl,5,709,19.160789844851905
Orange,place-haecl,6,1774,18.94109357384442
Orange,place-haecl,7,1810,19.538121546961325
Orange,place-haecl,8,1803,21.12922906267332
Orange,place-haecl,9,1795,21.211699164345404
Orange,place-haecl,10,1622,27.15474722564735
Orange,place-haecl,11,1451,45.65024121295658
Orange,place-haecl,12,1450,28.107586206896553
Orange,place-haecl,13,1462,30.162448700410398
Orange,place-haecl,14,1593,28.021657250470813
Orange,place-haecl,15,1777,23.94259988745076
Orange,place-haecl,16,1788,23.129474272930647
Orange,place-haecl,17,1739,27.325186889016678
Orange,place-haecl,18,1790,23.64022346368715
Orange,place-haecl,19,1731,23.731369150779894
Orange,place-haecl,20,1507,28.002322495023225
Orange,place-haecl,21,1507,25.59688122096881
Orange,place-haecl,22,1531,25.57935989549314
Orange,place-haecl,23,1520,23.57434210526316
Orange,place-jaksn,0,1381,24.969587255611877
Orange,place-jaksn,1,295,65.57118644067796
Orange,place-jaksn,2,22,202.88636363636363
Orange,place-jaksn,5,733,19.457025920873125
Orange,place-jaksn,6,1952,21.66393442622951
Orange,place-jaksn,7,1918,24.298748696558917
Orange,place-jaksn,8,1930,23.09715025906736
Orange,place-jaksn,9,1961,23.35925548189699
Orange,place-jaksn,10,1761,27.129187961385576
Orange,place-jaksn,11,1555,34.660771704180064
Orange,place-jaksn,12,1605,29.228660436137073
Orange,place-jaksn,13,1543,31.057679844458846
Orange,place-jaksn,14,1748,29.58495423340961
Orange,place-jaksn,15,1922,24.503642039542143
Orange,place-jaksn,16,1888,26.15042372881356
Orange,place-jaksn,17,1862,30.34344790547798
Orange,place-jaksn,18,1933,25.080186239006725
Orange,place-jaksn,19,1857,23.871836295099623
Orange,place-jaksn,20,1631,28.264868179031268
Orange,place-jaksn,21,1669,25.83163571000599
Orange,place-jaksn,22,1647,25.081360048573163
Orange,place-jaksn,23,1663,24.91491280817799
Orange,place-masta,0,1374,26.576055312954875
Orange,place-masta,1,283,63.39575971731449
Orange,place-masta,2,21,207.88095238095238
Orange,place-masta,5,732,19.221994535519126
Orange,place-masta,6,1924,22.50493762993763
Orange,place-masta,7,1937,24.046979865771814
Orange,place-masta,8,1919,24.93616466909849
Orange,place-masta,9,1951,22.519733470015378
Orange,place-masta,10,1751,27.593660765276983
Orange,place-masta,11,1584,35.626578282828284
Orange,place-masta,12,1610,28.914285714285715
Orange,place-masta,13,1588,31.66089420654912
Orange,place-masta,14,1699,28.386698057680988
Orange,place-masta,15,1928,25.423495850622405
Orange,place-masta,16,1870,26.17486631016043
Orange,place-masta,17,1899,28.80463401790416
Orange,place-masta,18,1904,24.881565126050422
Orange,place-masta,19,1872,24.83573717948718
Orange,place-masta,20,1640,28.453353658536585
Orange,place-masta,21,1657,26.22661436330718
Orange,place-masta,22,1648,24.745752427184467
Orange,place-masta,23,1698,23.580094228504123
Orange,place-mlmnl,0,1224,27.78472222222222
Orange,place-mlmnl,1,287,55.303135888501735
Orange,place-mlmnl,2,21,136.95238095238096
Orange,place-mlmnl,5,753,16.179282868525895
Orange,place-mlmnl,6,1749,18.665809033733563
Orange,place-mlmnl,7,1825,22.326849315068493
Orange,place-mlmnl,8,1778,23.718785151856018
Orange,place-mlmnl,9,1797,22.65442404006678
Orange,place-mlmnl,10,1602,28.182896379525594
Orange,place-mlmnl,11,1476,31.750338753387535
Orange,place-mlmnl,12,1447,28.36696613683483
Orange,place-mlmnl,13,1458,32.83127572016461
Orange,place-mlmnl,14,1588,28.61712846347607
Orange,place-mlmnl,15,1732,24.876443418013857
Orange,place-mlmnl,16,1785,24.077871148459383
Orange,place-mlmnl,17,1733,28.207732256203116
Orange,place-mlmnl,18,1775,26.38338028169014
Orange,place-mlmnl,19,1681,27.709696609161213
Orange,place-mlmnl,20,1519,27.47662936142199
Orange,place-mlmnl,21,1511,27.587359364659164
Orange,place-mlmnl,22,1502,29.15046604527297
Orange,place-mlmnl,23,1500,25.634666666666668
Orange,place-north,0,1269,26.627659574468087
Orange,place-north,1,231,50.87662337662338
Orange,place-north,2,15,140.9
Orange,place-north,5,714,19.064425770308123
Orange,place-north,6,1783,21.07206954570948
Orange,place-north,7,1798,20.11067853170189
Orange,place-north,8,1807,22.79607083563918
Orange,place-north,9,1787,23.466144376049243
Orange,place-north,10,1636,26.432151589242054
Orange,place-north,11,1459,35.04934886908842
Orange,place-north,12,1469,27.831177671885637
Orange,place-north,13,1457,30.49073438572409
Orange,place-north,14,1561,27.380204996796927
Orange,place-north,15,1804,24.282982261640797
Orange,place-north,16,1785,22.881792717086835
Orange,place-north,17,1744,27.144782110091743
Orange,place-north,18,1787,24.08505875769446
Orange,place-north,19,1712,24.019567757009344
Orange,place-north,20,1506,27.640438247011954
Orange,place-north,21,1530,26.029738562091502
Orange,place-north,22,1520,25.745394736842105
Orange,place-north,23,1528,23.11060209424084
Orange,place-ogmnl,0,375,36.101333333333336
Orange,place-ogmnl,1,59,94.28813559322033
Orange,place-ogmnl,4,1,0.0
Orange,place-ogmnl,5,624,21.68830128205128
Orange,place-ogmnl,6,855,23.766666666666666
Orange,place-ogmnl,7,822,30.98905109489051
Orange,place-ogmnl,8,831,31.505415162454874
Orange,place-ogmnl,9,804,35.923507462686565
Orange,place-ogmnl,10,649,47.612480739599384
Orange,place-ogmnl,11,635,42.939370078740154
Orange,place-ogmnl,12,683,36.702049780380676
Orange,place-ogmnl,13,697,38.56527977044476
Orange,place-ogmnl,14,784,29.690688775510203
Orange,place-ogmnl,15,804,26.690298507462686
Orange,place-ogmnl,16,813,34.772447724477246
Orange,place-ogmnl,17,801,31.28027465667915
Orange,place-ogmnl,18,820,33.610975609756096
Orange,place-ogmnl,19,719,33.94714881780251
Orange,place-ogmnl,20,688,34.4905523255814
Orange,place-ogmnl,21,705,35.09432624113476
Orange,place-ogmnl,22,674,37.925816023738875
Orange,place-ogmnl,23,709,32.43441466854725
Orange,place-rcmnl,0,1398,25.517882689556508
Orange,place-rcmnl,1,283,65.96113074204948
Orange,place-rcmnl,2,22,202.6590909090909
Orange,place-rcmnl,5,734,18.986376021798364
Orange,place-rcmnl,6,1951,20.202716555612508
Orange,place-rcmnl,7,1912,22.56642259414226
Orange,place-rcmnl,8,1943,26.540658775090066
Orange,place-rcmnl,9,1943,23.959855892949047
Orange,place-rcmnl,10,1770,26.804237288135592
Orange,place-rcmnl,11,1558,33.4602053915276
Orange,place-rcmnl,12,1621,28.960518198642813
Orange,place-rcmnl,13,1548,31.448966408268735
Orange,place-rcmnl,14,1733,29.343046739757646
Orange,place-rcmnl,15,1925,24.0212987012987
Orange,place-rcmnl,16,1895,26.37414248021108
Orange,place-rcmnl,17,1869,29.69047619047619
Orange,place-rcmnl,18,1927,25.15905552672548
Orange,place-rcmnl,19,1868,23.921573875803
Orange,place-rcmnl,20,1646,28.141251518833535
Orange,place-rcmnl,21,1621,25.719925971622455
Orange,place-rcmnl,22,1692,24.91371158392435
Orange,place-rcmnl,23,1642,24.550548112058465
Orange,place-rugg,0,1382,25.96382054992764
Orange,place-rugg,1,281,64.48754448398577
Orange,place-rugg,2,23,206.7173913043478
Orange,place-rugg,5,747,20.248995983935743
Orange,place-rugg,6,1926,20.03842159916926
Orange,place-rugg,7,1941,22.874806800618238
Orange,place-rugg,8,1923,24.985179407176286
Orange,place-rugg,9,1956,23.480572597137016
Orange,place-rugg,10,1762,27.950908059023835
Orange,place-rugg,11,1567,31.533822590938097
Orange,place-rugg,12,1603,33.198689956331876
Orange,place-rugg,13,1581,31.85800126502214
Orange,place-rugg,14,1715,28.1600583090379
Orange,place-rugg,15,1916,25.67536534446764
Orange,place-rugg,16,1888,26.646716101694917
Orange,place-rugg,17,1874,28.58964781216649
Orange,place-rugg,18,1922,25.021852237252862
Orange,place-rugg,19,1868,24.46975374732334
Orange,place-rugg,20,1643,28.556299452221545
Orange,place-rugg,21,1654,25.89298669891173
Orange,place-rugg,22,1677,24.66129994036971
Orange,place-rugg,23,1660,24.180120481927712
Orange,place-sbmnl,0,1346,25.544947994056464
Orange,place-sbmnl,1,305,66.61475409836065
Orange,place-sbmnl,2,24,187.10416666666666
Orange,place-sbmnl,5,751,19.519973368841544
Orange,place-sbmnl,6,1913,20.17537898588604
Orange,place-sbmnl,7,1931,23.539875712066287
Orange,place-sbmnl,8,1924,24.435550935550935
Orange,place-sbmnl,9,1960,23.203061224489797
Orange,place-sbmnl,10,1744,27.543004587155963
Orange,place-sbmnl,11,1573,33.50699300699301
Orange,place-sbmnl,12,1616,31.563428217821784
Orange,place-sbmnl,13,1543,31.930654569021385
Orange,place-sbmnl,14,1717,30.10891089108911
Orange,place-sbmnl,15,1910,24.604188481675394
Orange,place-sbmnl,16,1899,26.664823591363877
Orange,place-sbmnl,17,1851,29.54592112371691
Orange,place-sbmnl,18,1939,25.451263537906136
Orange,place-sbmnl,19,1849,23.828555976203354
Orange,place-sbmnl,20,1644,28.2183698296837
Orange,place-sbmnl,21,1674,25.94743130227001
Orange,place-sbmnl,22,1631,25.07694665849172
Orange,place-sbmnl,23,1699,24.637728075338433
Orange,place-state,0,1268,26.388801261829652
Orange,place-state,1,237,50.0126582278481
Orange,place-state,2,11,275.27272727272725
Orange,place-state,5,703,18.59815078236131
Orange,place-state,6,1760,19.667329545454546
Orange,place-state,7,1829,19.82640787315473
Orange,place-state,8,1787,21.543368774482374
Orange,place-state,9,1801,21.2282065519156
Orange,place-state,10,1615,27.295975232198142
Orange,place-state,11,1457,45.641729581331504
Orange,place-state,12,1461,28.784394250513348
Orange,place-state,13,1462,29.58139534883721
Orange,place-state,14,1597,27.709455228553537
Orange,place-state,15,1778,24.921259842519685
Orange,place-state,16,1766,23.933465458663647
Orange,place-state,17,1761,26.919647927314028
Orange,place-state,18,1780,24.064044943820225
Orange,place-state,19,1731,24.13835932986713
Orange,place-state,20,1505,27.60498338870432
Orange,place-state,21,1517,26.095583388266316
Orange,place-state,22,1513,25.120951751487112
Orange,place-state,23,1533,24.051206784083497
Orange,place-sull,0,1264,27.625791139240505
Orange,place-sull,1,237,51.95147679324894
Orange,place-sull,2,15,138.8
Orange,place-sull,5,726,18.41253443526171
Orange,place-sull,6,1777,20.211873944850872
Orange,place-sull,7,1831,22.164391043145823
Orange,place-sull,8,1784,22.592769058295964
Orange,place-sull,9,1775,22.143661971830987
Orange,place-sull,10,1643,28.579732197200244
Orange,place-sull,11,1445,32.85121107266436
Orange,place-sull,12,1461,29.95687885010267
Orange,place-sull,13,1462,30.038645690834475
Orange,place-sull,14,1587,27.23503465658475
Orange,place-sull,15,1785,25.13417366946779
Orange,place-sull,16,1799,23.25152862701501
Orange,place-sull,17,1721,27.7588611272516
Orange,place-sull,18,1813,24.336183121897406
Orange,place-sull,19,1706,25.65826494724502
Orange,place-sull,20,1509,27.61663353214049
Orange,place-sull,21,1523,26.65101772816809
Orange,place-sull,22,1520,27.04375
Orange,place-sull,23,1517,23.907053394858274
Orange,place-tumnl,0,1260,26.927380952380954
Orange,place-tumnl,1,231,52.51298701298701
Orange,place-tumnl,2,11,234.45454545454547
Orange,place-tumnl,5,728,17.2239010989011
Orange,place-tumnl,6,1738,21.372554660529342
Orange,place-tumnl,7,1820,19.93901098901099
Orange,place-tumnl,8,1789,22.838736724427054
Orange,place-tumnl,9,1818,21.76787678767877
Orange,place-tumnl,10,1616,28.148205445544555
Orange,place-tumnl,11,1446,44.02939142461964
Orange,place-tumnl,12,1465,28.85051194539249
Orange,place-tumnl,13,1465,30.713310580204777
Orange,place-tumnl,14,1582,27.304993678887485
Orange,place-tumnl,15,1785,25.83501400560224
Orange,place-tumnl,16,1773,25.59249858996052
Orange,place-tumnl,17,1738,28.090333716915996
Orange,place-tumnl,18,1782,24.72138047138047
Orange,place-tumnl,19,1739,25.19637722829212
Orange,place-tumnl,20,1497,27.39311957247829
Orange,place-tumnl,21,1507,26.810550763105507
Orange,place-tumnl,22,1509,24.76043737574553
Orange,place-tumnl,23,1553,23.99839021249195
Orange,place-welln,0,1235,28.606072874493925
Orange,place-welln,1,257,56.12256809338522
Orange,place-welln,2,15,166.03333333333333
Orange,place-welln,5,732,16.09426229508197
Orange,place-welln,6,1759,18.9013644115975
Orange,place-welln,7,1800,21.851666666666667
Orange,place-welln,8,1811,23.03230259525124
Orange,place-welln,9,1792,22.970424107142858
Orange,place-welln,10,1616,28.237623762376238
Orange,place-welln,11,1476,32.63075880758807
Orange,place-welln,12,1465,30.004778156996586
Orange,place-welln,13,1450,31.81896551724138
Orange,place-welln,14,1581,29.38235294117647
Orange,place-welln,15,1749,24.915666094911376
Orange,place-welln,16,1802,22.923973362930077
Orange,place-welln,17,1753,27.654306902452937
Orange,place-welln,18,1777,25.092571750140685
Orange,place-welln,19,1692,26.502364066193852
Orange,place-welln,20,1531,26.99248856956238
Orange,place-welln,21,1526,27.51572739187418
Orange,place-welln,22,1497,28.465931863727455
Orange,place-welln,23,1538,23.777958387516254
Red,place-alfcl,0,433,39.236720554272516
Red,place-alfcl,1,49,88.65306122448979
Red,place-alfcl,2,4,57.125
Red,place-alfcl,3,1,0.0
Red,place-alfcl,4,2,0.0
Red,place-alfcl,5,419,41.95346062052506
Red,place-alfcl,6,861,20.727642276422763
Red,place-alfcl,7,867,20.912918108419838
Red,place-alfcl,8,863,22.979721900347624
Red,place-alfcl,9,830,25.013253012048192
Red,place-alfcl,10,819,23.85286935286935
Red,place-alfcl,11,778,32.23071979434447
Red,place-alfcl,12,787,28.935832274459976
Red,place-alfcl,13,788,29.03680203045685
Red,place-alfcl,14,805,31.411180124223602
Red,place-alfcl,15,803,27.506849315068493
Red,place-alfcl,16,795,35.90251572327044
Red,place-alfcl,17,812,29.283251231527093
Red,place-alfcl,18,823,30.075334143377887
Red,place-alfcl,19,833,30.48199279711885
Red,place-alfcl,20,803,29.448318804483186
Red,place-alfcl,21,737,28.048168249660787
Red,place-alfcl,22,714,26.1281512605042
Red,place-alfcl,23,704,27.88778409090909
Red,place-andrw,0,1334,41.44415292353823
Red,place-andrw,1,305,120.75081967213114
Red,place-andrw,2,19,353.3421052631579
Red,place-andrw,5,608,33.984375
Red,place-andrw,6,1813,34.71621621621622
Red,place-andrw,7,1968,30.4692581300813
Red,place-andrw,8,1953,34.5084485407066
Red,place-andrw,9,1985,32.52871536523929
Red,place-andrw,10,1866,39.603697749196144
Red,place-andrw,11,1852,38.53563714902808
Red,place-andrw,12,1851,39.103727714748786
Red,place-andrw,13,1831,39.008192244675044
Red,place-andrw,14,1861,36.495432563138095
Red,place-andrw,15,1880,40.61781914893617
Red,place-andrw,16,1869,42.41546281433922
Red,place-andrw,17,1899,41.78725645076356
Red,place-andrw,18,1931,38.10771620921802
Red,place-andrw,19,1911,36.64207221350078
Red,place-andrw,20,1828,37.72237417943107
Red,place-andrw,21,1757,37.05236198064883
Red,place-andrw,22,1693,39.42144122858831
Red,place-andrw,23,1663,37.60042092603728
Red,place-asmnl,0,242,54.63223140495868
Red,place-asmnl,1,29,195.67241379310346
Red,place-asmnl,5,325,40.06461538461539
Red,place-asmnl,6,499,49.08416833667334
Red,place-asmnl,7,491,45.716904276985744
Red,place-asmnl,8,471,42.697452229299365
Red,place-asmnl,9,507,46.765285996055226
Red,place-asmnl,10,445,59.98426966292135
Red,place-asmnl,11,464,51.64655172413793
Red,place-asmnl,12,457,55.24288840262582
Red,place-asmnl,13,452,58.88495575221239
Red,place-asmnl,14,490,49.51938775510204
Red,place-asmnl,15,467,65.70877944325481
Red,place-asmnl,16,462,61.78030303030303
Red,place-asmnl,17,479,57.87891440501044
Red,place-asmnl,18,467,58.64882226980728
Red,place-asmnl,19,480,54.44479166666667
Red,place-asmnl,20,437,53.284897025171624
Red,place-asmnl,21,420,48.357142857142854
Red,place-asmnl,22,405,50.45061728395062
Red,place-asmnl,23,398,40.51130653266332
Red,place-brdwy,0,1355,42.67453874538745
Red,place-brdwy,1,274,99.83029197080292
Red,place-brdwy,2,11,292.04545454545456
Red,place-brdwy,5,608,35.06990131578947
Red,place-brdwy,6,1795,34.13983286908078
Red,place-brdwy,7,1959,30.4267483409903
Red,place-brdwy,8,1942,33.46421215242019
Red,place-brdwy,9,1976,31.517206477732792
Red,place-brdwy,10,1861,37.71816227834498
Red,place-brdwy,11,1838,36.879216539717085
Red,place-brdwy,12,1834,37.589422028353326
Red,place-brdwy,13,1808,37.88274336283186
Red,place-brdwy,14,1853,35.58472746896924
Red,place-brdwy,15,1879,37.54523682810005
Red,place-brdwy,16,1867,40.890198178896625
Red,place-brdwy,17,1867,38.19951794322442
Red,place-brdwy,18,1912,37.74607740585774
Red,place-brdwy,19,1912,34.45632845188285
Red,place-brdwy,20,1812,35.64845474613686
Red,place-brdwy,21,1743,37.39701663798049
Red,place-brdwy,22,1672,37.680622009569376
Red,place-brdwy,23,1663,37.00420926037282
Red,place-brntn,0,96,74.81770833333333
Red,place-brntn,1,32,131.203125
Red,place-brntn,2,14,30.5
Red,place-brntn,3,2,14.5
Red,place-brntn,4,7,34.642857142857146
Red,place-brntn,5,350,21.107142857142858
Red,place-brntn,6,465,20.753763440860215
Red,place-brntn,7,503,23.07952286282306
Red,place-brntn,8,480,31.290625
Red,place-brntn,9,500,35.009
Red,place-brntn,10,445,46.024719101123594
Red,place-brntn,11,450,40.05888888888889
Red,place-brntn,12,458,54.97052401746725
Red,place-brntn,13,472,36.91949152542373
Red,place-brntn,14,477,44.69706498951782
Red,place-brntn,15,467,41.41220556745182
Red,place-brntn,16,462,38.14502164502164
Red,place-brntn,17,470,45.15
Red,place-brntn,18,470,39.08510638297872
Red,place-brntn,19,468,42.58867521367522
Red,place-brntn,20,423,32.45508274231678
Red,place-brntn,21,422,40.17890995260664
Red,place-brntn,22,414,27.66062801932367
Red,place-brntn,23,407,32.12653562653563
Red,place-chmnl,0,1230,43.14308943089431
Red,place-chmnl,1,209,109.83253588516746
Red,place-chmnl,2,4,4.75
Red,place-chmnl,5,521,38.686180422264876
Red,place-chmnl,6,1656,30.375
Red,place-chmnl,7,1749,30.441680960548887
Red,place-chmnl,8,1743,32.625358577165805
Red,place-chmnl,9,1731,31.10831889081456
Red,place-chmnl,10,1671,35.0834829443447
Red,place-chmnl,11,1603,39.184341859014346
Red,place-chmnl,12,1642,37.8778928136419
Red,place-chmnl,13,1604,38.93422693266833
Red,place-chmnl,14,1656,35.10084541062802
Red,place-chmnl,15,1661,37.446718844069835
Red,place-chmnl,16,1664,38.51442307692308
Red,place-chmnl,17,1668,38.47122302158273
Red,place-chmnl,18,1680,35.85565476190476
Red,place-chmnl,19,1680,36.62023809523809
Red,place-chmnl,20,1638,36.27258852258852
Red,place-chmnl,21,1549,37.54551323434474
Red,place-chmnl,22,1463,37.02084757347915
Red,place-chmnl,23,1452,37.3715564738292
Red,place-cntsq,0,1216,43.458059210526315
Red,place-cntsq,1,204,116.6470588235294
Red,place-cntsq,2,8,235.75
Red,place-cntsq,5,485,38.69690721649484
Red,place-cntsq,6,1682,30.396551724137932
Red,place-cntsq,7,1751,29.910336950314107
Red,place-cntsq,8,1735,32.168299711815564
Red,place-cntsq,9,1700,32.50411764705883
Red,place-cntsq,10,1666,35.58373349339736
Red,place-cntsq,11,1593,36.097928436911495
Red,place-cntsq,12,1620,38.73796296296296
Red,place-cntsq,13,1583,37.02747946936197
Red,place-cntsq,14,1643,35.51917224589166
Red,place-cntsq,15,1654,36.56015719467956
Red,place-cntsq,16,1639,38.36302623550946
Red,place-cntsq,17,1660,39.01807228915663
Red,place-cntsq,18,1676,37.62350835322196
Red,place-cntsq,19,1669,35.13870581186339
Red,place-cntsq,20,1617,35.711502782931355
Red,place-cntsq,21,1533,36.52576647097195
Red,place-cntsq,22,1440,37.36631944444444
Red,place-cntsq,23,1434,37.86715481171548
Red,place-davis,0,1164,42.327319587628864
Red,place-davis,1,232,126.71336206896552
Red,place-davis,2,29,254.25862068965517
Red,place-davis,5,459,45.546840958605664
Red,place-davis,6,1646,29.718104495747266
Red,place-davis,7,1724,28.997969837587007
Red,place-davis,8,1724,30.950696055684453
Red,place-davis,9,1652,30.81809927360775
Red,place-davis,10,1654,32.04020556227328
Red,place-davis,11,1553,38.41629104958145
Red,place-davis,12,1566,37.07630906768838
Red,place-davis,13,1567,36.24186343331206
Red,place-davis,14,1601,36.1105559025609
Red,place-davis,15,1640,33.93018292682927
Red,place-davis,16,1591,39.35197988686361
Red,place-davis,17,1611,40.49751707014277
Red,place-davis,18,1643,35.17194157029824
Red,place-davis,19,1662,36.082129963898915
Red,place-davis,20,1593,33.53829252981795
Red,place-davis,21,1487,35.66442501681237
Red,place-davis,22,1393,36.43898061737258
Red,place-davis,23,1403,37.085887384176765
Red,place-dwnxg,0,1354,44.94940915805022
Red,place-dwnxg,1,258,102.21124031007751
Red,place-dwnxg,2,6,175.25
Red,place-dwnxg,5,577,41.37608318890815
Red,place-dwnxg,6,1777,32.425717501406865
Red,place-dwnxg,7,1915,31.38981723237598
Red,place-dwnxg,8,1922,32.97424557752341
Red,place-dwnxg,9,1938,31.428018575851393
Red,place-dwnxg,10,1801,37.77123820099944
Red,place-dwnxg,11,1792,39.62611607142857
Red,place-dwnxg,12,1822,35.979418221734356
Red,place-dwnxg,13,1777,37.997186268992685
Red,place-dwnxg,14,1800,36.64333333333333
Red,place-dwnxg,15,1821,38.01510159253158
Red,place-dwnxg,16,1850,40.75297297297297
Red,place-dwnxg,17,1847,37.2328099621007
Red,place-dwnxg,18,1855,36.1911051212938
Red,place-dwnxg,19,1840,36.13804347826087
Red,place-dwnxg,20,1812,36.99862030905077
Red,place-dwnxg,21,1719,37.36678301337987
Red,place-dwnxg,22,1621,37.18784700801974
Red,place-dwnxg,23,1616,37.23700495049505
Red,place-fldcr,0,660,52.38560606060606
Red,place-fldcr,1,181,169.51381215469613
Red,place-fldcr,2,29,416.0
Red,place-fldcr,5,285,17.263157894736842
Red,place-fldcr,6,893,41.503359462486
Red,place-fldcr,7,972,33.7690329218107
Red,place-fldcr,8,932,39.875
Red,place-fldcr,9,1011,40.390702274975276
Red,place-fldcr,10,894,56.45302013422819
Red,place-fldcr,11,932,52.043454935622314
Red,place-fldcr,12,932,53.69527896995708
Red,place-fldcr,13,899,60.44215795328142
Red,place-fldcr,14,927,50.99190938511327
Red,place-fldcr,15,927,59.48867313915858
Red,place-fldcr,16,936,62.17788461538461
Red,place-fldcr,17,942,60.09872611464968
Red,place-fldcr,18,955,57.17643979057592
Red,place-fldcr,19,945,51.734920634920634
Red,place-fldcr,20,910,53.26538461538462
Red,place-fldcr,21,876,47.769406392694066
Red,place-fldcr,22,812,53.58866995073892
Red,place-fldcr,23,821,45.65895249695493
Red,place-harsq,0,1200,41.524166666666666
Red,place-harsq,1,218,108.54128440366972
Red,place-harsq,2,17,176.2058823529412
Red,place-harsq,5,462,41.803030303030305
Red,place-harsq,6,1660,32.09909638554217
Red,place-harsq,7,1756,29.99003416856492
Red,place-harsq,8,1731,32.233968804159446
Red,place-harsq,9,1679,32.33621203097081
Red,place-harsq,10,1664,34.19170673076923
Red,place-harsq,11,1574,38.81321473951716
Red,place-harsq,12,1615,38.582043343653254
Red,place-harsq,13,1574,37.27541296060991
Red,place-harsq,14,1619,37.14298949969117
Red,place-harsq,15,1652,36.53147699757869
Red,place-harsq,16,1620,40.379938271604935
Red,place-harsq,17,1629,39.773480662983424
Red,place-harsq,18,1652,36.979418886198545
Red,place-harsq,19,1681,38.289411064842355
Red,place-harsq,20,1598,34.63861076345432
Red,place-harsq,21,1534,37.84843546284224
Red,place-harsq,22,1421,37.49261083743843
Red,place-harsq,23,1401,37.686295503211994
Red,place-jfk,0,1354,44.74556868537666
Red,place-jfk,1,288,133.01041666666666
Red,place-jfk,2,24,342.1458333333333
Red,place-jfk,5,651,35.47542242703533
Red,place-jfk,6,1766,36.36947904869762
Red,place-jfk,7,2000,32.381
Red,place-jfk,8,1948,37.127566735112936
Red,place-jfk,9,2004,33.32909181636727
Red,place-jfk,10,1862,42.57948442534909
Red,place-jfk,11,1867,39.75093733261917
Red,place-jfk,12,1861,42.94653412144009
Red,place-jfk,13,1816,40.15996696035242
Red,place-jfk,14,1873,38.20742124933262
Red,place-jfk,15,1887,41.61950185479597
Red,place-jfk,16,1890,43.664021164021165
Red,place-jfk,17,1898,44.605110642781874
Red,place-jfk,18,1924,40.733627858627855
Red,place-jfk,19,1910,38.73848167539267
Red,place-jfk,20,1841,39.82726778924498
Red,place-jfk,21,1757,40.16533864541832
Red,place-jfk,22,1685,40.98427299703264
Red,place-jfk,23,1674,39.466547192353644
Red,place-knncl,0,1224,44.337826797385624
Red,place-knncl,1,198,117.21212121212122
Red,place-knncl,2,5,87.6
Red,place-knncl,5,505,37.076237623762374
Red,place-knncl,6,1662,31.41546329723225
Red,place-knncl,7,1757,30.069151963574274
Red,place-knncl,8,1734,33.51326412918108
Red,place-knncl,9,1729,31.859745517640256
Red,place-knncl,10,1664,35.23948317307692
Red,place-knncl,11,1597,37.99812147777082
Red,place-knncl,12,1643,38.01034692635423
Red,place-knncl,13,1593,38.31481481481482
Red,place-knncl,14,1646,35.0956865127582
Red,place-knncl,15,1649,37.574590661006674
Red,place-knncl,16,1666,39.135954381752704
Red,place-knncl,17,1665,39.00720720720721
Red,place-knncl,18,1672,36.807715311004785
Red,place-knncl,19,1679,35.89309112567004
Red,place-knncl,20,1635,35.396941896024465
Red,place-knncl,21,1539,37.08609486679662
Red,place-knncl,22,1451,37.66471399035148
Red,place-knncl,23,1446,37.39038727524205
Red,place-nqncy,0,641,53.84009360374415
Red,place-nqncy,1,133,175.27067669172934
Red,place-nqncy,2,6,706.0833333333334
Red,place-nqncy,5,265,22.237735849056605
Red,place-nqncy,6,827,40.25392986698912
Red,place-nqncy,7,1019,37.5603532875368
Red,place-nqncy,8,971,44.362512873326466
Red,place-nqncy,9,991,47.45963673057518
Red,place-nqncy,10,952,57.1764705882353
Red,place-nqncy,11,959,51.34410844629823
Red,place-nqncy,12,915,56.19562841530055
Red,place-nqncy,13,940,52.66808510638298
Red,place-nqncy,14,953,51.47796432318994
Red,place-nqncy,15,944,56.98040254237288
Red,place-nqncy,16,961,56.22996878251821
Red,place-nqncy,17,937,62.06456776947705
Red,place-nqncy,18,988,52.116902834008094
Red,place-nqncy,19,955,50.82722513089005
Red,place-nqncy,20,926,47.38282937365011
Red,place-nqncy,21,896,51.37388392857143
Red,place-nqncy,22,872,44.01146788990825
Red,place-nqncy,23,853,39.86635404454865
Red,place-pktrm,0,959,56.25547445255474
Red,place-pktrm,1,183,231.9890710382514
Red,place-pktrm,2,4,3.25
Red,place-pktrm,5,425,34.678823529411765
Red,place-pktrm,6,1299,32.8810623556582
Red,place-pktrm,7,1346,38.61924219910847
Red,place-pktrm,8,1365,39.86190476190476
Red,place-pktrm,9,1347,42.67000742390498
Red,place-pktrm,10,1267,49.95659037095501
Red,place-pktrm,11,1250,48.1656
Red,place-pktrm,12,1263,52.03206650831354
Red,place-pktrm,13,1231,52.795694557270515
Red,place-pktrm,14,1280,50.305859375
Red,place-pktrm,15,1264,47.09731012658228
Red,place-pktrm,16,1275,54.504705882352944
Red,place-pktrm,17,1284,47.078271028037385
Red,place-pktrm,18,1301,54.607993850883936
Red,place-pktrm,19,1289,53.08068269976726
Red,place-pktrm,20,1264,41.780458860759495
Red,place-pktrm,21,1191,48.460537363560036
Red,place-pktrm,22,1127,58.73558118899734
Red,place-pktrm,23,1118,74.56395348837209
Red,place-portr,0,1179,41.85072094995759
Red,place-portr,1,227,103.99118942731278
Red,place-portr,2,26,121.98076923076923
Red,place-portr,5,451,42.07538802660754
Red,place-portr,6,1669,30.070101857399642
Red,place-portr,7,1730,29.4757225433526
Red,place-portr,8,1736,29.514688940092167
Red,place-portr,9,1671,31.99581089168163
Red,place-portr,10,1641,31.875990249847654
Red,place-portr,11,1564,38.71003836317136
Red,place-portr,12,1584,36.80587121212121
Red,place-portr,13,1578,35.651457541191384
Red,place-portr,14,1608,35.56218905472637
Red,place-portr,15,1651,33.80678376741369
Red,place-portr,16,1601,39.40755777638976
Red,place-portr,17,1626,39.18819188191882
Red,place-portr,18,1640,34.21189024390244
Red,place-portr,19,1668,36.74520383693046
Red,place-portr,20,1602,33.40043695380774
Red,place-portr,21,1516,35.44261213720316
Red,place-portr,22,1401,36.7152034261242
Red,place-portr,23,1404,35.79950142450142
Red,place-qamnl,0,620,50.44919354838709
Red,place-qamnl,1,182,139.42857142857142
Red,place-qamnl,2,21,463.64285714285717
Red,place-qamnl,5,329,14.179331306990882
Red,place-qamnl,6,778,38.0314910025707
Red,place-qamnl,7,988,38.952429149797574
Red,place-qamnl,8,994,43.74496981891348
Red,place-qamnl,9,988,44.86943319838057
Red,place-qamnl,10,943,54.159066808059386
Red,place-qamnl,11,954,54.85849056603774
Red,place-qamnl,12,915,54.44043715846995
Red,place-qamnl,13,954,56.406184486373164
Red,place-qamnl,14,929,51.406889128094726
Red,place-qamnl,15,931,55.026315789473685
Red,place-qamnl,16,974,55.050308008213555
Red,place-qamnl,17,935,62.0144385026738
Red,place-qamnl,18,983,51.224821973550355
Red,place-qamnl,19,952,53.51470588235294
Red,place-qamnl,20,935,49.93903743315508
Red,place-qamnl,21,884,52.76018099547511
Red,place-qamnl,22,833,46.968187274909965
Red,place-qamnl,23,852,40.869131455399064
Red,place-qnctr,0,634,52.04652996845426
Red,place-qnctr,1,176,149.08238636363637
Red,place-qnctr,2,8,818.3125
Red,place-qnctr,5,278,16.557553956834532
Red,place-qnctr,6,844,36.47867298578199
Red,place-qnctr,7,987,38.59574468085106
Red,place-qnctr,8,976,44.07018442622951
Red,place-qnctr,9,1014,45.515285996055226
Red,place-qnctr,10,933,52.991961414791
Red,place-qnctr,11,945,56.405820105820105
Red,place-qnctr,12,916,55.39137554585153
Red,place-qnctr,13,945,53.594708994708995
Red,place-qnctr,14,948,49.94672995780591
Red,place-qnctr,15,936,56.087606837606835
Red,place-qnctr,16,962,55.03586278586278
Red,place-qnctr,17,944,60.02065677966102
Red,place-qnctr,18,991,50.771947527749745
Red,place-qnctr,19,938,53.890724946695094
Red,place-qnctr,20,957,48.785788923719956
Red,place-qnctr,21,875,50.488
Red,place-qnctr,22,852,45.588615023474176
Red,place-qnctr,23,844,40.572867298578196
Red,place-shmnl,0,657,51.009132420091326
Red,place-shmnl,1,173,182.08670520231215
Red,place-shmnl,2,25,457.94
Red,place-shmnl,5,305,18.440983606557378
Red,place-shmnl,6,849,42.93875147232038
Red,place-shmnl,7,999,34.888388388388385
Red,place-shmnl,8,944,40.07415254237288
Red,place-shmnl,9,981,41.842507645259936
Red,place-shmnl,10,920,57.16195652173913
Red,place-shmnl,11,936,52.126068376068375
Red,place-shmnl,12,921,54.871878393051034
Red,place-shmnl,13,894,60.196308724832214
Red,place-shmnl,14,928,50.91702586206897
Red,place-shmnl,15,935,59.755080213903746
Red,place-shmnl,16,931,61.83351235230934
Red,place-shmnl,17,926,59.66036717062635
Red,place-shmnl,18,970,55.876288659793815
Red,place-shmnl,19,942,53.39861995753716
Red,place-shmnl,20,914,52.11652078774617
Red,place-shmnl,21,854,50.011709601873534
Red,place-shmnl,22,854,50.54274004683841
Red,place-shmnl,23,817,45.8078335373317
Red,place-smmnl,0,658,54.098024316109424
Red,place-smmnl,1,187,166.85828877005346
Red,place-smmnl,2,29,436.4310344827586
Red,place-smmnl,5,277,16.095667870036102
Red,place-smmnl,6,880,41.648295454545455
Red,place-smmnl,7,988,34.83906882591093
Red,place-smmnl,8,957,39.52716823406479
Red,place-smmnl,9,986,41.17038539553752
Red,place-smmnl,10,898,56.96714922048998
Red,place-smmnl,11,946,51.145348837209305
Red,place-smmnl,12,908,55.315528634361236
Red,place-smmnl,13,895,62.40949720670391
Red,place-smmnl,14,927,52.05771305285868
Red,place-smmnl,15,923,60.78494041170097
Red,place-smmnl,16,939,63.48668796592119
Red,place-smmnl,17,940,62.613829787234046
Red,place-smmnl,18,944,60.0
Red,place-smmnl,19,949,50.73709167544784
Red,place-smmnl,20,914,56.68654266958424
Red,place-smmnl,21,868,48.661866359447004
Red,place-smmnl,22,806,53.42741935483871
Red,place-smmnl,23,825,48.59818181818182
Red,place-sstat,0,1363,42.94497432134996
Red,place-sstat,1,268,106.59141791044776
Red,place-sstat,2,7,151.21428571428572
Red,place-sstat,5,590,40.304237288135596
Red,place-sstat,6,1788,32.37220357941835
Red,place-sstat,7,1958,30.17594484167518
Red,place-sstat,8,1928,33.77904564315353
Red,place-sstat,9,1973,30.66117587430309
Red,place-sstat,10,1821,37.70400878638111
Red,place-sstat,11,1818,38.0497799779978
Red,place-sstat,12,1846,36.63596966413868
Red,place-sstat,13,1793,37.60485220301171
Red,place-sstat,14,1834,35.209651035986916
Red,place-sstat,15,1859,37.531199569661105
Red,place-sstat,16,1862,40.47126745435016
Red,place-sstat,17,1866,36.363879957127544
Red,place-sstat,18,1881,38.015683147262095
Red,place-sstat,19,1885,33.96949602122016
Red,place-sstat,20,1820,36.253846153846155
Red,place-sstat,21,1746,37.00257731958763
Red,place-sstat,22,1640,37.791463414634144
Red,place-sstat,23,1635,37.60581039755352
Red,place-wlsta,0,632,51.18354430379747
Red,place-wlsta,1,152,152.64802631578948
Red,place-wlsta,2,8,681.375
Red,place-wlsta,5,274,20.496350364963504
Red,place-wlsta,6,841,36.74078478002378
Red,place-wlsta,7,994,39.06991951710262
Red,place-wlsta,8,957,44.23876698014629
Red,place-wlsta,9,1022,45.34784735812133
Red,place-wlsta,10,933,56.31404072883173
Red,place-wlsta,11,956,53.18985355648535
Red,place-wlsta,12,918,55.75
Red,place-wlsta,13,940,52.057978723404254
Red,place-wlsta,14,956,51.53870292887029
Red,place-wlsta,15,944,56.554555084745765
Red,place-wlsta,16,953,55.1395592864638
Red,place-wlsta,17,948,60.799050632911396
Red,place-wlsta,18,988,51.55161943319838
Red,place-wlsta,19,945,52.62433862433863
Red,place-wlsta,20,954,46.64622641509434
Red,place-wlsta,21,863,52.76477404403244
Red,place-wlsta,22,884,43.04242081447964
Red,place-wlsta,23,846,40.74645390070922
