line,to_station,service_hour,comparable_observations,mean_excess_travel_seconds
Blue,place-aport,0,737,0.8778833107191316
Blue,place-aport,1,258,0.5697674418604651
Blue,place-aport,2,24,1.2916666666666667
Blue,place-aport,4,2,8.5
Blue,place-aport,5,1006,0.694831013916501
Blue,place-aport,6,1908,0.9287211740041929
Blue,place-aport,7,1992,4.367469879518072
Blue,place-aport,8,2033,1.322675848499754
Blue,place-aport,9,1897,1.0943595150237218
Blue,place-aport,10,1271,3.139260424862313
Blue,place-aport,11,1042,2.0998080614203456
Blue,place-aport,12,1227,1.5052974735126325
Blue,place-aport,13,1515,0.9696369636963696
Blue,place-aport,14,1729,0.4962406015037593
Blue,place-aport,15,1870,0.5080213903743316
Blue,place-aport,16,1944,1.0679012345679013
Blue,place-aport,17,1956,1.31799591002045
Blue,place-aport,18,1840,1.576086956521739
Blue,place-aport,19,1716,1.2196969696969697
Blue,place-aport,20,1563,0.9948816378758797
Blue,place-aport,21,1314,0.6270928462709284
Blue,place-aport,22,1367,0.5683979517190929
Blue,place-aport,23,1211,0.2295623451692816
Blue,place-aqucl,0,817,0.401468788249694
Blue,place-aqucl,1,208,0.7884615384615384
Blue,place-aqucl,2,3,0.0
Blue,place-aqucl,4,2,0.0
Blue,place-aqucl,5,993,1.0050352467270895
Blue,place-aqucl,6,1910,0.21727748691099477
Blue,place-aqucl,7,2017,0.06147744174516609
Blue,place-aqucl,8,2019,0.4611193660227836
Blue,place-aqucl,9,1934,0.25904860392967943
Blue,place-aqucl,10,1273,0.8955223880597015
Blue,place-aqucl,11,1066,0.5103189493433395
Blue,place-aqucl,12,1237,0.35084882780921584
Blue,place-aqucl,13,1507,0.06038487060384871
Blue,place-aqucl,14,1754,0.4657924743443558
Blue,place-aqucl,15,1898,0.2829293993677555
Blue,place-aqucl,16,1985,0.6896725440806045
Blue,place-aqucl,17,1999,0.5352676338169085
Blue,place-aqucl,18,1887,0.37201907790143085
Blue,place-aqucl,19,1722,0.2601626016260163
Blue,place-aqucl,20,1600,0.27
Blue,place-aqucl,21,1338,0.19955156950672645
Blue,place-aqucl,22,1356,0.2809734513274337
Blue,place-aqucl,23,1200,0.5366666666666666
Blue,place-bmmnl,0,776,1.3028350515463918
Blue,place-bmmnl,1,237,0.3037974683544304
Blue,place-bmmnl,2,29,0.0
Blue,place-bmmnl,4,5,0.0
Blue,place-bmmnl,5,935,0.3058823529411765
Blue,place-bmmnl,6,1895,0.8100263852242744
Blue,place-bmmnl,7,1979,1.1480545730166751
Blue,place-bmmnl,8,1984,2.589717741935484
Blue,place-bmmnl,9,1752,1.629566210045662
Blue,place-bmmnl,10,1123,2.819234194122885
Blue,place-bmmnl,11,986,8.224137931034482
Blue,place-bmmnl,12,1208,3.7839403973509933
Blue,place-bmmnl,13,1478,1.9939106901217862
Blue,place-bmmnl,14,1650,0.826060606060606
Blue,place-bmmnl,15,1876,1.171641791044776
Blue,place-bmmnl,16,1882,0.5738575982996812
Blue,place-bmmnl,17,1933,0.8256595964821521
Blue,place-bmmnl,18,1836,1.05119825708061
Blue,place-bmmnl,19,1684,0.7713776722090261
Blue,place-bmmnl,20,1540,0.6909090909090909
Blue,place-bmmnl,21,1268,0.9913249211356467
Blue,place-bmmnl,22,1312,0.32469512195121947
Blue,place-bmmnl,23,1153,0.5550737207285342
Blue,place-bomnl,0,407,1.0982800982800982
Blue,place-bomnl,1,99,2.1212121212121207
Blue,place-bomnl,2,1,0.0
Blue,place-bomnl,4,13,20.076923076923077
Blue,place-bomnl,5,464,5.135775862068965
Blue,place-bomnl,6,954,2.758909853249476
Blue,place-bomnl,7,1004,1.157370517928287
Blue,place-bomnl,8,1007,1.1926514399205561
Blue,place-bomnl,9,963,3.3136033229491173
Blue,place-bomnl,10,636,4.303459119496855
Blue,place-bomnl,11,529,0.8298676748582231
Blue,place-bomnl,12,631,1.2503961965134707
Blue,place-bomnl,13,752,1.2220744680851063
Blue,place-bomnl,14,878,1.4954441913439636
Blue,place-bomnl,15,959,1.0969760166840459
Blue,place-bomnl,16,986,3.2008113590263694
Blue,place-bomnl,17,995,2.755778894472362
Blue,place-bomnl,18,953,3.013641133263379
Blue,place-bomnl,19,852,4.607981220657277
Blue,place-bomnl,20,813,10.785977859778598
Blue,place-bomnl,21,678,2.8023598820059
Blue,place-bomnl,22,677,1.4490398818316101
Blue,place-bomnl,23,611,0.7430441898527005
Blue,place-gover,0,788,0.03426395939086293
Blue,place-gover,1,212,0.0
Blue,place-gover,2,2,0.0
Blue,place-gover,4,23,0.5652173913043478
Blue,place-gover,5,954,4.448637316561845
Blue,place-gover,6,1886,0.061505832449628844
Blue,place-gover,7,1999,0.03001500750375187
Blue,place-gover,8,1999,0.14057028514257128
Blue,place-gover,9,1952,0.2177254098360656
Blue,place-gover,10,1263,0.20744259699129058
Blue,place-gover,11,1059,0.1671388101983003
Blue,place-gover,12,1239,0.3083131557707829
Blue,place-gover,13,1511,0.021178027796161472
Blue,place-gover,14,1739,0.3145485911443358
Blue,place-gover,15,1913,0.14323052796654467
Blue,place-gover,16,1972,0.21044624746450302
Blue,place-gover,17,1997,0.32198297446169255
Blue,place-gover,18,1879,0.30494944119212347
Blue,place-gover,19,1708,0.21194379391100704
Blue,place-gover,20,1607,0.3627878033602987
Blue,place-gover,21,1317,0.34092634776006076
Blue,place-gover,22,1357,0.3596168017686072
Blue,place-gover,23,1220,0.029508196721311476
Blue,place-mvbcl,0,803,1.0323785803237857
Blue,place-mvbcl,1,211,3.3507109004739335
Blue,place-mvbcl,2,15,0.0
Blue,place-mvbcl,4,1,0.0
Blue,place-mvbcl,5,1015,1.1231527093596059
Blue,place-mvbcl,6,1927,0.753502854177478
Blue,place-mvbcl,7,1955,0.8352941176470589
Blue,place-mvbcl,8,2039,0.7238842569887199
Blue,place-mvbcl,9,1944,1.3492798353909465
Blue,place-mvbcl,10,1264,2.3449367088607596
Blue,place-mvbcl,11,1057,0.6792809839167455
Blue,place-mvbcl,12,1245,2.376706827309237
Blue,place-mvbcl,13,1515,0.38613861386138615
Blue,place-mvbcl,14,1756,0.4886104783599089
Blue,place-mvbcl,15,1887,0.2342342342342342
Blue,place-mvbcl,16,1972,0.4964503042596349
Blue,place-mvbcl,17,1964,0.6939918533604889
Blue,place-mvbcl,18,1906,0.710912906610703
Blue,place-mvbcl,19,1722,0.3588850174216028
Blue,place-mvbcl,20,1589,0.7193203272498426
Blue,place-mvbcl,21,1336,0.5583832335329342
Blue,place-mvbcl,22,1368,0.049707602339181256
Blue,place-mvbcl,23,1185,0.48185654008438816
Blue,place-orhte,0,737,10.595658073270014
Blue,place-orhte,1,241,12.643153526970954
Blue,place-orhte,2,29,442.0689655172414
Blue,place-orhte,4,5,135.8
Blue,place-orhte,5,921,10.0271444082519
Blue,place-orhte,6,1877,6.912626531699521
Blue,place-orhte,7,2012,5.185884691848907
Blue,place-orhte,8,1999,6.569784892446223
Blue,place-orhte,9,1856,13.013469827586206
Blue,place-orhte,10,1280,28.6
Blue,place-orhte,11,1031,18.459747817652765
Blue,place-orhte,12,1209,23.210918114143922
Blue,place-orhte,13,1496,12.608957219251337
Blue,place-orhte,14,1697,5.040659988214496
Blue,place-orhte,15,1867,8.471880021424745
Blue,place-orhte,16,1899,9.629805160610848
Blue,place-orhte,17,1949,5.953309389430477
Blue,place-orhte,18,1847,8.969139144558744
Blue,place-orhte,19,1696,10.858490566037736
Blue,place-orhte,20,1545,7.264724919093851
Blue,place-orhte,21,1305,9.868199233716474
Blue,place-orhte,22,1301,5.215987701767871
Blue,place-orhte,23,1202,11.307820299500833
Blue,place-rbmnl,0,761,0.7897503285151117
Blue,place-rbmnl,1,238,0.49159663865546216
Blue,place-rbmnl,2,29,8.620689655172415
Blue,place-rbmnl,4,4,0.0
Blue,place-rbmnl,5,924,1.6277056277056277
Blue,place-rbmnl,6,1889,4.60772895712017
Blue,place-rbmnl,7,1956,2.716768916155419
Blue,place-rbmnl,8,1993,2.833918715504265
Blue,place-rbmnl,9,1731,3.46158290005777
Blue,place-rbmnl,10,1127,5.384205856255545
Blue,place-rbmnl,11,972,8.324074074074074
Blue,place-rbmnl,12,1194,6.16499162479062
Blue,place-rbmnl,13,1463,2.159261790840738
Blue,place-rbmnl,14,1684,1.327790973871734
Blue,place-rbmnl,15,1822,2.9182217343578487
Blue,place-rbmnl,16,1883,2.8114710568242165
Blue,place-rbmnl,17,1909,3.3221581980094292
Blue,place-rbmnl,18,1808,5.249446902654867
Blue,place-rbmnl,19,1700,6.761176470588235
Blue,place-rbmnl,20,1551,1.945196647324307
Blue,place-rbmnl,21,1250,1.2072
Blue,place-rbmnl,22,1295,0.938996138996139
Blue,place-rbmnl,23,1156,0.8918685121107266
Blue,place-sdmnl,0,773,9.35575679172057
Blue,place-sdmnl,1,236,12.48728813559322
Blue,place-sdmnl,2,29,14.241379310344827
Blue,place-sdmnl,4,2,40.0
Blue,place-sdmnl,5,920,6.8826086956521735
Blue,place-sdmnl,6,1900,10.443684210526316
Blue,place-sdmnl,7,1961,10.194288628250892
Blue,place-sdmnl,8,1991,10.291310899045707
Blue,place-sdmnl,9,1778,7.589988751406074
Blue,place-sdmnl,10,1147,3.4795117698343505
Blue,place-sdmnl,11,991,7.9394550958627645
Blue,place-sdmnl,12,1189,2.6341463414634148
Blue,place-sdmnl,13,1490,1.6033557046979865
Blue,place-sdmnl,14,1655,0.9377643504531722
Blue,place-sdmnl,15,1864,0.776824034334764
Blue,place-sdmnl,16,1876,4.6918976545842215
Blue,place-sdmnl,17,1923,0.7233489339573583
Blue,place-sdmnl,18,1824,2.5241228070175437
Blue,place-sdmnl,19,1679,2.099463966646814
Blue,place-sdmnl,20,1541,1.309539260220636
Blue,place-sdmnl,21,1274,1.3312401883830456
Blue,place-sdmnl,22,1315,13.197718631178708
Blue,place-sdmnl,23,1151,9.612510860121633
Blue,place-state,0,801,0.4132334581772784
Blue,place-state,1,211,0.004739336492890987
Blue,place-state,2,2,0.0
Blue,place-state,4,2,0.0
Blue,place-state,5,1018,0.24066797642436152
Blue,place-state,6,1891,0.1369645690111052
Blue,place-state,7,1973,0.13786112519006585
Blue,place-state,8,2043,0.02398433675966715
Blue,place-state,9,1933,0.23642007242628035
Blue,place-state,10,1269,0.16863672182821118
Blue,place-state,11,1065,0.17464788732394365
Blue,place-state,12,1245,0.21365461847389558
Blue,place-state,13,1499,0.15410273515677123
Blue,place-state,14,1768,0.13065610859728508
Blue,place-state,15,1900,0.09842105263157895
Blue,place-state,16,1978,0.08897876643073811
Blue,place-state,17,1985,0.1596977329974811
Blue,place-state,18,1888,0.20180084745762708
Blue,place-state,19,1716,0.0198135198135198
Blue,place-state,20,1589,0.07614852108244179
Blue,place-state,21,1324,0.06268882175226585
Blue,place-state,22,1353,0.02143385070214338
Blue,place-state,23,1220,0.06311475409836063
Blue,place-wimnl,0,716,1.026536312849162
Blue,place-wimnl,1,257,34.673151750972764
Blue,place-wimnl,2,29,0.5172413793103449
Blue,place-wimnl,4,2,41.0
Blue,place-wimnl,5,993,1.1379657603222557
Blue,place-wimnl,6,1858,0.6404736275565124
Blue,place-wimnl,7,1964,1.0392057026476578
Blue,place-wimnl,8,1973,2.2382159148504814
Blue,place-wimnl,9,1870,3.1385026737967916
Blue,place-wimnl,10,1235,19.472064777327937
Blue,place-wimnl,11,1037,14.445515911282547
Blue,place-wimnl,12,1200,8.100833333333334
Blue,place-wimnl,13,1515,2.7933993399339934
Blue,place-wimnl,14,1653,1.4131881427707198
Blue,place-wimnl,15,1869,1.8715890850722312
Blue,place-wimnl,16,1891,2.911158117398202
Blue,place-wimnl,17,1911,2.7425431711145998
Blue,place-wimnl,18,1804,2.7006651884700665
Blue,place-wimnl,19,1671,1.7743865948533812
Blue,place-wimnl,20,1550,1.1129032258064515
Blue,place-wimnl,21,1296,1.3580246913580247
Blue,place-wimnl,22,1327,0.7889977392614921
Blue,place-wimnl,23,1204,0.8197674418604651
Blue,place-wondl,0,492,26.09552845528455
Blue,place-wondl,1,194,24.65463917525773
Blue,place-wondl,2,31,79.83870967741936
Blue,place-wondl,4,4,0.0
Blue,place-wondl,5,219,18.410958904109588
Blue,place-wondl,6,904,20.786504424778762
Blue,place-wondl,7,974,13.706365503080082
Blue,place-wondl,8,994,12.754527162977867
Blue,place-wondl,9,902,14.598669623059868
Blue,place-wondl,10,563,17.127886323268207
Blue,place-wondl,11,500,15.953999999999999
Blue,place-wondl,12,588,3.9676870748299318
Blue,place-wondl,13,671,9.068554396423249
Blue,place-wondl,14,837,8.19115890083632
Blue,place-wondl,15,869,23.669735327963178
Blue,place-wondl,16,944,21.8125
Blue,place-wondl,17,956,21.869246861924687
Blue,place-wondl,18,920,30.73804347826087
Blue,place-wondl,19,899,21.150166852057843
Blue,place-wondl,20,809,10.011124845488258
Blue,place-wondl,21,653,12.160796324655436
Blue,place-wondl,22,666,8.951951951951951
Blue,place-wondl,23,608,17.768092105263158
Green,place-alsgr,0,769,0.027308192457737312
Green,place-alsgr,1,290,0.03448275862068965
Green,place-alsgr,2,34,0.0
Green,place-alsgr,5,504,0.02182539682539681
Green,place-alsgr,6,960,0.05729166666666667
Green,place-alsgr,7,1087,0.0
Green,place-alsgr,8,1109,0.503155996393147
Green,place-alsgr,9,1104,0.5878623188405797
Green,place-alsgr,10,1111,0.6714671467146714
Green,place-alsgr,11,1113,0.10422282120395328
Green,place-alsgr,12,1042,0.472168905950096
Green,place-alsgr,13,1068,0.20224719101123595
Green,place-alsgr,14,1066,0.0
Green,place-alsgr,15,1076,0.06412639405204461
Green,place-alsgr,16,1072,0.04104477611940298
Green,place-alsgr,17,1059,0.3550519357884797
Green,place-alsgr,18,1051,0.039961941008563276
Green,place-alsgr,19,1066,0.9455909943714823
Green,place-alsgr,20,1082,3.481515711645102
Green,place-alsgr,21,1026,0.0
Green,place-alsgr,22,982,0.0
Green,place-alsgr,23,1005,0.003980099502487555
Green,place-amory,0,731,1.1901504787961696
Green,place-amory,1,247,0.7975708502024291
Green,place-amory,2,30,0.0
Green,place-amory,3,1,0.0
Green,place-amory,5,386,0.1321243523316062
Green,place-amory,6,896,1.2243303571428572
Green,place-amory,7,951,0.30914826498422715
Green,place-amory,8,996,0.48293172690763053
Green,place-amory,9,1015,1.3881773399014778
Green,place-amory,10,953,1.402938090241343
Green,place-amory,11,978,0.7423312883435583
Green,place-amory,12,959,0.456725755995829
Green,place-amory,13,934,1.10813704496788
Green,place-amory,14,923,0.7757313109425785
Green,place-amory,15,983,0.9471007121057986
Green,place-amory,16,932,0.9431330472103004
Green,place-amory,17,925,3.23027027027027
Green,place-amory,18,974,0.9014373716632443
Green,place-amory,19,931,0.7980665950590763
Green,place-amory,20,925,0.8335135135135135
Green,place-amory,21,902,2.738359201773836
Green,place-amory,22,882,1.8174603174603174
Green,place-amory,23,886,1.7212189616252822
Green,place-armnl,0,3315,1.588838612368024
Green,place-armnl,1,842,1.0546318289786223
Green,place-armnl,2,82,1.5975609756097562
Green,place-armnl,3,2,2.0
Green,place-armnl,4,1,0.0
Green,place-armnl,5,1700,0.12705882352941172
Green,place-armnl,6,3581,0.8190449595085172
Green,place-armnl,7,3745,3.2990654205607477
Green,place-armnl,8,3955,2.994690265486726
Green,place-armnl,9,3967,1.6498613561885556
Green,place-armnl,10,3940,2.834517766497462
Green,place-armnl,11,3872,2.212551652892562
Green,place-armnl,12,3861,3.4532504532504533
Green,place-armnl,13,3782,1.3651507139079853
Green,place-armnl,14,3857,2.7277676950998186
Green,place-armnl,15,3839,1.9143005991143527
Green,place-armnl,16,3893,2.1507834574877984
Green,place-armnl,17,3773,3.516565067585476
Green,place-armnl,18,3941,5.104034509007866
Green,place-armnl,19,3880,2.7979381443298967
Green,place-armnl,20,3882,2.1584234930448223
Green,place-armnl,21,3835,2.815645371577575
Green,place-armnl,22,3706,2.135456017269293
Green,place-armnl,23,3685,3.466214382632293
Green,place-babck,0,762,21.242782152230973
Green,place-babck,1,264,0.7310606060606061
Green,place-babck,2,32,0.0
Green,place-babck,3,2,0.0
Green,place-babck,5,444,1.1441441441441442
Green,place-babck,6,944,0.6726694915254238
Green,place-babck,7,1028,10.582684824902724
Green,place-babck,8,1046,2.795411089866157
Green,place-babck,9,1073,3.423112767940354
Green,place-babck,10,1047,19.0945558739255
Green,place-babck,11,1045,6.244976076555024
Green,place-babck,12,998,2.934869739478958
Green,place-babck,13,1025,39.13170731707317
Green,place-babck,14,1002,7.521956087824352
Green,place-babck,15,1041,2.3688760806916425
Green,place-babck,16,997,6.979939819458376
Green,place-babck,17,1011,14.88921859545005
Green,place-babck,18,1020,4.215686274509804
Green,place-babck,19,1003,11.386839481555334
Green,place-babck,20,994,2.1167002012072436
Green,place-babck,21,954,60.16142557651992
Green,place-babck,22,938,11.123667377398721
Green,place-babck,23,956,65.26778242677824
Green,place-balsq,0,841,2.816884661117717
Green,place-balsq,1,491,7.30142566191446
Green,place-balsq,2,53,4.962264150943396
Green,place-balsq,3,5,28.0
Green,place-balsq,4,115,0.1217391304347826
Green,place-balsq,5,1009,0.755203171456888
Green,place-balsq,6,1369,3.704163623082542
Green,place-balsq,7,1197,10.608187134502923
Green,place-balsq,8,1128,12.26950354609929
Green,place-balsq,9,1132,8.37279151943463
Green,place-balsq,10,1174,9.40885860306644
Green,place-balsq,11,1184,7.023648648648648
Green,place-balsq,12,1142,17.345008756567424
Green,place-balsq,13,1122,11.223707664884136
Green,place-balsq,14,1165,11.282403433476395
Green,place-balsq,15,1145,13.644541484716157
Green,place-balsq,16,1169,13.783575705731394
Green,place-balsq,17,1155,10.503896103896103
Green,place-balsq,18,1162,3.306368330464716
Green,place-balsq,19,1191,4.668345927791772
Green,place-balsq,20,1197,1.8395989974937343
Green,place-balsq,21,1156,8.082179930795848
Green,place-balsq,22,1128,8.570921985815604
Green,place-balsq,23,1154,7.979202772963605
Green,place-bckhl,0,1024,1.0234374999999998
Green,place-bckhl,1,224,1.0044642857142858
Green,place-bckhl,2,40,4.775
Green,place-bckhl,4,2,0.0
Green,place-bckhl,5,344,0.005813953488372084
Green,place-bckhl,6,843,0.49110320284697506
Green,place-bckhl,7,1000,2.35
Green,place-bckhl,8,1007,1.028798411122145
Green,place-bckhl,9,1025,1.3726829268292684
Green,place-bckhl,10,943,1.063626723223754
Green,place-bckhl,11,1000,1.17
Green,place-bckhl,12,953,1.6002098635886675
Green,place-bckhl,13,1016,1.108267716535433
Green,place-bckhl,14,970,4.942268041237114
Green,place-bckhl,15,1022,1.2661448140900196
Green,place-bckhl,16,982,0.4185336048879837
Green,place-bckhl,17,978,0.3905930470347648
Green,place-bckhl,18,1027,1.7215189873417722
Green,place-bckhl,19,1031,1.5053346265761396
Green,place-bckhl,20,1034,0.8539651837524178
Green,place-bckhl,21,1006,2.1540755467196817
Green,place-bckhl,22,1057,0.89120151371807
Green,place-bckhl,23,1015,1.4926108374384237
Green,place-bcnfd,0,765,1.6836601307189543
Green,place-bcnfd,1,408,13.291666666666666
Green,place-bcnfd,2,48,0.0
Green,place-bcnfd,3,5,286.6
Green,place-bcnfd,4,92,0.0
Green,place-bcnfd,5,521,0.1420345489443378
Green,place-bcnfd,6,921,0.10097719869706842
Green,place-bcnfd,7,971,5.075180226570546
Green,place-bcnfd,8,1062,4.718455743879472
Green,place-bcnfd,9,1069,4.483629560336763
Green,place-bcnfd,10,1024,4.5029296875
Green,place-bcnfd,11,1097,4.087511394712854
Green,place-bcnfd,12,1059,0.5750708215297451
Green,place-bcnfd,13,1058,1.4735349716446124
Green,place-bcnfd,14,1062,0.6892655367231638
Green,place-bcnfd,15,1049,0.5710200190657769
Green,place-bcnfd,16,1066,7.27110694183865
Green,place-bcnfd,17,1034,4.80174081237911
Green,place-bcnfd,18,1075,8.083720930232559
Green,place-bcnfd,19,1104,0.7065217391304348
Green,place-bcnfd,20,1111,6.502250225022502
Green,place-bcnfd,21,1083,0.1348107109879963
Green,place-bcnfd,22,1041,1.3419788664745438
Green,place-bcnfd,23,1012,0.33300395256917
Green,place-bcnwa,0,737,3.42876526458616
Green,place-bcnwa,1,235,1.574468085106383
Green,place-bcnwa,2,33,2.0
Green,place-bcnwa,4,3,2.6666666666666665
Green,place-bcnwa,5,615,8.8130081300813
Green,place-bcnwa,6,956,7.706066945606694
Green,place-bcnwa,7,1023,8.265884652981427
Green,place-bcnwa,8,1091,9.172318973418882
Green,place-bcnwa,9,1096,9.239051094890511
Green,place-bcnwa,10,1053,6.646723646723647
Green,place-bcnwa,11,1072,5.726679104477612
Green,place-bcnwa,12,1038,5.835260115606936
Green,place-bcnwa,13,1035,5.606763285024154
Green,place-bcnwa,14,1047,6.730659025787966
Green,place-bcnwa,15,1074,5.592178770949721
Green,place-bcnwa,16,1076,6.7481412639405205
Green,place-bcnwa,17,1017,5.918387413962635
Green,place-bcnwa,18,1046,5.239961759082218
Green,place-bcnwa,19,1062,5.409604519774011
Green,place-bcnwa,20,1052,6.85171102661597
Green,place-bcnwa,21,1037,12.53616200578592
Green,place-bcnwa,22,993,6.308157099697885
Green,place-bcnwa,23,891,4.79685746352413
Green,place-bland,0,761,8.654402102496714
Green,place-bland,1,216,2.2083333333333335
Green,place-bland,2,28,1.0714285714285714
Green,place-bland,3,1,9.0
Green,place-bland,5,366,11.959016393442623
Green,place-bland,6,890,4.522471910112359
Green,place-bland,7,945,0.8423280423280424
Green,place-bland,8,986,0.5720081135902637
Green,place-bland,9,1000,2.755
Green,place-bland,10,1000,0.09999999999999999
Green,place-bland,11,970,0.4515463917525773
Green,place-bland,12,951,0.4384858044164038
Green,place-bland,13,933,0.16720257234726685
Green,place-bland,14,935,0.0160427807486631
Green,place-bland,15,952,0.004201680672268903
Green,place-bland,16,928,7.129310344827585
Green,place-bland,17,915,5.779234972677596
Green,place-bland,18,969,6.632610939112487
Green,place-bland,19,936,0.07264957264957264
Green,place-bland,20,922,2.1941431670281997
Green,place-bland,21,886,5.262979683972912
Green,place-bland,22,871,5.09873708381171
Green,place-bland,23,887,5.497181510710259
Green,place-bndhl,0,420,25.261904761904763
Green,place-bndhl,1,136,31.03676470588235
Green,place-bndhl,2,19,24.57894736842105
Green,place-bndhl,3,1,0.0
Green,place-bndhl,5,332,4.807228915662651
Green,place-bndhl,6,559,19.617173524150267
Green,place-bndhl,7,588,17.321428571428573
Green,place-bndhl,8,628,20.5843949044586
Green,place-bndhl,9,625,22.9568
Green,place-bndhl,10,617,21.52350081037277
Green,place-bndhl,11,616,21.564935064935064
Green,place-bndhl,12,595,22.34453781512605
Green,place-bndhl,13,591,22.33502538071066
Green,place-bndhl,14,599,21.103505843071787
Green,place-bndhl,15,642,20.24454828660436
Green,place-bndhl,16,621,20.78743961352657
Green,place-bndhl,17,599,18.073455759599334
Green,place-bndhl,18,603,18.78441127694859
Green,place-bndhl,19,612,19.191176470588236
Green,place-bndhl,20,632,19.743670886075947
Green,place-bndhl,21,605,21.044628099173554
Green,place-bndhl,22,563,31.243339253996446
Green,place-bndhl,23,523,21.45889101338432
Green,place-boyls,0,3300,7.388181818181818
Green,place-boyls,1,843,3.8018979833926454
Green,place-boyls,2,77,1.4025974025974026
Green,place-boyls,3,2,212.0
Green,place-boyls,4,1,0.0
Green,place-boyls,5,1709,2.1193680514921005
Green,place-boyls,6,3517,3.0108046630651124
Green,place-boyls,7,3748,4.778281750266809
Green,place-boyls,8,3907,6.564627591502432
Green,place-boyls,9,3960,6.349494949494949
Green,place-boyls,10,3906,8.629800307219663
Green,place-boyls,11,3871,4.1645569620253164
Green,place-boyls,12,3839,3.611617608752279
Green,place-boyls,13,3753,3.5819344524380496
Green,place-boyls,14,3842,3.3453930244664236
Green,place-boyls,15,3834,7.019561815336464
Green,place-boyls,16,3851,5.962087769410543
Green,place-boyls,17,3759,7.80659749933493
Green,place-boyls,18,3917,8.017615522083227
Green,place-boyls,19,3850,8.555064935064935
Green,place-boyls,20,3834,5.485915492957746
Green,place-boyls,21,3851,5.709945468709426
Green,place-boyls,22,3658,5.576544559868781
Green,place-boyls,23,3663,6.982254982254982
Green,place-brico,0,787,5.5997458703939005
Green,place-brico,1,280,26.85
Green,place-brico,2,32,7.71875
Green,place-brico,3,1,0.0
Green,place-brico,5,492,0.0
Green,place-brico,6,1007,9.01588877855015
Green,place-brico,7,1071,9.984126984126984
Green,place-brico,8,1136,8.119718309859154
Green,place-brico,9,1119,9.233243967828418
Green,place-brico,10,1126,19.356127886323264
Green,place-brico,11,1111,10.573357335733574
Green,place-brico,12,1054,8.653700189753321
Green,place-brico,13,1086,8.358195211786372
Green,place-brico,14,1070,8.104672897196261
Green,place-brico,15,1087,9.81048758049678
Green,place-brico,16,1085,7.1013824884792625
Green,place-brico,17,1068,7.8277153558052435
Green,place-brico,18,1075,35.43255813953488
Green,place-brico,19,1085,6.569585253456221
Green,place-brico,20,1066,39.890243902439025
Green,place-brico,21,1045,5.555980861244019
Green,place-brico,22,974,20.4958932238193
Green,place-brico,23,1032,15.59108527131783
Green,place-brkhl,0,785,15.898089171974522
Green,place-brkhl,1,388,22.182989690721648
Green,place-brkhl,2,37,23.54054054054054
Green,place-brkhl,3,2,6.5
Green,place-brkhl,4,65,0.6461538461538462
Green,place-brkhl,5,513,2.7309941520467835
Green,place-brkhl,6,923,4.95124593716143
Green,place-brkhl,7,988,2.1184210526315788
Green,place-brkhl,8,1067,2.884723523898782
Green,place-brkhl,9,1052,4.723384030418251
Green,place-brkhl,10,1024,5.224609375
Green,place-brkhl,11,1068,0.5777153558052435
Green,place-brkhl,12,1040,0.5567307692307693
Green,place-brkhl,13,1035,1.6840579710144927
Green,place-brkhl,14,1059,0.7620396600566571
Green,place-brkhl,15,1042,0.761996161228407
Green,place-brkhl,16,1092,0.7344322344322345
Green,place-brkhl,17,1012,0.708498023715415
Green,place-brkhl,18,1067,0.4423617619493908
Green,place-brkhl,19,1104,1.4021739130434783
Green,place-brkhl,20,1079,1.7516218721037997
Green,place-brkhl,21,1077,1.3491179201485608
Green,place-brkhl,22,1056,2.490530303030303
Green,place-brkhl,23,1037,13.828351012536162
Green,place-brmnl,0,1008,18.456349206349206
Green,place-brmnl,1,222,12.013513513513514
Green,place-brmnl,2,33,1.7575757575757576
Green,place-brmnl,3,1,0.0
Green,place-brmnl,4,2,0.0
Green,place-brmnl,5,344,1.4912790697674418
Green,place-brmnl,6,863,2.9084588644264193
Green,place-brmnl,7,1015,2.775369458128079
Green,place-brmnl,8,1036,16.43243243243243
Green,place-brmnl,9,1043,5.857142857142857
Green,place-brmnl,10,993,10.890231621349447
Green,place-brmnl,11,1019,7.533856722276742
Green,place-brmnl,12,994,4.673038229376258
Green,place-brmnl,13,1024,5.1123046875
Green,place-brmnl,14,1019,5.8469087340529935
Green,place-brmnl,15,1042,4.949136276391554
Green,place-brmnl,16,1003,9.111665004985046
Green,place-brmnl,17,1013,6.8005923000987165
Green,place-brmnl,18,1056,3.8920454545454546
Green,place-brmnl,19,1070,4.767289719626168
Green,place-brmnl,20,1046,1.1108986615678775
Green,place-brmnl,21,1009,2.32408325074331
Green,place-brmnl,22,1079,1.6274328081556997
Green,place-brmnl,23,1017,7.142576204523107
Green,place-bucen,0,739,0.014884979702300401
Green,place-bucen,1,233,9.648068669527897
Green,place-bucen,2,29,0.10344827586206896
Green,place-bucen,3,1,0.0
Green,place-bucen,5,373,0.04021447721179623
Green,place-bucen,6,905,0.6983425414364641
Green,place-bucen,7,935,0.6663101604278074
Green,place-bucen,8,1010,1.2316831683168317
Green,place-bucen,9,1017,1.345132743362832
Green,place-bucen,10,981,1.0570846075433231
Green,place-bucen,11,978,0.878323108384458
Green,place-bucen,12,950,3.654736842105263
Green,place-bucen,13,942,1.4501061571125264
Green,place-bucen,14,936,1.2820512820512822
Green,place-bucen,15,957,1.3103448275862069
Green,place-bucen,16,929,0.1872981700753498
Green,place-bucen,17,915,0.49398907103825135
Green,place-bucen,18,975,1.6892307692307695
Green,place-bucen,19,935,0.5850267379679145
Green,place-bucen,20,910,0.5923076923076923
Green,place-bucen,21,907,0.2932745314222712
Green,place-bucen,22,870,0.132183908045977
Green,place-bucen,23,892,0.6098654708520179
Green,place-buest,0,748,13.17379679144385
Green,place-buest,1,225,8.026666666666667
Green,place-buest,2,28,7.785714285714286
Green,place-buest,3,1,0.0
Green,place-buest,5,358,3.435754189944134
Green,place-buest,6,907,4.220507166482911
Green,place-buest,7,939,0.503727369542066
Green,place-buest,8,978,0.6002044989775052
Green,place-buest,9,1002,3.1546906187624755
Green,place-buest,10,983,1.657171922685656
Green,place-buest,11,971,4.374871266735324
Green,place-buest,12,953,0.9391395592864638
Green,place-buest,13,930,2.6795698924731184
Green,place-buest,14,930,1.2236559139784946
Green,place-buest,15,953,3.348373557187828
Green,place-buest,16,935,7.4171122994652405
Green,place-buest,17,908,10.247797356828194
Green,place-buest,18,960,7.040625
Green,place-buest,19,934,5.083511777301927
Green,place-buest,20,925,6.47027027027027
Green,place-buest,21,891,0.2401795735129069
Green,place-buest,22,861,8.089430894308943
Green,place-buest,23,889,1.6771653543307086
Green,place-bvmnl,0,790,2.4848101265822784
Green,place-bvmnl,1,379,0.8680738786279684
Green,place-bvmnl,2,33,0.0
Green,place-bvmnl,3,2,0.0
Green,place-bvmnl,4,56,1.7321428571428572
Green,place-bvmnl,5,497,5.104627766599598
Green,place-bvmnl,6,923,3.392199349945829
Green,place-bvmnl,7,1006,1.1868787276341948
Green,place-bvmnl,8,1060,6.952830188679245
Green,place-bvmnl,9,1040,4.610576923076923
Green,place-bvmnl,10,1020,0.6186274509803922
Green,place-bvmnl,11,1067,4.935332708528585
Green,place-bvmnl,12,1058,2.2854442344045367
Green,place-bvmnl,13,1067,1.971883786316776
Green,place-bvmnl,14,1061,3.8209236569274267
Green,place-bvmnl,15,1062,0.655367231638418
Green,place-bvmnl,16,1061,3.9886899151743638
Green,place-bvmnl,17,1010,0.5148514851485149
Green,place-bvmnl,18,1062,12.063088512241055
Green,place-bvmnl,19,1104,1.6775362318840579
Green,place-bvmnl,20,1084,0.9271217712177121
Green,place-bvmnl,21,1054,0.9060721062618595
Green,place-bvmnl,22,1050,3.552380952380952
Green,place-bvmnl,23,1035,4.043478260869565
Green,place-chhil,0,761,3.2601839684625493
Green,place-chhil,1,427,8.824355971896955
Green,place-chhil,2,56,1.5357142857142858
Green,place-chhil,3,3,0.0
Green,place-chhil,4,27,0.0
Green,place-chhil,5,538,0.6914498141263941
Green,place-chhil,6,926,0.661987041036717
Green,place-chhil,7,933,8.362272240085744
Green,place-chhil,8,1070,6.725233644859813
Green,place-chhil,9,1057,4.521286660359508
Green,place-chhil,10,1075,3.8093023255813954
Green,place-chhil,11,1081,5.414431082331175
Green,place-chhil,12,1061,0.4213006597549482
Green,place-chhil,13,1048,0.40553435114503816
Green,place-chhil,14,1025,0.7785365853658537
Green,place-chhil,15,1083,0.853185595567867
Green,place-chhil,16,1049,2.4899904671115354
Green,place-chhil,17,1034,1.1199226305609284
Green,place-chhil,18,1109,1.400360685302074
Green,place-chhil,19,1126,2.4493783303730017
Green,place-chhil,20,1118,1.407871198568873
Green,place-chhil,21,1128,1.399822695035461
Green,place-chhil,22,1029,2.3527696793002915
Green,place-chhil,23,1084,1.5239852398523985
Green,place-chill,0,733,12.485675306957708
Green,place-chill,1,343,4.877551020408164
Green,place-chill,2,46,0.0
Green,place-chill,3,4,34.75
Green,place-chill,5,604,35.28973509933775
Green,place-chill,6,927,21.874865156418554
Green,place-chill,7,1093,22.887465690759377
Green,place-chill,8,1090,23.6348623853211
Green,place-chill,9,1122,23.235294117647058
Green,place-chill,10,1091,23.715857011915674
Green,place-chill,11,1130,18.858407079646017
Green,place-chill,12,1060,21.050943396226415
Green,place-chill,13,1080,18.501851851851853
Green,place-chill,14,1078,19.869202226345084
Green,place-chill,15,1061,21.541941564561736
Green,place-chill,16,1081,24.948196114708605
Green,place-chill,17,1052,22.24144486692015
Green,place-chill,18,1061,25.17247879359095
Green,place-chill,19,1089,25.6712580348944
Green,place-chill,20,1087,23.351425942962283
Green,place-chill,21,1036,19.15057915057915
Green,place-chill,22,996,20.745983935742974
Green,place-chill,23,992,19.932459677419356
Green,place-chswk,0,731,0.2393980848153215
Green,place-chswk,1,340,0.008823529411764704
Green,place-chswk,2,44,2.727272727272727
Green,place-chswk,3,2,0.0
Green,place-chswk,5,566,0.04593639575971731
Green,place-chswk,6,921,0.41802388707926164
Green,place-chswk,7,1094,0.6946983546617916
Green,place-chswk,8,1087,0.15547378104875806
Green,place-chswk,9,1118,0.7853309481216458
Green,place-chswk,10,1079,0.8906394810009268
Green,place-chswk,11,1128,1.8936170212765957
Green,place-chswk,12,1050,1.7838095238095237
Green,place-chswk,13,1078,1.955473098330241
Green,place-chswk,14,1066,1.9953095684803002
Green,place-chswk,15,1060,2.228301886792453
Green,place-chswk,16,1059,0.37299338999055714
Green,place-chswk,17,1062,0.9369114877589454
Green,place-chswk,18,1056,1.5823863636363635
Green,place-chswk,19,1080,0.6722222222222223
Green,place-chswk,20,1071,0.5424836601307189
Green,place-chswk,21,1033,2.6040658276863504
Green,place-chswk,22,988,2.8421052631578947
Green,place-chswk,23,1000,1.927
Green,place-clmnl,0,517,38.09671179883946
Green,place-clmnl,1,233,27.257510729613735
Green,place-clmnl,2,36,174.41666666666666
Green,place-clmnl,3,3,15.666666666666666
Green,place-clmnl,4,5,15.0
Green,place-clmnl,5,29,9.03448275862069
Green,place-clmnl,6,444,32.421171171171174
Green,place-clmnl,7,481,26.523908523908524
Green,place-clmnl,8,532,22.137218045112782
Green,place-clmnl,9,546,27.316849816849818
Green,place-clmnl,10,517,28.941972920696326
Green,place-clmnl,11,539,42.93320964749536
Green,place-clmnl,12,544,28.422794117647058
Green,place-clmnl,13,533,20.307692307692307
Green,place-clmnl,14,502,7.920318725099602
Green,place-clmnl,15,526,17.826996197718632
Green,place-clmnl,16,566,5.977031802120141
Green,place-clmnl,17,490,8.375510204081632
Green,place-clmnl,18,538,7.115241635687732
Green,place-clmnl,19,538,12.730483271375464
Green,place-clmnl,20,555,10.27927927927928
Green,place-clmnl,21,516,13.734496124031008
Green,place-clmnl,22,540,20.783333333333335
Green,place-clmnl,23,490,37.204081632653065
Green,place-coecl,0,3260,2.548773006134969
Green,place-coecl,1,843,0.756820877817319
Green,place-coecl,2,86,1.744186046511628
Green,place-coecl,3,2,0.0
Green,place-coecl,4,5,0.0
Green,place-coecl,5,1639,1.9658328248932275
Green,place-coecl,6,3517,1.5115154961615014
Green,place-coecl,7,3691,6.173394743971824
Green,place-coecl,8,3881,4.102808554496264
Green,place-coecl,9,3897,5.570952014370028
Green,place-coecl,10,3890,7.87814910025707
Green,place-coecl,11,3811,6.29467331409079
Green,place-coecl,12,3800,5.923684210526316
Green,place-coecl,13,3733,5.914545941601928
Green,place-coecl,14,3806,5.952443510246979
Green,place-coecl,15,3793,5.535196414447666
Green,place-coecl,16,3832,8.279488517745303
Green,place-coecl,17,3684,10.593919652551575
Green,place-coecl,18,3851,11.316281485328487
Green,place-coecl,19,3843,9.730679156908666
Green,place-coecl,20,3839,7.620734566293305
Green,place-coecl,21,3738,5.504547886570358
Green,place-coecl,22,3656,6.834245076586433
Green,place-coecl,23,3670,8.782016348773842
Green,place-cool,0,735,2.219047619047619
Green,place-cool,1,199,0.5527638190954773
Green,place-cool,2,29,0.3448275862068966
Green,place-cool,3,1,0.0
Green,place-cool,5,595,4.139495798319328
Green,place-cool,6,971,3.805355303810505
Green,place-cool,7,1028,2.2607003891050583
Green,place-cool,8,1069,3.3769878391019645
Green,place-cool,9,1092,4.228021978021978
Green,place-cool,10,1094,2.9689213893967095
Green,place-cool,11,1039,3.320500481231954
Green,place-cool,12,1065,3.315492957746479
Green,place-cool,13,1038,2.6705202312138727
Green,place-cool,14,1060,4.181132075471698
Green,place-cool,15,1081,3.0758556891766884
Green,place-cool,16,1095,3.293150684931507
Green,place-cool,17,1020,2.3117647058823527
Green,place-cool,18,1049,2.936129647283127
Green,place-cool,19,1048,2.739503816793893
Green,place-cool,20,1072,2.533582089552239
Green,place-cool,21,1051,4.107516650808754
Green,place-cool,22,965,5.4
Green,place-cool,23,920,3.2271739130434782
Green,place-denrd,0,694,5.1671469740633995
Green,place-denrd,1,242,5.987603305785124
Green,place-denrd,2,36,11.86111111111111
Green,place-denrd,4,2,0.0
Green,place-denrd,5,531,0.5668549905838042
Green,place-denrd,6,911,2.9604829857299673
Green,place-denrd,7,978,3.1912065439672803
Green,place-denrd,8,1013,4.25172754195459
Green,place-denrd,9,1035,4.326570048309179
Green,place-denrd,10,1004,4.650398406374502
Green,place-denrd,11,1015,2.883743842364532
Green,place-denrd,12,1020,4.5323529411764705
Green,place-denrd,13,980,2.0051020408163267
Green,place-denrd,14,999,2.2932932932932935
Green,place-denrd,15,1026,4.944444444444445
Green,place-denrd,16,1037,3.1060752169720347
Green,place-denrd,17,979,2.4484167517875384
Green,place-denrd,18,989,0.5429726996966632
Green,place-denrd,19,1008,0.7688492063492064
Green,place-denrd,20,1016,5.397637795275591
Green,place-denrd,21,968,0.5991735537190083
Green,place-denrd,22,949,0.8082191780821918
Green,place-denrd,23,847,4.038961038961039
Green,place-eliot,0,690,1.7492753623188406
Green,place-eliot,1,480,1.59375
Green,place-eliot,2,62,0.0
Green,place-eliot,3,4,19.5
Green,place-eliot,4,65,0.0
Green,place-eliot,5,530,1.2169811320754718
Green,place-eliot,6,915,3.889617486338798
Green,place-eliot,7,955,2.0
Green,place-eliot,8,990,6.137373737373737
Green,place-eliot,9,1022,2.9422700587084147
Green,place-eliot,10,1051,7.10941960038059
Green,place-eliot,11,1060,11.043396226415094
Green,place-eliot,12,1032,5.586240310077519
Green,place-eliot,13,1051,3.61465271170314
Green,place-eliot,14,1041,2.8645533141210375
Green,place-eliot,15,1053,1.7407407407407407
Green,place-eliot,16,1017,2.438544739429695
Green,place-eliot,17,1036,3.3223938223938223
Green,place-eliot,18,1017,1.3972468043264503
Green,place-eliot,19,1118,1.8103756708407872
Green,place-eliot,20,1072,4.718283582089552
Green,place-eliot,21,1052,2.599809885931559
Green,place-eliot,22,957,2.367816091954023
Green,place-eliot,23,1023,2.2062561094819158
Green,place-engav,0,567,4.9523809523809526
Green,place-engav,1,206,48.27669902912621
Green,place-engav,2,51,48.529411764705884
Green,place-engav,3,29,54.689655172413794
Green,place-engav,4,34,75.6470588235294
Green,place-engav,5,707,1.487977369165488
Green,place-engav,6,869,3.701956271576525
Green,place-engav,7,928,5.773706896551724
Green,place-engav,8,961,5.9105098855359
Green,place-engav,9,950,5.287368421052632
Green,place-engav,10,934,10.994646680942184
Green,place-engav,11,972,9.880658436213992
Green,place-engav,12,931,9.603651987110634
Green,place-engav,13,933,11.121114683815648
Green,place-engav,14,911,12.968166849615807
Green,place-engav,15,933,14.87138263665595
Green,place-engav,16,948,22.348101265822784
Green,place-engav,17,874,18.102974828375284
Green,place-engav,18,914,11.477024070021882
Green,place-engav,19,913,18.50930996714129
Green,place-engav,20,925,14.607567567567568
Green,place-engav,21,882,10.547619047619047
Green,place-engav,22,843,16.947805456702255
Green,place-engav,23,787,12.017789072426938
Green,place-esomr,0,921,4.378935939196525
Green,place-esomr,1,489,23.433537832310833
Green,place-esomr,2,61,3.0163934426229506
Green,place-esomr,3,5,316.8
Green,place-esomr,4,225,0.0
Green,place-esomr,5,1262,0.4001584786053882
Green,place-esomr,6,1511,2.687624090006618
Green,place-esomr,7,1191,6.845507976490345
Green,place-esomr,8,1176,4.3146258503401365
Green,place-esomr,9,1173,3.0153452685421995
Green,place-esomr,10,1234,3.9254457050243112
Green,place-esomr,11,1233,5.7510137875101375
Green,place-esomr,12,1163,8.487532244196045
Green,place-esomr,13,1157,2.1754537597234225
Green,place-esomr,14,1205,6.011618257261411
Green,place-esomr,15,1183,4.991546914623838
Green,place-esomr,16,1229,2.179820992676973
Green,place-esomr,17,1190,2.4361344537815124
Green,place-esomr,18,1195,2.6301255230125524
Green,place-esomr,19,1233,10.961881589618816
Green,place-esomr,20,1214,0.5700164744645798
Green,place-esomr,21,1146,2.607329842931937
Green,place-esomr,22,1169,4.318220701454234
Green,place-esomr,23,1139,7.306409130816506
Green,place-fbkst,0,722,4.515235457063712
Green,place-fbkst,1,234,6.435897435897436
Green,place-fbkst,2,32,164.46875
Green,place-fbkst,3,1,0.0
Green,place-fbkst,5,585,0.8017094017094017
Green,place-fbkst,6,947,5.511087645195354
Green,place-fbkst,7,1033,5.271055179090029
Green,place-fbkst,8,1082,5.06007393715342
Green,place-fbkst,9,1075,6.155348837209302
Green,place-fbkst,10,1059,5.021718602455146
Green,place-fbkst,11,1068,5.177902621722846
Green,place-fbkst,12,1042,4.928982725527831
Green,place-fbkst,13,1038,6.0876685934489405
Green,place-fbkst,14,1022,3.3610567514677103
Green,place-fbkst,15,1085,4.128110599078341
Green,place-fbkst,16,1073,3.743709226467847
Green,place-fbkst,17,1018,3.5324165029469548
Green,place-fbkst,18,1038,4.279383429672447
Green,place-fbkst,19,1049,3.984747378455672
Green,place-fbkst,20,1052,4.052281368821292
Green,place-fbkst,21,1036,3.921814671814672
Green,place-fbkst,22,975,4.076923076923077
Green,place-fbkst,23,898,4.0400890868596875
Green,place-fenwd,0,1007,2.567030784508441
Green,place-fenwd,1,228,2.31140350877193
Green,place-fenwd,2,35,2.1714285714285713
Green,place-fenwd,3,1,20.0
Green,place-fenwd,4,2,0.0
Green,place-fenwd,5,318,11.19496855345912
Green,place-fenwd,6,892,17.443946188340806
Green,place-fenwd,7,998,5.95190380761523
Green,place-fenwd,8,1026,5.632553606237817
Green,place-fenwd,9,1028,5.769455252918288
Green,place-fenwd,10,963,5.932502596053998
Green,place-fenwd,11,1005,5.597014925373134
Green,place-fenwd,12,974,6.021560574948666
Green,place-fenwd,13,1040,4.759615384615385
Green,place-fenwd,14,1007,5.82720953326713
Green,place-fenwd,15,1031,4.947623666343356
Green,place-fenwd,16,986,6.803245436105477
Green,place-fenwd,17,1005,6.014925373134329
Green,place-fenwd,18,1045,18.57894736842105
Green,place-fenwd,19,1069,17.333021515434986
Green,place-fenwd,20,1069,15.016838166510755
Green,place-fenwd,21,1029,13.43731778425656
Green,place-fenwd,22,1096,13.348540145985401
Green,place-fenwd,23,1019,7.15603532875368
Green,place-fenwy,0,808,4.65470297029703
Green,place-fenwy,1,341,4.193548387096774
Green,place-fenwy,2,27,0.0
Green,place-fenwy,3,1,0.0
Green,place-fenwy,4,59,1.88135593220339
Green,place-fenwy,5,521,8.45489443378119
Green,place-fenwy,6,904,3.0287610619469025
Green,place-fenwy,7,984,4.222560975609755
Green,place-fenwy,8,1035,1.1980676328502415
Green,place-fenwy,9,1041,2.601344860710855
Green,place-fenwy,10,1020,6.118627450980392
Green,place-fenwy,11,1077,1.5487465181058495
Green,place-fenwy,12,1004,1.548804780876494
Green,place-fenwy,13,1054,5.133776091081594
Green,place-fenwy,14,1013,0.6584402764067128
Green,place-fenwy,15,1054,4.631878557874763
Green,place-fenwy,16,1041,1.846301633045149
Green,place-fenwy,17,1010,8.63960396039604
Green,place-fenwy,18,1057,5.697256385998108
Green,place-fenwy,19,1100,2.4245454545454543
Green,place-fenwy,20,1075,2.473488372093023
Green,place-fenwy,21,1068,3.4616104868913857
Green,place-fenwy,22,1057,8.126773888363292
Green,place-fenwy,23,1005,7.0945273631840795
Green,place-gilmn,0,893,1.4949608062709967
Green,place-gilmn,1,463,1.0518358531317495
Green,place-gilmn,2,45,0.0
Green,place-gilmn,3,3,10.333333333333334
Green,place-gilmn,4,135,0.0
Green,place-gilmn,5,1006,0.12027833001988068
Green,place-gilmn,6,1389,4.534197264218863
Green,place-gilmn,7,1199,2.963302752293578
Green,place-gilmn,8,1149,2.6979982593559617
Green,place-gilmn,9,1166,3.0274442538593482
Green,place-gilmn,10,1173,2.549872122762148
Green,place-gilmn,11,1212,3.4686468646864688
Green,place-gilmn,12,1140,1.393859649122807
Green,place-gilmn,13,1143,2.1609798775153104
Green,place-gilmn,14,1134,1.2019400352733687
Green,place-gilmn,15,1155,2.0554112554112556
Green,place-gilmn,16,1212,1.1996699669967001
Green,place-gilmn,17,1140,3.949122807017544
Green,place-gilmn,18,1194,1.347571189279732
Green,place-gilmn,19,1173,1.371696504688832
Green,place-gilmn,20,1211,0.5664739884393064
Green,place-gilmn,21,1121,1.5298840321141838
Green,place-gilmn,22,1173,0.5515771526001705
Green,place-gilmn,23,1119,1.386952636282395
Green,place-gover,0,2471,6.349656009712667
Green,place-gover,1,696,2.8347701149425286
Green,place-gover,2,63,0.0
Green,place-gover,3,1,0.0
Green,place-gover,5,1282,1.7402496099843994
Green,place-gover,6,2524,5.919572107765451
Green,place-gover,7,2661,5.5340097707628715
Green,place-gover,8,2678,5.866318147871546
Green,place-gover,9,2780,12.520863309352517
Green,place-gover,10,2729,14.625870282154635
Green,place-gover,11,2816,7.188565340909091
Green,place-gover,12,2741,7.059832178037213
Green,place-gover,13,2702,6.370466321243524
Green,place-gover,14,2752,7.235101744186046
Green,place-gover,15,2787,8.724793684965913
Green,place-gover,16,2779,8.623605613530048
Green,place-gover,17,2670,12.816104868913857
Green,place-gover,18,2889,16.699550017307025
Green,place-gover,19,2794,9.476377952755906
Green,place-gover,20,2881,4.514751822283929
Green,place-gover,21,2774,10.3633741888969
Green,place-gover,22,2736,6.712719298245614
Green,place-gover,23,2667,10.466066741657293
Green,place-grigg,0,772,0.6917098445595855
Green,place-grigg,1,290,0.0
Green,place-grigg,2,33,0.0
Green,place-grigg,3,1,0.0
Green,place-grigg,5,495,0.38585858585858585
Green,place-grigg,6,980,0.05306122448979591
Green,place-grigg,7,1089,0.0
Green,place-grigg,8,1107,0.0
Green,place-grigg,9,1102,0.0
Green,place-grigg,10,1110,0.7477477477477478
Green,place-grigg,11,1111,0.6066606660666065
Green,place-grigg,12,1074,0.4338919925512104
Green,place-grigg,13,1066,0.1697936210131332
Green,place-grigg,14,1047,0.006685768863419292
Green,place-grigg,15,1079,2.5125115848007415
Green,place-grigg,16,1092,0.20054945054945056
Green,place-grigg,17,1048,0.14122137404580154
Green,place-grigg,18,1054,0.030360531309297896
Green,place-grigg,19,1086,0.04696132596685083
Green,place-grigg,20,1080,0.017592592592592587
Green,place-grigg,21,1021,0.0058765915768853975
Green,place-grigg,22,995,1.493467336683417
Green,place-grigg,23,1004,0.3316733067729083
Green,place-haecl,0,1727,4.496815286624204
Green,place-haecl,1,561,0.7522281639928698
Green,place-haecl,2,58,0.0
Green,place-haecl,4,3,0.0
Green,place-haecl,5,930,1.2741935483870968
Green,place-haecl,6,1771,1.1620553359683794
Green,place-haecl,7,1869,1.1235955056179776
Green,place-haecl,8,1903,1.9164477141355754
Green,place-haecl,9,1926,2.544132917964694
Green,place-haecl,10,1917,6.477829942618675
Green,place-haecl,11,1983,2.1129601613716593
Green,place-haecl,12,1926,2.4132917964693665
Green,place-haecl,13,1873,2.8697277095568605
Green,place-haecl,14,1911,4.532705389848247
Green,place-haecl,15,1921,2.5825091098386257
Green,place-haecl,16,1946,5.709660842754368
Green,place-haecl,17,1865,7.776943699731904
Green,place-haecl,18,1982,4.648839556004036
Green,place-haecl,19,1935,8.268217054263566
Green,place-haecl,20,2009,2.63265306122449
Green,place-haecl,21,1921,6.491410723581468
Green,place-haecl,22,1910,3.836649214659686
Green,place-haecl,23,1865,2.5935656836461125
Green,place-harvd,0,766,1.4373368146214096
Green,place-harvd,1,287,0.22996515679442509
Green,place-harvd,2,32,0.0
Green,place-harvd,3,1,0.0
Green,place-harvd,5,486,0.0
Green,place-harvd,6,1002,0.03592814371257484
Green,place-harvd,7,1078,0.08905380333951762
Green,place-harvd,8,1120,0.1767857142857143
Green,place-harvd,9,1111,1.0396039603960396
Green,place-harvd,10,1102,0.7822141560798548
Green,place-harvd,11,1109,0.05139765554553652
Green,place-harvd,12,1075,0.07255813953488371
Green,place-harvd,13,1076,1.7555762081784387
Green,place-harvd,14,1055,0.26255924170616113
Green,place-harvd,15,1073,0.0
Green,place-harvd,16,1086,0.3508287292817679
Green,place-harvd,17,1061,0.08388312912346842
Green,place-harvd,18,1059,1.7318224740321058
Green,place-harvd,19,1080,0.19537037037037033
Green,place-harvd,20,1068,0.33520599250936334
Green,place-harvd,21,1039,0.0
Green,place-harvd,22,995,0.3597989949748744
Green,place-harvd,23,1006,0.08250497017892641
Green,place-hsmnl,0,513,3.744639376218323
Green,place-hsmnl,1,103,0.33980582524271846
Green,place-hsmnl,2,18,0.0
Green,place-hsmnl,5,174,2.6149425287356323
Green,place-hsmnl,6,425,2.287058823529412
Green,place-hsmnl,7,496,2.247983870967742
Green,place-hsmnl,8,505,13.358415841584158
Green,place-hsmnl,9,502,5.0199203187251
Green,place-hsmnl,10,479,30.248434237995824
Green,place-hsmnl,11,497,9.390342052313883
Green,place-hsmnl,12,472,12.533898305084746
Green,place-hsmnl,13,515,4.467961165048544
Green,place-hsmnl,14,475,8.101052631578947
Green,place-hsmnl,15,506,2.1126482213438735
Green,place-hsmnl,16,495,5.141414141414141
Green,place-hsmnl,17,478,5.104602510460251
Green,place-hsmnl,18,510,34.627450980392155
Green,place-hsmnl,19,514,20.799610894941633
Green,place-hsmnl,20,519,24.16377649325626
Green,place-hsmnl,21,492,4.337398373983739
Green,place-hsmnl,22,529,4.285444234404537
Green,place-hsmnl,23,501,6.728542914171657
Green,place-hwsst,0,768,3.8776041666666665
Green,place-hwsst,1,192,2.4375
Green,place-hwsst,2,30,26.300000000000004
Green,place-hwsst,3,1,0.0
Green,place-hwsst,5,554,0.868231046931408
Green,place-hwsst,6,954,1.460167714884696
Green,place-hwsst,7,1050,0.6266666666666667
Green,place-hwsst,8,1061,0.588124410933082
Green,place-hwsst,9,1087,0.7727690892364305
Green,place-hwsst,10,1090,0.5541284403669725
Green,place-hwsst,11,1051,0.11703139866793529
Green,place-hwsst,12,1061,0.34401508011310084
Green,place-hwsst,13,1051,0.6841103710751665
Green,place-hwsst,14,1067,0.8031865042174321
Green,place-hwsst,15,1089,0.12580348943985306
Green,place-hwsst,16,1061,0.7276154571159282
Green,place-hwsst,17,1032,0.2877906976744186
Green,place-hwsst,18,1051,0.03996194100856325
Green,place-hwsst,19,1051,0.18934348239771642
Green,place-hwsst,20,1064,0.31954887218045114
Green,place-hwsst,21,1044,4.989463601532567
Green,place-hwsst,22,975,0.7887179487179488
Green,place-hwsst,23,926,2.5475161987041037
Green,place-hymnl,0,2321,2.6833261525204652
Green,place-hymnl,1,632,1.1724683544303798
Green,place-hymnl,2,70,0.2571428571428572
Green,place-hymnl,4,15,0.0
Green,place-hymnl,5,1365,1.558974358974359
Green,place-hymnl,6,2704,1.2729289940828403
Green,place-hymnl,7,2813,2.6544614290792747
Green,place-hymnl,8,2953,2.116491703352523
Green,place-hymnl,9,3001,4.210929690103299
Green,place-hymnl,10,2971,4.05587344328509
Green,place-hymnl,11,2891,3.4147353856796956
Green,place-hymnl,12,2936,8.751021798365123
Green,place-hymnl,13,2870,3.1362369337979095
Green,place-hymnl,14,2919,2.6988694758478933
Green,place-hymnl,15,2908,3.7709766162310867
Green,place-hymnl,16,2890,1.9131487889273355
Green,place-hymnl,17,2802,3.2069950035688795
Green,place-hymnl,18,2888,3.5259695290858724
Green,place-hymnl,19,2908,2.6695323246217333
Green,place-hymnl,20,2907,5.333333333333333
Green,place-hymnl,21,2822,1.3118355776045358
Green,place-hymnl,22,2707,6.686368673808644
Green,place-hymnl,23,2730,4.253846153846153
Green,place-kencl,0,2308,5.44844020797227
Green,place-kencl,1,680,0.4264705882352941
Green,place-kencl,2,76,2.1447368421052637
Green,place-kencl,4,32,0.0
Green,place-kencl,5,1408,2.8046875
Green,place-kencl,6,2713,2.2734979727239217
Green,place-kencl,7,2871,1.9205851619644723
Green,place-kencl,8,3017,2.104739807756049
Green,place-kencl,9,3024,3.372354497354497
Green,place-kencl,10,3027,4.735381565906838
Green,place-kencl,11,2967,2.4091675092686216
Green,place-kencl,12,2956,3.191474966170501
Green,place-kencl,13,2910,2.3670103092783505
Green,place-kencl,14,2950,1.9494915254237288
Green,place-kencl,15,2977,4.96405777628485
Green,place-kencl,16,2950,4.123389830508475
Green,place-kencl,17,2859,3.8488982161594962
Green,place-kencl,18,2978,3.7793821356615176
Green,place-kencl,19,2979,4.144679422625042
Green,place-kencl,20,2977,6.064494457507558
Green,place-kencl,21,2919,3.7064063035286057
Green,place-kencl,22,2771,6.587152652472032
Green,place-kencl,23,2728,3.099706744868035
Green,place-kntst,0,755,0.0
Green,place-kntst,1,192,0.0
Green,place-kntst,2,29,0.0
Green,place-kntst,3,1,0.0
Green,place-kntst,5,569,0.0
Green,place-kntst,6,937,0.014941302027748132
Green,place-kntst,7,1052,0.1720532319391635
Green,place-kntst,8,1062,1.4378531073446323
Green,place-kntst,9,1080,0.06944444444444442
Green,place-kntst,10,1085,0.8894009216589863
Green,place-kntst,11,1054,0.6565464895635673
Green,place-kntst,12,1044,0.5469348659003831
Green,place-kntst,13,1057,0.09082308420056764
Green,place-kntst,14,1053,0.01709401709401709
Green,place-kntst,15,1079,0.5542168674698795
Green,place-kntst,16,1065,0.0
Green,place-kntst,17,1030,0.024271844660194167
Green,place-kntst,18,1037,0.022179363548698167
Green,place-kntst,19,1048,0.02862595419847328
Green,place-kntst,20,1044,0.06226053639846743
Green,place-kntst,21,1029,0.005830903790087457
Green,place-kntst,22,970,0.0
Green,place-kntst,23,926,1.4892008639308856
Green,place-lake,0,533,12.142589118198874
Green,place-lake,1,365,15.964383561643835
Green,place-lake,2,59,16.25423728813559
Green,place-lake,3,4,24.75
Green,place-lake,4,2,0.0
Green,place-lake,5,19,9.368421052631577
Green,place-lake,6,533,9.545966228893057
Green,place-lake,7,610,6.940983606557377
Green,place-lake,8,537,7.64245810055866
Green,place-lake,9,571,7.7075306479859895
Green,place-lake,10,547,9.522851919561242
Green,place-lake,11,593,9.124789207419898
Green,place-lake,12,539,7.12987012987013
Green,place-lake,13,555,5.077477477477477
Green,place-lake,14,541,4.251386321626617
Green,place-lake,15,531,8.487758945386064
Green,place-lake,16,529,11.149338374291116
Green,place-lake,17,544,6.845588235294118
Green,place-lake,18,542,16.440959409594097
Green,place-lake,19,581,5.40447504302926
Green,place-lake,20,537,4.849162011173185
Green,place-lake,21,546,4.847985347985348
Green,place-lake,22,505,8.211881188118811
Green,place-lake,23,499,11.703406813627254
Green,place-lech,0,1978,18.124873609706775
Green,place-lech,1,886,45.853273137697514
Green,place-lech,2,145,588.0551724137931
Green,place-lech,3,158,4216.0822784810125
Green,place-lech,4,81,138.64197530864197
Green,place-lech,5,1136,2.665492957746479
Green,place-lech,6,2003,5.569645531702446
Green,place-lech,7,2073,9.075253256150507
Green,place-lech,8,2107,11.85999050783104
Green,place-lech,9,2192,14.763686131386862
Green,place-lech,10,2141,16.620737972909854
Green,place-lech,11,2258,23.967670504871567
Green,place-lech,12,2189,16.941068981269986
Green,place-lech,13,2145,15.893240093240093
Green,place-lech,14,2265,22.00176600441501
Green,place-lech,15,2174,22.45078196872125
Green,place-lech,16,2208,16.11639492753623
Green,place-lech,17,2162,23.759481961147085
Green,place-lech,18,2253,19.12028406569019
Green,place-lech,19,2264,14.151060070671377
Green,place-lech,20,2253,10.059920106524634
Green,place-lech,21,2162,23.403792784458833
Green,place-lech,22,2138,9.81244153414406
Green,place-lech,23,2113,13.382867960246095
Green,place-lngmd,0,1016,6.616141732283465
Green,place-lngmd,1,231,2.9047619047619047
Green,place-lngmd,2,32,2.40625
Green,place-lngmd,3,1,0.0
Green,place-lngmd,4,2,0.0
Green,place-lngmd,5,355,0.008450704225352112
Green,place-lngmd,6,879,0.4994311717861207
Green,place-lngmd,7,1039,0.3041385948026949
Green,place-lngmd,8,1044,0.3132183908045976
Green,place-lngmd,9,1052,0.10836501901140683
Green,place-lngmd,10,1053,1.190883190883191
Green,place-lngmd,11,1037,2.584378013500482
Green,place-lngmd,12,1022,0.1771037181996086
Green,place-lngmd,13,1027,0.039922103213242445
Green,place-lngmd,14,1015,0.0896551724137931
Green,place-lngmd,15,1047,0.12798471824259788
Green,place-lngmd,16,1042,0.16026871401151632
Green,place-lngmd,17,1012,0.2509881422924901
Green,place-lngmd,18,1065,0.4553990610328638
Green,place-lngmd,19,1081,2.8899167437557822
Green,place-lngmd,20,1049,0.5176358436606292
Green,place-lngmd,21,1018,0.18860510805500982
Green,place-lngmd,22,1074,0.4553072625698324
Green,place-lngmd,23,1018,0.4656188605108055
Green,place-longw,0,798,8.853383458646617
Green,place-longw,1,365,15.076712328767123
Green,place-longw,2,30,15.933333333333334
Green,place-longw,3,1,0.0
Green,place-longw,4,66,0.30303030303030304
Green,place-longw,5,500,2.062
Green,place-longw,6,930,4.362365591397849
Green,place-longw,7,985,2.2020304568527918
Green,place-longw,8,1074,3.4515828677839853
Green,place-longw,9,1047,1.484240687679083
Green,place-longw,10,1028,0.8268482490272373
Green,place-longw,11,1082,1.1367837338262476
Green,place-longw,12,1039,0.4850818094321463
Green,place-longw,13,1068,0.7677902621722846
Green,place-longw,14,1052,0.8631178707224335
Green,place-longw,15,1057,1.5203405865657522
Green,place-longw,16,1048,1.4427480916030535
Green,place-longw,17,1052,1.8925855513307985
Green,place-longw,18,1065,1.3211267605633803
Green,place-longw,19,1118,0.9525939177101967
Green,place-longw,20,1087,1.343146274149034
Green,place-longw,21,1090,1.3403669724770642
Green,place-longw,22,1098,1.8907103825136613
Green,place-longw,23,1031,8.993210475266732
Green,place-mdftf,0,580,31.408620689655173
Green,place-mdftf,1,451,49.534368070953434
Green,place-mdftf,2,52,0.6153846153846154
Green,place-mdftf,3,2,21.0
Green,place-mdftf,4,88,8.579545454545455
Green,place-mdftf,5,519,15.356454720616568
Green,place-mdftf,6,750,60.344
Green,place-mdftf,7,616,41.73376623376623
Green,place-mdftf,8,556,36.06654676258993
Green,place-mdftf,9,583,42.320754716981135
Green,place-mdftf,10,581,44.89500860585198
Green,place-mdftf,11,654,67.40825688073394
Green,place-mdftf,12,562,37.27224199288256
Green,place-mdftf,13,581,29.42340791738382
Green,place-mdftf,14,574,24.99128919860627
Green,place-mdftf,15,577,29.12478336221837
Green,place-mdftf,16,598,18.10535117056856
Green,place-mdftf,17,575,12.09217391304348
Green,place-mdftf,18,590,37.898305084745765
Green,place-mdftf,19,610,43.4
Green,place-mdftf,20,641,24.538221528861154
Green,place-mdftf,21,575,43.19826086956522
Green,place-mdftf,22,595,27.060504201680672
Green,place-mdftf,23,617,61.042139384116695
Green,place-mfa,0,1018,16.839882121807467
Green,place-mfa,1,236,16.652542372881356
Green,place-mfa,2,31,3.0967741935483866
Green,place-mfa,3,1,0.0
Green,place-mfa,4,2,0.0
Green,place-mfa,5,345,1.4405797101449276
Green,place-mfa,6,885,3.2124293785310734
Green,place-mfa,7,1029,2.7453838678328473
Green,place-mfa,8,1039,0.17709335899903753
Green,place-mfa,9,1045,0.059330143540669844
Green,place-mfa,10,1051,0.2721217887725975
Green,place-mfa,11,1035,0.32657004830917874
Green,place-mfa,12,1015,0.20591133004926104
Green,place-mfa,13,1037,0.22661523625843774
Green,place-mfa,14,1001,0.28771228771228774
Green,place-mfa,15,1044,0.2720306513409962
Green,place-mfa,16,1043,0.5465004793863855
Green,place-mfa,17,1032,0.4563953488372093
Green,place-mfa,18,1069,0.64733395696913
Green,place-mfa,19,1074,0.6219739292364991
Green,place-mfa,20,1032,1.0920542635658914
Green,place-mfa,21,1030,0.45728155339805826
Green,place-mfa,22,1053,1.1054131054131053
Green,place-mfa,23,1025,8.487804878048781
Green,place-mgngl,0,861,3.545876887340302
Green,place-mgngl,1,484,6.012396694214876
Green,place-mgngl,2,49,0.0
Green,place-mgngl,3,3,0.0
Green,place-mgngl,4,124,0.0
Green,place-mgngl,5,1005,1.400995024875622
Green,place-mgngl,6,1374,0.48544395924308587
Green,place-mgngl,7,1206,4.497512437810945
Green,place-mgngl,8,1130,2.1628318584070803
Green,place-mgngl,9,1162,2.6953528399311533
Green,place-mgngl,10,1145,4.319650655021834
Green,place-mgngl,11,1204,1.3255813953488371
Green,place-mgngl,12,1130,3.436283185840708
Green,place-mgngl,13,1156,3.7897923875432524
Green,place-mgngl,14,1136,3.336267605633803
Green,place-mgngl,15,1132,4.798586572438163
Green,place-mgngl,16,1214,1.5024711696869852
Green,place-mgngl,17,1167,2.8646101113967437
Green,place-mgngl,18,1170,1.241880341880342
Green,place-mgngl,19,1172,1.1928327645051195
Green,place-mgngl,20,1206,2.242951907131012
Green,place-mgngl,21,1124,1.8825622775800712
Green,place-mgngl,22,1160,1.1206896551724137
Green,place-mgngl,23,1133,1.3177405119152692
Green,place-mispk,0,1013,0.16386969397828233
Green,place-mispk,1,211,0.0
Green,place-mispk,2,37,0.0
Green,place-mispk,3,1,0.0
Green,place-mispk,4,2,0.0
Green,place-mispk,5,341,0.0
Green,place-mispk,6,856,2.8014018691588785
Green,place-mispk,7,1021,0.7189030362389814
Green,place-mispk,8,997,0.3731193580742227
Green,place-mispk,9,1016,0.03740157480314961
Green,place-mispk,10,963,0.6666666666666666
Green,place-mispk,11,1013,0.08094768015794666
Green,place-mispk,12,973,0.8766700924974307
Green,place-mispk,13,1022,0.6086105675146771
Green,place-mispk,14,988,0.18016194331983806
Green,place-mispk,15,1029,0.4499514091350826
Green,place-mispk,16,990,0.02626262626262624
Green,place-mispk,17,988,1.2024291497975708
Green,place-mispk,18,1028,0.17704280155642024
Green,place-mispk,19,1059,0.3918791312559018
Green,place-mispk,20,1036,0.0
Green,place-mispk,21,1032,0.38275193798449614
Green,place-mispk,22,1074,0.0521415270018622
Green,place-mispk,23,1014,0.1282051282051282
Green,place-newtn,0,704,2.2173295454545454
Green,place-newtn,1,462,0.3484848484848485
Green,place-newtn,2,59,0.0
Green,place-newtn,3,2,25.0
Green,place-newtn,4,63,0.0
Green,place-newtn,5,531,0.2787193973634652
Green,place-newtn,6,904,3.018805309734513
Green,place-newtn,7,986,1.7170385395537526
Green,place-newtn,8,1003,4.8554336989032905
Green,place-newtn,9,1036,0.7944015444015444
Green,place-newtn,10,1035,1.6251207729468602
Green,place-newtn,11,1053,4.557454890788224
Green,place-newtn,12,1063,10.1862652869238
Green,place-newtn,13,1028,0.35797665369649806
Green,place-newtn,14,1047,0.7965616045845272
Green,place-newtn,15,1072,2.0055970149253732
Green,place-newtn,16,1027,1.3573515092502435
Green,place-newtn,17,1032,5.017441860465116
Green,place-newtn,18,1018,1.6424361493123771
Green,place-newtn,19,1122,2.8163992869875223
Green,place-newtn,20,1091,5.13198900091659
Green,place-newtn,21,1076,4.471189591078067
Green,place-newtn,22,954,3.5440251572327046
Green,place-newtn,23,1027,2.1100292112950343
Green,place-newto,0,725,3.3048275862068968
Green,place-newto,1,450,3.111111111111111
Green,place-newto,2,56,0.03571428571428571
Green,place-newto,3,1,0.0
Green,place-newto,4,59,0.0
Green,place-newto,5,538,0.08550185873605948
Green,place-newto,6,922,0.10086767895878525
Green,place-newto,7,970,3.0896907216494847
Green,place-newto,8,1044,3.5239463601532566
Green,place-newto,9,1033,7.553727008712488
Green,place-newto,10,1057,2.0719016083254496
Green,place-newto,11,1051,2.1845861084681255
Green,place-newto,12,1108,4.963898916967509
Green,place-newto,13,1074,3.0623836126629422
Green,place-newto,14,1029,1.248785228377065
Green,place-newto,15,1085,0.8820276497695853
Green,place-newto,16,1029,0.45092322643343047
Green,place-newto,17,1073,5.68219944082013
Green,place-newto,18,1050,0.44571428571428573
Green,place-newto,19,1111,9.53915391539154
Green,place-newto,20,1105,1.8407239819004524
Green,place-newto,21,1069,0.6791393826005612
Green,place-newto,22,992,2.8891129032258065
Green,place-newto,23,1057,0.9479659413434248
Green,place-north,0,1801,2.118267629094947
Green,place-north,1,590,17.452542372881357
Green,place-north,2,65,41.44615384615385
Green,place-north,3,1,243.0
Green,place-north,4,22,0.0
Green,place-north,5,912,0.956140350877193
Green,place-north,6,1854,3.269687162891046
Green,place-north,7,1993,4.306071249372804
Green,place-north,8,2007,7.370204285002491
Green,place-north,9,2060,3.6519417475728155
Green,place-north,10,2027,8.148001973359644
Green,place-north,11,2086,9.951102588686481
Green,place-north,12,2043,4.770925110132159
Green,place-north,13,1976,7.284412955465587
Green,place-north,14,2011,4.053704624564893
Green,place-north,15,2054,7.267283349561831
Green,place-north,16,2029,4.181862986692952
Green,place-north,17,1987,5.750377453447408
Green,place-north,18,2072,3.3682432432432434
Green,place-north,19,2058,3.4805636540330416
Green,place-north,20,2101,8.879105188005711
Green,place-north,21,2028,2.876232741617357
Green,place-north,22,2022,2.0791295746785363
Green,place-north,23,1939,4.937596699329552
Green,place-nuniv,0,996,5.325301204819276
Green,place-nuniv,1,249,0.8875502008032129
Green,place-nuniv,2,29,2.0344827586206895
Green,place-nuniv,3,1,0.0
Green,place-nuniv,5,344,1.9651162790697674
Green,place-nuniv,6,900,3.8922222222222222
Green,place-nuniv,7,1016,1.6437007874015748
Green,place-nuniv,8,1052,3.245247148288974
Green,place-nuniv,9,1023,2.654936461388074
Green,place-nuniv,10,1046,2.041108986615679
Green,place-nuniv,11,1051,2.219790675547098
Green,place-nuniv,12,992,2.0
Green,place-nuniv,13,1035,1.502415458937198
Green,place-nuniv,14,1009,2.1982160555004957
Green,place-nuniv,15,1029,3.0476190476190474
Green,place-nuniv,16,1048,2.0286259541984735
Green,place-nuniv,17,1032,1.1647286821705427
Green,place-nuniv,18,1066,2.24108818011257
Green,place-nuniv,19,1070,1.9570093457943925
Green,place-nuniv,20,1037,1.5342333654773386
Green,place-nuniv,21,1028,1.3521400778210118
Green,place-nuniv,22,1047,2.1996179560649476
Green,place-nuniv,23,1031,1.492725509214355
Green,place-pktrm,0,3352,8.619928400954654
Green,place-pktrm,1,838,5.891408114558472
Green,place-pktrm,2,76,2.5921052631578947
Green,place-pktrm,3,2,0.0
Green,place-pktrm,4,2,81.5
Green,place-pktrm,5,1716,5.827505827505828
Green,place-pktrm,6,3478,6.398792409430707
Green,place-pktrm,7,3744,4.029647435897436
Green,place-pktrm,8,3864,3.735248447204969
Green,place-pktrm,9,3902,5.313172731932343
Green,place-pktrm,10,3889,6.709436873232193
Green,place-pktrm,11,3871,5.709377421854818
Green,place-pktrm,12,3823,7.165576772168454
Green,place-pktrm,13,3776,5.121822033898305
Green,place-pktrm,14,3821,6.014132426066475
Green,place-pktrm,15,3832,8.127087682672235
Green,place-pktrm,16,3845,8.095708712613785
Green,place-pktrm,17,3751,10.515062649960011
Green,place-pktrm,18,3954,11.058168942842691
Green,place-pktrm,19,3820,7.825916230366492
Green,place-pktrm,20,3891,6.280133641737343
Green,place-pktrm,21,3843,5.692688004163414
Green,place-pktrm,22,3671,5.978752383546717
Green,place-pktrm,23,3652,8.528751369112815
Green,place-prmnl,0,979,7.133810010214504
Green,place-prmnl,1,248,6.82258064516129
Green,place-prmnl,2,26,3.6923076923076925
Green,place-prmnl,3,1,0.0
Green,place-prmnl,5,342,3.8684210526315788
Green,place-prmnl,6,896,4.732142857142857
Green,place-prmnl,7,1009,0.7452923686818632
Green,place-prmnl,8,1035,2.4657004830917875
Green,place-prmnl,9,1023,2.8934506353861194
Green,place-prmnl,10,1025,2.9248780487804877
Green,place-prmnl,11,1028,7.928015564202335
Green,place-prmnl,12,1004,4.258964143426295
Green,place-prmnl,13,1001,2.2927072927072927
Green,place-prmnl,14,992,0.4485887096774194
Green,place-prmnl,15,1032,10.911821705426357
Green,place-prmnl,16,1029,0.3780369290573372
Green,place-prmnl,17,1013,0.8144126357354392
Green,place-prmnl,18,1051,6.488106565176023
Green,place-prmnl,19,1057,5.71996215704825
Green,place-prmnl,20,1046,5.420650095602294
Green,place-prmnl,21,1023,4.9608993157380255
Green,place-prmnl,22,1036,6.0675675675675675
Green,place-prmnl,23,1037,5.446480231436837
Green,place-river,0,477,53.39832285115304
Green,place-river,1,492,8.949186991869919
Green,place-river,2,75,12.373333333333333
Green,place-river,3,2,7.0
Green,place-river,4,4,8.5
Green,place-river,5,6,0.0
Green,place-river,6,322,27.571428571428573
Green,place-river,7,443,23.465011286681715
Green,place-river,8,483,19.4120082815735
Green,place-river,9,503,56.64811133200795
Green,place-river,10,539,52.66048237476809
Green,place-river,11,530,56.5188679245283
Green,place-river,12,550,67.92545454545454
Green,place-river,13,539,68.17439703153988
Green,place-river,14,486,17.232510288065843
Green,place-river,15,541,18.23290203327172
Green,place-river,16,506,25.59090909090909
Green,place-river,17,510,51.29607843137255
Green,place-river,18,514,18.38715953307393
Green,place-river,19,545,25.363302752293578
Green,place-river,20,548,31.027372262773724
Green,place-river,21,511,37.28962818003914
Green,place-river,22,548,32.66970802919708
Green,place-river,23,507,49.99211045364891
Green,place-rsmnl,0,736,8.283967391304348
Green,place-rsmnl,1,407,20.383292383292382
Green,place-rsmnl,2,51,6.313725490196078
Green,place-rsmnl,3,2,100.0
Green,place-rsmnl,4,1,0.0
Green,place-rsmnl,5,542,0.6217712177121771
Green,place-rsmnl,6,906,4.82560706401766
Green,place-rsmnl,7,917,6.420937840785169
Green,place-rsmnl,8,1049,2.1067683508102957
Green,place-rsmnl,9,1038,6.134874759152216
Green,place-rsmnl,10,1018,16.916502946954814
Green,place-rsmnl,11,1042,6.909788867562381
Green,place-rsmnl,12,1005,14.562189054726367
Green,place-rsmnl,13,1042,2.3378119001919386
Green,place-rsmnl,14,1009,3.871159563924678
Green,place-rsmnl,15,1013,1.667324777887463
Green,place-rsmnl,16,1050,8.426666666666666
Green,place-rsmnl,17,1023,5.735092864125122
Green,place-rsmnl,18,1043,1.4247363374880153
Green,place-rsmnl,19,1093,1.3412625800548947
Green,place-rsmnl,20,1098,24.26502732240437
Green,place-rsmnl,21,1090,6.5926605504587155
Green,place-rsmnl,22,987,12.954407294832826
Green,place-rsmnl,23,1017,10.772861356932154
Green,place-rvrwy,0,1024,12.64453125
Green,place-rvrwy,1,224,6.946428571428571
Green,place-rvrwy,2,40,4.725
Green,place-rvrwy,4,2,0.0
Green,place-rvrwy,5,356,14.929775280898877
Green,place-rvrwy,6,849,5.159010600706714
Green,place-rvrwy,7,1007,9.33664349553128
Green,place-rvrwy,8,1044,7.424329501915709
Green,place-rvrwy,9,1035,11.271497584541063
Green,place-rvrwy,10,958,8.407098121085594
Green,place-rvrwy,11,1021,5.072477962781587
Green,place-rvrwy,12,969,4.7936016511867905
Green,place-rvrwy,13,1042,5.116122840690979
Green,place-rvrwy,14,980,6.841836734693879
Green,place-rvrwy,15,1037,8.68563162970106
Green,place-rvrwy,16,999,13.785785785785786
Green,place-rvrwy,17,1010,18.565346534653465
Green,place-rvrwy,18,1037,7.1591128254580525
Green,place-rvrwy,19,1071,3.5331465919701213
Green,place-rvrwy,20,1045,3.933971291866029
Green,place-rvrwy,21,1041,4.2055715658021136
Green,place-rvrwy,22,1078,3.453617810760668
Green,place-rvrwy,23,1023,10.624633431085044
Green,place-smary,0,771,2.775616083009079
Green,place-smary,1,187,8.53475935828877
Green,place-smary,2,26,3.1153846153846154
Green,place-smary,3,3,2.6666666666666665
Green,place-smary,5,556,1.8255395683453237
Green,place-smary,6,969,3.395252837977296
Green,place-smary,7,1048,2.770038167938931
Green,place-smary,8,1074,2.8901303538175047
Green,place-smary,9,1074,8.783985102420857
Green,place-smary,10,1112,5.789568345323741
Green,place-smary,11,1045,1.9167464114832535
Green,place-smary,12,1068,1.7631086142322097
Green,place-smary,13,1062,0.9717514124293786
Green,place-smary,14,1066,7.424953095684803
Green,place-smary,15,1083,5.751615881809788
Green,place-smary,16,1070,0.47196261682242985
Green,place-smary,17,1044,6.845785440613027
Green,place-smary,18,1046,1.5325047801147227
Green,place-smary,19,1059,0.8989612842304061
Green,place-smary,20,1074,3.4236499068901303
Green,place-smary,21,1043,0.9702780441035475
Green,place-smary,22,969,0.3632610939112487
Green,place-smary,23,919,3.7682263329706203
Green,place-sougr,0,761,1.6688567674113008
Green,place-sougr,1,360,0.0
Green,place-sougr,2,53,195.16981132075472
Green,place-sougr,3,6,0.0
Green,place-sougr,4,2,0.0
Green,place-sougr,5,1099,0.6032757051865332
Green,place-sougr,6,1222,2.25531914893617
Green,place-sougr,7,1140,14.249122807017544
Green,place-sougr,8,1145,7.390393013100437
Green,place-sougr,9,1128,8.542553191489361
Green,place-sougr,10,1125,7.0328888888888885
Green,place-sougr,11,1169,6.3053892215568865
Green,place-sougr,12,1072,1.8031716417910448
Green,place-sougr,13,1114,0.7782764811490125
Green,place-sougr,14,1108,1.4160649819494584
Green,place-sougr,15,1075,2.382325581395349
Green,place-sougr,16,1107,0.7100271002710027
Green,place-sougr,17,1095,1.05662100456621
Green,place-sougr,18,1105,9.357466063348417
Green,place-sougr,19,1117,5.080572963294539
Green,place-sougr,20,1094,1.5420475319926874
Green,place-sougr,21,1080,2.0277777777777777
Green,place-sougr,22,1013,11.284304047384008
Green,place-sougr,23,977,1.187308085977482
Green,place-spmnl,0,1896,11.83860759493671
Green,place-spmnl,1,658,5.533434650455927
Green,place-spmnl,2,82,20.378048780487806
Green,place-spmnl,4,79,17.303797468354432
Green,place-spmnl,5,1142,14.852014010507881
Green,place-spmnl,6,2046,7.735092864125122
Green,place-spmnl,7,2085,14.532374100719425
Green,place-spmnl,8,2075,19.665542168674698
Green,place-spmnl,9,2178,16.08080808080808
Green,place-spmnl,10,2125,24.54870588235294
Green,place-spmnl,11,2205,21.62267573696145
Green,place-spmnl,12,2135,22.3480093676815
Green,place-spmnl,13,2117,25.24893717524799
Green,place-spmnl,14,2233,22.403045230631438
Green,place-spmnl,15,2190,16.990867579908677
Green,place-spmnl,16,2214,25.913730803974705
Green,place-spmnl,17,2160,25.377777777777776
Green,place-spmnl,18,2244,14.827540106951872
Green,place-spmnl,19,2234,18.974932855863923
Green,place-spmnl,20,2273,11.809062912450504
Green,place-spmnl,21,2128,13.197368421052632
Green,place-spmnl,22,2160,21.058333333333334
Green,place-spmnl,23,2084,13.713051823416507
Green,place-sthld,0,738,1.9363143631436315
Green,place-sthld,1,331,3.0422960725075527
Green,place-sthld,2,41,1.6341463414634145
Green,place-sthld,3,2,20.5
Green,place-sthld,5,563,0.13321492007104796
Green,place-sthld,6,932,2.1834763948497855
Green,place-sthld,7,1074,2.1685288640595903
Green,place-sthld,8,1109,1.7114517583408475
Green,place-sthld,9,1123,1.018699910952805
Green,place-sthld,10,1099,1.1819836214740673
Green,place-sthld,11,1127,0.4755989352262644
Green,place-sthld,12,1047,1.5577841451766954
Green,place-sthld,13,1081,1.2099907493061979
Green,place-sthld,14,1064,0.3975563909774436
Green,place-sthld,15,1069,0.8344246959775491
Green,place-sthld,16,1064,1.906954887218045
Green,place-sthld,17,1065,3.310798122065728
Green,place-sthld,18,1044,4.083333333333333
Green,place-sthld,19,1101,3.376930063578565
Green,place-sthld,20,1067,3.332708528584817
Green,place-sthld,21,1041,3.5658021133525457
Green,place-sthld,22,981,2.0428134556574924
Green,place-sthld,23,1013,0.3366238894373149
Green,place-stpul,0,753,0.26029216467463473
Green,place-stpul,1,196,0.0
Green,place-stpul,2,29,0.0
Green,place-stpul,3,1,0.0
Green,place-stpul,5,597,0.06532663316582915
Green,place-stpul,6,953,0.44805876180482684
Green,place-stpul,7,1044,0.06800766283524905
Green,place-stpul,8,1069,0.23573433115060802
Green,place-stpul,9,1103,0.16137805983680867
Green,place-stpul,10,1096,0.5757299270072992
Green,place-stpul,11,1048,0.5744274809160306
Green,place-stpul,12,1065,0.9953051643192489
Green,place-stpul,13,1049,1.6253574833174451
Green,place-stpul,14,1063,0.7732831608654751
Green,place-stpul,15,1070,0.3485981308411215
Green,place-stpul,16,1075,0.1097674418604651
Green,place-stpul,17,1031,0.4684772065955383
Green,place-stpul,18,1059,0.029272898961284214
Green,place-stpul,19,1059,1.4891406987724267
Green,place-stpul,20,1061,0.4363807728557964
Green,place-stpul,21,1041,0.36407300672430354
Green,place-stpul,22,981,2.1019367991845055
Green,place-stpul,23,920,0.4543478260869565
Green,place-sumav,0,621,4.677938808373591
Green,place-sumav,1,183,2.4644808743169397
Green,place-sumav,2,23,0.0
Green,place-sumav,3,1,0.0
Green,place-sumav,5,563,14.079928952042629
Green,place-sumav,6,861,8.08362369337979
Green,place-sumav,7,926,2.2958963282937366
Green,place-sumav,8,941,2.0276301806588735
Green,place-sumav,9,952,1.3760504201680672
Green,place-sumav,10,961,3.1644120707596253
Green,place-sumav,11,935,1.5016042780748664
Green,place-sumav,12,929,0.9397201291711518
Green,place-sumav,13,915,2.0896174863387977
Green,place-sumav,14,931,1.8485499462943071
Green,place-sumav,15,966,0.9399585921325052
Green,place-sumav,16,951,0.5005257623554153
Green,place-sumav,17,912,0.6019736842105263
Green,place-sumav,18,920,1.4576086956521739
Green,place-sumav,19,912,5.633771929824562
Green,place-sumav,20,947,5.84688489968321
Green,place-sumav,21,926,7.978401727861771
Green,place-sumav,22,859,7.1944121071012805
Green,place-sumav,23,805,9.181366459627329
Green,place-tapst,0,555,0.7675675675675676
Green,place-tapst,1,167,0.7245508982035929
Green,place-tapst,2,24,0.7083333333333334
Green,place-tapst,4,3,4.333333333333333
Green,place-tapst,5,571,4.903677758318739
Green,place-tapst,6,776,5.356958762886598
Green,place-tapst,7,844,4.017772511848341
Green,place-tapst,8,894,3.427293064876958
Green,place-tapst,9,885,3.4135593220338984
Green,place-tapst,10,858,4.121212121212122
Green,place-tapst,11,869,3.575373993095512
Green,place-tapst,12,866,3.884526558891455
Green,place-tapst,13,840,6.152380952380953
Green,place-tapst,14,851,4.057579318448885
Green,place-tapst,15,862,4.346867749419954
Green,place-tapst,16,865,4.953757225433526
Green,place-tapst,17,837,3.6379928315412187
Green,place-tapst,18,840,3.3976190476190475
Green,place-tapst,19,867,3.1372549019607843
Green,place-tapst,20,842,2.7553444180522564
Green,place-tapst,21,820,2.2243902439024392
Green,place-tapst,22,804,2.925373134328358
Green,place-tapst,23,705,1.8326241134751773
Green,place-unsqu,0,388,35.5180412371134
Green,place-unsqu,1,136,45.705882352941174
Green,place-unsqu,2,22,126.68181818181819
Green,place-unsqu,4,2,0.0
Green,place-unsqu,5,131,17.0
Green,place-unsqu,6,345,28.21159420289855
Green,place-unsqu,7,363,45.62809917355372
Green,place-unsqu,8,365,64.40821917808219
Green,place-unsqu,9,396,25.366161616161616
Green,place-unsqu,10,364,28.447802197802197
Green,place-unsqu,11,424,74.13443396226415
Green,place-unsqu,12,374,32.294117647058826
Green,place-unsqu,13,407,18.58968058968059
Green,place-unsqu,14,385,27.467532467532468
Green,place-unsqu,15,386,42.331606217616574
Green,place-unsqu,16,382,7.212041884816754
Green,place-unsqu,17,392,54.5
Green,place-unsqu,18,400,31.93
Green,place-unsqu,19,384,51.270833333333336
Green,place-unsqu,20,405,40.67654320987654
Green,place-unsqu,21,387,41.457364341085274
Green,place-unsqu,22,372,20.061827956989248
Green,place-unsqu,23,343,27.979591836734695
Green,place-waban,0,681,3.910425844346549
Green,place-waban,1,502,0.8406374501992032
Green,place-waban,2,63,0.0
Green,place-waban,3,4,30.0
Green,place-waban,4,117,0.1282051282051282
Green,place-waban,5,496,4.25
Green,place-waban,6,910,7.525274725274725
Green,place-waban,7,947,10.148891235480464
Green,place-waban,8,1003,6.920239282153539
Green,place-waban,9,1054,6.264705882352941
Green,place-waban,10,1059,7.553352219074599
Green,place-waban,11,1053,4.763532763532764
Green,place-waban,12,1027,3.818889970788705
Green,place-waban,13,1057,7.244087038789026
Green,place-waban,14,1037,2.211186113789778
Green,place-waban,15,1066,2.526266416510319
Green,place-waban,16,1017,2.8200589970501473
Green,place-waban,17,1032,6.31686046511628
Green,place-waban,18,1030,3.2446601941747573
Green,place-waban,19,1093,3.394327538883806
Green,place-waban,20,1068,6.550561797752809
Green,place-waban,21,1038,11.622350674373795
Green,place-waban,22,986,3.650101419878296
Green,place-waban,23,1004,4.53386454183267
Green,place-wascm,0,758,8.825857519788919
Green,place-wascm,1,315,2.9365079365079363
Green,place-wascm,2,38,1.4473684210526316
Green,place-wascm,3,1,1.0
Green,place-wascm,5,566,2.835689045936396
Green,place-wascm,6,964,2.6441908713692945
Green,place-wascm,7,1060,3.0066037735849056
Green,place-wascm,8,1121,3.3140053523639605
Green,place-wascm,9,1122,5.467023172905526
Green,place-wascm,10,1130,10.093805309734513
Green,place-wascm,11,1127,5.031055900621118
Green,place-wascm,12,1066,3.230769230769231
Green,place-wascm,13,1088,1.4751838235294117
Green,place-wascm,14,1063,2.300094073377234
Green,place-wascm,15,1078,9.5
Green,place-wascm,16,1066,9.910881801125704
Green,place-wascm,17,1077,11.779015784586814
Green,place-wascm,18,1054,12.62618595825427
Green,place-wascm,19,1101,12.54314259763851
Green,place-wascm,20,1064,9.727443609022556
Green,place-wascm,21,1066,4.556285178236398
Green,place-wascm,22,982,3.9226069246435844
Green,place-wascm,23,1024,10.2333984375
Green,place-woodl,0,647,5.95208655332303
Green,place-woodl,1,528,0.8465909090909091
Green,place-woodl,2,68,0.0
Green,place-woodl,3,3,23.666666666666668
Green,place-woodl,4,180,8.883333333333333
Green,place-woodl,5,602,9.127906976744185
Green,place-woodl,6,906,11.710816777041943
Green,place-woodl,7,1015,13.645320197044335
Green,place-woodl,8,1041,15.234390009606148
Green,place-woodl,9,1051,12.668886774500475
Green,place-woodl,10,1069,10.838166510757718
Green,place-woodl,11,1100,7.897272727272727
Green,place-woodl,12,1057,10.346263008514665
Green,place-woodl,13,1106,7.743218806509946
Green,place-woodl,14,1059,7.747875354107649
Green,place-woodl,15,1099,11.787079162875342
Green,place-woodl,16,1057,10.44465468306528
Green,place-woodl,17,1058,7.169187145557656
Green,place-woodl,18,1036,7.724903474903474
Green,place-woodl,19,1113,6.566936208445642
Green,place-woodl,20,1088,13.680147058823529
Green,place-woodl,21,1020,10.723529411764705
Green,place-woodl,22,999,6.774774774774775
Green,place-woodl,23,1014,9.334319526627219
Green,place-wrnst,0,748,1.8088235294117647
Green,place-wrnst,1,302,1.1456953642384107
Green,place-wrnst,2,35,1.3142857142857143
Green,place-wrnst,3,1,52.0
Green,place-wrnst,5,542,0.2896678966789668
Green,place-wrnst,6,959,0.20750782064650672
Green,place-wrnst,7,1077,0.9229340761374187
Green,place-wrnst,8,1124,0.9181494661921709
Green,place-wrnst,9,1112,1.5728417266187051
Green,place-wrnst,10,1121,1.1454058876003568
Green,place-wrnst,11,1114,0.6247755834829444
Green,place-wrnst,12,1046,1.4875717017208414
Green,place-wrnst,13,1075,0.8288372093023256
Green,place-wrnst,14,1075,0.09116279069767441
Green,place-wrnst,15,1071,0.4677871148459384
Green,place-wrnst,16,1068,0.18071161048689138
Green,place-wrnst,17,1066,0.2964352720450281
Green,place-wrnst,18,1062,0.6129943502824858
Green,place-wrnst,19,1077,1.2655524605385329
Green,place-wrnst,20,1069,0.2666043030869972
Green,place-wrnst,21,1049,0.7140133460438512
Green,place-wrnst,22,984,1.0772357723577235
Green,place-wrnst,23,1016,1.3946850393700787
Mattapan,place-asmnl,0,384,2.5104166666666665
Mattapan,place-asmnl,1,157,0.9171974522292994
Mattapan,place-asmnl,2,31,0.7741935483870968
Mattapan,place-asmnl,5,310,0.016129032258064516
Mattapan,place-asmnl,6,422,7.8246445497630335
Mattapan,place-asmnl,7,604,14.009933774834437
Mattapan,place-asmnl,8,643,9.441679626749611
Mattapan,place-asmnl,9,578,7.0588235294117645
Mattapan,place-asmnl,10,484,19.793388429752063
Mattapan,place-asmnl,11,538,5.345724907063197
Mattapan,place-asmnl,12,549,3.6411657559198543
Mattapan,place-asmnl,13,481,3.4303534303534304
Mattapan,place-asmnl,14,538,4.492565055762082
Mattapan,place-asmnl,15,651,2.3440860215053765
Mattapan,place-asmnl,16,664,3.2198795180722892
Mattapan,place-asmnl,17,649,5.303543913713405
Mattapan,place-asmnl,18,595,2.0554621848739494
Mattapan,place-asmnl,19,435,4.972413793103448
Mattapan,place-asmnl,20,427,5.60655737704918
Mattapan,place-asmnl,21,419,23.87112171837709
Mattapan,place-asmnl,22,382,21.222513089005236
Mattapan,place-asmnl,23,424,7.952830188679245
Mattapan,place-butlr,0,787,0.30876747141041927
Mattapan,place-butlr,1,323,0.4520123839009288
Mattapan,place-butlr,2,67,0.11940298507462686
Mattapan,place-butlr,5,684,0.21783625730994152
Mattapan,place-butlr,6,835,0.49820359281437127
Mattapan,place-butlr,7,1178,2.00169779286927
Mattapan,place-butlr,8,1297,2.143407864302236
Mattapan,place-butlr,9,1092,3.3653846153846154
Mattapan,place-butlr,10,1073,3.305684995340168
Mattapan,place-butlr,11,984,1.3841463414634145
Mattapan,place-butlr,12,1069,1.3751169317118803
Mattapan,place-butlr,13,1090,1.88348623853211
Mattapan,place-butlr,14,984,2.0528455284552845
Mattapan,place-butlr,15,1318,1.267071320182094
Mattapan,place-butlr,16,1328,2.365963855421687
Mattapan,place-butlr,17,1296,3.077932098765432
Mattapan,place-butlr,18,1242,4.942028985507246
Mattapan,place-butlr,19,912,2.7719298245614037
Mattapan,place-butlr,20,798,1.268170426065163
Mattapan,place-butlr,21,803,0.7783312577833126
Mattapan,place-butlr,22,814,0.773955773955774
Mattapan,place-butlr,23,806,0.5744416873449132
Mattapan,place-capst,0,799,0.688360450563204
Mattapan,place-capst,1,301,0.7774086378737541
Mattapan,place-capst,2,92,0.717391304347826
Mattapan,place-capst,5,706,0.5382436260623229
Mattapan,place-capst,6,838,2.3782816229116945
Mattapan,place-capst,7,1245,3.2586345381526103
Mattapan,place-capst,8,1320,3.584848484848485
Mattapan,place-capst,9,1058,2.155954631379962
Mattapan,place-capst,10,1034,1.4970986460348163
Mattapan,place-capst,11,1065,2.3464788732394366
Mattapan,place-capst,12,1071,2.291316526610644
Mattapan,place-capst,13,1006,2.675944333996024
Mattapan,place-capst,14,1042,1.2811900191938579
Mattapan,place-capst,15,1309,2.1084797555385792
Mattapan,place-capst,16,1305,2.0628352490421458
Mattapan,place-capst,17,1307,5.573068094873756
Mattapan,place-capst,18,1246,3.936597110754414
Mattapan,place-capst,19,887,4.01803833145434
Mattapan,place-capst,20,817,2.4063647490820075
Mattapan,place-capst,21,799,2.198998748435544
Mattapan,place-capst,22,797,2.5821831869510663
Mattapan,place-capst,23,802,1.3965087281795512
Mattapan,place-cedgr,0,764,14.107329842931938
Mattapan,place-cedgr,1,336,14.148809523809524
Mattapan,place-cedgr,2,63,12.317460317460318
Mattapan,place-cedgr,5,630,16.341269841269842
Mattapan,place-cedgr,6,857,13.248541423570595
Mattapan,place-cedgr,7,1220,14.186065573770492
Mattapan,place-cedgr,8,1320,12.024242424242424
Mattapan,place-cedgr,9,1106,13.091320072332731
Mattapan,place-cedgr,10,1027,14.269717624148004
Mattapan,place-cedgr,11,1053,14.86229819563153
Mattapan,place-cedgr,12,1060,14.440566037735849
Mattapan,place-cedgr,13,1033,13.116166505324298
Mattapan,place-cedgr,14,1058,13.689035916824196
Mattapan,place-cedgr,15,1291,11.626646010844306
Mattapan,place-cedgr,16,1335,13.395505617977529
Mattapan,place-cedgr,17,1309,14.886172650878533
Mattapan,place-cedgr,18,1228,15.04071661237785
Mattapan,place-cedgr,19,895,13.950837988826816
Mattapan,place-cedgr,20,847,14.889020070838253
Mattapan,place-cedgr,21,828,16.092995169082126
Mattapan,place-cedgr,22,791,15.84323640960809
Mattapan,place-cedgr,23,835,14.114970059880239
Mattapan,place-cenav,0,810,0.5419753086419753
Mattapan,place-cenav,1,307,0.5439739413680782
Mattapan,place-cenav,2,80,0.9
Mattapan,place-cenav,5,677,0.5420974889217134
Mattapan,place-cenav,6,825,0.47515151515151516
Mattapan,place-cenav,7,1158,3.4162348877374784
Mattapan,place-cenav,8,1319,4.453373768006065
Mattapan,place-cenav,9,1089,1.8438934802571165
Mattapan,place-cenav,10,1088,4.928308823529412
Mattapan,place-cenav,11,1017,1.12094395280236
Mattapan,place-cenav,12,1042,0.3944337811900192
Mattapan,place-cenav,13,1083,0.37488457987072943
Mattapan,place-cenav,14,995,0.8743718592964824
Mattapan,place-cenav,15,1341,0.5831469052945563
Mattapan,place-cenav,16,1303,0.9938603223330775
Mattapan,place-cenav,17,1263,1.5819477434679334
Mattapan,place-cenav,18,1278,1.6189358372456963
Mattapan,place-cenav,19,887,1.7068771138669674
Mattapan,place-cenav,20,790,1.0531645569620252
Mattapan,place-cenav,21,838,0.5871121718377088
Mattapan,place-cenav,22,806,0.5732009925558312
Mattapan,place-cenav,23,768,0.67578125
Mattapan,place-matt,0,412,0.1820388349514563
Mattapan,place-matt,1,180,0.0
Mattapan,place-matt,2,63,0.0
Mattapan,place-matt,5,266,0.015037593984962403
Mattapan,place-matt,6,385,0.08831168831168831
Mattapan,place-matt,7,605,0.08099173553719008
Mattapan,place-matt,8,647,2.9149922720247297
Mattapan,place-matt,9,579,0.33678756476683935
Mattapan,place-matt,10,533,0.2739212007504691
Mattapan,place-matt,11,524,1.9446564885496185
Mattapan,place-matt,12,533,0.21575984990619138
Mattapan,place-matt,13,510,0.03137254901960784
Mattapan,place-matt,14,524,2.654580152671756
Mattapan,place-matt,15,625,0.012799999999999994
Mattapan,place-matt,16,645,0.5023255813953488
Mattapan,place-matt,17,665,0.40601503759398494
Mattapan,place-matt,18,658,0.1838905775075988
Mattapan,place-matt,19,462,0.2943722943722944
Mattapan,place-matt,20,411,0.007299270072992698
Mattapan,place-matt,21,413,0.12832929782082325
Mattapan,place-matt,22,394,0.8045685279187818
Mattapan,place-matt,23,414,0.0
Mattapan,place-miltt,0,796,0.0
Mattapan,place-miltt,1,318,0.0
Mattapan,place-miltt,2,70,0.0
Mattapan,place-miltt,5,682,0.058651026392961866
Mattapan,place-miltt,6,830,1.0590361445783132
Mattapan,place-miltt,7,1160,0.9413793103448276
Mattapan,place-miltt,8,1299,1.251732101616628
Mattapan,place-miltt,9,1082,0.8364140480591498
Mattapan,place-miltt,10,1079,0.1936978683966636
Mattapan,place-miltt,11,995,0.0
Mattapan,place-miltt,12,1049,0.5471877979027645
Mattapan,place-miltt,13,1094,0.9625228519195612
Mattapan,place-miltt,14,980,0.26224489795918365
Mattapan,place-miltt,15,1334,0.14392803598200896
Mattapan,place-miltt,16,1285,0.0038910505836575833
Mattapan,place-miltt,17,1294,2.002318392581144
Mattapan,place-miltt,18,1265,1.266403162055336
Mattapan,place-miltt,19,885,0.035028248587570615
Mattapan,place-miltt,20,786,0.019083969465648845
Mattapan,place-miltt,21,824,0.0012135922330097084
Mattapan,place-miltt,22,823,0.08140947752126365
Mattapan,place-miltt,23,777,1.0296010296010294
Mattapan,place-valrd,0,812,1.8399014778325122
Mattapan,place-valrd,1,303,4.993399339933993
Mattapan,place-valrd,2,89,0.24719101123595505
Mattapan,place-valrd,5,666,0.3633633633633634
Mattapan,place-valrd,6,821,1.3568818514007308
Mattapan,place-valrd,7,1208,3.7334437086092715
Mattapan,place-valrd,8,1304,3.1671779141104293
Mattapan,place-valrd,9,1054,2.998102466793169
Mattapan,place-valrd,10,1055,2.981990521327014
Mattapan,place-valrd,11,1064,2.1109022556390977
Mattapan,place-valrd,12,1047,1.9828080229226361
Mattapan,place-valrd,13,1054,3.0332068311195446
Mattapan,place-valrd,14,1017,3.3549655850540807
Mattapan,place-valrd,15,1322,1.7662632375189107
Mattapan,place-valrd,16,1304,2.0076687116564416
Mattapan,place-valrd,17,1299,2.9168591224018474
Mattapan,place-valrd,18,1256,1.9490445859872612
Mattapan,place-valrd,19,876,1.095890410958904
Mattapan,place-valrd,20,820,0.5170731707317073
Mattapan,place-valrd,21,818,0.16014669926650363
Mattapan,place-valrd,22,796,0.3316582914572864
Mattapan,place-valrd,23,780,1.4384615384615385
Orange,place-astao,0,1269,0.0
Orange,place-astao,1,246,0.0
Orange,place-astao,2,13,0.0
Orange,place-astao,5,848,0.031839622641509434
Orange,place-astao,6,1799,0.011117287381878812
Orange,place-astao,7,1843,0.7400976668475312
Orange,place-astao,8,1809,0.18518518518518515
Orange,place-astao,9,1801,1.2543031649083842
Orange,place-astao,10,1624,0.1440886699507389
Orange,place-astao,11,1483,0.009440323668240044
Orange,place-astao,12,1467,0.22972051806407634
Orange,place-astao,13,1436,0.0
Orange,place-astao,14,1607,0.164281269446173
Orange,place-astao,15,1762,0.0
Orange,place-astao,16,1794,0.008918617614269781
Orange,place-astao,17,1756,0.07915717539863326
Orange,place-astao,18,1808,0.09845132743362832
Orange,place-astao,19,1699,0.03472630959387874
Orange,place-astao,20,1509,0.7667329357190192
Orange,place-astao,21,1547,0.03361344537815126
Orange,place-astao,22,1509,0.12458581842279655
Orange,place-astao,23,1533,0.11415525114155249
Orange,place-bbsta,0,1308,1.0137614678899083
Orange,place-bbsta,1,253,1.7865612648221345
Orange,place-bbsta,2,17,0.0
Orange,place-bbsta,5,866,0.2690531177829099
Orange,place-bbsta,6,1866,0.8220793140407289
Orange,place-bbsta,7,1855,0.17628032345013475
Orange,place-bbsta,8,1864,0.5305793991416309
Orange,place-bbsta,9,1854,0.12998921251348436
Orange,place-bbsta,10,1693,0.603071470761961
Orange,place-bbsta,11,1501,0.4350433044636909
Orange,place-bbsta,12,1500,0.544
Orange,place-bbsta,13,1507,0.747843397478434
Orange,place-bbsta,14,1634,0.6621787025703795
Orange,place-bbsta,15,1851,0.5607779578606159
Orange,place-bbsta,16,1841,0.6844106463878327
Orange,place-bbsta,17,1789,1.1861375069871436
Orange,place-bbsta,18,1837,0.402286336418073
Orange,place-bbsta,19,1813,0.6067291781577496
Orange,place-bbsta,20,1559,0.758819756254009
Orange,place-bbsta,21,1576,0.6998730964467005
Orange,place-bbsta,22,1583,1.0410612760581175
Orange,place-bbsta,23,1586,0.7377049180327869
Orange,place-ccmnl,0,1267,1.2091554853985795
Orange,place-ccmnl,1,237,0.0
Orange,place-ccmnl,2,14,0.0
Orange,place-ccmnl,5,880,1.3511363636363636
Orange,place-ccmnl,6,1787,0.9854504756575265
Orange,place-ccmnl,7,1824,1.487390350877193
Orange,place-ccmnl,8,1782,1.5151515151515151
Orange,place-ccmnl,9,1808,2.1084070796460175
Orange,place-ccmnl,10,1643,1.91661594643944
Orange,place-ccmnl,11,1459,1.626456477039068
Orange,place-ccmnl,12,1488,1.021505376344086
Orange,place-ccmnl,13,1448,1.0200276243093922
Orange,place-ccmnl,14,1593,1.4865034526051475
Orange,place-ccmnl,15,1765,1.5388101983002833
Orange,place-ccmnl,16,1806,2.137320044296789
Orange,place-ccmnl,17,1748,2.473684210526316
Orange,place-ccmnl,18,1807,1.7271721084670726
Orange,place-ccmnl,19,1721,1.0958744915746659
Orange,place-ccmnl,20,1516,1.779683377308707
Orange,place-ccmnl,21,1542,1.1952010376134892
Orange,place-ccmnl,22,1509,1.5374420145791916
Orange,place-ccmnl,23,1541,1.2199870214146658
Orange,place-chncl,0,1246,0.0
Orange,place-chncl,1,235,0.2765957446808511
Orange,place-chncl,2,12,0.0
Orange,place-chncl,5,862,0.648491879350348
Orange,place-chncl,6,1795,0.05292479108635097
Orange,place-chncl,7,1790,0.006703910614525139
Orange,place-chncl,8,1812,0.0314569536423841
Orange,place-chncl,9,1800,0.10444444444444442
Orange,place-chncl,10,1621,0.09315237507711288
Orange,place-chncl,11,1455,11.771821305841922
Orange,place-chncl,12,1474,0.027815468113975558
Orange,place-chncl,13,1465,0.009556313993174059
Orange,place-chncl,14,1558,0.08536585365853659
Orange,place-chncl,15,1806,0.22978959025470652
Orange,place-chncl,16,1772,0.6659142212189616
Orange,place-chncl,17,1747,0.12879221522610185
Orange,place-chncl,18,1776,0.06587837837837836
Orange,place-chncl,19,1721,0.07379430563625797
Orange,place-chncl,20,1505,0.10564784053156147
Orange,place-chncl,21,1530,0.0
Orange,place-chncl,22,1500,0.10866666666666666
Orange,place-chncl,23,1570,0.026114649681528653
Orange,place-dwnxg,0,1247,0.11066559743384122
Orange,place-dwnxg,1,241,0.058091286307053944
Orange,place-dwnxg,2,11,0.0
Orange,place-dwnxg,5,836,0.08851674641148323
Orange,place-dwnxg,6,1811,0.30204307012700166
Orange,place-dwnxg,7,1807,0.6336469286109574
Orange,place-dwnxg,8,1802,1.164816870144284
Orange,place-dwnxg,9,1790,0.9083798882681564
Orange,place-dwnxg,10,1634,13.200734394124847
Orange,place-dwnxg,11,1449,0.5424430641821946
Orange,place-dwnxg,12,1463,0.3923444976076555
Orange,place-dwnxg,13,1472,0.18546195652173908
Orange,place-dwnxg,14,1561,0.3792440743113389
Orange,place-dwnxg,15,1798,2.0367074527252504
Orange,place-dwnxg,16,1778,1.5528683914510686
Orange,place-dwnxg,17,1758,2.912400455062571
Orange,place-dwnxg,18,1780,1.3207865168539326
Orange,place-dwnxg,19,1728,1.1394675925925926
Orange,place-dwnxg,20,1512,0.5965608465608465
Orange,place-dwnxg,21,1527,0.24557956777996068
Orange,place-dwnxg,22,1490,0.2892617449664429
Orange,place-dwnxg,23,1561,0.2344650864830237
Orange,place-forhl,0,802,7.114713216957606
Orange,place-forhl,1,245,16.4
Orange,place-forhl,2,25,3.04
Orange,place-forhl,5,234,8.196581196581196
Orange,place-forhl,6,956,5.4968619246861925
Orange,place-forhl,7,984,12.864837398373984
Orange,place-forhl,8,954,9.979035639412999
Orange,place-forhl,9,991,10.833501513622604
Orange,place-forhl,10,875,51.39657142857143
Orange,place-forhl,11,778,25.09897172236504
Orange,place-forhl,12,820,10.485365853658537
Orange,place-forhl,13,773,68.58732212160415
Orange,place-forhl,14,883,6.432616081540204
Orange,place-forhl,15,974,9.441478439425051
Orange,place-forhl,16,942,13.340764331210192
Orange,place-forhl,17,944,8.620762711864407
Orange,place-forhl,18,979,6.771195097037793
Orange,place-forhl,19,951,10.233438485804417
Orange,place-forhl,20,807,5.555142503097893
Orange,place-forhl,21,833,3.9891956782713085
Orange,place-forhl,22,840,2.520238095238095
Orange,place-forhl,23,845,2.749112426035503
Orange,place-grnst,0,1353,3.9600886917960088
Orange,place-grnst,1,328,0.15853658536585366
Orange,place-grnst,2,23,0.0
Orange,place-grnst,5,890,1.0168539325842696
Orange,place-grnst,6,1949,0.11698306824012311
Orange,place-grnst,7,1934,0.5879007238883144
Orange,place-grnst,8,1945,1.4097686375321334
Orange,place-grnst,9,1954,0.5716479017400204
Orange,place-grnst,10,1757,1.701195219123506
Orange,place-grnst,11,1549,2.817947062621046
Orange,place-grnst,12,1629,2.7998772252915898
Orange,place-grnst,13,1552,0.5560567010309277
Orange,place-grnst,14,1697,0.7961107837360047
Orange,place-grnst,15,1944,0.41615226337448546
Orange,place-grnst,16,1884,0.7722929936305734
Orange,place-grnst,17,1855,0.2113207547169811
Orange,place-grnst,18,1929,0.6381544841886987
Orange,place-grnst,19,1894,0.24340021119324176
Orange,place-grnst,20,1628,0.7942260442260443
Orange,place-grnst,21,1661,0.2414208308248043
Orange,place-grnst,22,1668,0.657074340527578
Orange,place-grnst,23,1662,0.2545126353790613
Orange,place-haecl,0,1279,1.2775605942142298
Orange,place-haecl,1,236,0.961864406779661
Orange,place-haecl,2,14,189.0
Orange,place-haecl,5,854,0.26932084309133486
Orange,place-haecl,6,1797,1.593767390094602
Orange,place-haecl,7,1820,4.974725274725275
Orange,place-haecl,8,1810,4.293922651933702
Orange,place-haecl,9,1798,2.3865406006674084
Orange,place-haecl,10,1628,3.4035626535626538
Orange,place-haecl,11,1456,1.8907967032967032
Orange,place-haecl,12,1457,3.0075497597803706
Orange,place-haecl,13,1465,2.91740614334471
Orange,place-haecl,14,1600,5.598125
Orange,place-haecl,15,1782,3.7626262626262625
Orange,place-haecl,16,1790,3.2916201117318438
Orange,place-haecl,17,1747,4.923869490555237
Orange,place-haecl,18,1791,3.1412618648799553
Orange,place-haecl,19,1735,1.6080691642651297
Orange,place-haecl,20,1511,1.8491065519523495
Orange,place-haecl,21,1508,2.5543766578249336
Orange,place-haecl,22,1536,2.5904947916666665
Orange,place-haecl,23,1520,1.6986842105263158
Orange,place-jaksn,0,1387,0.031723143475126156
Orange,place-jaksn,1,298,0.0
Orange,place-jaksn,2,22,0.0
Orange,place-jaksn,5,887,0.0
Orange,place-jaksn,6,1972,0.09077079107505068
Orange,place-jaksn,7,1928,0.0
Orange,place-jaksn,8,1935,0.5483204134366925
Orange,place-jaksn,9,1966,0.4252288911495422
Orange,place-jaksn,10,1765,0.07988668555240791
Orange,place-jaksn,11,1558,1.2567394094993583
Orange,place-jaksn,12,1609,0.711622125543816
Orange,place-jaksn,13,1546,0.4094437257438551
Orange,place-jaksn,14,1748,0.7454233409610984
Orange,place-jaksn,15,1925,0.021818181818181813
Orange,place-jaksn,16,1891,0.7562136435748281
Orange,place-jaksn,17,1863,0.13204508856682767
Orange,place-jaksn,18,1933,0.7584066218313502
Orange,place-jaksn,19,1861,1.0865126276195594
Orange,place-jaksn,20,1634,0.8378212974296205
Orange,place-jaksn,21,1673,0.006575014943215768
Orange,place-jaksn,22,1649,0.15221346270466948
Orange,place-jaksn,23,1662,0.0589651022864019
Orange,place-masta,0,1381,0.40188269370021723
Orange,place-masta,1,285,0.0
Orange,place-masta,2,21,0.0
Orange,place-masta,5,890,0.02134831460674157
Orange,place-masta,6,1949,0.14520266803488968
Orange,place-masta,7,1945,0.21645244215938303
Orange,place-masta,8,1919,0.5096404377279833
Orange,place-masta,9,1961,0.4339622641509434
Orange,place-masta,10,1754,0.7805017103762828
Orange,place-masta,11,1589,3.9867841409691636
Orange,place-masta,12,1613,0.3292002479851209
Orange,place-masta,13,1588,0.08438287153652393
Orange,place-masta,14,1705,0.0187683284457478
Orange,place-masta,15,1928,0.07468879668049792
Orange,place-masta,16,1873,0.0
Orange,place-masta,17,1904,0.26838235294117646
Orange,place-masta,18,1909,0.2215819800942902
Orange,place-masta,19,1882,0.6471838469713072
Orange,place-masta,20,1647,0.042501517911353974
Orange,place-masta,21,1661,0.013245033112582775
Orange,place-masta,22,1651,0.006056935190793454
Orange,place-masta,23,1705,0.10146627565982402
Orange,place-mlmnl,0,1233,6.553933495539335
Orange,place-mlmnl,1,294,4.261904761904762
Orange,place-mlmnl,2,21,2.9523809523809526
Orange,place-mlmnl,4,1,0.0
Orange,place-mlmnl,5,890,16.103370786516855
Orange,place-mlmnl,6,1769,12.224985867721877
Orange,place-mlmnl,7,1838,8.092491838955386
Orange,place-mlmnl,8,1787,8.221600447677671
Orange,place-mlmnl,9,1811,9.36333517393705
Orange,place-mlmnl,10,1614,12.410161090458487
Orange,place-mlmnl,11,1487,9.326160053799596
Orange,place-mlmnl,12,1455,7.5553264604810995
Orange,place-mlmnl,13,1464,8.117486338797814
Orange,place-mlmnl,14,1603,12.136618839675608
Orange,place-mlmnl,15,1748,11.358123569794051
Orange,place-mlmnl,16,1804,12.312638580931264
Orange,place-mlmnl,17,1757,14.289698349459306
Orange,place-mlmnl,18,1803,18.2573488630061
Orange,place-mlmnl,19,1698,11.861012956419318
Orange,place-mlmnl,20,1557,13.691714836223507
Orange,place-mlmnl,21,1524,8.36286089238845
Orange,place-mlmnl,22,1520,10.911184210526315
Orange,place-mlmnl,23,1508,9.918435013262599
Orange,place-north,0,1273,0.5098193244304792
Orange,place-north,1,237,0.9071729957805907
Orange,place-north,2,15,0.0
Orange,place-north,5,862,0.23201856148491878
Orange,place-north,6,1802,0.5049944506104328
Orange,place-north,7,1807,0.6159380188157166
Orange,place-north,8,1811,1.3125345113197129
Orange,place-north,9,1796,1.0406458797327394
Orange,place-north,10,1642,0.8325213154689404
Orange,place-north,11,1463,0.9364319890635681
Orange,place-north,12,1472,13.577445652173912
Orange,place-north,13,1462,1.0225718194254445
Orange,place-north,14,1562,1.1350832266325224
Orange,place-north,15,1810,1.583425414364641
Orange,place-north,16,1790,1.9458100558659217
Orange,place-north,17,1750,4.561714285714285
Orange,place-north,18,1793,2.3067484662576687
Orange,place-north,19,1715,0.965597667638484
Orange,place-north,20,1512,1.3167989417989419
Orange,place-north,21,1536,0.9498697916666666
Orange,place-north,22,1525,1.0354098360655737
Orange,place-north,23,1534,1.1629726205997393
Orange,place-ogmnl,0,747,4.475234270414993
Orange,place-ogmnl,1,220,1.8863636363636365
Orange,place-ogmnl,2,27,0.0
Orange,place-ogmnl,4,2,0.0
Orange,place-ogmnl,5,198,3.005050505050505
Orange,place-ogmnl,6,875,4.066285714285715
Orange,place-ogmnl,7,899,6.957730812013348
Orange,place-ogmnl,8,903,2.2004429678848285
Orange,place-ogmnl,9,907,4.717750826901875
Orange,place-ogmnl,10,873,15.914089347079038
Orange,place-ogmnl,11,770,5.775324675324676
Orange,place-ogmnl,12,751,20.537949400798936
Orange,place-ogmnl,13,702,19.40883190883191
Orange,place-ogmnl,14,721,13.416088765603329
Orange,place-ogmnl,15,855,4.851461988304093
Orange,place-ogmnl,16,909,11.086908690869087
Orange,place-ogmnl,17,893,4.273236282194849
Orange,place-ogmnl,18,909,3.6853685368536855
Orange,place-ogmnl,19,874,5.630434782608695
Orange,place-ogmnl,20,817,7.041615667074663
Orange,place-ogmnl,21,775,3.174193548387097
Orange,place-ogmnl,22,750,4.028
Orange,place-ogmnl,23,782,2.3964194373401533
Orange,place-rcmnl,0,1406,0.0
Orange,place-rcmnl,1,288,0.0
Orange,place-rcmnl,2,22,0.0
Orange,place-rcmnl,5,891,0.0
Orange,place-rcmnl,6,1974,0.005065856129685916
Orange,place-rcmnl,7,1925,0.0
Orange,place-rcmnl,8,1947,0.0
Orange,place-rcmnl,9,1948,0.16632443531827515
Orange,place-rcmnl,10,1768,0.2369909502262443
Orange,place-rcmnl,11,1563,1.4145873320537428
Orange,place-rcmnl,12,1626,0.6900369003690037
Orange,place-rcmnl,13,1549,0.002582311168495801
Orange,place-rcmnl,14,1732,0.0
Orange,place-rcmnl,15,1929,0.11301192327630893
Orange,place-rcmnl,16,1898,0.9220231822971549
Orange,place-rcmnl,17,1875,0.6229333333333333
Orange,place-rcmnl,18,1933,2.3642007242628034
Orange,place-rcmnl,19,1872,2.2900641025641026
Orange,place-rcmnl,20,1651,1.7886129618413085
Orange,place-rcmnl,21,1623,1.1435613062230436
Orange,place-rcmnl,22,1694,0.19185360094451004
Orange,place-rcmnl,23,1649,0.014554275318374771
Orange,place-rugg,0,1384,0.09898843930635837
Orange,place-rugg,1,284,0.007042253521126761
Orange,place-rugg,2,23,0.0
Orange,place-rugg,5,904,0.025442477876106196
Orange,place-rugg,6,1946,0.6495375128468653
Orange,place-rugg,7,1948,0.26078028747433263
Orange,place-rugg,8,1931,0.14137752459865355
Orange,place-rugg,9,1956,0.7689161554192229
Orange,place-rugg,10,1772,2.051354401805869
Orange,place-rugg,11,1574,0.9701397712833545
Orange,place-rugg,12,1603,1.137866500311915
Orange,place-rugg,13,1587,0.17895400126023944
Orange,place-rugg,14,1717,0.020384391380314497
Orange,place-rugg,15,1921,1.028110359187923
Orange,place-rugg,16,1893,1.1600633914421552
Orange,place-rugg,17,1877,0.49493873201917954
Orange,place-rugg,18,1924,0.05457380457380454
Orange,place-rugg,19,1869,0.24826110219368647
Orange,place-rugg,20,1648,0.283373786407767
Orange,place-rugg,21,1653,0.0006049606775559474
Orange,place-rugg,22,1682,0.02972651605231865
Orange,place-rugg,23,1661,0.06261288380493678
Orange,place-sbmnl,0,1349,0.3617494440326168
Orange,place-sbmnl,1,309,0.04854368932038835
Orange,place-sbmnl,2,24,0.0
Orange,place-sbmnl,5,907,0.03748621830209481
Orange,place-sbmnl,6,1938,0.03560371517027862
Orange,place-sbmnl,7,1944,0.19393004115226337
Orange,place-sbmnl,8,1931,0.1657172449508027
Orange,place-sbmnl,9,1964,0.004073319755600807
Orange,place-sbmnl,10,1747,0.1631368059530624
Orange,place-sbmnl,11,1573,1.8709472345835982
Orange,place-sbmnl,12,1620,0.2382716049382716
Orange,place-sbmnl,13,1550,0.14193548387096772
Orange,place-sbmnl,14,1723,0.3076030179918746
Orange,place-sbmnl,15,1913,0.3078933612127548
Orange,place-sbmnl,16,1901,0.7469752761704366
Orange,place-sbmnl,17,1856,0.2817887931034483
Orange,place-sbmnl,18,1946,0.21017471736896198
Orange,place-sbmnl,19,1856,0.18642241379310345
Orange,place-sbmnl,20,1646,0.05710814094775213
Orange,place-sbmnl,21,1679,0.030970815961882055
Orange,place-sbmnl,22,1630,0.10184049079754601
Orange,place-sbmnl,23,1705,0.10322580645161288
Orange,place-state,0,1271,0.1125098347757671
Orange,place-state,1,241,0.0
Orange,place-state,2,12,0.0
Orange,place-state,5,847,0.007083825265643437
Orange,place-state,6,1778,0.02193475815523059
Orange,place-state,7,1839,0.21479064709081022
Orange,place-state,8,1790,0.05586592178770949
Orange,place-state,9,1803,0.14586799778147533
Orange,place-state,10,1619,0.1525633106856084
Orange,place-state,11,1459,0.0822481151473612
Orange,place-state,12,1464,0.19535519125683057
Orange,place-state,13,1463,0.01640464798359535
Orange,place-state,14,1601,0.0
Orange,place-state,15,1781,0.18135878719820325
Orange,place-state,16,1772,0.0146726862302483
Orange,place-state,17,1764,0.2551020408163265
Orange,place-state,18,1786,0.21780515117581184
Orange,place-state,19,1735,0.2172910662824207
Orange,place-state,20,1510,0.0
Orange,place-state,21,1521,0.16370808678500987
Orange,place-state,22,1517,0.053394858272907054
Orange,place-state,23,1537,0.0962914769030579
Orange,place-sull,0,1268,0.5654574132492114
Orange,place-sull,1,242,0.008264462809917342
Orange,place-sull,2,15,0.0
Orange,place-sull,5,873,0.02978235967926689
Orange,place-sull,6,1798,0.25528364849833146
Orange,place-sull,7,1840,0.06684782608695651
Orange,place-sull,8,1791,0.13456169737576773
Orange,place-sull,9,1780,0.5988764044943821
Orange,place-sull,10,1651,0.024227740763173834
Orange,place-sull,11,1450,0.3689655172413793
Orange,place-sull,12,1465,0.0
Orange,place-sull,13,1463,0.021872863978127138
Orange,place-sull,14,1590,0.0
Orange,place-sull,15,1789,0.0
Orange,place-sull,16,1802,0.17147613762486127
Orange,place-sull,17,1728,0.017361111111111088
Orange,place-sull,18,1817,0.2096862960924601
Orange,place-sull,19,1713,0.001167542323409216
Orange,place-sull,20,1518,0.17918313570487485
Orange,place-sull,21,1529,0.43100065402223675
Orange,place-sull,22,1526,0.16972477064220184
Orange,place-sull,23,1520,0.32763157894736844
Orange,place-tumnl,0,1264,0.1518987341772152
Orange,place-tumnl,1,234,0.3888888888888889
Orange,place-tumnl,2,11,0.0
Orange,place-tumnl,5,873,0.0
Orange,place-tumnl,6,1763,0.0011344299489506398
Orange,place-tumnl,7,1830,0.3355191256830601
Orange,place-tumnl,8,1787,0.35422495803021825
Orange,place-tumnl,9,1824,0.03782894736842105
Orange,place-tumnl,10,1624,0.0067733990147783195
Orange,place-tumnl,11,1453,13.514796971782518
Orange,place-tumnl,12,1469,0.23893805309734514
Orange,place-tumnl,13,1466,0.0
Orange,place-tumnl,14,1585,0.014511041009463719
Orange,place-tumnl,15,1785,0.04929971988795518
Orange,place-tumnl,16,1776,0.3136261261261261
Orange,place-tumnl,17,1745,0.12722063037249282
Orange,place-tumnl,18,1786,0.0851063829787234
Orange,place-tumnl,19,1737,0.003454231433506043
Orange,place-tumnl,20,1504,0.19148936170212766
Orange,place-tumnl,21,1509,0.25844930417495027
Orange,place-tumnl,22,1510,0.5278145695364238
Orange,place-tumnl,23,1560,0.00256410256410256
Orange,place-welln,0,1240,0.2411290322580645
Orange,place-welln,1,261,0.3946360153256705
Orange,place-welln,2,14,0.0
Orange,place-welln,5,884,7.09841628959276
Orange,place-welln,6,1778,2.0528683914510686
Orange,place-welln,7,1814,4.190187431091511
Orange,place-welln,8,1824,1.0992324561403508
Orange,place-welln,9,1804,1.6862527716186253
Orange,place-welln,10,1630,1.4220858895705522
Orange,place-welln,11,1483,1.913688469318948
Orange,place-welln,12,1474,18.91587516960651
Orange,place-welln,13,1459,1.0315284441398218
Orange,place-welln,14,1591,1.9038340666247644
Orange,place-welln,15,1758,0.2229806598407281
Orange,place-welln,16,1812,0.4917218543046357
Orange,place-welln,17,1770,0.5627118644067796
Orange,place-welln,18,1786,0.7043673012318029
Orange,place-welln,19,1698,1.2190812720848057
Orange,place-welln,20,1536,1.3255208333333333
Orange,place-welln,21,1535,0.31856677524429966
Orange,place-welln,22,1505,1.0033222591362125
Orange,place-welln,23,1550,0.5219354838709678
Red,place-alfcl,0,686,29.963556851311953
Red,place-alfcl,1,181,50.83425414364641
Red,place-alfcl,2,33,72.18181818181819
Red,place-alfcl,5,122,19.491803278688526
Red,place-alfcl,6,811,54.89025893958076
Red,place-alfcl,7,853,50.90386869871043
Red,place-alfcl,8,859,53.90104772991851
Red,place-alfcl,9,825,51.95151515151515
Red,place-alfcl,10,832,56.08533653846154
Red,place-alfcl,11,775,40.15741935483871
Red,place-alfcl,12,781,42.441741357234314
Red,place-alfcl,13,785,44.43821656050955
Red,place-alfcl,14,797,44.91091593475533
Red,place-alfcl,15,800,56.17125
Red,place-alfcl,16,786,65.16793893129771
Red,place-alfcl,17,804,56.17039800995025
Red,place-alfcl,18,820,55.7719512195122
Red,place-alfcl,19,822,54.839416058394164
Red,place-alfcl,20,797,56.40652446675031
Red,place-alfcl,21,728,36.512362637362635
Red,place-alfcl,22,699,21.99570815450644
Red,place-alfcl,23,694,22.511527377521613
Red,place-andrw,0,1332,4.216966966966967
Red,place-andrw,1,306,42.9640522875817
Red,place-andrw,2,19,142.1578947368421
Red,place-andrw,5,773,1.2445019404915911
Red,place-andrw,6,1857,1.702746365105008
Red,place-andrw,7,1986,2.0649546827794563
Red,place-andrw,8,1968,2.4222560975609757
Red,place-andrw,9,2005,3.427930174563591
Red,place-andrw,10,1873,5.5173518419647625
Red,place-andrw,11,1857,2.918147549811524
Red,place-andrw,12,1856,7.791487068965517
Red,place-andrw,13,1840,5.92445652173913
Red,place-andrw,14,1868,5.811563169164883
Red,place-andrw,15,1888,4.5587923728813555
Red,place-andrw,16,1879,6.380521554018094
Red,place-andrw,17,1903,6.603783499737257
Red,place-andrw,18,1937,5.664945792462571
Red,place-andrw,19,1913,3.4223732357553582
Red,place-andrw,20,1831,5.096668487165483
Red,place-andrw,21,1762,4.522133938706016
Red,place-andrw,22,1695,3.5634218289085546
Red,place-andrw,23,1663,2.7805171377029465
Red,place-asmnl,0,398,5.954773869346734
Red,place-asmnl,1,142,6.901408450704225
Red,place-asmnl,2,29,3.7586206896551726
Red,place-asmnl,4,1,0.0
Red,place-asmnl,5,73,2.2465753424657535
Red,place-asmnl,6,384,21.440104166666668
Red,place-asmnl,7,513,4.984405458089668
Red,place-asmnl,8,468,3.6837606837606836
Red,place-asmnl,9,505,4.732673267326732
Red,place-asmnl,10,480,4.779166666666667
Red,place-asmnl,11,472,8.30084745762712
Red,place-asmnl,12,465,7.6
Red,place-asmnl,13,463,5.876889848812095
Red,place-asmnl,14,471,6.613588110403397
Red,place-asmnl,15,458,7.165938864628821
Red,place-asmnl,16,471,7.0615711252653925
Red,place-asmnl,17,469,5.368869936034115
Red,place-asmnl,18,484,8.349173553719009
Red,place-asmnl,19,498,9.624497991967871
Red,place-asmnl,20,474,10.713080168776372
Red,place-asmnl,21,460,12.656521739130435
Red,place-asmnl,22,441,13.208616780045352
Red,place-asmnl,23,431,11.823665893271462
Red,place-brdwy,0,1360,3.9154411764705883
Red,place-brdwy,1,277,1.2779783393501805
Red,place-brdwy,2,12,0.0
Red,place-brdwy,5,774,2.7002583979328167
Red,place-brdwy,6,1839,4.331702011963023
Red,place-brdwy,7,1972,3.962981744421907
Red,place-brdwy,8,1956,6.335378323108385
Red,place-brdwy,9,1994,4.90320962888666
Red,place-brdwy,10,1874,5.197972251867663
Red,place-brdwy,11,1851,4.19611021069692
Red,place-brdwy,12,1843,4.199131850244167
Red,place-brdwy,13,1823,5.212287438288535
Red,place-brdwy,14,1867,6.649705409748259
Red,place-brdwy,15,1888,5.498411016949152
Red,place-brdwy,16,1874,5.413553895410886
Red,place-brdwy,17,1874,5.916221985058698
Red,place-brdwy,18,1915,5.320104438642297
Red,place-brdwy,19,1918,4.491657977059437
Red,place-brdwy,20,1817,3.941662080352229
Red,place-brdwy,21,1754,3.2947548460661347
Red,place-brdwy,22,1677,2.6195587358378054
Red,place-brdwy,23,1670,2.4491017964071857
Red,place-brntn,0,414,21.54830917874396
Red,place-brntn,1,168,48.17857142857143
Red,place-brntn,2,30,16.633333333333333
Red,place-brntn,5,4,69.75
Red,place-brntn,6,350,26.502857142857142
Red,place-brntn,7,506,45.66600790513834
Red,place-brntn,8,473,35.26215644820296
Red,place-brntn,9,504,38.14484126984127
Red,place-brntn,10,482,122.74896265560166
Red,place-brntn,11,499,71.21042084168337
Red,place-brntn,12,465,60.92258064516129
Red,place-brntn,13,497,52.645875251509054
Red,place-brntn,14,484,50.09090909090909
Red,place-brntn,15,480,26.816666666666666
Red,place-brntn,16,476,41.63235294117647
Red,place-brntn,17,496,33.64717741935484
Red,place-brntn,18,494,37.41093117408907
Red,place-brntn,19,494,39.60526315789474
Red,place-brntn,20,501,42.41317365269461
Red,place-brntn,21,493,36.78498985801217
Red,place-brntn,22,452,35.51106194690266
Red,place-brntn,23,444,30.864864864864863
Red,place-chmnl,0,1238,3.0767366720516955
Red,place-chmnl,1,209,1.708133971291866
Red,place-chmnl,2,4,0.0
Red,place-chmnl,5,663,1.3996983408748114
Red,place-chmnl,6,1697,1.4301708898055392
Red,place-chmnl,7,1760,1.2198863636363637
Red,place-chmnl,8,1753,0.515687393040502
Red,place-chmnl,9,1744,0.37729357798165136
Red,place-chmnl,10,1685,0.49258160237388726
Red,place-chmnl,11,1615,0.8823529411764706
Red,place-chmnl,12,1642,1.3142509135200975
Red,place-chmnl,13,1615,1.4421052631578946
Red,place-chmnl,14,1667,1.0785842831433714
Red,place-chmnl,15,1668,2.4796163069544366
Red,place-chmnl,16,1669,3.609946075494308
Red,place-chmnl,17,1676,3.761933174224344
Red,place-chmnl,18,1687,1.013633669235329
Red,place-chmnl,19,1689,0.9940793368857312
Red,place-chmnl,20,1646,0.9015795868772782
Red,place-chmnl,21,1549,0.9657843770174306
Red,place-chmnl,22,1468,1.8671662125340596
Red,place-chmnl,23,1453,0.7942188575361322
Red,place-cntsq,0,1218,0.31773399014778325
Red,place-cntsq,1,203,1.374384236453202
Red,place-cntsq,2,9,12.88888888888889
Red,place-cntsq,5,626,0.0
Red,place-cntsq,6,1719,0.3757998836532868
Red,place-cntsq,7,1762,0.9829738933030647
Red,place-cntsq,8,1747,1.3508872352604464
Red,place-cntsq,9,1711,0.37405026300409117
Red,place-cntsq,10,1674,2.503584229390681
Red,place-cntsq,11,1597,1.1352536005009393
Red,place-cntsq,12,1625,0.24
Red,place-cntsq,13,1593,1.2379158819836786
Red,place-cntsq,14,1648,1.2530339805825244
Red,place-cntsq,15,1660,1.0271084337349397
Red,place-cntsq,16,1647,1.7364905889496054
Red,place-cntsq,17,1660,3.246385542168675
Red,place-cntsq,18,1676,1.653341288782816
Red,place-cntsq,19,1675,1.9671641791044776
Red,place-cntsq,20,1624,2.5350985221674875
Red,place-cntsq,21,1536,1.0494791666666667
Red,place-cntsq,22,1443,0.2737352737352737
Red,place-cntsq,23,1442,0.463245492371706
Red,place-davis,0,1169,8.743370402053037
Red,place-davis,1,236,78.05508474576271
Red,place-davis,2,29,245.3793103448276
Red,place-davis,5,597,10.224455611390285
Red,place-davis,6,1692,7.157801418439717
Red,place-davis,7,1737,7.431203223949338
Red,place-davis,8,1738,6.447065592635213
Red,place-davis,9,1666,7.22749099639856
Red,place-davis,10,1660,8.242771084337349
Red,place-davis,11,1565,8.608945686900958
Red,place-davis,12,1574,8.925031766200762
Red,place-davis,13,1578,9.35234474017744
Red,place-davis,14,1613,8.03347799132052
Red,place-davis,15,1647,11.81117182756527
Red,place-davis,16,1599,12.085678549093183
Red,place-davis,17,1622,8.22872996300863
Red,place-davis,18,1651,8.007874015748031
Red,place-davis,19,1670,9.277844311377246
Red,place-davis,20,1602,7.487515605493134
Red,place-davis,21,1492,6.516085790884718
Red,place-davis,22,1400,6.44
Red,place-davis,23,1410,5.9198581560283685
Red,place-dwnxg,0,1047,1.9751671442215855
Red,place-dwnxg,1,211,37.241706161137444
Red,place-dwnxg,2,5,395.4
Red,place-dwnxg,5,622,1.6189710610932475
Red,place-dwnxg,6,1462,1.270861833105335
Red,place-dwnxg,7,1504,0.5053191489361702
Red,place-dwnxg,8,1533,0.4781474233529028
Red,place-dwnxg,9,1525,1.1737704918032787
Red,place-dwnxg,10,1404,0.8561253561253561
Red,place-dwnxg,11,1434,0.8312412831241283
Red,place-dwnxg,12,1433,2.0321004884856944
Red,place-dwnxg,13,1394,1.6477761836441893
Red,place-dwnxg,14,1420,2.166901408450704
Red,place-dwnxg,15,1436,0.7952646239554317
Red,place-dwnxg,16,1436,4.139275766016713
Red,place-dwnxg,17,1430,1.9811188811188811
Red,place-dwnxg,18,1460,1.204109589041096
Red,place-dwnxg,19,1440,1.0
Red,place-dwnxg,20,1431,0.6750524109014675
Red,place-dwnxg,21,1322,1.151285930408472
Red,place-dwnxg,22,1263,0.733174980205859
Red,place-dwnxg,23,1279,0.7818608287724785
Red,place-fldcr,0,665,0.0
Red,place-fldcr,1,183,0.0
Red,place-fldcr,2,29,0.0
Red,place-fldcr,4,1,0.0
Red,place-fldcr,5,442,2.6900452488687785
Red,place-fldcr,6,936,0.029914529914529905
Red,place-fldcr,7,987,0.033434650455927035
Red,place-fldcr,8,945,0.015873015873015865
Red,place-fldcr,9,1024,0.0400390625
Red,place-fldcr,10,906,3.8112582781456954
Red,place-fldcr,11,941,2.0318809776833158
Red,place-fldcr,12,939,0.19169329073482427
Red,place-fldcr,13,907,0.34178610804851156
Red,place-fldcr,14,932,0.3562231759656652
Red,place-fldcr,15,931,0.0
Red,place-fldcr,16,937,0.7716115261472786
Red,place-fldcr,17,947,0.16050686378035903
Red,place-fldcr,18,963,0.15991692627206647
Red,place-fldcr,19,948,0.41350210970464135
Red,place-fldcr,20,917,0.697928026172301
Red,place-fldcr,21,882,0.5158730158730159
Red,place-fldcr,22,815,0.43803680981595094
Red,place-fldcr,23,827,0.6686819830713422
Red,place-harsq,0,1206,2.310945273631841
Red,place-harsq,1,220,4.327272727272727
Red,place-harsq,2,17,29.823529411764707
Red,place-harsq,5,607,2.4629324546952223
Red,place-harsq,6,1709,2.5810415447630195
Red,place-harsq,7,1769,2.94007914075749
Red,place-harsq,8,1738,3.815304948216341
Red,place-harsq,9,1692,4.684397163120567
Red,place-harsq,10,1677,7.058437686344663
Red,place-harsq,11,1587,6.224952741020794
Red,place-harsq,12,1625,4.470769230769231
Red,place-harsq,13,1584,5.549873737373737
Red,place-harsq,14,1630,4.75398773006135
Red,place-harsq,15,1658,8.007840772014475
Red,place-harsq,16,1626,4.7958179581795815
Red,place-harsq,17,1642,5.786845310596833
Red,place-harsq,18,1659,8.847498493068114
Red,place-harsq,19,1695,5.700884955752213
Red,place-harsq,20,1604,6.44139650872818
Red,place-harsq,21,1541,4.149902660609993
Red,place-harsq,22,1430,3.586013986013986
Red,place-harsq,23,1409,1.9552874378992193
Red,place-jfk,0,1362,6.21806167400881
Red,place-jfk,1,292,13.424657534246572
Red,place-jfk,2,25,243.6
Red,place-jfk,5,817,4.159118727050184
Red,place-jfk,6,1809,4.260364842454394
Red,place-jfk,7,2020,4.081188118811881
Red,place-jfk,8,1965,3.7430025445292623
Red,place-jfk,9,2017,4.372830937035201
Red,place-jfk,10,1885,5.006366047745358
Red,place-jfk,11,1877,4.752264251465104
Red,place-jfk,12,1873,6.295782167645489
Red,place-jfk,13,1835,4.143869209809265
Red,place-jfk,14,1882,5.284272051009564
Red,place-jfk,15,1897,4.142329994728518
Red,place-jfk,16,1899,4.631911532385466
Red,place-jfk,17,1904,4.643382352941177
Red,place-jfk,18,1938,5.902476780185759
Red,place-jfk,19,1913,5.150548876110821
Red,place-jfk,20,1850,5.937297297297297
Red,place-jfk,21,1766,7.321064552661381
Red,place-jfk,22,1692,6.443853427895981
Red,place-jfk,23,1679,7.516378796902918
Red,place-knncl,0,1231,2.0714865962632008
Red,place-knncl,1,201,2.1144278606965172
Red,place-knncl,2,5,0.0
Red,place-knncl,5,646,1.5170278637770898
Red,place-knncl,6,1700,2.577058823529412
Red,place-knncl,7,1767,2.3225806451612905
Red,place-knncl,8,1744,2.4432339449541285
Red,place-knncl,9,1740,2.3977011494252873
Red,place-knncl,10,1671,2.5936564931178934
Red,place-knncl,11,1600,2.23125
Red,place-knncl,12,1646,2.270352369380316
Red,place-knncl,13,1602,1.8826466916354554
Red,place-knncl,14,1649,2.337780473013948
Red,place-knncl,15,1656,2.9794685990338166
Red,place-knncl,16,1669,2.7884961054523667
Red,place-knncl,17,1668,4.258393285371703
Red,place-knncl,18,1676,2.7201670644391407
Red,place-knncl,19,1676,2.3347255369928397
Red,place-knncl,20,1633,2.9240661359461115
Red,place-knncl,21,1542,2.5538261997405964
Red,place-knncl,22,1452,2.3849862258953167
Red,place-knncl,23,1450,2.697241379310345
Red,place-nqncy,0,642,0.8722741433021807
Red,place-nqncy,1,136,11.661764705882353
Red,place-nqncy,2,6,0.0
Red,place-nqncy,5,403,1.109181141439206
Red,place-nqncy,6,879,0.6552901023890785
Red,place-nqncy,7,1026,1.6345029239766082
Red,place-nqncy,8,981,4.744138634046891
Red,place-nqncy,9,995,3.5728643216080402
Red,place-nqncy,10,960,8.053125
Red,place-nqncy,11,965,3.4310880829015544
Red,place-nqncy,12,917,3.837513631406761
Red,place-nqncy,13,946,5.968287526427061
Red,place-nqncy,14,956,3.7405857740585775
Red,place-nqncy,15,946,2.828752642706131
Red,place-nqncy,16,964,3.1877593360995853
Red,place-nqncy,17,947,17.721224920802534
Red,place-nqncy,18,993,2.901309164149043
Red,place-nqncy,19,958,1.3872651356993737
Red,place-nqncy,20,932,0.7993562231759657
Red,place-nqncy,21,898,1.6002227171492205
Red,place-nqncy,22,876,0.6712328767123287
Red,place-nqncy,23,855,1.4538011695906432
Red,place-pktrm,0,1293,0.8692962103634957
Red,place-pktrm,1,235,0.3191489361702128
Red,place-pktrm,2,4,0.0
Red,place-pktrm,5,695,1.1870503597122302
Red,place-pktrm,6,1758,0.5824800910125142
Red,place-pktrm,7,1838,0.6806311207834603
Red,place-pktrm,8,1838,1.1719260065288357
Red,place-pktrm,9,1843,1.1215409658166033
Red,place-pktrm,10,1749,1.4911377930245855
Red,place-pktrm,11,1691,0.8746303962152573
Red,place-pktrm,12,1723,1.0818340104468949
Red,place-pktrm,13,1692,0.8321513002364066
Red,place-pktrm,14,1730,1.715028901734104
Red,place-pktrm,15,1722,2.170150987224158
Red,place-pktrm,16,1758,4.139931740614334
Red,place-pktrm,17,1755,3.263817663817664
Red,place-pktrm,18,1761,2.4048835888699602
Red,place-pktrm,19,1749,1.671240708976558
Red,place-pktrm,20,1724,2.6711136890951277
Red,place-pktrm,21,1624,1.1717980295566504
Red,place-pktrm,22,1539,0.7771280051981806
Red,place-pktrm,23,1521,0.7113740959894806
Red,place-portr,0,1186,3.015177065767285
Red,place-portr,1,226,8.716814159292035
Red,place-portr,2,27,13.25925925925926
Red,place-portr,5,589,2.4210526315789473
Red,place-portr,6,1711,2.9322033898305087
Red,place-portr,7,1739,2.9585968947671075
Red,place-portr,8,1749,5.065180102915952
Red,place-portr,9,1684,4.373515439429929
Red,place-portr,10,1651,3.7274379164142943
Red,place-portr,11,1575,3.834920634920635
Red,place-portr,12,1589,3.1806167400881056
Red,place-portr,13,1587,5.407687460617518
Red,place-portr,14,1614,4.139405204460966
Red,place-portr,15,1661,8.121613485851896
Red,place-portr,16,1603,6.439176543980038
Red,place-portr,17,1633,6.510104102878138
Red,place-portr,18,1647,4.542197935640559
Red,place-portr,19,1673,7.86670651524208
Red,place-portr,20,1610,9.257142857142858
Red,place-portr,21,1519,4.967741935483871
Red,place-portr,22,1409,3.156848828956707
Red,place-portr,23,1408,3.4595170454545454
Red,place-qamnl,0,625,4.2208
Red,place-qamnl,1,183,8.10382513661202
Red,place-qamnl,2,21,0.0
Red,place-qamnl,5,412,20.75728155339806
Red,place-qamnl,6,889,8.966254218222723
Red,place-qamnl,7,999,7.578578578578578
Red,place-qamnl,8,1003,8.668993020937188
Red,place-qamnl,9,991,7.316851664984863
Red,place-qamnl,10,952,20.215336134453782
Red,place-qamnl,11,962,22.344074844074843
Red,place-qamnl,12,919,16.511425462459194
Red,place-qamnl,13,964,8.612033195020746
Red,place-qamnl,14,937,5.970117395944504
Red,place-qamnl,15,935,5.214973262032085
Red,place-qamnl,16,976,5.92827868852459
Red,place-qamnl,17,944,5.971398305084746
Red,place-qamnl,18,993,6.8449144008056395
Red,place-qamnl,19,960,7.103125
Red,place-qamnl,20,938,7.723880597014926
Red,place-qamnl,21,889,8.48931383577053
Red,place-qamnl,22,837,6.918757467144564
Red,place-qamnl,23,859,5.888242142025611
Red,place-qnctr,0,638,0.890282131661442
Red,place-qnctr,1,178,4.157303370786517
Red,place-qnctr,2,9,13.0
Red,place-qnctr,5,376,0.17819148936170212
Red,place-qnctr,6,945,0.12275132275132274
Red,place-qnctr,7,993,0.6354481369587109
Red,place-qnctr,8,989,1.9120323559150658
Red,place-qnctr,9,1021,1.1821743388834476
Red,place-qnctr,10,944,5.455508474576271
Red,place-qnctr,11,950,31.04842105263158
Red,place-qnctr,12,920,11.009782608695652
Red,place-qnctr,13,954,3.6247379454926625
Red,place-qnctr,14,954,4.207547169811321
Red,place-qnctr,15,942,1.935244161358811
Red,place-qnctr,16,968,3.8285123966942147
Red,place-qnctr,17,952,2.6460084033613445
Red,place-qnctr,18,1000,2.07
Red,place-qnctr,19,946,2.072938689217759
Red,place-qnctr,20,961,1.2767950052029136
Red,place-qnctr,21,878,2.300683371298405
Red,place-qnctr,22,859,1.189755529685681
Red,place-qnctr,23,847,1.0212514757969304
Red,place-shmnl,0,657,0.2633181126331811
Red,place-shmnl,1,174,4.545977011494253
Red,place-shmnl,2,25,0.0
Red,place-shmnl,5,466,0.7124463519313304
Red,place-shmnl,6,886,0.6749435665914221
Red,place-shmnl,7,1012,1.2351778656126482
Red,place-shmnl,8,954,2.0209643605870022
Red,place-shmnl,9,995,3.2321608040201006
Red,place-shmnl,10,933,19.644158628081456
Red,place-shmnl,11,947,14.21858500527983
Red,place-shmnl,12,925,3.7286486486486488
Red,place-shmnl,13,903,2.5182724252491693
Red,place-shmnl,14,934,3.853319057815846
Red,place-shmnl,15,941,2.4643995749202974
Red,place-shmnl,16,935,5.039572192513369
Red,place-shmnl,17,930,3.431182795698925
Red,place-shmnl,18,972,1.7469135802469136
Red,place-shmnl,19,948,3.282700421940928
Red,place-shmnl,20,917,2.608505997818975
Red,place-shmnl,21,857,3.511085180863477
Red,place-shmnl,22,853,2.8382180539273154
Red,place-shmnl,23,819,1.343101343101343
Red,place-smmnl,0,661,29.869894099848715
Red,place-smmnl,1,188,41.409574468085104
Red,place-smmnl,2,30,0.0
Red,place-smmnl,4,1,0.0
Red,place-smmnl,5,433,65.35334872979215
Red,place-smmnl,6,926,58.470842332613394
Red,place-smmnl,7,1004,50.091633466135455
Red,place-smmnl,8,973,43.02055498458376
Red,place-smmnl,9,1000,40.158
Red,place-smmnl,10,915,48.706010928961746
Red,place-smmnl,11,961,48.89177939646202
Red,place-smmnl,12,917,30.504907306434024
Red,place-smmnl,13,912,30.125
Red,place-smmnl,14,936,41.12179487179487
Red,place-smmnl,15,931,46.83995703544576
Red,place-smmnl,16,947,39.66420274551215
Red,place-smmnl,17,954,37.30293501048218
Red,place-smmnl,18,956,33.54497907949791
Red,place-smmnl,19,955,44.48167539267015
Red,place-smmnl,20,927,30.756202804746493
Red,place-smmnl,21,874,32.89359267734554
Red,place-smmnl,22,816,22.988970588235293
Red,place-smmnl,23,828,20.78985507246377
Red,place-sstat,0,1369,1.2300949598246895
Red,place-sstat,1,266,0.6616541353383458
Red,place-sstat,2,6,0.0
Red,place-sstat,5,755,1.8821192052980134
Red,place-sstat,6,1827,1.0908593322386426
Red,place-sstat,7,1976,1.7864372469635628
Red,place-sstat,8,1948,2.4820328542094456
Red,place-sstat,9,1985,2.067002518891688
Red,place-sstat,10,1829,1.3832695462001094
Red,place-sstat,11,1834,1.7295528898582333
Red,place-sstat,12,1849,1.7474310438074634
Red,place-sstat,13,1803,1.502495840266223
Red,place-sstat,14,1847,1.6697347049269085
Red,place-sstat,15,1865,2.050402144772118
Red,place-sstat,16,1869,4.07223113964687
Red,place-sstat,17,1873,3.602242391884677
Red,place-sstat,18,1892,2.691860465116279
Red,place-sstat,19,1891,2.2162876784769963
Red,place-sstat,20,1826,1.8006571741511501
Red,place-sstat,21,1755,0.5014245014245015
Red,place-sstat,22,1647,0.4729811778992107
Red,place-sstat,23,1643,0.5660377358490566
Red,place-wlsta,0,637,0.9309262166405023
Red,place-wlsta,1,152,0.618421052631579
Red,place-wlsta,2,8,0.0
Red,place-wlsta,5,398,0.7487437185929648
Red,place-wlsta,6,911,2.58397365532382
Red,place-wlsta,7,1001,1.5274725274725276
Red,place-wlsta,8,965,4.0963730569948185
Red,place-wlsta,9,1025,2.422439024390244
Red,place-wlsta,10,940,21.870212765957447
Red,place-wlsta,11,963,19.636552440290757
Red,place-wlsta,12,925,8.411891891891893
Red,place-wlsta,13,946,4.06553911205074
Red,place-wlsta,14,962,3.2422037422037424
Red,place-wlsta,15,945,2.817989417989418
Red,place-wlsta,16,955,4.4146596858638745
Red,place-wlsta,17,950,2.8442105263157895
Red,place-wlsta,18,989,4.806875631951466
Red,place-wlsta,19,946,2.4471458773784356
Red,place-wlsta,20,957,1.0658307210031348
Red,place-wlsta,21,865,1.8127167630057803
Red,place-wlsta,22,884,1.5622171945701357
Red,place-wlsta,23,848,1.1297169811320755
