service_date,line,parent_station,comparable_stop_events,share_late_over_5_minutes,median_schedule_difference_seconds,station_name
2026-06-22,Blue,place-aport,315,0.2984126984126984,97.0,Airport
2026-06-22,Blue,place-aqucl,314,0.31528662420382164,113.5,Aquarium
2026-06-22,Blue,place-bmmnl,306,0.3235294117647059,134.5,Beachmont
2026-06-22,Blue,place-gover,316,0.29430379746835444,117.0,Government Center
2026-06-22,Blue,place-mvbcl,314,0.2961783439490446,118.0,Maverick
2026-06-22,Blue,place-orhte,307,0.3322475570032573,136.0,Orient Heights
2026-06-22,Blue,place-rbmnl,305,0.3377049180327869,145.0,Revere Beach
2026-06-22,Blue,place-sdmnl,307,0.34527687296416937,165.0,Suffolk Downs
2026-06-22,Blue,place-state,315,0.30158730158730157,135.0,State
2026-06-22,Blue,place-wimnl,316,0.30063291139240506,110.0,Wood Island
2026-06-22,Green,place-alsgr,260,0.1,12.5,Allston Street
2026-06-22,Green,place-amory,259,0.10810810810810811,48.0,Amory Street
2026-06-22,Green,place-armnl,1055,0.15355450236966825,49.0,Arlington
2026-06-22,Green,place-babck,259,0.09652509652509653,28.0,Babcock Street
2026-06-22,Green,place-balsq,279,0.043010752688172046,4.0,Ball Square
2026-06-22,Green,place-bckhl,267,0.1348314606741573,-6.0,Back of the Hill
2026-06-22,Green,place-bcnfd,256,0.18359375,68.0,Beaconsfield
2026-06-22,Green,place-bcnwa,267,0.16853932584269662,75.0,Washington Square
2026-06-22,Green,place-bland,259,0.10038610038610038,47.0,Blandford Street
2026-06-22,Green,place-bndhl,267,0.20224719101123595,89.0,Brandon Hall
2026-06-22,Green,place-boyls,1054,0.16603415559772297,51.0,Boylston
2026-06-22,Green,place-brico,259,0.10424710424710425,19.0,Packards Corner
2026-06-22,Green,place-brkhl,255,0.17647058823529413,47.0,Brookline Hills
2026-06-22,Green,place-brmnl,269,0.14869888475836432,-21.0,Brigham Circle
2026-06-22,Green,place-bucen,259,0.11583011583011583,40.0,Boston University Central
2026-06-22,Green,place-buest,258,0.10465116279069768,36.5,Boston University East
2026-06-22,Green,place-bvmnl,254,0.16929133858267717,43.5,Brookline Village
2026-06-22,Green,place-chhil,251,0.17928286852589642,51.0,Chestnut Hill
2026-06-22,Green,place-chill,255,0.10588235294117647,20.0,Chestnut Hill Avenue
2026-06-22,Green,place-chswk,258,0.10465116279069768,-9.0,Chiswick Road
2026-06-22,Green,place-clmnl,57,0.42105263157894735,249.0,Cleveland Circle
2026-06-22,Green,place-coecl,1058,0.15122873345935728,42.0,Copley
2026-06-22,Green,place-cool,267,0.1797752808988764,87.0,Coolidge Corner
2026-06-22,Green,place-denrd,268,0.1417910447761194,17.5,Dean Road
2026-06-22,Green,place-eliot,246,0.15040650406504066,61.5,Eliot
2026-06-22,Green,place-engav,134,0.014925373134328358,9.5,Englewood Avenue
2026-06-22,Green,place-esomr,274,0.072992700729927,32.5,East Somerville
2026-06-22,Green,place-fbkst,267,0.19850187265917604,98.0,Fairbanks Street
2026-06-22,Green,place-fenwd,268,0.15298507462686567,19.0,Fenwood Road
2026-06-22,Green,place-fenwy,247,0.1659919028340081,45.0,Fenway
2026-06-22,Green,place-gilmn,287,0.06620209059233449,35.0,Gilman Square
2026-06-22,Green,place-gover,523,0.13575525812619502,37.0,Government Center
2026-06-22,Green,place-grigg,259,0.10424710424710425,19.0,Griggs Street
2026-06-22,Green,place-haecl,530,0.13584905660377358,22.0,Haymarket
2026-06-22,Green,place-harvd,259,0.08494208494208494,2.0,Harvard Avenue
2026-06-22,Green,place-hwsst,269,0.21561338289962825,124.0,Hawes Street
2026-06-22,Green,place-hymnl,781,0.16261203585147246,61.0,Hynes Convention Center
2026-06-22,Green,place-kencl,778,0.15552699228791775,53.0,Kenmore
2026-06-22,Green,place-kntst,269,0.21933085501858737,123.0,Kent Street
2026-06-22,Green,place-lech,532,0.09774436090225563,-4.0,Lechmere
2026-06-22,Green,place-lngmd,273,0.13186813186813187,-12.0,Longwood Medical Area
2026-06-22,Green,place-longw,255,0.16470588235294117,48.0,Longwood
2026-06-22,Green,place-mfa,273,0.14285714285714285,1.0,Museum of Fine Arts
2026-06-22,Green,place-mgngl,284,0.05985915492957746,43.5,Magoun Square
2026-06-22,Green,place-mispk,268,0.11567164179104478,-45.0,Mission Park
2026-06-22,Green,place-newtn,247,0.1700404858299595,71.0,Newton Highlands
2026-06-22,Green,place-newto,249,0.18072289156626506,61.0,Newton Centre
2026-06-22,Green,place-north,528,0.13068181818181818,13.5,North Station
2026-06-22,Green,place-nuniv,273,0.13553113553113552,-23.0,Northeastern University
2026-06-22,Green,place-pktrm,1026,0.14619883040935672,45.5,Park Street
2026-06-22,Green,place-prmnl,236,0.17372881355932204,54.0,Prudential
2026-06-22,Green,place-rsmnl,252,0.18253968253968253,45.0,Reservoir
2026-06-22,Green,place-rvrwy,267,0.13857677902621723,-26.0,Riverway
2026-06-22,Green,place-smary,269,0.21189591078066913,98.0,Saint Marys Street
2026-06-22,Green,place-sougr,255,0.09803921568627451,-29.0,South Street
2026-06-22,Green,place-spmnl,524,0.12022900763358779,17.5,Science Park
2026-06-22,Green,place-sthld,258,0.11627906976744186,-5.5,Sutherland Road
2026-06-22,Green,place-stpul,268,0.208955223880597,122.5,Saint Paul Street
2026-06-22,Green,place-sumav,268,0.1865671641791045,59.0,Summit Avenue
2026-06-22,Green,place-tapst,133,0.045112781954887216,26.0,Tappan Street
2026-06-22,Green,place-waban,247,0.12955465587044535,55.0,Waban
2026-06-22,Green,place-wascm,257,0.10116731517509728,10.0,Washington Street
2026-06-22,Green,place-woodl,244,0.14344262295081966,71.0,Woodland
2026-06-22,Green,place-wrnst,258,0.09689922480620156,-22.0,Warren Street
2026-06-22,Mattapan,place-butlr,251,0.00398406374501992,-83.0,Butler
2026-06-22,Mattapan,place-capst,252,0.0,-22.0,Capen Street
2026-06-22,Mattapan,place-cedgr,253,0.003952569169960474,-96.0,Cedar Grove
2026-06-22,Mattapan,place-cenav,254,0.007874015748031496,-51.5,Central Avenue
2026-06-22,Mattapan,place-miltt,252,0.007936507936507936,-90.5,Milton
2026-06-22,Mattapan,place-valrd,253,0.0,-21.0,Valley Road
2026-06-22,Orange,place-astao,445,0.008988764044943821,30.0,Assembly
2026-06-22,Orange,place-bbsta,445,0.01348314606741573,17.0,Back Bay
2026-06-22,Orange,place-ccmnl,445,0.006741573033707865,19.0,Community College
2026-06-22,Orange,place-chncl,445,0.011235955056179775,26.0,Chinatown
2026-06-22,Orange,place-dwnxg,445,0.008988764044943821,28.0,Downtown Crossing
2026-06-22,Orange,place-grnst,444,0.01126126126126126,34.0,Green Street
2026-06-22,Orange,place-haecl,445,0.011235955056179775,31.0,Haymarket
2026-06-22,Orange,place-jaksn,444,0.018018018018018018,17.5,Jackson Square
2026-06-22,Orange,place-masta,446,0.020179372197309416,23.0,Massachusetts Avenue
2026-06-22,Orange,place-mlmnl,445,0.015730337078651686,47.0,Malden Center
2026-06-22,Orange,place-north,445,0.008988764044943821,24.0,North Station
2026-06-22,Orange,place-rcmnl,445,0.024719101123595506,13.0,Roxbury Crossing
2026-06-22,Orange,place-rugg,445,0.024719101123595506,44.0,Ruggles
2026-06-22,Orange,place-sbmnl,444,0.015765765765765764,23.0,Stony Brook
2026-06-22,Orange,place-state,445,0.006741573033707865,8.0,State
2026-06-22,Orange,place-sull,445,0.008988764044943821,17.0,Sullivan Square
2026-06-22,Orange,place-tumnl,444,0.015765765765765764,23.0,Tufts Medical Center
2026-06-22,Orange,place-welln,444,0.01126126126126126,41.0,Wellington
2026-06-22,Red,place-andrw,393,0.3791348600508906,202.0,Andrew
2026-06-22,Red,place-brdwy,393,0.3842239185750636,208.0,Broadway
2026-06-22,Red,place-chmnl,392,0.3852040816326531,208.5,Charles/MGH
2026-06-22,Red,place-cntsq,392,0.37244897959183676,204.0,Central
2026-06-22,Red,place-davis,393,0.356234096692112,199.0,Davis
2026-06-22,Red,place-dwnxg,387,0.3772609819121447,200.0,Downtown Crossing
2026-06-22,Red,place-fldcr,202,0.2524752475247525,173.5,Fields Corner
2026-06-22,Red,place-harsq,393,0.3791348600508906,214.0,Harvard
2026-06-22,Red,place-jfk,394,0.33756345177664976,201.0,JFK/UMass
2026-06-22,Red,place-knncl,393,0.39185750636132316,206.0,Kendall/MIT
2026-06-22,Red,place-nqncy,190,0.38421052631578945,191.5,North Quincy
2026-06-22,Red,place-pktrm,389,0.390745501285347,197.0,Park Street
2026-06-22,Red,place-portr,393,0.3944020356234097,228.0,Porter
2026-06-22,Red,place-qamnl,191,0.34554973821989526,165.0,Quincy Adams
2026-06-22,Red,place-qnctr,189,0.3439153439153439,174.0,Quincy Center
2026-06-22,Red,place-shmnl,203,0.30049261083743845,184.0,Savin Hill
2026-06-22,Red,place-smmnl,202,0.25742574257425743,176.0,Shawmut
2026-06-22,Red,place-sstat,392,0.375,212.0,South Station
2026-06-22,Red,place-wlsta,190,0.3684210526315789,175.5,Wollaston
2026-06-23,Blue,place-aport,384,0.06510416666666667,13.5,Airport
2026-06-23,Blue,place-aqucl,383,0.06527415143603134,36.0,Aquarium
2026-06-23,Blue,place-bmmnl,379,0.0633245382585752,-3.0,Beachmont
2026-06-23,Blue,place-gover,386,0.07512953367875648,5.5,Government Center
2026-06-23,Blue,place-mvbcl,384,0.0625,19.0,Maverick
2026-06-23,Blue,place-orhte,381,0.06561679790026247,17.0,Orient Heights
2026-06-23,Blue,place-rbmnl,379,0.0633245382585752,-1.0,Revere Beach
2026-06-23,Blue,place-sdmnl,377,0.06631299734748011,25.0,Suffolk Downs
2026-06-23,Blue,place-state,384,0.0703125,28.0,State
2026-06-23,Blue,place-wimnl,384,0.06510416666666667,20.0,Wood Island
2026-06-23,Green,place-alsgr,249,0.14056224899598393,52.0,Allston Street
2026-06-23,Green,place-amory,250,0.168,88.5,Amory Street
2026-06-23,Green,place-armnl,1007,0.24627606752730885,115.0,Arlington
2026-06-23,Green,place-babck,249,0.15261044176706828,91.0,Babcock Street
2026-06-23,Green,place-balsq,286,0.08041958041958042,-1.5,Ball Square
2026-06-23,Green,place-bckhl,263,0.16730038022813687,-27.0,Back of the Hill
2026-06-23,Green,place-bcnfd,234,0.31196581196581197,169.0,Beaconsfield
2026-06-23,Green,place-bcnwa,264,0.22348484848484848,99.0,Washington Square
2026-06-23,Green,place-bland,248,0.18548387096774194,74.0,Blandford Street
2026-06-23,Green,place-bndhl,263,0.25475285171102663,134.0,Brandon Hall
2026-06-23,Green,place-boyls,1004,0.2340637450199203,113.5,Boylston
2026-06-23,Green,place-brico,250,0.152,69.5,Packards Corner
2026-06-23,Green,place-brkhl,235,0.3021276595744681,162.0,Brookline Hills
2026-06-23,Green,place-brmnl,266,0.14661654135338345,-14.5,Brigham Circle
2026-06-23,Green,place-bucen,250,0.188,69.5,Boston University Central
2026-06-23,Green,place-buest,249,0.1686746987951807,71.0,Boston University East
2026-06-23,Green,place-bvmnl,235,0.2978723404255319,160.0,Brookline Village
2026-06-23,Green,place-chhil,231,0.2813852813852814,162.0,Chestnut Hill
2026-06-23,Green,place-chill,246,0.13414634146341464,61.0,Chestnut Hill Avenue
2026-06-23,Green,place-chswk,247,0.13765182186234817,49.0,Chiswick Road
2026-06-23,Green,place-clmnl,31,0.4838709677419355,278.0,Cleveland Circle
2026-06-23,Green,place-coecl,1006,0.23856858846918488,108.5,Copley
2026-06-23,Green,place-cool,267,0.23595505617977527,120.0,Coolidge Corner
2026-06-23,Green,place-denrd,263,0.19391634980988592,62.0,Dean Road
2026-06-23,Green,place-eliot,231,0.29004329004329005,160.0,Eliot
2026-06-23,Green,place-engav,132,0.045454545454545456,29.5,Englewood Avenue
2026-06-23,Green,place-esomr,272,0.08823529411764706,19.5,East Somerville
2026-06-23,Green,place-fbkst,262,0.25572519083969464,134.5,Fairbanks Street
2026-06-23,Green,place-fenwd,265,0.18490566037735848,-6.0,Fenwood Road
2026-06-23,Green,place-fenwy,228,0.30701754385964913,167.5,Fenway
2026-06-23,Green,place-gilmn,289,0.08996539792387544,19.0,Gilman Square
2026-06-23,Green,place-gover,498,0.25502008032128515,109.0,Government Center
2026-06-23,Green,place-grigg,250,0.144,60.5,Griggs Street
2026-06-23,Green,place-haecl,498,0.2469879518072289,83.0,Haymarket
2026-06-23,Green,place-harvd,250,0.112,59.5,Harvard Avenue
2026-06-23,Green,place-hwsst,267,0.25842696629213485,174.0,Hawes Street
2026-06-23,Green,place-hymnl,738,0.26422764227642276,146.0,Hynes Convention Center
2026-06-23,Green,place-kencl,739,0.2449255751014885,125.0,Kenmore
2026-06-23,Green,place-kntst,267,0.24719101123595505,169.0,Kent Street
2026-06-23,Green,place-lech,508,0.1889763779527559,66.0,Lechmere
2026-06-23,Green,place-lngmd,279,0.16129032258064516,-13.0,Longwood Medical Area
2026-06-23,Green,place-longw,233,0.33476394849785407,165.0,Longwood
2026-06-23,Green,place-mfa,277,0.16606498194945848,-13.0,Museum of Fine Arts
2026-06-23,Green,place-mgngl,288,0.09027777777777778,30.5,Magoun Square
2026-06-23,Green,place-mispk,264,0.14772727272727273,-43.0,Mission Park
2026-06-23,Green,place-newtn,231,0.30735930735930733,179.0,Newton Highlands
2026-06-23,Green,place-newto,233,0.3090128755364807,190.0,Newton Centre
2026-06-23,Green,place-north,501,0.22554890219560877,86.0,North Station
2026-06-23,Green,place-nuniv,276,0.17753623188405798,-28.5,Northeastern University
2026-06-23,Green,place-pktrm,963,0.21599169262720663,94.0,Park Street
2026-06-23,Green,place-prmnl,274,0.1897810218978102,6.0,Prudential
2026-06-23,Green,place-rsmnl,233,0.2832618025751073,167.0,Reservoir
2026-06-23,Green,place-rvrwy,264,0.1590909090909091,-33.0,Riverway
2026-06-23,Green,place-smary,267,0.23220973782771537,163.0,Saint Marys Street
2026-06-23,Green,place-sougr,243,0.12757201646090535,-6.0,South Street
2026-06-23,Green,place-spmnl,505,0.2099009900990099,87.0,Science Park
2026-06-23,Green,place-sthld,248,0.16532258064516128,48.5,Sutherland Road
2026-06-23,Green,place-stpul,268,0.2462686567164179,154.5,Saint Paul Street
2026-06-23,Green,place-sumav,263,0.22813688212927757,111.0,Summit Avenue
2026-06-23,Green,place-tapst,133,0.03759398496240601,41.0,Tappan Street
2026-06-23,Green,place-waban,230,0.25217391304347825,149.5,Waban
2026-06-23,Green,place-wascm,247,0.13360323886639677,59.0,Washington Street
2026-06-23,Green,place-woodl,227,0.24669603524229075,159.0,Woodland
2026-06-23,Green,place-wrnst,248,0.12903225806451613,33.0,Warren Street
2026-06-23,Mattapan,place-butlr,244,0.08196721311475409,-62.5,Butler
2026-06-23,Mattapan,place-capst,248,0.07258064516129033,-15.0,Capen Street
2026-06-23,Mattapan,place-cedgr,243,0.08641975308641975,-65.0,Cedar Grove
2026-06-23,Mattapan,place-cenav,249,0.10040160642570281,-34.0,Central Avenue
2026-06-23,Mattapan,place-miltt,247,0.08502024291497975,-72.0,Milton
2026-06-23,Mattapan,place-valrd,248,0.08870967741935484,-13.5,Valley Road
2026-06-23,Orange,place-astao,431,0.06496519721577726,17.0,Assembly
2026-06-23,Orange,place-bbsta,430,0.06976744186046512,1.5,Back Bay
2026-06-23,Orange,place-ccmnl,430,0.06511627906976744,-2.5,Community College
2026-06-23,Orange,place-chncl,429,0.07459207459207459,11.0,Chinatown
2026-06-23,Orange,place-dwnxg,430,0.06744186046511629,10.5,Downtown Crossing
2026-06-23,Orange,place-grnst,430,0.07441860465116279,-9.0,Green Street
2026-06-23,Orange,place-haecl,430,0.07674418604651163,20.0,Haymarket
2026-06-23,Orange,place-jaksn,430,0.07906976744186046,-4.0,Jackson Square
2026-06-23,Orange,place-masta,429,0.08158508158508158,11.0,Massachusetts Avenue
2026-06-23,Orange,place-mlmnl,431,0.08120649651972157,33.0,Malden Center
2026-06-23,Orange,place-north,430,0.06744186046511629,12.5,North Station
2026-06-23,Orange,place-rcmnl,430,0.07906976744186046,-4.0,Roxbury Crossing
2026-06-23,Orange,place-rugg,429,0.08857808857808858,28.0,Ruggles
2026-06-23,Orange,place-sbmnl,429,0.07459207459207459,-5.0,Stony Brook
2026-06-23,Orange,place-state,430,0.06511627906976744,-3.0,State
2026-06-23,Orange,place-sull,430,0.06279069767441861,-4.0,Sullivan Square
2026-06-23,Orange,place-tumnl,430,0.07209302325581396,9.5,Tufts Medical Center
2026-06-23,Orange,place-welln,430,0.06744186046511629,26.5,Wellington
2026-06-23,Red,place-andrw,344,0.3372093023255814,177.0,Andrew
2026-06-23,Red,place-brdwy,347,0.3285302593659942,177.0,Broadway
2026-06-23,Red,place-chmnl,345,0.3507246376811594,189.0,Charles/MGH
2026-06-23,Red,place-cntsq,344,0.3430232558139535,170.5,Central
2026-06-23,Red,place-davis,342,0.3508771929824561,182.0,Davis
2026-06-23,Red,place-dwnxg,343,0.3236151603498542,179.0,Downtown Crossing
2026-06-23,Red,place-fldcr,180,0.3111111111111111,166.0,Fields Corner
2026-06-23,Red,place-harsq,340,0.3558823529411765,181.5,Harvard
2026-06-23,Red,place-jfk,346,0.315028901734104,161.5,JFK/UMass
2026-06-23,Red,place-knncl,346,0.35260115606936415,185.0,Kendall/MIT
2026-06-23,Red,place-nqncy,163,0.3128834355828221,128.0,North Quincy
2026-06-23,Red,place-pktrm,337,0.35311572700296734,186.0,Park Street
2026-06-23,Red,place-portr,340,0.37058823529411766,205.5,Porter
2026-06-23,Red,place-qamnl,165,0.3151515151515151,135.0,Quincy Adams
2026-06-23,Red,place-qnctr,164,0.29878048780487804,123.0,Quincy Center
2026-06-23,Red,place-shmnl,181,0.3370165745856354,174.0,Savin Hill
2026-06-23,Red,place-smmnl,179,0.3240223463687151,172.0,Shawmut
2026-06-23,Red,place-sstat,346,0.33236994219653176,187.5,South Station
2026-06-23,Red,place-wlsta,163,0.2883435582822086,121.0,Wollaston
2026-06-24,Blue,place-aport,343,0.17784256559766765,19.0,Airport
2026-06-24,Blue,place-aqucl,341,0.19648093841642228,34.0,Aquarium
2026-06-24,Blue,place-bmmnl,339,0.1710914454277286,9.0,Beachmont
2026-06-24,Blue,place-gover,344,0.18895348837209303,4.0,Government Center
2026-06-24,Blue,place-mvbcl,341,0.17888563049853373,22.0,Maverick
2026-06-24,Blue,place-orhte,341,0.17888563049853373,23.0,Orient Heights
2026-06-24,Blue,place-rbmnl,340,0.18529411764705883,16.0,Revere Beach
2026-06-24,Blue,place-sdmnl,339,0.18289085545722714,40.0,Suffolk Downs
2026-06-24,Blue,place-state,342,0.20175438596491227,33.5,State
2026-06-24,Blue,place-wimnl,343,0.1749271137026239,28.0,Wood Island
2026-06-24,Green,place-alsgr,247,0.1214574898785425,42.0,Allston Street
2026-06-24,Green,place-amory,249,0.1606425702811245,79.0,Amory Street
2026-06-24,Green,place-armnl,987,0.21580547112462006,99.0,Arlington
2026-06-24,Green,place-babck,248,0.15725806451612903,56.0,Babcock Street
2026-06-24,Green,place-balsq,289,0.02768166089965398,-26.0,Ball Square
2026-06-24,Green,place-bckhl,265,0.10943396226415095,-70.0,Back of the Hill
2026-06-24,Green,place-bcnfd,232,0.34051724137931033,210.0,Beaconsfield
2026-06-24,Green,place-bcnwa,252,0.2619047619047619,123.0,Washington Square
2026-06-24,Green,place-bland,248,0.14112903225806453,64.5,Blandford Street
2026-06-24,Green,place-bndhl,249,0.2971887550200803,159.0,Brandon Hall
2026-06-24,Green,place-boyls,988,0.2145748987854251,96.5,Boylston
2026-06-24,Green,place-brico,247,0.13765182186234817,49.0,Packards Corner
2026-06-24,Green,place-brkhl,234,0.3418803418803419,208.0,Brookline Hills
2026-06-24,Green,place-brmnl,263,0.09125475285171103,-64.0,Brigham Circle
2026-06-24,Green,place-bucen,248,0.14516129032258066,63.5,Boston University Central
2026-06-24,Green,place-buest,249,0.14457831325301204,55.0,Boston University East
2026-06-24,Green,place-bvmnl,235,0.3446808510638298,211.0,Brookline Village
2026-06-24,Green,place-chhil,224,0.3169642857142857,176.5,Chestnut Hill
2026-06-24,Green,place-chill,241,0.13692946058091288,44.0,Chestnut Hill Avenue
2026-06-24,Green,place-chswk,244,0.12295081967213115,16.0,Chiswick Road
2026-06-24,Green,place-clmnl,29,0.3103448275862069,191.0,Cleveland Circle
2026-06-24,Green,place-coecl,988,0.20951417004048584,86.0,Copley
2026-06-24,Green,place-cool,251,0.28286852589641437,143.0,Coolidge Corner
2026-06-24,Green,place-denrd,248,0.20161290322580644,80.5,Dean Road
2026-06-24,Green,place-eliot,223,0.2914798206278027,176.0,Eliot
2026-06-24,Green,place-engav,124,0.056451612903225805,10.0,Englewood Avenue
2026-06-24,Green,place-esomr,277,0.02888086642599278,-6.0,East Somerville
2026-06-24,Green,place-fbkst,249,0.2891566265060241,154.0,Fairbanks Street
2026-06-24,Green,place-fenwd,264,0.11742424242424243,-27.5,Fenwood Road
2026-06-24,Green,place-fenwy,235,0.3659574468085106,207.0,Fenway
2026-06-24,Green,place-gilmn,291,0.044673539518900345,-3.0,Gilman Square
2026-06-24,Green,place-gover,501,0.2275449101796407,83.0,Government Center
2026-06-24,Green,place-grigg,248,0.13306451612903225,41.0,Griggs Street
2026-06-24,Green,place-haecl,499,0.20641282565130262,51.0,Haymarket
2026-06-24,Green,place-harvd,248,0.12903225806451613,25.5,Harvard Avenue
2026-06-24,Green,place-hwsst,250,0.312,162.5,Hawes Street
2026-06-24,Green,place-hymnl,714,0.25210084033613445,132.0,Hynes Convention Center
2026-06-24,Green,place-kencl,724,0.25,122.0,Kenmore
2026-06-24,Green,place-kntst,251,0.32270916334661354,161.0,Kent Street
2026-06-24,Green,place-lech,514,0.16926070038910507,33.0,Lechmere
2026-06-24,Green,place-lngmd,279,0.0931899641577061,-61.0,Longwood Medical Area
2026-06-24,Green,place-longw,235,0.3574468085106383,232.0,Longwood
2026-06-24,Green,place-mfa,279,0.07885304659498207,-46.0,Museum of Fine Arts
2026-06-24,Green,place-mgngl,290,0.034482758620689655,2.5,Magoun Square
2026-06-24,Green,place-mispk,266,0.09774436090225563,-89.5,Mission Park
2026-06-24,Green,place-newtn,225,0.32,195.0,Newton Highlands
2026-06-24,Green,place-newto,226,0.3185840707964602,180.5,Newton Centre
2026-06-24,Green,place-north,504,0.19642857142857142,45.0,North Station
2026-06-24,Green,place-nuniv,280,0.08571428571428572,-68.0,Northeastern University
2026-06-24,Green,place-pktrm,941,0.20085015940488843,85.0,Park Street
2026-06-24,Green,place-prmnl,274,0.10583941605839416,-68.0,Prudential
2026-06-24,Green,place-rsmnl,224,0.33035714285714285,197.5,Reservoir
2026-06-24,Green,place-rvrwy,265,0.10566037735849057,-74.0,Riverway
2026-06-24,Green,place-smary,249,0.2891566265060241,148.0,Saint Marys Street
2026-06-24,Green,place-sougr,236,0.1271186440677966,-5.0,South Street
2026-06-24,Green,place-spmnl,506,0.19367588932806323,57.0,Science Park
2026-06-24,Green,place-sthld,245,0.13877551020408163,25.0,Sutherland Road
2026-06-24,Green,place-stpul,253,0.2924901185770751,170.0,Saint Paul Street
2026-06-24,Green,place-sumav,250,0.288,147.0,Summit Avenue
2026-06-24,Green,place-tapst,128,0.09375,39.0,Tappan Street
2026-06-24,Green,place-waban,223,0.27802690582959644,144.0,Waban
2026-06-24,Green,place-wascm,244,0.13114754098360656,43.0,Washington Street
2026-06-24,Green,place-woodl,219,0.2602739726027397,147.0,Woodland
2026-06-24,Green,place-wrnst,247,0.0931174089068826,15.0,Warren Street
2026-06-24,Mattapan,place-butlr,231,0.08658008658008658,-20.0,Butler
2026-06-24,Mattapan,place-capst,228,0.09210526315789473,12.5,Capen Street
2026-06-24,Mattapan,place-cedgr,231,0.08225108225108226,-26.0,Cedar Grove
2026-06-24,Mattapan,place-cenav,229,0.08733624454148471,-2.0,Central Avenue
2026-06-24,Mattapan,place-miltt,230,0.07391304347826087,-30.5,Milton
2026-06-24,Mattapan,place-valrd,228,0.08771929824561403,16.5,Valley Road
2026-06-24,Orange,place-astao,411,0.07542579075425791,42.0,Assembly
2026-06-24,Orange,place-bbsta,411,0.07542579075425791,36.0,Back Bay
2026-06-24,Orange,place-ccmnl,410,0.07317073170731707,25.5,Community College
2026-06-24,Orange,place-chncl,409,0.07823960880195599,46.0,Chinatown
2026-06-24,Orange,place-dwnxg,410,0.07560975609756097,44.0,Downtown Crossing
2026-06-24,Orange,place-grnst,412,0.06310679611650485,37.0,Green Street
2026-06-24,Orange,place-haecl,410,0.07317073170731707,46.0,Haymarket
2026-06-24,Orange,place-jaksn,411,0.07785888077858881,34.0,Jackson Square
2026-06-24,Orange,place-masta,411,0.09002433090024331,54.0,Massachusetts Avenue
2026-06-24,Orange,place-mlmnl,409,0.09535452322738386,57.0,Malden Center
2026-06-24,Orange,place-north,410,0.07317073170731707,34.5,North Station
2026-06-24,Orange,place-rcmnl,410,0.09024390243902439,41.0,Roxbury Crossing
2026-06-24,Orange,place-rugg,411,0.1070559610705596,70.0,Ruggles
2026-06-24,Orange,place-sbmnl,411,0.072992700729927,26.0,Stony Brook
2026-06-24,Orange,place-state,410,0.06341463414634146,19.5,State
2026-06-24,Orange,place-sull,411,0.072992700729927,24.0,Sullivan Square
2026-06-24,Orange,place-tumnl,409,0.07579462102689487,41.0,Tufts Medical Center
2026-06-24,Orange,place-welln,410,0.08780487804878048,49.0,Wellington
2026-06-24,Red,place-andrw,380,0.3,165.0,Andrew
2026-06-24,Red,place-brdwy,382,0.29581151832460734,165.5,Broadway
2026-06-24,Red,place-chmnl,387,0.3023255813953488,182.0,Charles/MGH
2026-06-24,Red,place-cntsq,383,0.29765013054830286,171.0,Central
2026-06-24,Red,place-davis,386,0.266839378238342,167.0,Davis
2026-06-24,Red,place-dwnxg,384,0.2942708333333333,171.0,Downtown Crossing
2026-06-24,Red,place-fldcr,193,0.21243523316062177,103.0,Fields Corner
2026-06-24,Red,place-harsq,384,0.296875,181.0,Harvard
2026-06-24,Red,place-jfk,383,0.2819843342036554,153.0,JFK/UMass
2026-06-24,Red,place-knncl,386,0.3005181347150259,182.5,Kendall/MIT
2026-06-24,Red,place-nqncy,187,0.32620320855614976,139.0,North Quincy
2026-06-24,Red,place-pktrm,385,0.2883116883116883,178.0,Park Street
2026-06-24,Red,place-portr,386,0.3005181347150259,190.0,Porter
2026-06-24,Red,place-qamnl,188,0.26063829787234044,142.0,Quincy Adams
2026-06-24,Red,place-qnctr,187,0.29411764705882354,157.0,Quincy Center
2026-06-24,Red,place-shmnl,192,0.22916666666666666,126.5,Savin Hill
2026-06-24,Red,place-smmnl,193,0.19170984455958548,117.0,Shawmut
2026-06-24,Red,place-sstat,385,0.3064935064935065,174.0,South Station
2026-06-24,Red,place-wlsta,188,0.3191489361702128,149.5,Wollaston
2026-06-25,Blue,place-aport,348,0.3017241379310345,59.0,Airport
2026-06-25,Blue,place-aqucl,348,0.3275862068965517,87.0,Aquarium
2026-06-25,Blue,place-bmmnl,342,0.30409356725146197,44.5,Beachmont
2026-06-25,Blue,place-gover,349,0.3123209169054441,65.0,Government Center
2026-06-25,Blue,place-mvbcl,348,0.3045977011494253,75.0,Maverick
2026-06-25,Blue,place-orhte,342,0.30116959064327486,58.5,Orient Heights
2026-06-25,Blue,place-rbmnl,339,0.3185840707964602,43.0,Revere Beach
2026-06-25,Blue,place-sdmnl,341,0.30791788856304986,77.0,Suffolk Downs
2026-06-25,Blue,place-state,350,0.32,89.5,State
2026-06-25,Blue,place-wimnl,347,0.30547550432276654,65.0,Wood Island
2026-06-25,Green,place-alsgr,244,0.11475409836065574,37.5,Allston Street
2026-06-25,Green,place-amory,244,0.12704918032786885,65.5,Amory Street
2026-06-25,Green,place-armnl,1016,0.2076771653543307,81.5,Arlington
2026-06-25,Green,place-babck,244,0.11065573770491803,56.0,Babcock Street
2026-06-25,Green,place-balsq,286,0.06993006993006994,-6.0,Ball Square
2026-06-25,Green,place-bckhl,254,0.14173228346456693,-75.0,Back of the Hill
2026-06-25,Green,place-bcnfd,249,0.18875502008032127,114.0,Beaconsfield
2026-06-25,Green,place-bcnwa,249,0.24497991967871485,109.0,Washington Square
2026-06-25,Green,place-bland,243,0.14814814814814814,59.0,Blandford Street
2026-06-25,Green,place-bndhl,248,0.2903225806451613,131.0,Brandon Hall
2026-06-25,Green,place-boyls,1010,0.201980198019802,82.0,Boylston
2026-06-25,Green,place-brico,245,0.12244897959183673,33.0,Packards Corner
2026-06-25,Green,place-brkhl,250,0.168,105.5,Brookline Hills
2026-06-25,Green,place-brmnl,253,0.12648221343873517,-57.0,Brigham Circle
2026-06-25,Green,place-bucen,244,0.13114754098360656,44.0,Boston University Central
2026-06-25,Green,place-buest,242,0.15289256198347106,38.5,Boston University East
2026-06-25,Green,place-bvmnl,251,0.17131474103585656,95.0,Brookline Village
2026-06-25,Green,place-chhil,244,0.18032786885245902,105.5,Chestnut Hill
2026-06-25,Green,place-chill,238,0.13025210084033614,38.5,Chestnut Hill Avenue
2026-06-25,Green,place-chswk,239,0.14644351464435146,7.0,Chiswick Road
2026-06-25,Green,place-clmnl,30,0.3,142.0,Cleveland Circle
2026-06-25,Green,place-coecl,1019,0.20215897939156036,71.0,Copley
2026-06-25,Green,place-cool,251,0.2589641434262948,125.0,Coolidge Corner
2026-06-25,Green,place-denrd,247,0.21862348178137653,49.0,Dean Road
2026-06-25,Green,place-eliot,248,0.1975806451612903,110.0,Eliot
2026-06-25,Green,place-engav,123,0.07317073170731707,24.0,Englewood Avenue
2026-06-25,Green,place-esomr,278,0.0683453237410072,13.5,East Somerville
2026-06-25,Green,place-fbkst,248,0.27419354838709675,132.5,Fairbanks Street
2026-06-25,Green,place-fenwd,254,0.14960629921259844,-22.5,Fenwood Road
2026-06-25,Green,place-fenwy,249,0.18875502008032127,95.0,Fenway
2026-06-25,Green,place-gilmn,289,0.06920415224913495,25.0,Gilman Square
2026-06-25,Green,place-gover,507,0.16765285996055226,68.0,Government Center
2026-06-25,Green,place-grigg,244,0.11475409836065574,39.0,Griggs Street
2026-06-25,Green,place-haecl,504,0.15674603174603174,50.5,Haymarket
2026-06-25,Green,place-harvd,244,0.11475409836065574,23.0,Harvard Avenue
2026-06-25,Green,place-hwsst,252,0.29365079365079366,157.0,Hawes Street
2026-06-25,Green,place-hymnl,747,0.22356091030789826,105.0,Hynes Convention Center
2026-06-25,Green,place-kencl,745,0.2080536912751678,102.0,Kenmore
2026-06-25,Green,place-kntst,252,0.27380952380952384,151.5,Kent Street
2026-06-25,Green,place-lech,527,0.13851992409867173,5.0,Lechmere
2026-06-25,Green,place-lngmd,274,0.13503649635036497,-56.0,Longwood Medical Area
2026-06-25,Green,place-longw,250,0.196,113.5,Longwood
2026-06-25,Green,place-mfa,274,0.12408759124087591,-19.5,Museum of Fine Arts
2026-06-25,Green,place-mgngl,287,0.07317073170731707,31.0,Magoun Square
2026-06-25,Green,place-mispk,254,0.1141732283464567,-82.0,Mission Park
2026-06-25,Green,place-newtn,247,0.20242914979757085,113.0,Newton Highlands
2026-06-25,Green,place-newto,246,0.17886178861788618,126.5,Newton Centre
2026-06-25,Green,place-north,522,0.16091954022988506,37.5,North Station
2026-06-25,Green,place-nuniv,273,0.13186813186813187,-41.0,Northeastern University
2026-06-25,Green,place-pktrm,969,0.19298245614035087,83.0,Park Street
2026-06-25,Green,place-prmnl,272,0.15073529411764705,-34.0,Prudential
2026-06-25,Green,place-rsmnl,246,0.17479674796747968,110.5,Reservoir
2026-06-25,Green,place-rvrwy,254,0.1377952755905512,-61.5,Riverway
2026-06-25,Green,place-smary,252,0.2857142857142857,151.0,Saint Marys Street
2026-06-25,Green,place-sougr,234,0.1452991452991453,-26.5,South Street
2026-06-25,Green,place-spmnl,524,0.15076335877862596,32.0,Science Park
2026-06-25,Green,place-sthld,240,0.15833333333333333,9.5,Sutherland Road
2026-06-25,Green,place-stpul,251,0.2788844621513944,150.0,Saint Paul Street
2026-06-25,Green,place-sumav,250,0.256,97.5,Summit Avenue
2026-06-25,Green,place-tapst,71,0.09859154929577464,37.0,Tappan Street
2026-06-25,Green,place-waban,246,0.16666666666666666,92.0,Waban
2026-06-25,Green,place-wascm,241,0.12033195020746888,26.0,Washington Street
2026-06-25,Green,place-woodl,243,0.1440329218106996,93.0,Woodland
2026-06-25,Green,place-wrnst,244,0.11475409836065574,-11.5,Warren Street
2026-06-25,Mattapan,place-asmnl,1,0.0,-136.0,Ashmont
2026-06-25,Mattapan,place-butlr,252,0.023809523809523808,-66.5,Butler
2026-06-25,Mattapan,place-capst,254,0.031496062992125984,-12.0,Capen Street
2026-06-25,Mattapan,place-cedgr,255,0.023529411764705882,-75.0,Cedar Grove
2026-06-25,Mattapan,place-cenav,255,0.03137254901960784,-37.0,Central Avenue
2026-06-25,Mattapan,place-miltt,256,0.01953125,-80.0,Milton
2026-06-25,Mattapan,place-valrd,255,0.03137254901960784,-11.0,Valley Road
2026-06-25,Orange,place-astao,409,0.09290953545232274,35.0,Assembly
2026-06-25,Orange,place-bbsta,410,0.1,32.5,Back Bay
2026-06-25,Orange,place-ccmnl,408,0.0857843137254902,28.0,Community College
2026-06-25,Orange,place-chncl,409,0.10268948655256724,42.0,Chinatown
2026-06-25,Orange,place-dwnxg,410,0.1024390243902439,38.5,Downtown Crossing
2026-06-25,Orange,place-grnst,410,0.09268292682926829,33.0,Green Street
2026-06-25,Orange,place-haecl,410,0.1,34.0,Haymarket
2026-06-25,Orange,place-jaksn,410,0.1048780487804878,20.0,Jackson Square
2026-06-25,Orange,place-masta,410,0.1073170731707317,36.5,Massachusetts Avenue
2026-06-25,Orange,place-mlmnl,411,0.10462287104622871,54.0,Malden Center
2026-06-25,Orange,place-north,410,0.09268292682926829,28.0,North Station
2026-06-25,Orange,place-rcmnl,410,0.10975609756097561,17.0,Roxbury Crossing
2026-06-25,Orange,place-rugg,410,0.11463414634146342,47.0,Ruggles
2026-06-25,Orange,place-sbmnl,409,0.09046454767726161,16.0,Stony Brook
2026-06-25,Orange,place-state,410,0.0951219512195122,12.0,State
2026-06-25,Orange,place-sull,409,0.09046454767726161,25.0,Sullivan Square
2026-06-25,Orange,place-tumnl,410,0.1048780487804878,35.5,Tufts Medical Center
2026-06-25,Orange,place-welln,409,0.097799511002445,42.0,Wellington
2026-06-25,Red,place-andrw,391,0.4373401534526854,251.0,Andrew
2026-06-25,Red,place-brdwy,390,0.43846153846153846,247.0,Broadway
2026-06-25,Red,place-chmnl,392,0.42857142857142855,254.0,Charles/MGH
2026-06-25,Red,place-cntsq,391,0.391304347826087,243.0,Central
2026-06-25,Red,place-davis,392,0.375,216.5,Davis
2026-06-25,Red,place-dwnxg,392,0.41581632653061223,239.5,Downtown Crossing
2026-06-25,Red,place-fldcr,208,0.34134615384615385,179.0,Fields Corner
2026-06-25,Red,place-harsq,391,0.3938618925831202,243.0,Harvard
2026-06-25,Red,place-jfk,391,0.41687979539641945,249.0,JFK/UMass
2026-06-25,Red,place-knncl,392,0.40816326530612246,250.0,Kendall/MIT
2026-06-25,Red,place-nqncy,183,0.44808743169398907,264.0,North Quincy
2026-06-25,Red,place-pktrm,389,0.43958868894601544,253.0,Park Street
2026-06-25,Red,place-portr,391,0.40664961636828645,253.0,Porter
2026-06-25,Red,place-qamnl,184,0.45108695652173914,270.0,Quincy Adams
2026-06-25,Red,place-qnctr,183,0.45901639344262296,264.0,Quincy Center
2026-06-25,Red,place-shmnl,207,0.3719806763285024,202.0,Savin Hill
2026-06-25,Red,place-smmnl,205,0.33658536585365856,196.0,Shawmut
2026-06-25,Red,place-sstat,392,0.4413265306122449,261.0,South Station
2026-06-25,Red,place-wlsta,183,0.453551912568306,266.0,Wollaston
2026-06-26,Blue,place-aport,86,0.23255813953488372,19.5,Airport
2026-06-26,Blue,place-aqucl,91,0.23076923076923078,26.0,Aquarium
2026-06-26,Blue,place-bmmnl,41,0.21951219512195122,128.0,Beachmont
2026-06-26,Blue,place-gover,97,0.2268041237113402,-16.0,Government Center
2026-06-26,Blue,place-mvbcl,87,0.25287356321839083,31.0,Maverick
2026-06-26,Blue,place-orhte,43,0.27906976744186046,155.0,Orient Heights
2026-06-26,Blue,place-rbmnl,41,0.21951219512195122,168.0,Revere Beach
2026-06-26,Blue,place-sdmnl,42,0.30952380952380953,167.0,Suffolk Downs
2026-06-26,Blue,place-state,93,0.22580645161290322,9.0,State
2026-06-26,Blue,place-wimnl,84,0.23809523809523808,23.0,Wood Island
2026-06-26,Green,place-alsgr,229,0.13100436681222707,63.0,Allston Street
2026-06-26,Green,place-amory,233,0.1759656652360515,87.0,Amory Street
2026-06-26,Green,place-armnl,995,0.22311557788944725,84.0,Arlington
2026-06-26,Green,place-babck,231,0.15584415584415584,83.0,Babcock Street
2026-06-26,Green,place-balsq,289,0.04152249134948097,-25.0,Ball Square
2026-06-26,Green,place-bckhl,271,0.1070110701107011,-74.0,Back of the Hill
2026-06-26,Green,place-bcnfd,239,0.2719665271966527,122.0,Beaconsfield
2026-06-26,Green,place-bcnwa,264,0.23863636363636365,111.5,Washington Square
2026-06-26,Green,place-bland,233,0.18025751072961374,83.0,Blandford Street
2026-06-26,Green,place-bndhl,265,0.27547169811320754,147.0,Brandon Hall
2026-06-26,Green,place-boyls,993,0.23162134944612287,91.0,Boylston
2026-06-26,Green,place-brico,226,0.1504424778761062,64.0,Packards Corner
2026-06-26,Green,place-brkhl,239,0.25523012552301255,108.0,Brookline Hills
2026-06-26,Green,place-brmnl,268,0.10074626865671642,-78.0,Brigham Circle
2026-06-26,Green,place-bucen,232,0.1810344827586207,72.5,Boston University Central
2026-06-26,Green,place-buest,233,0.16738197424892703,77.0,Boston University East
2026-06-26,Green,place-bvmnl,242,0.26859504132231404,110.5,Brookline Village
2026-06-26,Green,place-chhil,241,0.24066390041493776,117.0,Chestnut Hill
2026-06-26,Green,place-chill,234,0.14957264957264957,59.5,Chestnut Hill Avenue
2026-06-26,Green,place-chswk,233,0.16738197424892703,49.0,Chiswick Road
2026-06-26,Green,place-clmnl,29,0.4482758620689655,291.0,Cleveland Circle
2026-06-26,Green,place-coecl,1003,0.21734795613160518,78.0,Copley
2026-06-26,Green,place-cool,265,0.25660377358490566,135.0,Coolidge Corner
2026-06-26,Green,place-denrd,264,0.22348484848484848,64.5,Dean Road
2026-06-26,Green,place-eliot,240,0.2375,114.5,Eliot
2026-06-26,Green,place-engav,131,0.061068702290076333,30.0,Englewood Avenue
2026-06-26,Green,place-esomr,273,0.03296703296703297,-4.0,East Somerville
2026-06-26,Green,place-fbkst,265,0.27169811320754716,143.0,Fairbanks Street
2026-06-26,Green,place-fenwd,270,0.12962962962962962,-41.5,Fenwood Road
2026-06-26,Green,place-fenwy,239,0.26359832635983266,116.0,Fenway
2026-06-26,Green,place-gilmn,286,0.04895104895104895,-5.0,Gilman Square
2026-06-26,Green,place-gover,505,0.1900990099009901,69.0,Government Center
2026-06-26,Green,place-grigg,229,0.15283842794759825,58.0,Griggs Street
2026-06-26,Green,place-haecl,501,0.1596806387225549,45.0,Haymarket
2026-06-26,Green,place-harvd,228,0.14035087719298245,54.0,Harvard Avenue
2026-06-26,Green,place-hwsst,265,0.2830188679245283,168.0,Hawes Street
2026-06-26,Green,place-hymnl,736,0.26766304347826086,128.0,Hynes Convention Center
2026-06-26,Green,place-kencl,734,0.24931880108991825,111.5,Kenmore
2026-06-26,Green,place-kntst,266,0.2781954887218045,167.0,Kent Street
2026-06-26,Green,place-lech,507,0.1242603550295858,14.0,Lechmere
2026-06-26,Green,place-lngmd,275,0.09818181818181818,-59.0,Longwood Medical Area
2026-06-26,Green,place-longw,242,0.2809917355371901,113.0,Longwood
2026-06-26,Green,place-mfa,275,0.10181818181818182,-60.0,Museum of Fine Arts
2026-06-26,Green,place-mgngl,286,0.04895104895104895,4.5,Magoun Square
2026-06-26,Green,place-mispk,270,0.0962962962962963,-104.5,Mission Park
2026-06-26,Green,place-newtn,240,0.25833333333333336,135.0,Newton Highlands
2026-06-26,Green,place-newto,241,0.25311203319502074,137.0,Newton Centre
2026-06-26,Green,place-north,506,0.15612648221343872,38.5,North Station
2026-06-26,Green,place-nuniv,273,0.08424908424908426,-73.0,Northeastern University
2026-06-26,Green,place-pktrm,951,0.2103049421661409,81.0,Park Street
2026-06-26,Green,place-prmnl,272,0.09191176470588236,-70.5,Prudential
2026-06-26,Green,place-rsmnl,240,0.25416666666666665,121.5,Reservoir
2026-06-26,Green,place-rvrwy,270,0.1259259259259259,-72.0,Riverway
2026-06-26,Green,place-smary,264,0.2727272727272727,151.5,Saint Marys Street
2026-06-26,Green,place-sougr,228,0.17543859649122806,-6.5,South Street
2026-06-26,Green,place-spmnl,507,0.14201183431952663,40.0,Science Park
2026-06-26,Green,place-sthld,235,0.1829787234042553,44.0,Sutherland Road
2026-06-26,Green,place-stpul,266,0.2593984962406015,159.5,Saint Paul Street
2026-06-26,Green,place-sumav,265,0.2490566037735849,122.0,Summit Avenue
2026-06-26,Green,place-waban,240,0.21666666666666667,104.0,Waban
2026-06-26,Green,place-wascm,232,0.12931034482758622,55.5,Washington Street
2026-06-26,Green,place-woodl,240,0.225,86.5,Woodland
2026-06-26,Green,place-wrnst,227,0.1277533039647577,25.0,Warren Street
2026-06-26,Mattapan,place-asmnl,4,0.0,-100.5,Ashmont
2026-06-26,Mattapan,place-butlr,248,0.036290322580645164,-87.5,Butler
2026-06-26,Mattapan,place-capst,254,0.06299212598425197,-23.5,Capen Street
2026-06-26,Mattapan,place-cedgr,255,0.03137254901960784,-97.0,Cedar Grove
2026-06-26,Mattapan,place-cenav,253,0.06719367588932806,-46.0,Central Avenue
2026-06-26,Mattapan,place-miltt,254,0.05905511811023622,-89.0,Milton
2026-06-26,Mattapan,place-valrd,255,0.07058823529411765,-27.0,Valley Road
2026-06-26,Orange,place-astao,384,0.13802083333333334,-6.5,Assembly
2026-06-26,Orange,place-bbsta,386,0.13212435233160622,-26.5,Back Bay
2026-06-26,Orange,place-ccmnl,385,0.13506493506493505,-28.0,Community College
2026-06-26,Orange,place-chncl,386,0.13989637305699482,-13.0,Chinatown
2026-06-26,Orange,place-dwnxg,387,0.1343669250645995,-22.0,Downtown Crossing
2026-06-26,Orange,place-grnst,386,0.16062176165803108,-67.0,Green Street
2026-06-26,Orange,place-haecl,387,0.13695090439276486,-13.0,Haymarket
2026-06-26,Orange,place-jaksn,387,0.14470284237726097,-45.0,Jackson Square
2026-06-26,Orange,place-masta,385,0.14285714285714285,-26.0,Massachusetts Avenue
2026-06-26,Orange,place-mlmnl,384,0.14583333333333334,8.5,Malden Center
2026-06-26,Orange,place-north,386,0.13212435233160622,-20.0,North Station
2026-06-26,Orange,place-rcmnl,387,0.14728682170542637,-37.0,Roxbury Crossing
2026-06-26,Orange,place-rugg,386,0.15803108808290156,-11.0,Ruggles
2026-06-26,Orange,place-sbmnl,387,0.15503875968992248,-64.0,Stony Brook
2026-06-26,Orange,place-state,386,0.12953367875647667,-35.5,State
2026-06-26,Orange,place-sull,388,0.13402061855670103,-24.0,Sullivan Square
2026-06-26,Orange,place-tumnl,386,0.13471502590673576,-22.0,Tufts Medical Center
2026-06-26,Orange,place-welln,384,0.14583333333333334,11.0,Wellington
2026-06-26,Red,place-andrw,347,0.4322766570605187,235.0,Andrew
2026-06-26,Red,place-brdwy,350,0.43142857142857144,234.0,Broadway
2026-06-26,Red,place-chmnl,352,0.4346590909090909,238.5,Charles/MGH
2026-06-26,Red,place-cntsq,351,0.42450142450142453,244.0,Central
2026-06-26,Red,place-davis,353,0.43059490084985835,221.0,Davis
2026-06-26,Red,place-dwnxg,351,0.42735042735042733,224.0,Downtown Crossing
2026-06-26,Red,place-fldcr,167,0.4431137724550898,219.0,Fields Corner
2026-06-26,Red,place-harsq,352,0.44886363636363635,247.5,Harvard
2026-06-26,Red,place-jfk,348,0.4281609195402299,220.5,JFK/UMass
2026-06-26,Red,place-knncl,351,0.43304843304843305,237.0,Kendall/MIT
2026-06-26,Red,place-nqncy,179,0.39664804469273746,169.0,North Quincy
2026-06-26,Red,place-pktrm,351,0.42735042735042733,227.0,Park Street
2026-06-26,Red,place-portr,353,0.45892351274787535,248.0,Porter
2026-06-26,Red,place-qamnl,179,0.39106145251396646,188.0,Quincy Adams
2026-06-26,Red,place-qnctr,178,0.398876404494382,172.0,Quincy Center
2026-06-26,Red,place-shmnl,165,0.44242424242424244,231.0,Savin Hill
2026-06-26,Red,place-smmnl,166,0.4578313253012048,227.0,Shawmut
2026-06-26,Red,place-sstat,352,0.42329545454545453,231.0,South Station
2026-06-26,Red,place-wlsta,179,0.4022346368715084,171.0,Wollaston
2026-06-27,Blue,place-aport,157,0.2929936305732484,154.0,Airport
2026-06-27,Blue,place-aqucl,160,0.325,152.5,Aquarium
2026-06-27,Blue,place-bmmnl,129,0.3333333333333333,185.0,Beachmont
2026-06-27,Blue,place-gover,159,0.31446540880503143,143.0,Government Center
2026-06-27,Blue,place-mvbcl,159,0.3018867924528302,156.0,Maverick
2026-06-27,Blue,place-orhte,138,0.41304347826086957,219.0,Orient Heights
2026-06-27,Blue,place-rbmnl,58,0.4482758620689655,265.5,Revere Beach
2026-06-27,Blue,place-sdmnl,130,0.36923076923076925,205.0,Suffolk Downs
2026-06-27,Blue,place-state,159,0.3018867924528302,148.0,State
2026-06-27,Blue,place-wimnl,156,0.32051282051282054,164.0,Wood Island
2026-06-27,Blue,place-wondl,17,0.4117647058823529,287.0,Wonderland
2026-06-27,Green,place-alsgr,207,0.19806763285024154,80.0,Allston Street
2026-06-27,Green,place-amory,207,0.17391304347826086,70.0,Amory Street
2026-06-27,Green,place-armnl,803,0.3150684931506849,120.0,Arlington
2026-06-27,Green,place-babck,207,0.1642512077294686,79.0,Babcock Street
2026-06-27,Green,place-balsq,209,0.06698564593301436,-24.0,Ball Square
2026-06-27,Green,place-bckhl,201,0.16417910447761194,-99.0,Back of the Hill
2026-06-27,Green,place-bcnfd,205,0.33658536585365856,140.0,Beaconsfield
2026-06-27,Green,place-bcnwa,200,0.42,170.5,Washington Square
2026-06-27,Green,place-bland,205,0.1902439024390244,22.0,Blandford Street
2026-06-27,Green,place-bndhl,204,0.4362745098039216,196.5,Brandon Hall
2026-06-27,Green,place-boyls,794,0.3211586901763224,124.5,Boylston
2026-06-27,Green,place-brico,206,0.18446601941747573,78.0,Packards Corner
2026-06-27,Green,place-brkhl,203,0.3399014778325123,130.0,Brookline Hills
2026-06-27,Green,place-brmnl,199,0.1407035175879397,-103.0,Brigham Circle
2026-06-27,Green,place-bucen,207,0.18357487922705315,17.0,Boston University Central
2026-06-27,Green,place-buest,207,0.16908212560386474,4.0,Boston University East
2026-06-27,Green,place-bvmnl,204,0.3431372549019608,152.0,Brookline Village
2026-06-27,Green,place-chhil,205,0.3024390243902439,115.0,Chestnut Hill
2026-06-27,Green,place-chill,201,0.20398009950248755,71.0,Chestnut Hill Avenue
2026-06-27,Green,place-chswk,201,0.21393034825870647,58.0,Chiswick Road
2026-06-27,Green,place-clmnl,30,0.5333333333333333,345.5,Cleveland Circle
2026-06-27,Green,place-coecl,801,0.31835205992509363,123.0,Copley
2026-06-27,Green,place-cool,206,0.4029126213592233,190.5,Coolidge Corner
2026-06-27,Green,place-denrd,193,0.40414507772020725,100.0,Dean Road
2026-06-27,Green,place-eliot,204,0.30392156862745096,136.0,Eliot
2026-06-27,Green,place-engav,87,0.2988505747126437,57.0,Englewood Avenue
2026-06-27,Green,place-esomr,200,0.075,-16.0,East Somerville
2026-06-27,Green,place-fbkst,203,0.4187192118226601,202.0,Fairbanks Street
2026-06-27,Green,place-fenwd,199,0.15577889447236182,-83.0,Fenwood Road
2026-06-27,Green,place-fenwy,203,0.3251231527093596,157.0,Fenway
2026-06-27,Green,place-gilmn,210,0.07142857142857142,-29.0,Gilman Square
2026-06-27,Green,place-gover,393,0.23918575063613232,51.0,Government Center
2026-06-27,Green,place-grigg,206,0.18932038834951456,95.0,Griggs Street
2026-06-27,Green,place-haecl,393,0.22900763358778625,35.0,Haymarket
2026-06-27,Green,place-harvd,206,0.1553398058252427,59.5,Harvard Avenue
2026-06-27,Green,place-hwsst,206,0.4320388349514563,221.5,Hawes Street
2026-06-27,Green,place-hymnl,610,0.3475409836065574,155.5,Hynes Convention Center
2026-06-27,Green,place-kencl,613,0.3181076672104405,130.0,Kenmore
2026-06-27,Green,place-kntst,206,0.441747572815534,239.5,Kent Street
2026-06-27,Green,place-lech,401,0.20199501246882792,6.0,Lechmere
2026-06-27,Green,place-lngmd,205,0.15609756097560976,-98.0,Longwood Medical Area
2026-06-27,Green,place-longw,205,0.3463414634146341,155.0,Longwood
2026-06-27,Green,place-mfa,205,0.15121951219512195,-84.0,Museum of Fine Arts
2026-06-27,Green,place-mgngl,209,0.07177033492822966,-33.0,Magoun Square
2026-06-27,Green,place-mispk,200,0.145,-109.0,Mission Park
2026-06-27,Green,place-newtn,205,0.3121951219512195,143.0,Newton Highlands
2026-06-27,Green,place-newto,205,0.3024390243902439,142.0,Newton Centre
2026-06-27,Green,place-north,395,0.23291139240506328,11.0,North Station
2026-06-27,Green,place-nuniv,205,0.14634146341463414,-79.0,Northeastern University
2026-06-27,Green,place-pktrm,768,0.3072916666666667,116.5,Park Street
2026-06-27,Green,place-prmnl,205,0.17560975609756097,-43.0,Prudential
2026-06-27,Green,place-rsmnl,205,0.32682926829268294,131.0,Reservoir
2026-06-27,Green,place-rvrwy,201,0.15422885572139303,-118.0,Riverway
2026-06-27,Green,place-smary,205,0.4195121951219512,220.0,Saint Marys Street
2026-06-27,Green,place-sougr,201,0.208955223880597,17.0,South Street
2026-06-27,Green,place-spmnl,398,0.21105527638190955,27.0,Science Park
2026-06-27,Green,place-sthld,202,0.2079207920792079,37.5,Sutherland Road
2026-06-27,Green,place-stpul,206,0.4223300970873786,223.5,Saint Paul Street
2026-06-27,Green,place-sumav,206,0.4174757281553398,171.0,Summit Avenue
2026-06-27,Green,place-waban,200,0.29,117.0,Waban
2026-06-27,Green,place-wascm,206,0.20388349514563106,66.5,Washington Street
2026-06-27,Green,place-woodl,196,0.2602040816326531,84.5,Woodland
2026-06-27,Green,place-wrnst,207,0.19806763285024154,50.0,Warren Street
2026-06-27,Mattapan,place-butlr,188,0.005319148936170213,-58.0,Butler
2026-06-27,Mattapan,place-capst,187,0.0053475935828877,-60.0,Capen Street
2026-06-27,Mattapan,place-cedgr,187,0.0053475935828877,-74.0,Cedar Grove
2026-06-27,Mattapan,place-cenav,188,0.005319148936170213,-90.5,Central Avenue
2026-06-27,Mattapan,place-miltt,188,0.005319148936170213,-63.0,Milton
2026-06-27,Mattapan,place-valrd,188,0.0,-63.5,Valley Road
2026-06-27,Orange,place-astao,330,0.024242424242424242,29.0,Assembly
2026-06-27,Orange,place-bbsta,329,0.015197568389057751,15.0,Back Bay
2026-06-27,Orange,place-ccmnl,329,0.0182370820668693,21.0,Community College
2026-06-27,Orange,place-chncl,329,0.015197568389057751,28.0,Chinatown
2026-06-27,Orange,place-dwnxg,329,0.0182370820668693,22.0,Downtown Crossing
2026-06-27,Orange,place-grnst,328,0.024390243902439025,35.5,Green Street
2026-06-27,Orange,place-haecl,329,0.0182370820668693,32.0,Haymarket
2026-06-27,Orange,place-jaksn,329,0.0182370820668693,6.0,Jackson Square
2026-06-27,Orange,place-masta,329,0.02735562310030395,24.0,Massachusetts Avenue
2026-06-27,Orange,place-mlmnl,328,0.03048780487804878,52.5,Malden Center
2026-06-27,Orange,place-north,330,0.01818181818181818,24.0,North Station
2026-06-27,Orange,place-rcmnl,329,0.0364741641337386,8.0,Roxbury Crossing
2026-06-27,Orange,place-rugg,328,0.04573170731707317,25.0,Ruggles
2026-06-27,Orange,place-sbmnl,329,0.015197568389057751,11.0,Stony Brook
2026-06-27,Orange,place-state,328,0.01524390243902439,6.5,State
2026-06-27,Orange,place-sull,330,0.024242424242424242,19.5,Sullivan Square
2026-06-27,Orange,place-tumnl,329,0.015197568389057751,22.0,Tufts Medical Center
2026-06-27,Orange,place-welln,328,0.024390243902439025,39.5,Wellington
2026-06-27,Red,place-andrw,300,0.14333333333333334,37.5,Andrew
2026-06-27,Red,place-brdwy,300,0.13666666666666666,37.0,Broadway
2026-06-27,Red,place-chmnl,301,0.13953488372093023,44.0,Charles/MGH
2026-06-27,Red,place-cntsq,301,0.1362126245847176,42.0,Central
2026-06-27,Red,place-davis,303,0.1617161716171617,69.0,Davis
2026-06-27,Red,place-dwnxg,298,0.12416107382550336,28.0,Downtown Crossing
2026-06-27,Red,place-fldcr,148,0.13513513513513514,25.5,Fields Corner
2026-06-27,Red,place-harsq,301,0.14285714285714285,55.0,Harvard
2026-06-27,Red,place-jfk,299,0.13043478260869565,45.0,JFK/UMass
2026-06-27,Red,place-knncl,300,0.13333333333333333,44.0,Kendall/MIT
2026-06-27,Red,place-nqncy,151,0.11920529801324503,35.0,North Quincy
2026-06-27,Red,place-pktrm,299,0.14046822742474915,33.0,Park Street
2026-06-27,Red,place-portr,301,0.15614617940199335,77.0,Porter
2026-06-27,Red,place-qamnl,151,0.11920529801324503,72.0,Quincy Adams
2026-06-27,Red,place-qnctr,150,0.11333333333333333,51.5,Quincy Center
2026-06-27,Red,place-shmnl,148,0.12162162162162163,21.0,Savin Hill
2026-06-27,Red,place-smmnl,148,0.12162162162162163,32.0,Shawmut
2026-06-27,Red,place-sstat,300,0.12666666666666668,42.5,South Station
2026-06-27,Red,place-wlsta,151,0.12582781456953643,33.0,Wollaston
2026-06-28,Blue,place-aport,106,0.4339622641509434,257.0,Airport
2026-06-28,Blue,place-aqucl,103,0.4368932038834951,269.0,Aquarium
2026-06-28,Blue,place-bmmnl,74,0.47297297297297297,276.5,Beachmont
2026-06-28,Blue,place-gover,101,0.44554455445544555,271.0,Government Center
2026-06-28,Blue,place-mvbcl,105,0.44761904761904764,267.0,Maverick
2026-06-28,Blue,place-orhte,77,0.5324675324675324,314.0,Orient Heights
2026-06-28,Blue,place-rbmnl,37,0.6486486486486487,417.0,Revere Beach
2026-06-28,Blue,place-sdmnl,77,0.5194805194805194,305.0,Suffolk Downs
2026-06-28,Blue,place-state,101,0.44554455445544555,272.0,State
2026-06-28,Blue,place-wimnl,106,0.4716981132075472,269.0,Wood Island
2026-06-28,Blue,place-wondl,1,0.0,284.0,Wonderland
2026-06-28,Green,place-alsgr,163,0.3128834355828221,121.0,Allston Street
2026-06-28,Green,place-amory,163,0.3558282208588957,157.0,Amory Street
2026-06-28,Green,place-armnl,733,0.22510231923601637,51.0,Arlington
2026-06-28,Green,place-babck,163,0.3496932515337423,146.0,Babcock Street
2026-06-28,Green,place-balsq,201,0.06965174129353234,-109.0,Ball Square
2026-06-28,Green,place-bckhl,186,0.05913978494623656,-277.5,Back of the Hill
2026-06-28,Green,place-bcnfd,179,0.2905027932960894,160.0,Beaconsfield
2026-06-28,Green,place-bcnwa,201,0.12935323383084577,27.0,Washington Square
2026-06-28,Green,place-bland,162,0.32098765432098764,97.5,Blandford Street
2026-06-28,Green,place-bndhl,201,0.15920398009950248,46.0,Brandon Hall
2026-06-28,Green,place-boyls,730,0.2273972602739726,55.5,Boylston
2026-06-28,Green,place-brico,162,0.345679012345679,130.0,Packards Corner
2026-06-28,Green,place-brkhl,179,0.3128491620111732,151.0,Brookline Hills
2026-06-28,Green,place-brmnl,185,0.05405405405405406,-276.0,Brigham Circle
2026-06-28,Green,place-bucen,163,0.31901840490797545,112.0,Boston University Central
2026-06-28,Green,place-buest,163,0.31901840490797545,93.0,Boston University East
2026-06-28,Green,place-bvmnl,180,0.29444444444444445,142.5,Brookline Village
2026-06-28,Green,place-chhil,178,0.24719101123595505,132.0,Chestnut Hill
2026-06-28,Green,place-chill,161,0.32919254658385094,133.0,Chestnut Hill Avenue
2026-06-28,Green,place-chswk,159,0.2893081761006289,111.0,Chiswick Road
2026-06-28,Green,place-clmnl,32,0.25,107.5,Cleveland Circle
2026-06-28,Green,place-coecl,738,0.22493224932249323,46.5,Copley
2026-06-28,Green,place-cool,202,0.14356435643564355,31.0,Coolidge Corner
2026-06-28,Green,place-denrd,195,0.11794871794871795,-16.0,Dean Road
2026-06-28,Green,place-eliot,177,0.2711864406779661,153.0,Eliot
2026-06-28,Green,place-engav,92,0.03260869565217391,4.0,Englewood Avenue
2026-06-28,Green,place-esomr,195,0.09230769230769231,-38.0,East Somerville
2026-06-28,Green,place-fbkst,202,0.15346534653465346,36.0,Fairbanks Street
2026-06-28,Green,place-fenwd,185,0.05945945945945946,-263.0,Fenwood Road
2026-06-28,Green,place-fenwy,180,0.3111111111111111,151.0,Fenway
2026-06-28,Green,place-gilmn,201,0.0845771144278607,-56.0,Gilman Square
2026-06-28,Green,place-gover,373,0.21447721179624665,21.0,Government Center
2026-06-28,Green,place-grigg,161,0.3167701863354037,116.0,Griggs Street
2026-06-28,Green,place-haecl,376,0.20212765957446807,13.5,Haymarket
2026-06-28,Green,place-harvd,163,0.3006134969325153,109.0,Harvard Avenue
2026-06-28,Green,place-hwsst,202,0.16336633663366337,26.5,Hawes Street
2026-06-28,Green,place-hymnl,546,0.24725274725274726,83.0,Hynes Convention Center
2026-06-28,Green,place-kencl,548,0.2427007299270073,97.0,Kenmore
2026-06-28,Green,place-kntst,203,0.1724137931034483,48.0,Kent Street
2026-06-28,Green,place-lech,381,0.1889763779527559,-1.0,Lechmere
2026-06-28,Green,place-lngmd,194,0.061855670103092786,-232.0,Longwood Medical Area
2026-06-28,Green,place-longw,179,0.3128491620111732,155.0,Longwood
2026-06-28,Green,place-mfa,194,0.06701030927835051,-228.0,Museum of Fine Arts
2026-06-28,Green,place-mgngl,201,0.07462686567164178,-73.0,Magoun Square
2026-06-28,Green,place-mispk,186,0.04838709677419355,-299.0,Mission Park
2026-06-28,Green,place-newtn,176,0.2784090909090909,161.5,Newton Highlands
2026-06-28,Green,place-newto,177,0.2542372881355932,139.0,Newton Centre
2026-06-28,Green,place-north,374,0.18716577540106952,-15.0,North Station
2026-06-28,Green,place-nuniv,194,0.06701030927835051,-245.5,Northeastern University
2026-06-28,Green,place-pktrm,667,0.21739130434782608,46.0,Park Street
2026-06-28,Green,place-prmnl,193,0.09326424870466321,-242.0,Prudential
2026-06-28,Green,place-rsmnl,179,0.27932960893854747,133.0,Reservoir
2026-06-28,Green,place-rvrwy,186,0.053763440860215055,-294.0,Riverway
2026-06-28,Green,place-smary,201,0.14427860696517414,4.0,Saint Marys Street
2026-06-28,Green,place-sougr,160,0.28125,75.5,South Street
2026-06-28,Green,place-spmnl,375,0.19733333333333333,17.0,Science Park
2026-06-28,Green,place-sthld,160,0.2875,106.5,Sutherland Road
2026-06-28,Green,place-stpul,202,0.16831683168316833,48.5,Saint Paul Street
2026-06-28,Green,place-sumav,202,0.15346534653465346,34.5,Summit Avenue
2026-06-28,Green,place-waban,175,0.24571428571428572,146.0,Waban
2026-06-28,Green,place-wascm,161,0.30434782608695654,125.0,Washington Street
2026-06-28,Green,place-woodl,173,0.23121387283236994,113.0,Woodland
2026-06-28,Green,place-wrnst,162,0.3148148148148148,128.0,Warren Street
2026-06-28,Mattapan,place-asmnl,18,0.2222222222222222,-79.5,Ashmont
2026-06-28,Mattapan,place-butlr,157,0.08280254777070063,4.0,Butler
2026-06-28,Mattapan,place-capst,170,0.16470588235294117,4.5,Capen Street
2026-06-28,Mattapan,place-cedgr,169,0.05917159763313609,-26.0,Cedar Grove
2026-06-28,Mattapan,place-cenav,170,0.14705882352941177,-27.0,Central Avenue
2026-06-28,Mattapan,place-miltt,170,0.1588235294117647,-1.5,Milton
2026-06-28,Mattapan,place-valrd,171,0.15789473684210525,3.0,Valley Road
2026-06-28,Orange,place-astao,289,0.0034602076124567475,15.0,Assembly
2026-06-28,Orange,place-bbsta,289,0.006920415224913495,-9.0,Back Bay
2026-06-28,Orange,place-ccmnl,288,0.003472222222222222,2.0,Community College
2026-06-28,Orange,place-chncl,289,0.006920415224913495,2.0,Chinatown
2026-06-28,Orange,place-dwnxg,289,0.0034602076124567475,-3.0,Downtown Crossing
2026-06-28,Orange,place-grnst,289,0.010380622837370242,28.0,Green Street
2026-06-28,Orange,place-haecl,289,0.0034602076124567475,10.0,Haymarket
2026-06-28,Orange,place-jaksn,289,0.01730103806228374,-17.0,Jackson Square
2026-06-28,Orange,place-masta,289,0.006920415224913495,-3.0,Massachusetts Avenue
2026-06-28,Orange,place-mlmnl,288,0.0,32.5,Malden Center
2026-06-28,Orange,place-north,289,0.0034602076124567475,5.0,North Station
2026-06-28,Orange,place-rcmnl,289,0.01730103806228374,-18.0,Roxbury Crossing
2026-06-28,Orange,place-rugg,289,0.020761245674740483,3.0,Ruggles
2026-06-28,Orange,place-sbmnl,289,0.006920415224913495,-1.0,Stony Brook
2026-06-28,Orange,place-state,289,0.0,-16.0,State
2026-06-28,Orange,place-sull,289,0.0,3.0,Sullivan Square
2026-06-28,Orange,place-tumnl,289,0.006920415224913495,-3.0,Tufts Medical Center
2026-06-28,Orange,place-welln,289,0.0034602076124567475,23.0,Wellington
2026-06-28,Red,place-andrw,321,0.1277258566978193,54.0,Andrew
2026-06-28,Red,place-brdwy,321,0.11838006230529595,61.0,Broadway
2026-06-28,Red,place-chmnl,320,0.125,77.5,Charles/MGH
2026-06-28,Red,place-cntsq,320,0.115625,74.0,Central
2026-06-28,Red,place-davis,320,0.15625,104.0,Davis
2026-06-28,Red,place-dwnxg,320,0.1125,64.0,Downtown Crossing
2026-06-28,Red,place-fldcr,161,0.11180124223602485,14.0,Fields Corner
2026-06-28,Red,place-harsq,320,0.15625,112.5,Harvard
2026-06-28,Red,place-jfk,321,0.1277258566978193,59.0,JFK/UMass
2026-06-28,Red,place-knncl,320,0.1125,82.0,Kendall/MIT
2026-06-28,Red,place-nqncy,159,0.15723270440251572,67.0,North Quincy
2026-06-28,Red,place-pktrm,320,0.125,63.5,Park Street
2026-06-28,Red,place-portr,320,0.1875,131.0,Porter
2026-06-28,Red,place-qamnl,158,0.13291139240506328,81.5,Quincy Adams
2026-06-28,Red,place-qnctr,158,0.1518987341772152,71.5,Quincy Center
2026-06-28,Red,place-shmnl,162,0.09259259259259259,9.0,Savin Hill
2026-06-28,Red,place-smmnl,161,0.09937888198757763,24.0,Shawmut
2026-06-28,Red,place-sstat,321,0.12461059190031153,67.0,South Station
2026-06-28,Red,place-wlsta,159,0.1761006289308176,65.0,Wollaston
2026-06-29,Blue,place-aport,243,0.5185185185185185,341.0,Airport
2026-06-29,Blue,place-aqucl,243,0.5267489711934157,378.0,Aquarium
2026-06-29,Blue,place-bmmnl,225,0.56,451.0,Beachmont
2026-06-29,Blue,place-gover,243,0.5349794238683128,381.0,Government Center
2026-06-29,Blue,place-mvbcl,243,0.522633744855967,355.0,Maverick
2026-06-29,Blue,place-orhte,234,0.5512820512820513,426.0,Orient Heights
2026-06-29,Blue,place-rbmnl,221,0.583710407239819,486.0,Revere Beach
2026-06-29,Blue,place-sdmnl,228,0.5789473684210527,463.0,Suffolk Downs
2026-06-29,Blue,place-state,243,0.5390946502057613,404.0,State
2026-06-29,Blue,place-wimnl,240,0.5375,356.0,Wood Island
2026-06-29,Green,place-alsgr,243,0.2139917695473251,123.0,Allston Street
2026-06-29,Green,place-amory,243,0.29218106995884774,136.0,Amory Street
2026-06-29,Green,place-armnl,1043,0.2464046021093001,102.0,Arlington
2026-06-29,Green,place-babck,244,0.2786885245901639,127.0,Babcock Street
2026-06-29,Green,place-balsq,285,0.08070175438596491,22.0,Ball Square
2026-06-29,Green,place-bckhl,271,0.25092250922509224,16.0,Back of the Hill
2026-06-29,Green,place-bcnfd,257,0.20622568093385213,87.0,Beaconsfield
2026-06-29,Green,place-bcnwa,270,0.17407407407407408,111.5,Washington Square
2026-06-29,Green,place-bland,245,0.2612244897959184,130.0,Blandford Street
2026-06-29,Green,place-bndhl,270,0.23333333333333334,135.0,Brandon Hall
2026-06-29,Green,place-boyls,1047,0.2387774594078319,113.0,Boylston
2026-06-29,Green,place-brico,243,0.24279835390946503,120.0,Packards Corner
2026-06-29,Green,place-brkhl,254,0.2204724409448819,80.5,Brookline Hills
2026-06-29,Green,place-brmnl,272,0.22794117647058823,32.0,Brigham Circle
2026-06-29,Green,place-bucen,244,0.26229508196721313,118.0,Boston University Central
2026-06-29,Green,place-buest,245,0.2571428571428571,118.0,Boston University East
2026-06-29,Green,place-bvmnl,256,0.2109375,70.0,Brookline Village
2026-06-29,Green,place-chhil,258,0.19767441860465115,81.5,Chestnut Hill
2026-06-29,Green,place-chill,237,0.21940928270042195,102.0,Chestnut Hill Avenue
2026-06-29,Green,place-chswk,238,0.20168067226890757,87.0,Chiswick Road
2026-06-29,Green,place-clmnl,35,0.37142857142857144,212.0,Cleveland Circle
2026-06-29,Green,place-coecl,1042,0.23416506717850288,98.5,Copley
2026-06-29,Green,place-cool,269,0.1970260223048327,110.0,Coolidge Corner
2026-06-29,Green,place-denrd,265,0.1471698113207547,71.0,Dean Road
2026-06-29,Green,place-eliot,255,0.19215686274509805,101.0,Eliot
2026-06-29,Green,place-engav,131,0.05343511450381679,64.0,Englewood Avenue
2026-06-29,Green,place-esomr,275,0.10181818181818182,41.0,East Somerville
2026-06-29,Green,place-fbkst,270,0.2222222222222222,130.5,Fairbanks Street
2026-06-29,Green,place-fenwd,271,0.2656826568265683,52.0,Fenwood Road
2026-06-29,Green,place-fenwy,251,0.2151394422310757,79.0,Fenway
2026-06-29,Green,place-gilmn,288,0.09375,44.5,Gilman Square
2026-06-29,Green,place-gover,522,0.23180076628352492,92.0,Government Center
2026-06-29,Green,place-grigg,243,0.2139917695473251,110.0,Griggs Street
2026-06-29,Green,place-haecl,516,0.17829457364341086,54.5,Haymarket
2026-06-29,Green,place-harvd,243,0.2222222222222222,99.0,Harvard Avenue
2026-06-29,Green,place-hwsst,270,0.23333333333333334,135.5,Hawes Street
2026-06-29,Green,place-hymnl,764,0.2395287958115183,121.5,Hynes Convention Center
2026-06-29,Green,place-kencl,772,0.22279792746113988,105.0,Kenmore
2026-06-29,Green,place-kntst,270,0.2074074074074074,139.0,Kent Street
2026-06-29,Green,place-lech,526,0.11787072243346007,35.0,Lechmere
2026-06-29,Green,place-lngmd,281,0.23487544483985764,36.0,Longwood Medical Area
2026-06-29,Green,place-longw,255,0.21176470588235294,81.0,Longwood
2026-06-29,Green,place-mfa,280,0.24285714285714285,51.0,Museum of Fine Arts
2026-06-29,Green,place-mgngl,286,0.0979020979020979,53.5,Magoun Square
2026-06-29,Green,place-mispk,271,0.22140221402214022,13.0,Mission Park
2026-06-29,Green,place-newtn,256,0.19140625,107.0,Newton Highlands
2026-06-29,Green,place-newto,256,0.1875,105.0,Newton Centre
2026-06-29,Green,place-north,521,0.1420345489443378,42.0,North Station
2026-06-29,Green,place-nuniv,281,0.22419928825622776,49.0,Northeastern University
2026-06-29,Green,place-pktrm,1004,0.2250996015936255,102.0,Park Street
2026-06-29,Green,place-prmnl,280,0.21785714285714286,37.5,Prudential
2026-06-29,Green,place-rsmnl,258,0.18992248062015504,79.0,Reservoir
2026-06-29,Green,place-rvrwy,271,0.24354243542435425,20.0,Riverway
2026-06-29,Green,place-smary,271,0.19557195571955718,113.0,Saint Marys Street
2026-06-29,Green,place-sougr,235,0.18723404255319148,58.0,South Street
2026-06-29,Green,place-spmnl,522,0.13218390804597702,46.5,Science Park
2026-06-29,Green,place-sthld,240,0.225,88.0,Sutherland Road
2026-06-29,Green,place-stpul,272,0.22058823529411764,138.5,Saint Paul Street
2026-06-29,Green,place-sumav,270,0.21481481481481482,97.0,Summit Avenue
2026-06-29,Green,place-tapst,67,0.029850746268656716,67.0,Tappan Street
2026-06-29,Green,place-unsqu,1,0.0,-72.0,Union Square
2026-06-29,Green,place-waban,256,0.17578125,84.5,Waban
2026-06-29,Green,place-wascm,243,0.2139917695473251,86.0,Washington Street
2026-06-29,Green,place-woodl,256,0.17578125,75.5,Woodland
2026-06-29,Green,place-wrnst,244,0.19262295081967212,66.0,Warren Street
2026-06-29,Mattapan,place-asmnl,1,0.0,-785.0,Ashmont
2026-06-29,Mattapan,place-butlr,255,0.023529411764705882,-84.0,Butler
2026-06-29,Mattapan,place-capst,256,0.03515625,-22.5,Capen Street
2026-06-29,Mattapan,place-cedgr,258,0.027131782945736434,-91.5,Cedar Grove
2026-06-29,Mattapan,place-cenav,258,0.03875968992248062,-50.0,Central Avenue
2026-06-29,Mattapan,place-miltt,256,0.01953125,-92.5,Milton
2026-06-29,Mattapan,place-valrd,258,0.046511627906976744,-22.5,Valley Road
2026-06-29,Orange,place-astao,418,0.07894736842105263,28.5,Assembly
2026-06-29,Orange,place-bbsta,415,0.06987951807228916,26.0,Back Bay
2026-06-29,Orange,place-ccmnl,417,0.07194244604316546,23.0,Community College
2026-06-29,Orange,place-chncl,417,0.07434052757793765,38.0,Chinatown
2026-06-29,Orange,place-dwnxg,419,0.08591885441527446,39.0,Downtown Crossing
2026-06-29,Orange,place-grnst,412,0.08495145631067962,44.0,Green Street
2026-06-29,Orange,place-haecl,418,0.08373205741626795,27.5,Haymarket
2026-06-29,Orange,place-jaksn,411,0.0827250608272506,26.0,Jackson Square
2026-06-29,Orange,place-masta,414,0.07246376811594203,32.0,Massachusetts Avenue
2026-06-29,Orange,place-mlmnl,414,0.08695652173913043,45.5,Malden Center
2026-06-29,Orange,place-north,418,0.07416267942583732,25.5,North Station
2026-06-29,Orange,place-rcmnl,412,0.0825242718446602,18.5,Roxbury Crossing
2026-06-29,Orange,place-rugg,414,0.10869565217391304,46.5,Ruggles
2026-06-29,Orange,place-sbmnl,411,0.0827250608272506,35.0,Stony Brook
2026-06-29,Orange,place-state,418,0.07177033492822966,6.0,State
2026-06-29,Orange,place-sull,419,0.07159904534606205,22.0,Sullivan Square
2026-06-29,Orange,place-tumnl,417,0.07194244604316546,30.0,Tufts Medical Center
2026-06-29,Orange,place-welln,416,0.07932692307692307,38.5,Wellington
2026-06-29,Red,place-andrw,304,0.5361842105263158,332.5,Andrew
2026-06-29,Red,place-brdwy,303,0.5247524752475248,314.0,Broadway
2026-06-29,Red,place-chmnl,300,0.49,292.5,Charles/MGH
2026-06-29,Red,place-cntsq,298,0.4798657718120805,282.0,Central
2026-06-29,Red,place-davis,298,0.5,301.0,Davis
2026-06-29,Red,place-dwnxg,300,0.5066666666666667,317.5,Downtown Crossing
2026-06-29,Red,place-fldcr,155,0.567741935483871,388.0,Fields Corner
2026-06-29,Red,place-harsq,297,0.5050505050505051,306.0,Harvard
2026-06-29,Red,place-jfk,305,0.5377049180327869,342.0,JFK/UMass
2026-06-29,Red,place-knncl,299,0.49498327759197325,291.0,Kendall/MIT
2026-06-29,Red,place-nqncy,150,0.48,283.0,North Quincy
2026-06-29,Red,place-pktrm,300,0.5066666666666667,318.0,Park Street
2026-06-29,Red,place-portr,298,0.5234899328859061,319.0,Porter
2026-06-29,Red,place-qamnl,151,0.4503311258278146,266.0,Quincy Adams
2026-06-29,Red,place-qnctr,150,0.48,269.0,Quincy Center
2026-06-29,Red,place-shmnl,153,0.5751633986928104,400.0,Savin Hill
2026-06-29,Red,place-smmnl,155,0.5612903225806452,395.0,Shawmut
2026-06-29,Red,place-sstat,300,0.5266666666666666,331.0,South Station
2026-06-29,Red,place-wlsta,150,0.4866666666666667,285.5,Wollaston
2026-06-30,Blue,place-aport,150,0.35333333333333333,119.5,Airport
2026-06-30,Blue,place-aqucl,150,0.36666666666666664,135.0,Aquarium
2026-06-30,Blue,place-bmmnl,143,0.34265734265734266,136.0,Beachmont
2026-06-30,Blue,place-gover,148,0.36486486486486486,101.5,Government Center
2026-06-30,Blue,place-mvbcl,150,0.36666666666666664,130.0,Maverick
2026-06-30,Blue,place-orhte,145,0.32413793103448274,121.0,Orient Heights
2026-06-30,Blue,place-rbmnl,140,0.35714285714285715,148.0,Revere Beach
2026-06-30,Blue,place-sdmnl,145,0.3793103448275862,160.0,Suffolk Downs
2026-06-30,Blue,place-state,151,0.37748344370860926,130.0,State
2026-06-30,Blue,place-wimnl,149,0.35570469798657717,117.0,Wood Island
2026-06-30,Green,place-alsgr,248,0.11290322580645161,30.5,Allston Street
2026-06-30,Green,place-amory,247,0.15384615384615385,66.0,Amory Street
2026-06-30,Green,place-armnl,990,0.23030303030303031,83.0,Arlington
2026-06-30,Green,place-babck,248,0.12096774193548387,61.0,Babcock Street
2026-06-30,Green,place-balsq,270,0.07777777777777778,-4.5,Ball Square
2026-06-30,Green,place-bckhl,256,0.17578125,-37.5,Back of the Hill
2026-06-30,Green,place-bcnfd,242,0.3140495867768595,108.0,Beaconsfield
2026-06-30,Green,place-bcnwa,249,0.21686746987951808,106.0,Washington Square
2026-06-30,Green,place-bland,246,0.12195121951219512,36.5,Blandford Street
2026-06-30,Green,place-bndhl,248,0.24193548387096775,122.0,Brandon Hall
2026-06-30,Green,place-boyls,991,0.2341069626639758,82.0,Boylston
2026-06-30,Green,place-brico,247,0.09716599190283401,50.0,Packards Corner
2026-06-30,Green,place-brkhl,240,0.29583333333333334,94.5,Brookline Hills
2026-06-30,Green,place-brmnl,257,0.16342412451361868,2.0,Brigham Circle
2026-06-30,Green,place-bucen,248,0.13306451612903225,32.5,Boston University Central
2026-06-30,Green,place-buest,248,0.10483870967741936,39.0,Boston University East
2026-06-30,Green,place-bvmnl,241,0.2987551867219917,82.0,Brookline Village
2026-06-30,Green,place-chhil,236,0.2711864406779661,111.5,Chestnut Hill
2026-06-30,Green,place-chill,248,0.11693548387096774,30.5,Chestnut Hill Avenue
2026-06-30,Green,place-chswk,248,0.12096774193548387,9.0,Chiswick Road
2026-06-30,Green,place-clmnl,39,0.46153846153846156,259.0,Cleveland Circle
2026-06-30,Green,place-coecl,993,0.2215508559919436,65.0,Copley
2026-06-30,Green,place-cool,251,0.23107569721115537,106.0,Coolidge Corner
2026-06-30,Green,place-denrd,239,0.21338912133891214,52.0,Dean Road
2026-06-30,Green,place-eliot,228,0.2675438596491228,102.5,Eliot
2026-06-30,Green,place-engav,117,0.08547008547008547,32.0,Englewood Avenue
2026-06-30,Green,place-esomr,258,0.10852713178294573,23.0,East Somerville
2026-06-30,Green,place-fbkst,247,0.242914979757085,122.0,Fairbanks Street
2026-06-30,Green,place-fenwd,256,0.20703125,25.0,Fenwood Road
2026-06-30,Green,place-fenwy,240,0.3125,93.0,Fenway
2026-06-30,Green,place-gilmn,274,0.10583941605839416,26.5,Gilman Square
2026-06-30,Green,place-gover,486,0.2654320987654321,77.0,Government Center
2026-06-30,Green,place-grigg,247,0.10121457489878542,38.0,Griggs Street
2026-06-30,Green,place-haecl,489,0.2392638036809816,57.0,Haymarket
2026-06-30,Green,place-harvd,247,0.09716599190283401,23.0,Harvard Avenue
2026-06-30,Green,place-hsmnl,1,0.0,284.0,Heath Street
2026-06-30,Green,place-hwsst,251,0.2549800796812749,127.0,Hawes Street
2026-06-30,Green,place-hymnl,732,0.24043715846994534,88.5,Hynes Convention Center
2026-06-30,Green,place-kencl,736,0.2269021739130435,85.0,Kenmore
2026-06-30,Green,place-kntst,251,0.24701195219123506,136.0,Kent Street
2026-06-30,Green,place-lech,489,0.1901840490797546,24.0,Lechmere
2026-06-30,Green,place-lngmd,265,0.1660377358490566,28.0,Longwood Medical Area
2026-06-30,Green,place-longw,242,0.30991735537190085,96.5,Longwood
2026-06-30,Green,place-mfa,265,0.16981132075471697,5.0,Museum of Fine Arts
2026-06-30,Green,place-mgngl,274,0.10583941605839416,34.5,Magoun Square
2026-06-30,Green,place-mispk,256,0.16015625,-36.0,Mission Park
2026-06-30,Green,place-newtn,231,0.29004329004329005,130.0,Newton Highlands
2026-06-30,Green,place-newto,234,0.2905982905982906,126.0,Newton Centre
2026-06-30,Green,place-north,489,0.2249488752556237,48.0,North Station
2026-06-30,Green,place-nuniv,264,0.1553030303030303,-22.0,Northeastern University
2026-06-30,Green,place-pktrm,944,0.2309322033898305,75.0,Park Street
2026-06-30,Green,place-prmnl,265,0.17735849056603772,-17.0,Prudential
2026-06-30,Green,place-rsmnl,238,0.28991596638655465,120.0,Reservoir
2026-06-30,Green,place-rvrwy,257,0.16731517509727625,-27.0,Riverway
2026-06-30,Green,place-smary,250,0.24,115.0,Saint Marys Street
2026-06-30,Green,place-sougr,247,0.08906882591093117,-22.0,South Street
2026-06-30,Green,place-spmnl,487,0.21149897330595482,53.0,Science Park
2026-06-30,Green,place-sthld,248,0.125,26.5,Sutherland Road
2026-06-30,Green,place-stpul,251,0.24302788844621515,145.0,Saint Paul Street
2026-06-30,Green,place-sumav,250,0.236,95.0,Summit Avenue
2026-06-30,Green,place-tapst,125,0.088,57.0,Tappan Street
2026-06-30,Green,place-waban,226,0.2610619469026549,96.0,Waban
2026-06-30,Green,place-wascm,249,0.11244979919678715,26.0,Washington Street
2026-06-30,Green,place-woodl,219,0.2602739726027397,106.0,Woodland
2026-06-30,Green,place-wrnst,248,0.10080645161290322,3.0,Warren Street
2026-06-30,Mattapan,place-butlr,252,0.007936507936507936,-91.0,Butler
2026-06-30,Mattapan,place-capst,253,0.011857707509881422,-35.0,Capen Street
2026-06-30,Mattapan,place-cedgr,251,0.00796812749003984,-93.0,Cedar Grove
2026-06-30,Mattapan,place-cenav,253,0.007905138339920948,-61.0,Central Avenue
2026-06-30,Mattapan,place-miltt,252,0.007936507936507936,-99.5,Milton
2026-06-30,Mattapan,place-valrd,254,0.011811023622047244,-39.5,Valley Road
2026-06-30,Orange,place-astao,423,0.05673758865248227,23.0,Assembly
2026-06-30,Orange,place-bbsta,422,0.06398104265402843,2.5,Back Bay
2026-06-30,Orange,place-ccmnl,422,0.04976303317535545,6.5,Community College
2026-06-30,Orange,place-chncl,423,0.06382978723404255,13.0,Chinatown
2026-06-30,Orange,place-dwnxg,423,0.0591016548463357,12.0,Downtown Crossing
2026-06-30,Orange,place-grnst,422,0.04976303317535545,-16.5,Green Street
2026-06-30,Orange,place-haecl,423,0.0591016548463357,22.0,Haymarket
2026-06-30,Orange,place-jaksn,423,0.061465721040189124,3.0,Jackson Square
2026-06-30,Orange,place-masta,422,0.07582938388625593,8.5,Massachusetts Avenue
2026-06-30,Orange,place-mlmnl,421,0.05938242280285035,43.0,Malden Center
2026-06-30,Orange,place-north,422,0.054502369668246446,13.0,North Station
2026-06-30,Orange,place-rcmnl,423,0.06855791962174941,-1.0,Roxbury Crossing
2026-06-30,Orange,place-rugg,422,0.0924170616113744,25.0,Ruggles
2026-06-30,Orange,place-sbmnl,423,0.061465721040189124,-11.0,Stony Brook
2026-06-30,Orange,place-state,422,0.04976303317535545,-7.5,State
2026-06-30,Orange,place-sull,423,0.05200945626477541,3.0,Sullivan Square
2026-06-30,Orange,place-tumnl,423,0.06619385342789598,10.0,Tufts Medical Center
2026-06-30,Orange,place-welln,421,0.05938242280285035,34.0,Wellington
2026-06-30,Red,place-andrw,417,0.3932853717026379,242.0,Andrew
2026-06-30,Red,place-brdwy,417,0.3908872901678657,241.0,Broadway
2026-06-30,Red,place-chmnl,417,0.36930455635491605,239.0,Charles/MGH
2026-06-30,Red,place-cntsq,416,0.3581730769230769,229.5,Central
2026-06-30,Red,place-davis,413,0.3486682808716707,223.0,Davis
2026-06-30,Red,place-dwnxg,414,0.3526570048309179,229.5,Downtown Crossing
2026-06-30,Red,place-fldcr,205,0.36097560975609755,211.0,Fields Corner
2026-06-30,Red,place-harsq,415,0.3710843373493976,240.0,Harvard
2026-06-30,Red,place-jfk,416,0.3701923076923077,227.5,JFK/UMass
2026-06-30,Red,place-knncl,416,0.3629807692307692,239.0,Kendall/MIT
2026-06-30,Red,place-nqncy,213,0.3286384976525822,220.0,North Quincy
2026-06-30,Red,place-pktrm,415,0.3686746987951807,232.0,Park Street
2026-06-30,Red,place-portr,413,0.4116222760290557,254.0,Porter
2026-06-30,Red,place-qamnl,213,0.352112676056338,240.0,Quincy Adams
2026-06-30,Red,place-qnctr,212,0.3490566037735849,234.5,Quincy Center
2026-06-30,Red,place-shmnl,203,0.42857142857142855,221.0,Savin Hill
2026-06-30,Red,place-smmnl,204,0.3627450980392157,213.0,Shawmut
2026-06-30,Red,place-sstat,415,0.3927710843373494,238.0,South Station
2026-06-30,Red,place-wlsta,212,0.33962264150943394,218.0,Wollaston
2026-07-01,Blue,place-aport,192,0.052083333333333336,-18.5,Airport
2026-07-01,Blue,place-aqucl,191,0.05759162303664921,-2.0,Aquarium
2026-07-01,Blue,place-bmmnl,197,0.06091370558375635,-20.0,Beachmont
2026-07-01,Blue,place-bomnl,1,0.0,-957.0,Bowdoin
2026-07-01,Blue,place-gover,189,0.042328042328042326,-29.0,Government Center
2026-07-01,Blue,place-mvbcl,193,0.05699481865284974,-13.0,Maverick
2026-07-01,Blue,place-orhte,194,0.041237113402061855,-21.0,Orient Heights
2026-07-01,Blue,place-rbmnl,202,0.07425742574257425,-8.5,Revere Beach
2026-07-01,Blue,place-sdmnl,196,0.04591836734693878,5.0,Suffolk Downs
2026-07-01,Blue,place-state,191,0.05235602094240838,-4.0,State
2026-07-01,Blue,place-wimnl,193,0.05699481865284974,-9.0,Wood Island
2026-07-01,Blue,place-wondl,2,0.0,-237.5,Wonderland
2026-07-01,Green,place-alsgr,231,0.12987012987012986,7.0,Allston Street
2026-07-01,Green,place-amory,231,0.13852813852813853,28.0,Amory Street
2026-07-01,Green,place-armnl,964,0.17531120331950206,51.0,Arlington
2026-07-01,Green,place-babck,229,0.13537117903930132,30.0,Babcock Street
2026-07-01,Green,place-balsq,267,0.03745318352059925,-39.0,Ball Square
2026-07-01,Green,place-bckhl,246,0.13008130081300814,-56.0,Back of the Hill
2026-07-01,Green,place-bcnfd,237,0.16033755274261605,63.0,Beaconsfield
2026-07-01,Green,place-bcnwa,244,0.20901639344262296,105.5,Washington Square
2026-07-01,Green,place-bland,230,0.13043478260869565,-3.0,Blandford Street
2026-07-01,Green,place-bndhl,243,0.26337448559670784,127.0,Brandon Hall
2026-07-01,Green,place-boyls,965,0.16580310880829016,46.0,Boylston
2026-07-01,Green,place-brico,229,0.13100436681222707,3.0,Packards Corner
2026-07-01,Green,place-brkhl,240,0.1625,50.5,Brookline Hills
2026-07-01,Green,place-brmnl,245,0.12244897959183673,-55.0,Brigham Circle
2026-07-01,Green,place-bucen,230,0.1391304347826087,1.5,Boston University Central
2026-07-01,Green,place-buest,230,0.13043478260869565,-10.5,Boston University East
2026-07-01,Green,place-bvmnl,241,0.16597510373443983,72.0,Brookline Village
2026-07-01,Green,place-chhil,237,0.14767932489451477,59.0,Chestnut Hill
2026-07-01,Green,place-chill,227,0.12334801762114538,-6.0,Chestnut Hill Avenue
2026-07-01,Green,place-chswk,228,0.12280701754385964,-19.0,Chiswick Road
2026-07-01,Green,place-clmnl,32,0.3125,234.0,Cleveland Circle
2026-07-01,Green,place-coecl,935,0.16149732620320856,37.0,Copley
2026-07-01,Green,place-cool,246,0.25203252032520324,113.5,Coolidge Corner
2026-07-01,Green,place-denrd,237,0.189873417721519,44.0,Dean Road
2026-07-01,Green,place-eliot,238,0.15126050420168066,77.5,Eliot
2026-07-01,Green,place-engav,113,0.04424778761061947,30.0,Englewood Avenue
2026-07-01,Green,place-esomr,252,0.05555555555555555,5.0,East Somerville
2026-07-01,Green,place-fbkst,243,0.24279835390946503,133.0,Fairbanks Street
2026-07-01,Green,place-fenwd,245,0.15510204081632653,-27.0,Fenwood Road
2026-07-01,Green,place-fenwy,237,0.15611814345991562,78.0,Fenway
2026-07-01,Green,place-gilmn,267,0.052434456928838954,-4.0,Gilman Square
2026-07-01,Green,place-gover,490,0.15714285714285714,36.5,Government Center
2026-07-01,Green,place-grigg,230,0.12173913043478261,9.5,Griggs Street
2026-07-01,Green,place-haecl,486,0.1337448559670782,21.0,Haymarket
2026-07-01,Green,place-harvd,230,0.10869565217391304,3.5,Harvard Avenue
2026-07-01,Green,place-hwsst,248,0.2782258064516129,156.0,Hawes Street
2026-07-01,Green,place-hymnl,676,0.17751479289940827,76.5,Hynes Convention Center
2026-07-01,Green,place-kencl,711,0.17440225035161744,63.0,Kenmore
2026-07-01,Green,place-kntst,246,0.27235772357723576,155.5,Kent Street
2026-07-01,Green,place-lech,487,0.10061601642710473,-5.0,Lechmere
2026-07-01,Green,place-lngmd,257,0.13229571984435798,-40.0,Longwood Medical Area
2026-07-01,Green,place-longw,240,0.16666666666666666,86.5,Longwood
2026-07-01,Green,place-mfa,257,0.13618677042801555,-42.0,Museum of Fine Arts
2026-07-01,Green,place-mgngl,268,0.06343283582089553,-0.5,Magoun Square
2026-07-01,Green,place-mispk,245,0.10612244897959183,-63.0,Mission Park
2026-07-01,Green,place-newtn,238,0.16806722689075632,90.5,Newton Highlands
2026-07-01,Green,place-newto,238,0.14285714285714285,86.5,Newton Centre
2026-07-01,Green,place-north,487,0.12525667351129363,13.0,North Station
2026-07-01,Green,place-nuniv,256,0.1328125,-57.5,Northeastern University
2026-07-01,Green,place-pktrm,906,0.1545253863134658,37.0,Park Street
2026-07-01,Green,place-prmnl,254,0.14566929133858267,-44.5,Prudential
2026-07-01,Green,place-rsmnl,239,0.16736401673640167,63.0,Reservoir
2026-07-01,Green,place-rvrwy,245,0.11836734693877551,-58.0,Riverway
2026-07-01,Green,place-smary,249,0.2570281124497992,139.0,Saint Marys Street
2026-07-01,Green,place-sougr,227,0.1277533039647577,-43.0,South Street
2026-07-01,Green,place-spmnl,488,0.13524590163934427,17.5,Science Park
2026-07-01,Green,place-sthld,229,0.14410480349344978,-25.0,Sutherland Road
2026-07-01,Green,place-stpul,247,0.2591093117408907,150.0,Saint Paul Street
2026-07-01,Green,place-sumav,246,0.24390243902439024,112.5,Summit Avenue
2026-07-01,Green,place-tapst,118,0.07627118644067797,53.0,Tappan Street
2026-07-01,Green,place-waban,235,0.12340425531914893,59.0,Waban
2026-07-01,Green,place-wascm,231,0.12121212121212122,-20.0,Washington Street
2026-07-01,Green,place-woodl,232,0.125,67.5,Woodland
2026-07-01,Green,place-wrnst,231,0.11688311688311688,-36.0,Warren Street
2026-07-01,Mattapan,place-butlr,258,0.007751937984496124,-97.5,Butler
2026-07-01,Mattapan,place-capst,256,0.0078125,-34.0,Capen Street
2026-07-01,Mattapan,place-cedgr,258,0.011627906976744186,-110.5,Cedar Grove
2026-07-01,Mattapan,place-cenav,258,0.003875968992248062,-62.5,Central Avenue
2026-07-01,Mattapan,place-miltt,258,0.003875968992248062,-104.0,Milton
2026-07-01,Mattapan,place-valrd,256,0.00390625,-36.0,Valley Road
2026-07-01,Orange,place-astao,174,0.12643678160919541,17.5,Assembly
2026-07-01,Orange,place-bbsta,174,0.08620689655172414,0.5,Back Bay
2026-07-01,Orange,place-ccmnl,170,0.11764705882352941,5.0,Community College
2026-07-01,Orange,place-chncl,168,0.10714285714285714,18.0,Chinatown
2026-07-01,Orange,place-dwnxg,164,0.13414634146341464,29.0,Downtown Crossing
2026-07-01,Orange,place-grnst,201,0.0945273631840796,-36.0,Green Street
2026-07-01,Orange,place-haecl,168,0.13095238095238096,21.5,Haymarket
2026-07-01,Orange,place-jaksn,188,0.06382978723404255,-42.5,Jackson Square
2026-07-01,Orange,place-masta,176,0.09090909090909091,1.5,Massachusetts Avenue
2026-07-01,Orange,place-mlmnl,183,0.1092896174863388,19.0,Malden Center
2026-07-01,Orange,place-north,169,0.1301775147928994,15.0,North Station
2026-07-01,Orange,place-rcmnl,183,0.06557377049180328,-43.0,Roxbury Crossing
2026-07-01,Orange,place-rugg,179,0.09497206703910614,-7.0,Ruggles
2026-07-01,Orange,place-sbmnl,192,0.07291666666666667,-32.5,Stony Brook
2026-07-01,Orange,place-state,162,0.12345679012345678,-0.5,State
2026-07-01,Orange,place-sull,174,0.1206896551724138,-1.0,Sullivan Square
2026-07-01,Orange,place-tumnl,171,0.09941520467836257,15.0,Tufts Medical Center
2026-07-01,Orange,place-welln,177,0.10734463276836158,22.0,Wellington
2026-07-01,Red,place-andrw,174,0.3333333333333333,78.0,Andrew
2026-07-01,Red,place-brdwy,168,0.3392857142857143,92.0,Broadway
2026-07-01,Red,place-chmnl,159,0.389937106918239,172.0,Charles/MGH
2026-07-01,Red,place-cntsq,154,0.38311688311688313,165.0,Central
2026-07-01,Red,place-davis,144,0.4166666666666667,221.5,Davis
2026-07-01,Red,place-dwnxg,161,0.37267080745341613,119.0,Downtown Crossing
2026-07-01,Red,place-fldcr,85,0.3411764705882353,36.0,Fields Corner
2026-07-01,Red,place-harsq,147,0.3945578231292517,196.0,Harvard
2026-07-01,Red,place-jfk,170,0.3411764705882353,91.0,JFK/UMass
2026-07-01,Red,place-knncl,158,0.3987341772151899,175.5,Kendall/MIT
2026-07-01,Red,place-nqncy,85,0.32941176470588235,90.0,North Quincy
2026-07-01,Red,place-pktrm,161,0.37267080745341613,158.0,Park Street
2026-07-01,Red,place-portr,146,0.4246575342465753,232.5,Porter
2026-07-01,Red,place-qamnl,86,0.32558139534883723,106.0,Quincy Adams
2026-07-01,Red,place-qnctr,85,0.3411764705882353,86.0,Quincy Center
2026-07-01,Red,place-shmnl,84,0.34523809523809523,67.5,Savin Hill
2026-07-01,Red,place-smmnl,85,0.3176470588235294,52.0,Shawmut
2026-07-01,Red,place-sstat,167,0.39520958083832336,123.0,South Station
2026-07-01,Red,place-wlsta,88,0.3409090909090909,103.0,Wollaston
2026-07-02,Blue,place-aport,148,0.0945945945945946,-388.0,Airport
2026-07-02,Blue,place-aqucl,149,0.11409395973154363,-387.0,Aquarium
2026-07-02,Blue,place-bmmnl,147,0.09523809523809523,-409.0,Beachmont
2026-07-02,Blue,place-bomnl,1,0.0,-352.0,Bowdoin
2026-07-02,Blue,place-gover,152,0.1118421052631579,-377.5,Government Center
2026-07-02,Blue,place-mvbcl,148,0.10810810810810811,-365.5,Maverick
2026-07-02,Blue,place-orhte,151,0.06622516556291391,-385.0,Orient Heights
2026-07-02,Blue,place-rbmnl,151,0.09933774834437085,-402.0,Revere Beach
2026-07-02,Blue,place-sdmnl,149,0.087248322147651,-365.0,Suffolk Downs
2026-07-02,Blue,place-state,152,0.11842105263157894,-360.5,State
2026-07-02,Blue,place-wimnl,148,0.08783783783783784,-368.5,Wood Island
2026-07-02,Blue,place-wondl,1,1.0,500.0,Wonderland
2026-07-02,Green,place-alsgr,239,0.13807531380753138,21.0,Allston Street
2026-07-02,Green,place-amory,239,0.16317991631799164,45.0,Amory Street
2026-07-02,Green,place-armnl,973,0.2343268242548818,73.0,Arlington
2026-07-02,Green,place-babck,238,0.15966386554621848,57.0,Babcock Street
2026-07-02,Green,place-balsq,268,0.10820895522388059,24.5,Ball Square
2026-07-02,Green,place-bckhl,257,0.1828793774319066,-57.0,Back of the Hill
2026-07-02,Green,place-bcnfd,224,0.33482142857142855,161.5,Beaconsfield
2026-07-02,Green,place-bcnwa,240,0.2833333333333333,134.0,Washington Square
2026-07-02,Green,place-bland,237,0.17721518987341772,29.0,Blandford Street
2026-07-02,Green,place-bndhl,241,0.3153526970954357,151.0,Brandon Hall
2026-07-02,Green,place-boyls,974,0.23100616016427106,81.0,Boylston
2026-07-02,Green,place-brico,238,0.14285714285714285,24.5,Packards Corner
2026-07-02,Green,place-brkhl,225,0.3377777777777778,178.0,Brookline Hills
2026-07-02,Green,place-brmnl,256,0.18359375,-67.0,Brigham Circle
2026-07-02,Green,place-bucen,239,0.17154811715481172,24.0,Boston University Central
2026-07-02,Green,place-buest,238,0.1722689075630252,18.5,Boston University East
2026-07-02,Green,place-bvmnl,227,0.3039647577092511,131.0,Brookline Village
2026-07-02,Green,place-chhil,221,0.3212669683257919,152.0,Chestnut Hill
2026-07-02,Green,place-chill,234,0.1452991452991453,32.5,Chestnut Hill Avenue
2026-07-02,Green,place-chswk,236,0.1440677966101695,12.5,Chiswick Road
2026-07-02,Green,place-clmnl,50,0.42,239.5,Cleveland Circle
2026-07-02,Green,place-coecl,955,0.24083769633507854,61.0,Copley
2026-07-02,Green,place-cool,243,0.32098765432098764,155.0,Coolidge Corner
2026-07-02,Green,place-denrd,237,0.25316455696202533,101.0,Dean Road
2026-07-02,Green,place-eliot,221,0.334841628959276,163.0,Eliot
2026-07-02,Green,place-engav,114,0.14035087719298245,56.5,Englewood Avenue
2026-07-02,Green,place-esomr,257,0.13618677042801555,46.0,East Somerville
2026-07-02,Green,place-fbkst,241,0.3153526970954357,152.0,Fairbanks Street
2026-07-02,Green,place-fenwd,256,0.19921875,-18.5,Fenwood Road
2026-07-02,Green,place-fenwy,224,0.3169642857142857,138.0,Fenway
2026-07-02,Green,place-gilmn,268,0.12313432835820895,45.0,Gilman Square
2026-07-02,Green,place-gover,490,0.2653061224489796,76.5,Government Center
2026-07-02,Green,place-grigg,238,0.15546218487394958,37.0,Griggs Street
2026-07-02,Green,place-haecl,488,0.2336065573770492,52.5,Haymarket
2026-07-02,Green,place-harvd,238,0.12605042016806722,28.0,Harvard Avenue
2026-07-02,Green,place-hwsst,244,0.36065573770491804,175.5,Hawes Street
2026-07-02,Green,place-hymnl,692,0.2615606936416185,96.0,Hynes Convention Center
2026-07-02,Green,place-kencl,707,0.26025459688826025,98.0,Kenmore
2026-07-02,Green,place-kntst,243,0.345679012345679,181.0,Kent Street
2026-07-02,Green,place-lech,491,0.18126272912423624,29.0,Lechmere
2026-07-02,Green,place-lngmd,268,0.19776119402985073,-41.0,Longwood Medical Area
2026-07-02,Green,place-longw,227,0.32599118942731276,143.0,Longwood
2026-07-02,Green,place-mfa,266,0.20676691729323307,-29.5,Museum of Fine Arts
2026-07-02,Green,place-mgngl,266,0.13157894736842105,56.0,Magoun Square
2026-07-02,Green,place-mispk,256,0.171875,-70.0,Mission Park
2026-07-02,Green,place-newtn,224,0.34375,159.5,Newton Highlands
2026-07-02,Green,place-newto,223,0.336322869955157,177.0,Newton Centre
2026-07-02,Green,place-north,488,0.22131147540983606,38.0,North Station
2026-07-02,Green,place-nuniv,267,0.20599250936329588,-36.0,Northeastern University
2026-07-02,Green,place-pktrm,934,0.22483940042826553,75.0,Park Street
2026-07-02,Green,place-prmnl,266,0.21428571428571427,-16.5,Prudential
2026-07-02,Green,place-rsmnl,221,0.3167420814479638,149.0,Reservoir
2026-07-02,Green,place-rvrwy,256,0.1796875,-58.0,Riverway
2026-07-02,Green,place-smary,245,0.3306122448979592,163.0,Saint Marys Street
2026-07-02,Green,place-sougr,233,0.11158798283261803,-23.0,South Street
2026-07-02,Green,place-spmnl,492,0.20121951219512196,44.0,Science Park
2026-07-02,Green,place-sthld,237,0.16455696202531644,25.0,Sutherland Road
2026-07-02,Green,place-stpul,245,0.3306122448979592,176.0,Saint Paul Street
2026-07-02,Green,place-sumav,241,0.3112033195020747,139.0,Summit Avenue
2026-07-02,Green,place-tapst,124,0.1532258064516129,79.0,Tappan Street
2026-07-02,Green,place-waban,221,0.2986425339366516,136.0,Waban
2026-07-02,Green,place-wascm,238,0.14705882352941177,20.0,Washington Street
2026-07-02,Green,place-woodl,221,0.3167420814479638,140.0,Woodland
2026-07-02,Green,place-wrnst,238,0.12605042016806722,3.5,Warren Street
2026-07-02,Mattapan,place-butlr,222,0.04504504504504504,-74.5,Butler
2026-07-02,Mattapan,place-capst,225,0.07111111111111111,-15.0,Capen Street
2026-07-02,Mattapan,place-cedgr,224,0.04017857142857143,-84.0,Cedar Grove
2026-07-02,Mattapan,place-cenav,224,0.05357142857142857,-44.5,Central Avenue
2026-07-02,Mattapan,place-miltt,223,0.04932735426008968,-82.0,Milton
2026-07-02,Mattapan,place-valrd,223,0.06278026905829596,-23.0,Valley Road
2026-07-02,Orange,place-astao,136,0.0661764705882353,-343.5,Assembly
2026-07-02,Orange,place-bbsta,130,0.07692307692307693,-421.0,Back Bay
2026-07-02,Orange,place-ccmnl,136,0.07352941176470588,-396.5,Community College
2026-07-02,Orange,place-chncl,129,0.07751937984496124,-433.0,Chinatown
2026-07-02,Orange,place-dwnxg,129,0.06976744186046512,-430.0,Downtown Crossing
2026-07-02,Orange,place-grnst,151,0.046357615894039736,-338.0,Green Street
2026-07-02,Orange,place-haecl,132,0.07575757575757576,-419.0,Haymarket
2026-07-02,Orange,place-jaksn,135,0.05185185185185185,-402.0,Jackson Square
2026-07-02,Orange,place-masta,135,0.06666666666666667,-426.0,Massachusetts Avenue
2026-07-02,Orange,place-mlmnl,145,0.06206896551724138,-304.0,Malden Center
2026-07-02,Orange,place-north,136,0.0661764705882353,-415.5,North Station
2026-07-02,Orange,place-rcmnl,135,0.05925925925925926,-417.0,Roxbury Crossing
2026-07-02,Orange,place-rugg,131,0.061068702290076333,-395.0,Ruggles
2026-07-02,Orange,place-sbmnl,149,0.040268456375838924,-372.0,Stony Brook
2026-07-02,Orange,place-state,126,0.07142857142857142,-438.0,State
2026-07-02,Orange,place-sull,136,0.07352941176470588,-391.0,Sullivan Square
2026-07-02,Orange,place-tumnl,128,0.078125,-406.5,Tufts Medical Center
2026-07-02,Orange,place-welln,140,0.06428571428571428,-315.0,Wellington
2026-07-02,Red,place-andrw,123,0.18699186991869918,-400.0,Andrew
2026-07-02,Red,place-brdwy,120,0.19166666666666668,-346.5,Broadway
2026-07-02,Red,place-chmnl,107,0.19626168224299065,-362.0,Charles/MGH
2026-07-02,Red,place-cntsq,107,0.18691588785046728,-380.0,Central
2026-07-02,Red,place-davis,101,0.2079207920792079,-203.0,Davis
2026-07-02,Red,place-dwnxg,117,0.18803418803418803,-402.0,Downtown Crossing
2026-07-02,Red,place-fldcr,61,0.16393442622950818,-466.0,Fields Corner
2026-07-02,Red,place-harsq,105,0.19047619047619047,-346.0,Harvard
2026-07-02,Red,place-jfk,127,0.1889763779527559,-391.0,JFK/UMass
2026-07-02,Red,place-knncl,107,0.205607476635514,-341.0,Kendall/MIT
2026-07-02,Red,place-nqncy,68,0.25,-242.5,North Quincy
2026-07-02,Red,place-pktrm,113,0.19469026548672566,-386.0,Park Street
2026-07-02,Red,place-portr,105,0.21904761904761905,-191.0,Porter
2026-07-02,Red,place-qamnl,68,0.25,-238.0,Quincy Adams
2026-07-02,Red,place-qnctr,66,0.25757575757575757,-222.0,Quincy Center
2026-07-02,Red,place-shmnl,61,0.14754098360655737,-427.0,Savin Hill
2026-07-02,Red,place-smmnl,59,0.1694915254237288,-397.0,Shawmut
2026-07-02,Red,place-sstat,117,0.18803418803418803,-351.0,South Station
2026-07-02,Red,place-wlsta,70,0.2571428571428571,-213.0,Wollaston
2026-07-03,Blue,place-aport,107,0.06542056074766354,-421.0,Airport
2026-07-03,Blue,place-aqucl,114,0.08771929824561403,-423.0,Aquarium
2026-07-03,Blue,place-bmmnl,102,0.058823529411764705,-436.5,Beachmont
2026-07-03,Blue,place-gover,112,0.09821428571428571,-439.5,Government Center
2026-07-03,Blue,place-mvbcl,109,0.07339449541284404,-415.0,Maverick
2026-07-03,Blue,place-orhte,112,0.08035714285714286,-427.5,Orient Heights
2026-07-03,Blue,place-rbmnl,108,0.07407407407407407,-427.0,Revere Beach
2026-07-03,Blue,place-sdmnl,106,0.0660377358490566,-419.5,Suffolk Downs
2026-07-03,Blue,place-state,111,0.09009009009009009,-425.0,State
2026-07-03,Blue,place-wimnl,110,0.07272727272727272,-416.5,Wood Island
2026-07-03,Green,place-alsgr,210,0.10952380952380952,3.0,Allston Street
2026-07-03,Green,place-amory,211,0.11374407582938388,14.0,Amory Street
2026-07-03,Green,place-armnl,762,0.15616797900262466,-22.0,Arlington
2026-07-03,Green,place-babck,211,0.10426540284360189,-2.0,Babcock Street
2026-07-03,Green,place-balsq,178,0.08426966292134831,-72.5,Ball Square
2026-07-03,Green,place-bckhl,172,0.16279069767441862,-117.5,Back of the Hill
2026-07-03,Green,place-bcnfd,182,0.2087912087912088,78.5,Beaconsfield
2026-07-03,Green,place-bcnwa,213,0.0892018779342723,-4.0,Washington Square
2026-07-03,Green,place-bland,210,0.10952380952380952,-24.5,Blandford Street
2026-07-03,Green,place-bndhl,212,0.10849056603773585,5.0,Brandon Hall
2026-07-03,Green,place-boyls,756,0.15211640211640212,-15.0,Boylston
2026-07-03,Green,place-brico,210,0.11904761904761904,7.0,Packards Corner
2026-07-03,Green,place-brkhl,183,0.22404371584699453,74.0,Brookline Hills
2026-07-03,Green,place-brmnl,172,0.12790697674418605,-150.0,Brigham Circle
2026-07-03,Green,place-bucen,211,0.10426540284360189,-22.0,Boston University Central
2026-07-03,Green,place-buest,211,0.10426540284360189,-32.0,Boston University East
2026-07-03,Green,place-bvmnl,183,0.19672131147540983,52.0,Brookline Village
2026-07-03,Green,place-chhil,183,0.17486338797814208,73.0,Chestnut Hill
2026-07-03,Green,place-chill,204,0.11764705882352941,14.0,Chestnut Hill Avenue
2026-07-03,Green,place-chswk,205,0.13170731707317074,-3.0,Chiswick Road
2026-07-03,Green,place-clmnl,29,0.06896551724137931,-175.0,Cleveland Circle
2026-07-03,Green,place-coecl,761,0.1498028909329829,-34.0,Copley
2026-07-03,Green,place-cool,211,0.0947867298578199,-18.0,Coolidge Corner
2026-07-03,Green,place-denrd,213,0.07511737089201878,-61.0,Dean Road
2026-07-03,Green,place-eliot,183,0.18579234972677597,95.0,Eliot
2026-07-03,Green,place-engav,110,0.03636363636363636,-5.5,Englewood Avenue
2026-07-03,Green,place-esomr,168,0.1130952380952381,-43.0,East Somerville
2026-07-03,Green,place-fbkst,212,0.09433962264150944,-3.0,Fairbanks Street
2026-07-03,Green,place-fenwd,172,0.1569767441860465,-118.0,Fenwood Road
2026-07-03,Green,place-fenwy,185,0.22162162162162163,62.0,Fenway
2026-07-03,Green,place-gilmn,180,0.1,-56.5,Gilman Square
2026-07-03,Green,place-gover,331,0.1540785498489426,-21.0,Government Center
2026-07-03,Green,place-grigg,210,0.11904761904761904,-3.5,Griggs Street
2026-07-03,Green,place-haecl,327,0.13761467889908258,-37.0,Haymarket
2026-07-03,Green,place-harvd,209,0.10526315789473684,-35.0,Harvard Avenue
2026-07-03,Green,place-hwsst,216,0.11574074074074074,-6.5,Hawes Street
2026-07-03,Green,place-hymnl,599,0.14691151919866444,-13.0,Hynes Convention Center
2026-07-03,Green,place-kencl,604,0.15397350993377484,-9.0,Kenmore
2026-07-03,Green,place-kntst,215,0.13023255813953488,8.0,Kent Street
2026-07-03,Green,place-lech,334,0.11676646706586827,-34.0,Lechmere
2026-07-03,Green,place-lngmd,170,0.1411764705882353,-107.0,Longwood Medical Area
2026-07-03,Green,place-longw,184,0.22282608695652173,67.5,Longwood
2026-07-03,Green,place-mfa,172,0.14534883720930233,-114.0,Museum of Fine Arts
2026-07-03,Green,place-mgngl,180,0.09444444444444444,-48.5,Magoun Square
2026-07-03,Green,place-mispk,172,0.13953488372093023,-145.5,Mission Park
2026-07-03,Green,place-newtn,184,0.1956521739130435,109.0,Newton Highlands
2026-07-03,Green,place-newto,183,0.19672131147540983,92.0,Newton Centre
2026-07-03,Green,place-north,327,0.12844036697247707,-45.0,North Station
2026-07-03,Green,place-nuniv,171,0.15789473684210525,-113.0,Northeastern University
2026-07-03,Green,place-pktrm,730,0.15205479452054796,-27.0,Park Street
2026-07-03,Green,place-prmnl,169,0.17159763313609466,-136.0,Prudential
2026-07-03,Green,place-rsmnl,184,0.1793478260869565,77.5,Reservoir
2026-07-03,Green,place-rvrwy,171,0.14619883040935672,-168.0,Riverway
2026-07-03,Green,place-smary,215,0.11162790697674418,-34.0,Saint Marys Street
2026-07-03,Green,place-sougr,202,0.11386138613861387,-22.0,South Street
2026-07-03,Green,place-spmnl,332,0.12951807228915663,-16.0,Science Park
2026-07-03,Green,place-sthld,205,0.11707317073170732,-26.0,Sutherland Road
2026-07-03,Green,place-stpul,214,0.12149532710280374,-3.0,Saint Paul Street
2026-07-03,Green,place-sumav,212,0.10377358490566038,-17.5,Summit Avenue
2026-07-03,Green,place-tapst,110,0.03636363636363636,-20.0,Tappan Street
2026-07-03,Green,place-waban,183,0.18032786885245902,90.0,Waban
2026-07-03,Green,place-wascm,208,0.11057692307692307,-6.0,Washington Street
2026-07-03,Green,place-woodl,180,0.17222222222222222,65.5,Woodland
2026-07-03,Green,place-wrnst,209,0.10526315789473684,-32.0,Warren Street
2026-07-03,Mattapan,place-butlr,142,0.007042253521126761,-45.0,Butler
2026-07-03,Mattapan,place-capst,141,0.0070921985815602835,-37.0,Capen Street
2026-07-03,Mattapan,place-cedgr,141,0.0,-49.0,Cedar Grove
2026-07-03,Mattapan,place-cenav,142,0.007042253521126761,-66.5,Central Avenue
2026-07-03,Mattapan,place-miltt,142,0.007042253521126761,-47.5,Milton
2026-07-03,Mattapan,place-valrd,142,0.007042253521126761,-36.5,Valley Road
2026-07-03,Orange,place-astao,76,0.2236842105263158,-350.5,Assembly
2026-07-03,Orange,place-bbsta,72,0.19444444444444445,-433.0,Back Bay
2026-07-03,Orange,place-ccmnl,65,0.24615384615384617,-380.0,Community College
2026-07-03,Orange,place-chncl,63,0.2222222222222222,-413.0,Chinatown
2026-07-03,Orange,place-dwnxg,62,0.24193548387096775,-390.0,Downtown Crossing
2026-07-03,Orange,place-grnst,95,0.14736842105263157,-372.0,Green Street
2026-07-03,Orange,place-haecl,62,0.22580645161290322,-393.0,Haymarket
2026-07-03,Orange,place-jaksn,84,0.17857142857142858,-421.0,Jackson Square
2026-07-03,Orange,place-masta,78,0.19230769230769232,-428.0,Massachusetts Avenue
2026-07-03,Orange,place-mlmnl,80,0.2,-327.5,Malden Center
2026-07-03,Orange,place-north,60,0.25,-375.5,North Station
2026-07-03,Orange,place-rcmnl,81,0.18518518518518517,-437.0,Roxbury Crossing
2026-07-03,Orange,place-rugg,77,0.19480519480519481,-439.0,Ruggles
2026-07-03,Orange,place-sbmnl,89,0.16853932584269662,-395.0,Stony Brook
2026-07-03,Orange,place-state,60,0.25,-404.0,State
2026-07-03,Orange,place-sull,70,0.22857142857142856,-378.0,Sullivan Square
2026-07-03,Orange,place-tumnl,67,0.22388059701492538,-431.0,Tufts Medical Center
2026-07-03,Orange,place-welln,74,0.22972972972972974,-328.5,Wellington
2026-07-03,Red,place-andrw,75,0.21333333333333335,-45.0,Andrew
2026-07-03,Red,place-brdwy,71,0.2112676056338028,-41.0,Broadway
2026-07-03,Red,place-chmnl,64,0.203125,-61.0,Charles/MGH
2026-07-03,Red,place-cntsq,62,0.20967741935483872,-57.0,Central
2026-07-03,Red,place-davis,61,0.2459016393442623,17.0,Davis
2026-07-03,Red,place-dwnxg,68,0.22058823529411764,-60.0,Downtown Crossing
2026-07-03,Red,place-fldcr,30,0.23333333333333334,-54.0,Fields Corner
2026-07-03,Red,place-harsq,59,0.2033898305084746,-32.0,Harvard
2026-07-03,Red,place-jfk,77,0.23376623376623376,-66.0,JFK/UMass
2026-07-03,Red,place-knncl,60,0.21666666666666667,-45.5,Kendall/MIT
2026-07-03,Red,place-nqncy,52,0.2692307692307692,13.0,North Quincy
2026-07-03,Red,place-pktrm,67,0.23880597014925373,-61.0,Park Street
2026-07-03,Red,place-portr,59,0.2711864406779661,11.0,Porter
2026-07-03,Red,place-qamnl,49,0.2857142857142857,71.0,Quincy Adams
2026-07-03,Red,place-qnctr,51,0.3137254901960784,43.0,Quincy Center
2026-07-03,Red,place-shmnl,31,0.1935483870967742,-82.0,Savin Hill
2026-07-03,Red,place-smmnl,33,0.21212121212121213,13.0,Shawmut
2026-07-03,Red,place-sstat,70,0.24285714285714285,-28.0,South Station
2026-07-03,Red,place-wlsta,50,0.3,24.0,Wollaston
2026-07-04,Blue,place-aport,134,0.19402985074626866,-321.5,Airport
2026-07-04,Blue,place-aqucl,141,0.18439716312056736,-322.0,Aquarium
2026-07-04,Blue,place-bmmnl,134,0.1791044776119403,-348.0,Beachmont
2026-07-04,Blue,place-gover,135,0.2,-358.0,Government Center
2026-07-04,Blue,place-mvbcl,136,0.18382352941176472,-345.5,Maverick
2026-07-04,Blue,place-orhte,135,0.17037037037037037,-337.0,Orient Heights
2026-07-04,Blue,place-rbmnl,133,0.19548872180451127,-344.0,Revere Beach
2026-07-04,Blue,place-sdmnl,133,0.18045112781954886,-368.0,Suffolk Downs
2026-07-04,Blue,place-state,139,0.18705035971223022,-351.0,State
2026-07-04,Blue,place-wimnl,135,0.1925925925925926,-324.0,Wood Island
2026-07-04,Green,place-alsgr,223,0.19730941704035873,44.0,Allston Street
2026-07-04,Green,place-amory,223,0.2556053811659193,73.0,Amory Street
2026-07-04,Green,place-armnl,865,0.28439306358381505,66.0,Arlington
2026-07-04,Green,place-babck,223,0.25112107623318386,82.0,Babcock Street
2026-07-04,Green,place-balsq,216,0.12962962962962962,2.5,Ball Square
2026-07-04,Green,place-bckhl,203,0.2955665024630542,81.0,Back of the Hill
2026-07-04,Green,place-bcnfd,208,0.24519230769230768,71.5,Beaconsfield
2026-07-04,Green,place-bcnwa,216,0.1574074074074074,10.5,Washington Square
2026-07-04,Green,place-bland,223,0.23766816143497757,1.0,Blandford Street
2026-07-04,Green,place-bndhl,217,0.17511520737327188,31.0,Brandon Hall
2026-07-04,Green,place-boyls,853,0.27784290738569756,63.0,Boylston
2026-07-04,Green,place-brico,224,0.24553571428571427,62.0,Packards Corner
2026-07-04,Green,place-brkhl,206,0.25728155339805825,72.0,Brookline Hills
2026-07-04,Green,place-brmnl,205,0.28292682926829266,58.0,Brigham Circle
2026-07-04,Green,place-bucen,224,0.21428571428571427,5.0,Boston University Central
2026-07-04,Green,place-buest,224,0.23660714285714285,2.0,Boston University East
2026-07-04,Green,place-bvmnl,209,0.2631578947368421,75.0,Brookline Village
2026-07-04,Green,place-chhil,206,0.23300970873786409,69.0,Chestnut Hill
2026-07-04,Green,place-chill,216,0.18518518518518517,28.0,Chestnut Hill Avenue
2026-07-04,Green,place-chswk,215,0.17674418604651163,1.0,Chiswick Road
2026-07-04,Green,place-clmnl,32,0.1875,-194.0,Cleveland Circle
2026-07-04,Green,place-coecl,861,0.26713124274099886,50.0,Copley
2026-07-04,Green,place-cool,220,0.16363636363636364,13.5,Coolidge Corner
2026-07-04,Green,place-denrd,214,0.14018691588785046,-42.0,Dean Road
2026-07-04,Green,place-eliot,205,0.22926829268292684,100.0,Eliot
2026-07-04,Green,place-engav,106,0.08490566037735849,2.5,Englewood Avenue
2026-07-04,Green,place-esomr,207,0.13526570048309178,16.0,East Somerville
2026-07-04,Green,place-fbkst,217,0.16589861751152074,5.0,Fairbanks Street
2026-07-04,Green,place-fenwd,205,0.2975609756097561,92.0,Fenwood Road
2026-07-04,Green,place-fenwy,208,0.2692307692307692,95.5,Fenway
2026-07-04,Green,place-gilmn,217,0.1336405529953917,3.0,Gilman Square
2026-07-04,Green,place-gover,416,0.25721153846153844,77.0,Government Center
2026-07-04,Green,place-grigg,223,0.21524663677130046,49.0,Griggs Street
2026-07-04,Green,place-haecl,414,0.21014492753623187,62.0,Haymarket
2026-07-04,Green,place-harvd,223,0.20179372197309417,39.0,Harvard Avenue
2026-07-04,Green,place-hwsst,219,0.1917808219178082,-12.0,Hawes Street
2026-07-04,Green,place-hymnl,649,0.24807395993836673,42.0,Hynes Convention Center
2026-07-04,Green,place-kencl,652,0.23466257668711657,25.0,Kenmore
2026-07-04,Green,place-kntst,221,0.2081447963800905,9.0,Kent Street
2026-07-04,Green,place-lech,410,0.1902439024390244,31.5,Lechmere
2026-07-04,Green,place-lngmd,212,0.2971698113207547,67.5,Longwood Medical Area
2026-07-04,Green,place-longw,207,0.27053140096618356,88.0,Longwood
2026-07-04,Green,place-mfa,211,0.2938388625592417,67.0,Museum of Fine Arts
2026-07-04,Green,place-mgngl,218,0.13302752293577982,7.5,Magoun Square
2026-07-04,Green,place-mispk,204,0.27450980392156865,54.0,Mission Park
2026-07-04,Green,place-newtn,206,0.23786407766990292,109.5,Newton Highlands
2026-07-04,Green,place-newto,207,0.23671497584541062,90.0,Newton Centre
2026-07-04,Green,place-north,411,0.2141119221411192,45.0,North Station
2026-07-04,Green,place-nuniv,211,0.2843601895734597,33.0,Northeastern University
2026-07-04,Green,place-pktrm,809,0.2657601977750309,62.0,Park Street
2026-07-04,Green,place-prmnl,212,0.30660377358490565,56.0,Prudential
2026-07-04,Green,place-rsmnl,205,0.22926829268292684,63.0,Reservoir
2026-07-04,Green,place-rvrwy,204,0.29411764705882354,57.0,Riverway
2026-07-04,Green,place-smary,220,0.18181818181818182,-23.0,Saint Marys Street
2026-07-04,Green,place-sougr,211,0.17061611374407584,-21.0,South Street
2026-07-04,Green,place-spmnl,405,0.20246913580246914,50.0,Science Park
2026-07-04,Green,place-sthld,219,0.1689497716894977,-11.0,Sutherland Road
2026-07-04,Green,place-stpul,221,0.18099547511312217,16.0,Saint Paul Street
2026-07-04,Green,place-sumav,218,0.1834862385321101,7.0,Summit Avenue
2026-07-04,Green,place-tapst,107,0.08411214953271028,7.0,Tappan Street
2026-07-04,Green,place-waban,204,0.22058823529411764,76.0,Waban
2026-07-04,Green,place-wascm,220,0.16363636363636364,15.5,Washington Street
2026-07-04,Green,place-woodl,202,0.16831683168316833,60.5,Woodland
2026-07-04,Green,place-wrnst,223,0.17488789237668162,6.0,Warren Street
2026-07-04,Mattapan,place-butlr,185,0.07567567567567568,35.0,Butler
2026-07-04,Mattapan,place-capst,184,0.07065217391304347,21.0,Capen Street
2026-07-04,Mattapan,place-cedgr,186,0.08602150537634409,29.0,Cedar Grove
2026-07-04,Mattapan,place-cenav,185,0.05945945945945946,-2.0,Central Avenue
2026-07-04,Mattapan,place-miltt,185,0.07027027027027027,20.0,Milton
2026-07-04,Mattapan,place-valrd,184,0.059782608695652176,21.5,Valley Road
2026-07-04,Orange,place-astao,75,0.09333333333333334,-399.0,Assembly
2026-07-04,Orange,place-bbsta,62,0.11290322580645161,-472.5,Back Bay
2026-07-04,Orange,place-ccmnl,63,0.12698412698412698,-432.0,Community College
2026-07-04,Orange,place-chncl,58,0.15517241379310345,-463.5,Chinatown
2026-07-04,Orange,place-dwnxg,57,0.17543859649122806,-452.0,Downtown Crossing
2026-07-04,Orange,place-grnst,93,0.07526881720430108,-386.0,Green Street
2026-07-04,Orange,place-haecl,59,0.13559322033898305,-418.0,Haymarket
2026-07-04,Orange,place-jaksn,80,0.075,-449.0,Jackson Square
2026-07-04,Orange,place-masta,68,0.11764705882352941,-478.5,Massachusetts Avenue
2026-07-04,Orange,place-mlmnl,85,0.07058823529411765,-382.0,Malden Center
2026-07-04,Orange,place-north,60,0.13333333333333333,-420.0,North Station
2026-07-04,Orange,place-rcmnl,75,0.09333333333333334,-476.0,Roxbury Crossing
2026-07-04,Orange,place-rugg,68,0.10294117647058823,-503.0,Ruggles
2026-07-04,Orange,place-sbmnl,86,0.08139534883720931,-417.5,Stony Brook
2026-07-04,Orange,place-state,55,0.16363636363636364,-413.0,State
2026-07-04,Orange,place-sull,67,0.1044776119402985,-432.0,Sullivan Square
2026-07-04,Orange,place-tumnl,59,0.13559322033898305,-455.0,Tufts Medical Center
2026-07-04,Orange,place-welln,78,0.07692307692307693,-392.5,Wellington
2026-07-04,Red,place-andrw,75,0.36,-108.0,Andrew
2026-07-04,Red,place-brdwy,69,0.37681159420289856,-27.0,Broadway
2026-07-04,Red,place-chmnl,57,0.38596491228070173,102.0,Charles/MGH
2026-07-04,Red,place-cntsq,59,0.3898305084745763,109.0,Central
2026-07-04,Red,place-davis,54,0.4074074074074074,115.0,Davis
2026-07-04,Red,place-dwnxg,61,0.4098360655737705,-4.0,Downtown Crossing
2026-07-04,Red,place-fldcr,32,0.3125,-11.5,Fields Corner
2026-07-04,Red,place-harsq,57,0.42105263157894735,-32.0,Harvard
2026-07-04,Red,place-jfk,78,0.34615384615384615,-42.0,JFK/UMass
2026-07-04,Red,place-knncl,55,0.41818181818181815,162.0,Kendall/MIT
2026-07-04,Red,place-nqncy,54,0.3148148148148148,6.5,North Quincy
2026-07-04,Red,place-pktrm,57,0.38596491228070173,26.0,Park Street
2026-07-04,Red,place-portr,59,0.423728813559322,11.0,Porter
2026-07-04,Red,place-qamnl,52,0.28846153846153844,-139.0,Quincy Adams
2026-07-04,Red,place-qnctr,56,0.2857142857142857,-124.0,Quincy Center
2026-07-04,Red,place-shmnl,27,0.37037037037037035,-19.0,Savin Hill
2026-07-04,Red,place-smmnl,29,0.27586206896551724,15.0,Shawmut
2026-07-04,Red,place-sstat,65,0.35384615384615387,-27.0,South Station
2026-07-04,Red,place-wlsta,58,0.29310344827586204,-123.5,Wollaston
2026-07-05,Blue,place-aport,127,0.08661417322834646,-296.0,Airport
2026-07-05,Blue,place-aqucl,130,0.08461538461538462,-298.0,Aquarium
2026-07-05,Blue,place-bmmnl,115,0.09565217391304348,-267.0,Beachmont
2026-07-05,Blue,place-gover,127,0.09448818897637795,-310.0,Government Center
2026-07-05,Blue,place-mvbcl,125,0.088,-284.0,Maverick
2026-07-05,Blue,place-orhte,119,0.09243697478991597,-287.0,Orient Heights
2026-07-05,Blue,place-rbmnl,117,0.09401709401709402,-267.0,Revere Beach
2026-07-05,Blue,place-sdmnl,118,0.09322033898305085,-266.0,Suffolk Downs
2026-07-05,Blue,place-state,127,0.08661417322834646,-296.0,State
2026-07-05,Blue,place-wimnl,123,0.08943089430894309,-250.0,Wood Island
2026-07-05,Green,place-alsgr,188,0.11702127659574468,-14.0,Allston Street
2026-07-05,Green,place-amory,189,0.12169312169312169,-46.0,Amory Street
2026-07-05,Green,place-armnl,769,0.10273081924577374,-63.0,Arlington
2026-07-05,Green,place-babck,189,0.1164021164021164,-42.0,Babcock Street
2026-07-05,Green,place-balsq,203,0.024630541871921183,-170.0,Ball Square
2026-07-05,Green,place-bckhl,191,0.06806282722513089,-274.0,Back of the Hill
2026-07-05,Green,place-bcnfd,181,0.19337016574585636,40.0,Beaconsfield
2026-07-05,Green,place-bcnwa,202,0.024752475247524754,-29.5,Washington Square
2026-07-05,Green,place-bland,191,0.12041884816753927,-124.0,Blandford Street
2026-07-05,Green,place-bndhl,202,0.04950495049504951,-33.5,Brandon Hall
2026-07-05,Green,place-boyls,769,0.09752925877763328,-61.0,Boylston
2026-07-05,Green,place-brico,188,0.12234042553191489,-10.0,Packards Corner
2026-07-05,Green,place-brkhl,181,0.19337016574585636,43.0,Brookline Hills
2026-07-05,Green,place-brmnl,192,0.052083333333333336,-296.0,Brigham Circle
2026-07-05,Green,place-bucen,189,0.12698412698412698,-114.0,Boston University Central
2026-07-05,Green,place-buest,189,0.12169312169312169,-107.0,Boston University East
2026-07-05,Green,place-bvmnl,181,0.19337016574585636,34.0,Brookline Village
2026-07-05,Green,place-chhil,181,0.18232044198895028,40.0,Chestnut Hill
2026-07-05,Green,place-chill,190,0.11578947368421053,5.0,Chestnut Hill Avenue
2026-07-05,Green,place-chswk,190,0.10526315789473684,-14.0,Chiswick Road
2026-07-05,Green,place-clmnl,30,0.0,-159.5,Cleveland Circle
2026-07-05,Green,place-coecl,768,0.10026041666666667,-79.0,Copley
2026-07-05,Green,place-cool,202,0.04455445544554455,-33.5,Coolidge Corner
2026-07-05,Green,place-denrd,202,0.019801980198019802,-74.5,Dean Road
2026-07-05,Green,place-eliot,180,0.17777777777777778,81.0,Eliot
2026-07-05,Green,place-engav,98,0.01020408163265306,-11.0,Englewood Avenue
2026-07-05,Green,place-esomr,197,0.025380710659898477,-88.0,East Somerville
2026-07-05,Green,place-fbkst,203,0.04433497536945813,-27.0,Fairbanks Street
2026-07-05,Green,place-fenwd,192,0.07291666666666667,-267.0,Fenwood Road
2026-07-05,Green,place-fenwy,181,0.1878453038674033,21.0,Fenway
2026-07-05,Green,place-gilmn,206,0.02912621359223301,-86.0,Gilman Square
2026-07-05,Green,place-gover,372,0.09946236559139784,-51.5,Government Center
2026-07-05,Green,place-grigg,188,0.11702127659574468,-20.5,Griggs Street
2026-07-05,Green,place-haecl,370,0.08648648648648649,-60.0,Haymarket
2026-07-05,Green,place-harvd,187,0.10695187165775401,-42.0,Harvard Avenue
2026-07-05,Green,place-hwsst,205,0.04390243902439024,-41.0,Hawes Street
2026-07-05,Green,place-hymnl,582,0.11855670103092783,-52.0,Hynes Convention Center
2026-07-05,Green,place-kencl,582,0.11512027491408934,-52.0,Kenmore
2026-07-05,Green,place-kntst,205,0.03902439024390244,-16.0,Kent Street
2026-07-05,Green,place-lech,370,0.07567567567567568,-52.5,Lechmere
2026-07-05,Green,place-lngmd,193,0.05699481865284974,-277.0,Longwood Medical Area
2026-07-05,Green,place-longw,181,0.19337016574585636,36.0,Longwood
2026-07-05,Green,place-mfa,192,0.046875,-253.0,Museum of Fine Arts
2026-07-05,Green,place-mgngl,205,0.02926829268292683,-100.0,Magoun Square
2026-07-05,Green,place-mispk,191,0.05235602094240838,-319.0,Mission Park
2026-07-05,Green,place-newtn,179,0.19553072625698323,90.0,Newton Highlands
2026-07-05,Green,place-newto,181,0.1878453038674033,67.0,Newton Centre
2026-07-05,Green,place-north,374,0.0855614973262032,-67.0,North Station
2026-07-05,Green,place-nuniv,191,0.04712041884816754,-259.0,Northeastern University
2026-07-05,Green,place-pktrm,757,0.0964332892998679,-59.0,Park Street
2026-07-05,Green,place-prmnl,190,0.06842105263157895,-228.0,Prudential
2026-07-05,Green,place-rsmnl,181,0.1712707182320442,34.0,Reservoir
2026-07-05,Green,place-rvrwy,192,0.0625,-294.5,Riverway
2026-07-05,Green,place-smary,205,0.05365853658536585,-57.0,Saint Marys Street
2026-07-05,Green,place-sougr,189,0.10052910052910052,-44.0,South Street
2026-07-05,Green,place-spmnl,371,0.0862533692722372,-43.0,Science Park
2026-07-05,Green,place-sthld,189,0.10582010582010581,-35.0,Sutherland Road
2026-07-05,Green,place-stpul,205,0.04390243902439024,-9.0,Saint Paul Street
2026-07-05,Green,place-sumav,204,0.05392156862745098,-45.0,Summit Avenue
2026-07-05,Green,place-tapst,100,0.02,-25.0,Tappan Street
2026-07-05,Green,place-waban,179,0.17318435754189945,76.0,Waban
2026-07-05,Green,place-wascm,189,0.1111111111111111,-30.0,Washington Street
2026-07-05,Green,place-woodl,176,0.17045454545454544,55.0,Woodland
2026-07-05,Green,place-wrnst,189,0.10582010582010581,-37.0,Warren Street
2026-07-05,Mattapan,place-butlr,174,0.005747126436781609,-46.0,Butler
2026-07-05,Mattapan,place-capst,173,0.005780346820809248,-48.0,Capen Street
2026-07-05,Mattapan,place-cedgr,173,0.005780346820809248,-56.0,Cedar Grove
2026-07-05,Mattapan,place-cenav,174,0.005747126436781609,-74.0,Central Avenue
2026-07-05,Mattapan,place-miltt,174,0.005747126436781609,-53.0,Milton
2026-07-05,Mattapan,place-valrd,174,0.005747126436781609,-51.0,Valley Road
2026-07-05,Orange,place-astao,72,0.18055555555555555,-431.5,Assembly
2026-07-05,Orange,place-bbsta,60,0.25,-486.0,Back Bay
2026-07-05,Orange,place-ccmnl,64,0.21875,-447.5,Community College
2026-07-05,Orange,place-chncl,56,0.26785714285714285,-492.5,Chinatown
2026-07-05,Orange,place-dwnxg,55,0.2727272727272727,-478.0,Downtown Crossing
2026-07-05,Orange,place-grnst,72,0.18055555555555555,-392.5,Green Street
2026-07-05,Orange,place-haecl,61,0.2459016393442623,-463.0,Haymarket
2026-07-05,Orange,place-jaksn,70,0.21428571428571427,-459.5,Jackson Square
2026-07-05,Orange,place-masta,63,0.23809523809523808,-471.0,Massachusetts Avenue
2026-07-05,Orange,place-mlmnl,83,0.1566265060240964,-397.0,Malden Center
2026-07-05,Orange,place-north,60,0.25,-448.5,North Station
2026-07-05,Orange,place-rcmnl,70,0.21428571428571427,-492.0,Roxbury Crossing
2026-07-05,Orange,place-rugg,66,0.22727272727272727,-489.0,Ruggles
2026-07-05,Orange,place-sbmnl,70,0.21428571428571427,-424.0,Stony Brook
2026-07-05,Orange,place-state,53,0.2641509433962264,-503.0,State
2026-07-05,Orange,place-sull,67,0.19402985074626866,-454.0,Sullivan Square
2026-07-05,Orange,place-tumnl,56,0.26785714285714285,-512.0,Tufts Medical Center
2026-07-05,Orange,place-welln,78,0.16666666666666666,-413.5,Wellington
2026-07-05,Red,place-andrw,54,0.2222222222222222,-301.5,Andrew
2026-07-05,Red,place-brdwy,52,0.19230769230769232,-285.0,Broadway
2026-07-05,Red,place-chmnl,50,0.22,-214.0,Charles/MGH
2026-07-05,Red,place-cntsq,48,0.1875,-212.5,Central
2026-07-05,Red,place-davis,53,0.22641509433962265,-41.0,Davis
2026-07-05,Red,place-dwnxg,50,0.2,-192.5,Downtown Crossing
2026-07-05,Red,place-fldcr,16,0.125,-16.5,Fields Corner
2026-07-05,Red,place-harsq,47,0.2553191489361702,-19.0,Harvard
2026-07-05,Red,place-jfk,51,0.19607843137254902,-320.0,JFK/UMass
2026-07-05,Red,place-knncl,49,0.20408163265306123,-182.0,Kendall/MIT
2026-07-05,Red,place-nqncy,35,0.2571428571428571,-318.0,North Quincy
2026-07-05,Red,place-pktrm,51,0.23529411764705882,-248.0,Park Street
2026-07-05,Red,place-portr,50,0.24,-9.5,Porter
2026-07-05,Red,place-qamnl,31,0.22580645161290322,-362.0,Quincy Adams
2026-07-05,Red,place-qnctr,31,0.22580645161290322,-345.0,Quincy Center
2026-07-05,Red,place-shmnl,16,0.125,-61.0,Savin Hill
2026-07-05,Red,place-smmnl,18,0.1111111111111111,12.0,Shawmut
2026-07-05,Red,place-sstat,50,0.2,-190.5,South Station
2026-07-05,Red,place-wlsta,34,0.23529411764705882,-346.5,Wollaston
2026-07-06,Blue,place-aport,190,0.042105263157894736,-218.5,Airport
2026-07-06,Blue,place-aqucl,193,0.06735751295336788,-188.0,Aquarium
2026-07-06,Blue,place-bmmnl,193,0.03626943005181347,-205.0,Beachmont
2026-07-06,Blue,place-gover,188,0.05319148936170213,-230.5,Government Center
2026-07-06,Blue,place-mvbcl,191,0.05235602094240838,-207.0,Maverick
2026-07-06,Blue,place-orhte,192,0.052083333333333336,-198.0,Orient Heights
2026-07-06,Blue,place-rbmnl,189,0.042328042328042326,-192.0,Revere Beach
2026-07-06,Blue,place-sdmnl,195,0.05128205128205128,-177.0,Suffolk Downs
2026-07-06,Blue,place-state,191,0.05235602094240838,-208.0,State
2026-07-06,Blue,place-wimnl,196,0.05102040816326531,-204.5,Wood Island
2026-07-06,Green,place-alsgr,250,0.168,66.0,Allston Street
2026-07-06,Green,place-amory,249,0.2289156626506024,105.0,Amory Street
2026-07-06,Green,place-armnl,1029,0.2021379980563654,75.0,Arlington
2026-07-06,Green,place-babck,249,0.21285140562248997,91.0,Babcock Street
2026-07-06,Green,place-balsq,285,0.04912280701754386,-17.0,Ball Square
2026-07-06,Green,place-bckhl,269,0.12639405204460966,-129.0,Back of the Hill
2026-07-06,Green,place-bcnfd,253,0.2727272727272727,124.0,Beaconsfield
2026-07-06,Green,place-bcnwa,249,0.19678714859437751,84.0,Washington Square
2026-07-06,Green,place-bland,248,0.20161290322580644,79.0,Blandford Street
2026-07-06,Green,place-bndhl,251,0.23107569721115537,115.0,Brandon Hall
2026-07-06,Green,place-boyls,1021,0.19980411361410383,77.0,Boylston
2026-07-06,Green,place-brico,249,0.19678714859437751,68.0,Packards Corner
2026-07-06,Green,place-brkhl,254,0.25984251968503935,122.0,Brookline Hills
2026-07-06,Green,place-brmnl,269,0.10408921933085502,-107.0,Brigham Circle
2026-07-06,Green,place-bucen,249,0.21686746987951808,78.0,Boston University Central
2026-07-06,Green,place-buest,248,0.20161290322580644,69.5,Boston University East
2026-07-06,Green,place-bvmnl,254,0.24015748031496062,118.0,Brookline Village
2026-07-06,Green,place-chhil,251,0.250996015936255,106.0,Chestnut Hill
2026-07-06,Green,place-chill,244,0.1721311475409836,59.0,Chestnut Hill Avenue
2026-07-06,Green,place-chswk,245,0.1673469387755102,39.0,Chiswick Road
2026-07-06,Green,place-clmnl,49,0.22448979591836735,126.0,Cleveland Circle
2026-07-06,Green,place-coecl,1035,0.1961352657004831,64.0,Copley
2026-07-06,Green,place-cool,251,0.199203187250996,86.0,Coolidge Corner
2026-07-06,Green,place-denrd,244,0.1680327868852459,23.5,Dean Road
2026-07-06,Green,place-eliot,248,0.25,108.0,Eliot
2026-07-06,Green,place-engav,118,0.05084745762711865,29.0,Englewood Avenue
2026-07-06,Green,place-esomr,276,0.07246376811594203,8.5,East Somerville
2026-07-06,Green,place-fbkst,249,0.2248995983935743,106.0,Fairbanks Street
2026-07-06,Green,place-fenwd,268,0.13059701492537312,-84.5,Fenwood Road
2026-07-06,Green,place-fenwy,253,0.24110671936758893,107.0,Fenway
2026-07-06,Green,place-gilmn,287,0.07317073170731707,5.0,Gilman Square
2026-07-06,Green,place-gover,528,0.1893939393939394,75.5,Government Center
2026-07-06,Green,place-grigg,250,0.188,57.0,Griggs Street
2026-07-06,Green,place-haecl,532,0.17669172932330826,54.5,Haymarket
2026-07-06,Green,place-harvd,250,0.16,48.5,Harvard Avenue
2026-07-06,Green,place-hwsst,252,0.24603174603174602,136.5,Hawes Street
2026-07-06,Green,place-hymnl,754,0.21883289124668434,108.0,Hynes Convention Center
2026-07-06,Green,place-kencl,756,0.20899470899470898,104.0,Kenmore
2026-07-06,Green,place-kntst,251,0.21912350597609562,136.0,Kent Street
2026-07-06,Green,place-lech,532,0.12406015037593984,22.5,Lechmere
2026-07-06,Green,place-lngmd,279,0.12903225806451613,-67.0,Longwood Medical Area
2026-07-06,Green,place-longw,254,0.2637795275590551,121.0,Longwood
2026-07-06,Green,place-mfa,279,0.13261648745519714,-83.0,Museum of Fine Arts
2026-07-06,Green,place-mgngl,286,0.07342657342657342,17.0,Magoun Square
2026-07-06,Green,place-mispk,268,0.10820895522388059,-140.0,Mission Park
2026-07-06,Green,place-newtn,251,0.27091633466135456,105.0,Newton Highlands
2026-07-06,Green,place-newto,252,0.25396825396825395,115.5,Newton Centre
2026-07-06,Green,place-north,534,0.17228464419475656,36.5,North Station
2026-07-06,Green,place-nuniv,279,0.11827956989247312,-98.0,Northeastern University
2026-07-06,Green,place-pktrm,966,0.1915113871635611,82.5,Park Street
2026-07-06,Green,place-prmnl,279,0.14695340501792115,-61.0,Prudential
2026-07-06,Green,place-rsmnl,252,0.25793650793650796,112.0,Reservoir
2026-07-06,Green,place-rvrwy,269,0.13011152416356878,-123.0,Riverway
2026-07-06,Green,place-smary,251,0.20318725099601595,117.0,Saint Marys Street
2026-07-06,Green,place-sougr,241,0.14107883817427386,4.0,South Street
2026-07-06,Green,place-spmnl,533,0.1350844277673546,42.0,Science Park
2026-07-06,Green,place-sthld,249,0.18072289156626506,61.0,Sutherland Road
2026-07-06,Green,place-stpul,251,0.21912350597609562,135.0,Saint Paul Street
2026-07-06,Green,place-sumav,251,0.199203187250996,77.0,Summit Avenue
2026-07-06,Green,place-tapst,123,0.056910569105691054,44.0,Tappan Street
2026-07-06,Green,place-waban,248,0.2056451612903226,84.0,Waban
2026-07-06,Green,place-wascm,249,0.17670682730923695,54.0,Washington Street
2026-07-06,Green,place-woodl,245,0.20816326530612245,85.0,Woodland
2026-07-06,Green,place-wrnst,248,0.15725806451612903,25.0,Warren Street
2026-07-06,Mattapan,place-butlr,181,0.06629834254143646,-48.0,Butler
2026-07-06,Mattapan,place-capst,181,0.0718232044198895,5.0,Capen Street
2026-07-06,Mattapan,place-cedgr,180,0.05555555555555555,-56.0,Cedar Grove
2026-07-06,Mattapan,place-cenav,183,0.06557377049180328,-20.0,Central Avenue
2026-07-06,Mattapan,place-miltt,180,0.05,-62.0,Milton
2026-07-06,Mattapan,place-valrd,184,0.08152173913043478,3.0,Valley Road
2026-07-06,Orange,place-astao,121,0.0,-356.0,Assembly
2026-07-06,Orange,place-bbsta,120,0.016666666666666666,-357.0,Back Bay
2026-07-06,Orange,place-ccmnl,110,0.0,-336.0,Community College
2026-07-06,Orange,place-chncl,111,0.018018018018018018,-332.0,Chinatown
2026-07-06,Orange,place-dwnxg,109,0.01834862385321101,-306.0,Downtown Crossing
2026-07-06,Orange,place-grnst,137,0.0364963503649635,-281.0,Green Street
2026-07-06,Orange,place-haecl,115,0.0,-328.0,Haymarket
2026-07-06,Orange,place-jaksn,133,0.03007518796992481,-335.0,Jackson Square
2026-07-06,Orange,place-masta,127,0.023622047244094488,-357.0,Massachusetts Avenue
2026-07-06,Orange,place-mlmnl,128,0.0078125,-348.0,Malden Center
2026-07-06,Orange,place-north,114,0.0,-348.0,North Station
2026-07-06,Orange,place-rcmnl,132,0.022727272727272728,-354.5,Roxbury Crossing
2026-07-06,Orange,place-rugg,128,0.03125,-322.0,Ruggles
2026-07-06,Orange,place-sbmnl,129,0.031007751937984496,-307.0,Stony Brook
2026-07-06,Orange,place-state,109,0.0,-332.0,State
2026-07-06,Orange,place-sull,119,0.0,-346.0,Sullivan Square
2026-07-06,Orange,place-tumnl,118,0.01694915254237288,-357.5,Tufts Medical Center
2026-07-06,Orange,place-welln,125,0.0,-351.0,Wellington
2026-07-06,Red,place-andrw,118,0.19491525423728814,-204.0,Andrew
2026-07-06,Red,place-brdwy,114,0.21929824561403508,-197.0,Broadway
2026-07-06,Red,place-chmnl,103,0.23300970873786409,-162.0,Charles/MGH
2026-07-06,Red,place-cntsq,103,0.20388349514563106,-146.0,Central
2026-07-06,Red,place-davis,97,0.25773195876288657,-99.0,Davis
2026-07-06,Red,place-dwnxg,111,0.1981981981981982,-229.0,Downtown Crossing
2026-07-06,Red,place-fldcr,68,0.1323529411764706,-274.5,Fields Corner
2026-07-06,Red,place-harsq,100,0.24,-88.5,Harvard
2026-07-06,Red,place-jfk,118,0.1864406779661017,-239.0,JFK/UMass
2026-07-06,Red,place-knncl,101,0.21782178217821782,-173.0,Kendall/MIT
2026-07-06,Red,place-nqncy,51,0.21568627450980393,-206.0,North Quincy
2026-07-06,Red,place-pktrm,110,0.22727272727272727,-200.0,Park Street
2026-07-06,Red,place-portr,98,0.24489795918367346,-102.5,Porter
2026-07-06,Red,place-qamnl,49,0.20408163265306123,-200.0,Quincy Adams
2026-07-06,Red,place-qnctr,49,0.1836734693877551,-185.0,Quincy Center
2026-07-06,Red,place-shmnl,66,0.15151515151515152,-269.0,Savin Hill
2026-07-06,Red,place-smmnl,72,0.125,-249.0,Shawmut
2026-07-06,Red,place-sstat,116,0.19827586206896552,-232.5,South Station
2026-07-06,Red,place-wlsta,51,0.23529411764705882,-152.0,Wollaston
2026-07-07,Blue,place-aport,204,0.06862745098039216,-378.5,Airport
2026-07-07,Blue,place-aqucl,205,0.06341463414634146,-362.0,Aquarium
2026-07-07,Blue,place-bmmnl,199,0.07035175879396985,-377.0,Beachmont
2026-07-07,Blue,place-gover,204,0.06862745098039216,-390.0,Government Center
2026-07-07,Blue,place-mvbcl,204,0.06862745098039216,-373.0,Maverick
2026-07-07,Blue,place-orhte,205,0.06829268292682927,-367.0,Orient Heights
2026-07-07,Blue,place-rbmnl,198,0.06565656565656566,-368.0,Revere Beach
2026-07-07,Blue,place-sdmnl,204,0.07352941176470588,-352.0,Suffolk Downs
2026-07-07,Blue,place-state,205,0.07317073170731707,-364.0,State
2026-07-07,Blue,place-wimnl,203,0.06896551724137931,-367.0,Wood Island
2026-07-07,Green,place-alsgr,232,0.28448275862068967,151.0,Allston Street
2026-07-07,Green,place-amory,234,0.405982905982906,213.0,Amory Street
2026-07-07,Green,place-armnl,893,0.4087346024636058,215.0,Arlington
2026-07-07,Green,place-babck,233,0.38626609442060084,204.0,Babcock Street
2026-07-07,Green,place-balsq,246,0.16260162601626016,6.5,Ball Square
2026-07-07,Green,place-bckhl,227,0.21585903083700442,1.0,Back of the Hill
2026-07-07,Green,place-bcnfd,209,0.40669856459330145,235.0,Beaconsfield
2026-07-07,Green,place-bcnwa,207,0.4057971014492754,236.0,Washington Square
2026-07-07,Green,place-bland,233,0.4291845493562232,226.0,Blandford Street
2026-07-07,Green,place-bndhl,208,0.4326923076923077,255.0,Brandon Hall
2026-07-07,Green,place-boyls,890,0.41685393258426967,224.0,Boylston
2026-07-07,Green,place-brico,232,0.38362068965517243,165.5,Packards Corner
2026-07-07,Green,place-brkhl,197,0.41116751269035534,241.0,Brookline Hills
2026-07-07,Green,place-brmnl,221,0.21266968325791855,11.0,Brigham Circle
2026-07-07,Green,place-bucen,234,0.42735042735042733,218.0,Boston University Central
2026-07-07,Green,place-buest,233,0.3905579399141631,226.0,Boston University East
2026-07-07,Green,place-bvmnl,194,0.3865979381443299,223.0,Brookline Village
2026-07-07,Green,place-chhil,207,0.3671497584541063,197.0,Chestnut Hill
2026-07-07,Green,place-chill,232,0.30603448275862066,135.0,Chestnut Hill Avenue
2026-07-07,Green,place-chswk,232,0.28448275862068967,115.5,Chiswick Road
2026-07-07,Green,place-clmnl,45,0.6222222222222222,388.0,Cleveland Circle
2026-07-07,Green,place-coecl,881,0.3995459704880817,208.0,Copley
2026-07-07,Green,place-cool,214,0.37850467289719625,208.5,Coolidge Corner
2026-07-07,Green,place-denrd,204,0.3431372549019608,177.0,Dean Road
2026-07-07,Green,place-eliot,206,0.3883495145631068,193.5,Eliot
2026-07-07,Green,place-engav,97,0.17525773195876287,80.0,Englewood Avenue
2026-07-07,Green,place-esomr,238,0.18487394957983194,34.5,East Somerville
2026-07-07,Green,place-fbkst,206,0.4223300970873786,248.5,Fairbanks Street
2026-07-07,Green,place-fenwd,224,0.23660714285714285,32.0,Fenwood Road
2026-07-07,Green,place-fenwy,188,0.4308510638297872,243.5,Fenway
2026-07-07,Green,place-gilmn,252,0.18253968253968253,36.0,Gilman Square
2026-07-07,Green,place-gover,444,0.36711711711711714,162.0,Government Center
2026-07-07,Green,place-grigg,232,0.2974137931034483,169.5,Griggs Street
2026-07-07,Green,place-haecl,445,0.3348314606741573,119.0,Haymarket
2026-07-07,Green,place-harvd,232,0.3146551724137931,157.0,Harvard Avenue
2026-07-07,Green,place-hwsst,212,0.4528301886792453,268.0,Hawes Street
2026-07-07,Green,place-hymnl,640,0.4671875,272.5,Hynes Convention Center
2026-07-07,Green,place-kencl,650,0.4323076923076923,246.5,Kenmore
2026-07-07,Green,place-kntst,210,0.43333333333333335,251.5,Kent Street
2026-07-07,Green,place-lech,451,0.2660753880266075,80.0,Lechmere
2026-07-07,Green,place-lngmd,234,0.2222222222222222,24.0,Longwood Medical Area
2026-07-07,Green,place-longw,192,0.4166666666666667,238.5,Longwood
2026-07-07,Green,place-mfa,235,0.2170212765957447,47.0,Museum of Fine Arts
2026-07-07,Green,place-mgngl,248,0.16532258064516128,44.5,Magoun Square
2026-07-07,Green,place-mispk,224,0.1875,-23.0,Mission Park
2026-07-07,Green,place-newtn,205,0.3902439024390244,192.0,Newton Highlands
2026-07-07,Green,place-newto,206,0.38349514563106796,199.0,Newton Centre
2026-07-07,Green,place-north,445,0.30112359550561796,117.0,North Station
2026-07-07,Green,place-nuniv,236,0.19915254237288135,18.0,Northeastern University
2026-07-07,Green,place-pktrm,796,0.3731155778894472,193.0,Park Street
2026-07-07,Green,place-prmnl,235,0.19148936170212766,33.0,Prudential
2026-07-07,Green,place-rsmnl,205,0.3804878048780488,213.0,Reservoir
2026-07-07,Green,place-rvrwy,226,0.20353982300884957,-8.5,Riverway
2026-07-07,Green,place-smary,212,0.4339622641509434,265.0,Saint Marys Street
2026-07-07,Green,place-sougr,231,0.2727272727272727,93.0,South Street
2026-07-07,Green,place-spmnl,445,0.2943820224719101,99.0,Science Park
2026-07-07,Green,place-sthld,233,0.3133047210300429,124.0,Sutherland Road
2026-07-07,Green,place-stpul,211,0.43601895734597157,239.0,Saint Paul Street
2026-07-07,Green,place-sumav,208,0.38461538461538464,227.0,Summit Avenue
2026-07-07,Green,place-tapst,97,0.1958762886597938,101.0,Tappan Street
2026-07-07,Green,place-waban,205,0.36097560975609755,168.0,Waban
2026-07-07,Green,place-wascm,233,0.33047210300429186,137.0,Washington Street
2026-07-07,Green,place-woodl,207,0.357487922705314,178.0,Woodland
2026-07-07,Green,place-wrnst,233,0.2918454935622318,108.0,Warren Street
2026-07-07,Mattapan,place-asmnl,1,0.0,15.0,Ashmont
2026-07-07,Mattapan,place-butlr,187,0.0374331550802139,-84.0,Butler
2026-07-07,Mattapan,place-capst,184,0.03804347826086957,-23.0,Capen Street
2026-07-07,Mattapan,place-cedgr,189,0.021164021164021163,-102.0,Cedar Grove
2026-07-07,Mattapan,place-cenav,184,0.043478260869565216,-47.5,Central Avenue
2026-07-07,Mattapan,place-miltt,186,0.043010752688172046,-89.0,Milton
2026-07-07,Mattapan,place-valrd,184,0.043478260869565216,-19.0,Valley Road
2026-07-07,Orange,place-astao,131,0.061068702290076333,-248.0,Assembly
2026-07-07,Orange,place-bbsta,136,0.058823529411764705,-318.0,Back Bay
2026-07-07,Orange,place-ccmnl,131,0.08396946564885496,-250.0,Community College
2026-07-07,Orange,place-chncl,126,0.07936507936507936,-266.5,Chinatown
2026-07-07,Orange,place-dwnxg,128,0.078125,-274.5,Downtown Crossing
2026-07-07,Orange,place-grnst,149,0.03355704697986577,-277.0,Green Street
2026-07-07,Orange,place-haecl,127,0.07086614173228346,-268.0,Haymarket
2026-07-07,Orange,place-jaksn,143,0.055944055944055944,-334.0,Jackson Square
2026-07-07,Orange,place-masta,137,0.058394160583941604,-314.0,Massachusetts Avenue
2026-07-07,Orange,place-mlmnl,142,0.06338028169014084,-263.0,Malden Center
2026-07-07,Orange,place-north,125,0.088,-253.0,North Station
2026-07-07,Orange,place-rcmnl,144,0.041666666666666664,-365.5,Roxbury Crossing
2026-07-07,Orange,place-rugg,141,0.05673758865248227,-310.0,Ruggles
2026-07-07,Orange,place-sbmnl,144,0.041666666666666664,-305.0,Stony Brook
2026-07-07,Orange,place-state,126,0.06349206349206349,-293.0,State
2026-07-07,Orange,place-sull,132,0.08333333333333333,-251.0,Sullivan Square
2026-07-07,Orange,place-tumnl,131,0.06870229007633588,-309.0,Tufts Medical Center
2026-07-07,Orange,place-welln,136,0.058823529411764705,-261.5,Wellington
2026-07-07,Red,place-andrw,105,0.3142857142857143,-44.0,Andrew
2026-07-07,Red,place-brdwy,104,0.3173076923076923,-10.5,Broadway
2026-07-07,Red,place-chmnl,104,0.28846153846153844,-4.5,Charles/MGH
2026-07-07,Red,place-cntsq,101,0.31683168316831684,16.0,Central
2026-07-07,Red,place-davis,95,0.3263157894736842,18.0,Davis
2026-07-07,Red,place-dwnxg,100,0.32,-5.5,Downtown Crossing
2026-07-07,Red,place-fldcr,49,0.30612244897959184,-7.0,Fields Corner
2026-07-07,Red,place-harsq,103,0.3106796116504854,-8.0,Harvard
2026-07-07,Red,place-jfk,105,0.2857142857142857,-30.0,JFK/UMass
2026-07-07,Red,place-knncl,104,0.28846153846153844,11.5,Kendall/MIT
2026-07-07,Red,place-nqncy,53,0.24528301886792453,-75.0,North Quincy
2026-07-07,Red,place-pktrm,106,0.330188679245283,12.0,Park Street
2026-07-07,Red,place-portr,101,0.31683168316831684,13.0,Porter
2026-07-07,Red,place-qamnl,48,0.22916666666666666,-52.5,Quincy Adams
2026-07-07,Red,place-qnctr,50,0.2,-329.5,Quincy Center
2026-07-07,Red,place-shmnl,52,0.34615384615384615,5.0,Savin Hill
2026-07-07,Red,place-smmnl,49,0.30612244897959184,21.0,Shawmut
2026-07-07,Red,place-sstat,104,0.3269230769230769,25.0,South Station
2026-07-07,Red,place-wlsta,54,0.2222222222222222,-201.0,Wollaston
2026-07-08,Blue,place-aport,199,0.271356783919598,-280.0,Airport
2026-07-08,Blue,place-aqucl,202,0.27722772277227725,-242.5,Aquarium
2026-07-08,Blue,place-bmmnl,185,0.2648648648648649,-287.0,Beachmont
2026-07-08,Blue,place-gover,202,0.26732673267326734,-268.5,Government Center
2026-07-08,Blue,place-mvbcl,198,0.2727272727272727,-266.0,Maverick
2026-07-08,Blue,place-orhte,186,0.26344086021505375,-283.5,Orient Heights
2026-07-08,Blue,place-rbmnl,192,0.2708333333333333,-279.0,Revere Beach
2026-07-08,Blue,place-sdmnl,192,0.265625,-273.5,Suffolk Downs
2026-07-08,Blue,place-state,202,0.27722772277227725,-235.5,State
2026-07-08,Blue,place-wimnl,194,0.26288659793814434,-265.5,Wood Island
2026-07-08,Green,place-alsgr,239,0.1087866108786611,45.0,Allston Street
2026-07-08,Green,place-amory,241,0.15352697095435686,95.0,Amory Street
2026-07-08,Green,place-armnl,963,0.24714434060228452,128.0,Arlington
2026-07-08,Green,place-babck,240,0.15833333333333333,87.5,Babcock Street
2026-07-08,Green,place-balsq,276,0.08695652173913043,-6.5,Ball Square
2026-07-08,Green,place-bckhl,263,0.18250950570342206,6.0,Back of the Hill
2026-07-08,Green,place-bcnfd,220,0.35909090909090907,179.5,Beaconsfield
2026-07-08,Green,place-bcnwa,227,0.3524229074889868,197.0,Washington Square
2026-07-08,Green,place-bland,240,0.15,81.5,Blandford Street
2026-07-08,Green,place-bndhl,228,0.39035087719298245,213.5,Brandon Hall
2026-07-08,Green,place-boyls,958,0.23799582463465555,121.0,Boylston
2026-07-08,Green,place-brico,238,0.15126050420168066,62.5,Packards Corner
2026-07-08,Green,place-brkhl,220,0.35454545454545455,169.0,Brookline Hills
2026-07-08,Green,place-brmnl,264,0.13257575757575757,8.0,Brigham Circle
2026-07-08,Green,place-bucen,241,0.16182572614107885,81.0,Boston University Central
2026-07-08,Green,place-buest,240,0.1375,74.0,Boston University East
2026-07-08,Green,place-bvmnl,222,0.33783783783783783,161.5,Brookline Village
2026-07-08,Green,place-chhil,217,0.35023041474654376,167.0,Chestnut Hill
2026-07-08,Green,place-chill,238,0.12184873949579832,55.5,Chestnut Hill Avenue
2026-07-08,Green,place-chswk,238,0.12605042016806722,35.0,Chiswick Road
2026-07-08,Green,place-clmnl,39,0.38461538461538464,246.0,Cleveland Circle
2026-07-08,Green,place-coecl,955,0.24083769633507854,115.0,Copley
2026-07-08,Green,place-cool,228,0.34649122807017546,215.0,Coolidge Corner
2026-07-08,Green,place-denrd,225,0.26222222222222225,129.0,Dean Road
2026-07-08,Green,place-eliot,210,0.36666666666666664,162.0,Eliot
2026-07-08,Green,place-engav,110,0.2,98.0,Englewood Avenue
2026-07-08,Green,place-esomr,270,0.10740740740740741,29.0,East Somerville
2026-07-08,Green,place-fbkst,228,0.38596491228070173,223.5,Fairbanks Street
2026-07-08,Green,place-fenwd,265,0.18490566037735848,38.0,Fenwood Road
2026-07-08,Green,place-fenwy,221,0.3393665158371041,173.0,Fenway
2026-07-08,Green,place-gilmn,279,0.1003584229390681,35.0,Gilman Square
2026-07-08,Green,place-gover,485,0.2515463917525773,103.0,Government Center
2026-07-08,Green,place-grigg,239,0.12133891213389121,46.0,Griggs Street
2026-07-08,Green,place-haecl,486,0.21604938271604937,77.0,Haymarket
2026-07-08,Green,place-harvd,240,0.11666666666666667,33.5,Harvard Avenue
2026-07-08,Green,place-hwsst,234,0.44017094017094016,244.0,Hawes Street
2026-07-08,Green,place-hymnl,692,0.2832369942196532,155.5,Hynes Convention Center
2026-07-08,Green,place-kencl,696,0.27729885057471265,142.5,Kenmore
2026-07-08,Green,place-kntst,234,0.4230769230769231,229.5,Kent Street
2026-07-08,Green,place-lech,497,0.19517102615694165,47.0,Lechmere
2026-07-08,Green,place-lngmd,267,0.14606741573033707,21.0,Longwood Medical Area
2026-07-08,Green,place-longw,222,0.32882882882882886,169.5,Longwood
2026-07-08,Green,place-mfa,267,0.15355805243445692,36.0,Museum of Fine Arts
2026-07-08,Green,place-mgngl,279,0.1039426523297491,44.0,Magoun Square
2026-07-08,Green,place-mispk,265,0.14339622641509434,-18.0,Mission Park
2026-07-08,Green,place-newtn,215,0.3581395348837209,184.0,Newton Highlands
2026-07-08,Green,place-newto,215,0.34418604651162793,185.0,Newton Centre
2026-07-08,Green,place-north,486,0.20781893004115226,68.0,North Station
2026-07-08,Green,place-nuniv,267,0.14232209737827714,3.0,Northeastern University
2026-07-08,Green,place-pktrm,912,0.23135964912280702,111.0,Park Street
2026-07-08,Green,place-prmnl,266,0.15413533834586465,31.5,Prudential
2026-07-08,Green,place-rsmnl,218,0.3577981651376147,175.0,Reservoir
2026-07-08,Green,place-rvrwy,265,0.1660377358490566,-6.0,Riverway
2026-07-08,Green,place-smary,233,0.41630901287553645,236.0,Saint Marys Street
2026-07-08,Green,place-sougr,236,0.11864406779661017,-1.0,South Street
2026-07-08,Green,place-spmnl,486,0.22016460905349794,73.0,Science Park
2026-07-08,Green,place-sthld,238,0.13865546218487396,38.5,Sutherland Road
2026-07-08,Green,place-stpul,232,0.4224137931034483,245.5,Saint Paul Street
2026-07-08,Green,place-sumav,228,0.35526315789473684,202.0,Summit Avenue
2026-07-08,Green,place-tapst,112,0.23214285714285715,134.5,Tappan Street
2026-07-08,Green,place-waban,210,0.3333333333333333,145.5,Waban
2026-07-08,Green,place-wascm,238,0.1134453781512605,47.0,Washington Street
2026-07-08,Green,place-woodl,206,0.3155339805825243,139.5,Woodland
2026-07-08,Green,place-wrnst,239,0.11715481171548117,17.0,Warren Street
2026-07-08,Mattapan,place-butlr,200,0.03,-54.0,Butler
2026-07-08,Mattapan,place-capst,198,0.04040404040404041,-3.5,Capen Street
2026-07-08,Mattapan,place-cedgr,201,0.03482587064676617,-56.0,Cedar Grove
2026-07-08,Mattapan,place-cenav,200,0.03,-27.5,Central Avenue
2026-07-08,Mattapan,place-miltt,201,0.024875621890547265,-66.0,Milton
2026-07-08,Mattapan,place-valrd,200,0.04,-7.0,Valley Road
2026-07-08,Orange,place-astao,138,0.13043478260869565,-213.5,Assembly
2026-07-08,Orange,place-bbsta,126,0.1349206349206349,-246.0,Back Bay
2026-07-08,Orange,place-ccmnl,133,0.15037593984962405,-225.0,Community College
2026-07-08,Orange,place-chncl,134,0.14925373134328357,-225.5,Chinatown
2026-07-08,Orange,place-dwnxg,131,0.16030534351145037,-230.0,Downtown Crossing
2026-07-08,Orange,place-grnst,148,0.12837837837837837,-244.0,Green Street
2026-07-08,Orange,place-haecl,132,0.15151515151515152,-212.5,Haymarket
2026-07-08,Orange,place-jaksn,145,0.14482758620689656,-269.0,Jackson Square
2026-07-08,Orange,place-masta,133,0.12781954887218044,-252.0,Massachusetts Avenue
2026-07-08,Orange,place-mlmnl,147,0.10204081632653061,-192.0,Malden Center
2026-07-08,Orange,place-north,136,0.15441176470588236,-208.5,North Station
2026-07-08,Orange,place-rcmnl,141,0.14184397163120568,-278.0,Roxbury Crossing
2026-07-08,Orange,place-rugg,137,0.13138686131386862,-247.0,Ruggles
2026-07-08,Orange,place-sbmnl,146,0.136986301369863,-254.0,Stony Brook
2026-07-08,Orange,place-state,135,0.14814814814814814,-254.0,State
2026-07-08,Orange,place-sull,136,0.14705882352941177,-226.5,Sullivan Square
2026-07-08,Orange,place-tumnl,131,0.1450381679389313,-233.0,Tufts Medical Center
2026-07-08,Orange,place-welln,139,0.1223021582733813,-200.0,Wellington
2026-07-08,Red,place-andrw,116,0.3706896551724138,77.5,Andrew
2026-07-08,Red,place-brdwy,113,0.37168141592920356,67.0,Broadway
2026-07-08,Red,place-chmnl,114,0.34210526315789475,19.0,Charles/MGH
2026-07-08,Red,place-cntsq,117,0.3162393162393162,51.0,Central
2026-07-08,Red,place-davis,110,0.35454545454545455,67.0,Davis
2026-07-08,Red,place-dwnxg,115,0.33043478260869563,36.0,Downtown Crossing
2026-07-08,Red,place-fldcr,57,0.43859649122807015,255.0,Fields Corner
2026-07-08,Red,place-harsq,110,0.33636363636363636,65.0,Harvard
2026-07-08,Red,place-jfk,116,0.3706896551724138,78.5,JFK/UMass
2026-07-08,Red,place-knncl,112,0.3482142857142857,46.5,Kendall/MIT
2026-07-08,Red,place-nqncy,54,0.2962962962962963,-97.0,North Quincy
2026-07-08,Red,place-pktrm,115,0.3391304347826087,13.0,Park Street
2026-07-08,Red,place-portr,111,0.3783783783783784,124.0,Porter
2026-07-08,Red,place-qamnl,52,0.34615384615384615,-51.0,Quincy Adams
2026-07-08,Red,place-qnctr,49,0.3469387755102041,-63.0,Quincy Center
2026-07-08,Red,place-shmnl,58,0.46551724137931033,241.0,Savin Hill
2026-07-08,Red,place-smmnl,57,0.43859649122807015,275.0,Shawmut
2026-07-08,Red,place-sstat,112,0.3392857142857143,70.5,South Station
2026-07-08,Red,place-wlsta,53,0.32075471698113206,-100.0,Wollaston
2026-07-09,Blue,place-aport,199,0.07035175879396985,-396.0,Airport
2026-07-09,Blue,place-aqucl,198,0.07575757575757576,-368.0,Aquarium
2026-07-09,Blue,place-bmmnl,187,0.0748663101604278,-396.0,Beachmont
2026-07-09,Blue,place-gover,201,0.06467661691542288,-388.0,Government Center
2026-07-09,Blue,place-mvbcl,197,0.07614213197969544,-382.0,Maverick
2026-07-09,Blue,place-orhte,193,0.07253886010362694,-382.0,Orient Heights
2026-07-09,Blue,place-rbmnl,191,0.07329842931937172,-384.0,Revere Beach
2026-07-09,Blue,place-sdmnl,191,0.07853403141361257,-369.0,Suffolk Downs
2026-07-09,Blue,place-state,197,0.08121827411167512,-364.0,State
2026-07-09,Blue,place-wimnl,201,0.07462686567164178,-386.0,Wood Island
2026-07-09,Green,place-alsgr,239,0.14644351464435146,42.0,Allston Street
2026-07-09,Green,place-amory,241,0.21161825726141079,67.0,Amory Street
2026-07-09,Green,place-armnl,937,0.27321237993596587,110.0,Arlington
2026-07-09,Green,place-babck,240,0.2125,68.5,Babcock Street
2026-07-09,Green,place-balsq,255,0.11764705882352941,-8.0,Ball Square
2026-07-09,Green,place-bckhl,244,0.16393442622950818,-45.0,Back of the Hill
2026-07-09,Green,place-bcnfd,230,0.33043478260869563,188.5,Beaconsfield
2026-07-09,Green,place-bcnwa,223,0.2825112107623318,104.0,Washington Square
2026-07-09,Green,place-bland,240,0.20833333333333334,58.5,Blandford Street
2026-07-09,Green,place-bndhl,226,0.2920353982300885,144.0,Brandon Hall
2026-07-09,Green,place-boyls,928,0.2790948275862069,113.0,Boylston
2026-07-09,Green,place-brico,240,0.20416666666666666,41.5,Packards Corner
2026-07-09,Green,place-brkhl,231,0.30735930735930733,184.0,Brookline Hills
2026-07-09,Green,place-brmnl,244,0.14344262295081966,-11.5,Brigham Circle
2026-07-09,Green,place-bucen,241,0.2074688796680498,42.0,Boston University Central
2026-07-09,Green,place-buest,240,0.20416666666666666,44.5,Boston University East
2026-07-09,Green,place-bvmnl,233,0.3133047210300429,170.0,Brookline Village
2026-07-09,Green,place-chhil,221,0.2669683257918552,164.0,Chestnut Hill
2026-07-09,Green,place-chill,236,0.1864406779661017,46.5,Chestnut Hill Avenue
2026-07-09,Green,place-chswk,236,0.1906779661016949,23.0,Chiswick Road
2026-07-09,Green,place-clmnl,25,0.44,181.0,Cleveland Circle
2026-07-09,Green,place-coecl,934,0.26124197002141325,96.5,Copley
2026-07-09,Green,place-cool,227,0.27312775330396477,120.0,Coolidge Corner
2026-07-09,Green,place-denrd,221,0.24434389140271492,51.0,Dean Road
2026-07-09,Green,place-eliot,216,0.2962962962962963,163.5,Eliot
2026-07-09,Green,place-engav,112,0.13392857142857142,22.0,Englewood Avenue
2026-07-09,Green,place-esomr,251,0.14342629482071714,28.0,East Somerville
2026-07-09,Green,place-fbkst,226,0.3008849557522124,132.5,Fairbanks Street
2026-07-09,Green,place-fenwd,246,0.18699186991869918,0.5,Fenwood Road
2026-07-09,Green,place-fenwy,230,0.32608695652173914,191.5,Fenway
2026-07-09,Green,place-gilmn,259,0.13513513513513514,26.0,Gilman Square
2026-07-09,Green,place-gover,470,0.28297872340425534,110.5,Government Center
2026-07-09,Green,place-grigg,239,0.1589958158995816,44.0,Griggs Street
2026-07-09,Green,place-haecl,472,0.2733050847457627,92.5,Haymarket
2026-07-09,Green,place-harvd,241,0.16182572614107885,39.0,Harvard Avenue
2026-07-09,Green,place-hwsst,228,0.3201754385964912,155.0,Hawes Street
2026-07-09,Green,place-hymnl,682,0.2991202346041056,150.0,Hynes Convention Center
2026-07-09,Green,place-kencl,692,0.2817919075144509,127.0,Kenmore
2026-07-09,Green,place-kntst,228,0.3157894736842105,145.0,Kent Street
2026-07-09,Green,place-lech,477,0.21593291404612158,48.0,Lechmere
2026-07-09,Green,place-lngmd,253,0.16600790513833993,-10.0,Longwood Medical Area
2026-07-09,Green,place-longw,233,0.351931330472103,202.0,Longwood
2026-07-09,Green,place-mfa,256,0.18359375,0.5,Museum of Fine Arts
2026-07-09,Green,place-mgngl,257,0.14007782101167315,31.0,Magoun Square
2026-07-09,Green,place-mispk,245,0.14285714285714285,-55.0,Mission Park
2026-07-09,Green,place-newtn,220,0.32272727272727275,194.0,Newton Highlands
2026-07-09,Green,place-newto,221,0.2895927601809955,185.0,Newton Centre
2026-07-09,Green,place-north,478,0.26359832635983266,74.5,North Station
2026-07-09,Green,place-nuniv,254,0.17716535433070865,-11.5,Northeastern University
2026-07-09,Green,place-pktrm,896,0.27232142857142855,110.5,Park Street
2026-07-09,Green,place-prmnl,255,0.2,11.0,Prudential
2026-07-09,Green,place-rsmnl,222,0.26576576576576577,160.0,Reservoir
2026-07-09,Green,place-rvrwy,246,0.17073170731707318,-18.5,Riverway
2026-07-09,Green,place-smary,227,0.3039647577092511,133.0,Saint Marys Street
2026-07-09,Green,place-sougr,233,0.1459227467811159,-12.0,South Street
2026-07-09,Green,place-spmnl,478,0.23221757322175732,73.0,Science Park
2026-07-09,Green,place-sthld,237,0.18565400843881857,28.0,Sutherland Road
2026-07-09,Green,place-stpul,227,0.32158590308370044,146.0,Saint Paul Street
2026-07-09,Green,place-sumav,227,0.2687224669603524,111.0,Summit Avenue
2026-07-09,Green,place-tapst,115,0.11304347826086956,33.0,Tappan Street
2026-07-09,Green,place-waban,216,0.2638888888888889,136.0,Waban
2026-07-09,Green,place-wascm,240,0.17916666666666667,26.0,Washington Street
2026-07-09,Green,place-woodl,215,0.26046511627906976,146.0,Woodland
2026-07-09,Green,place-wrnst,240,0.14583333333333334,-3.5,Warren Street
2026-07-09,Mattapan,place-asmnl,1,0.0,-118.0,Ashmont
2026-07-09,Mattapan,place-butlr,242,0.06611570247933884,-56.5,Butler
2026-07-09,Mattapan,place-capst,243,0.102880658436214,1.0,Capen Street
2026-07-09,Mattapan,place-cedgr,242,0.06611570247933884,-66.0,Cedar Grove
2026-07-09,Mattapan,place-cenav,242,0.08264462809917356,-29.0,Central Avenue
2026-07-09,Mattapan,place-miltt,243,0.06584362139917696,-67.0,Milton
2026-07-09,Mattapan,place-valrd,243,0.0823045267489712,-8.0,Valley Road
2026-07-09,Orange,place-astao,86,0.18604651162790697,-379.0,Assembly
2026-07-09,Orange,place-bbsta,87,0.13793103448275862,-383.0,Back Bay
2026-07-09,Orange,place-ccmnl,82,0.1951219512195122,-389.0,Community College
2026-07-09,Orange,place-chncl,83,0.1566265060240964,-395.0,Chinatown
2026-07-09,Orange,place-dwnxg,82,0.1951219512195122,-399.5,Downtown Crossing
2026-07-09,Orange,place-grnst,110,0.10909090909090909,-288.5,Green Street
2026-07-09,Orange,place-haecl,80,0.2125,-408.5,Haymarket
2026-07-09,Orange,place-jaksn,104,0.09615384615384616,-352.5,Jackson Square
2026-07-09,Orange,place-masta,95,0.11578947368421053,-356.0,Massachusetts Avenue
2026-07-09,Orange,place-mlmnl,93,0.20430107526881722,-339.0,Malden Center
2026-07-09,Orange,place-north,80,0.1875,-390.5,North Station
2026-07-09,Orange,place-rcmnl,100,0.11,-370.5,Roxbury Crossing
2026-07-09,Orange,place-rugg,96,0.125,-357.5,Ruggles
2026-07-09,Orange,place-sbmnl,107,0.09345794392523364,-338.0,Stony Brook
2026-07-09,Orange,place-state,79,0.16455696202531644,-435.0,State
2026-07-09,Orange,place-sull,81,0.20987654320987653,-399.0,Sullivan Square
2026-07-09,Orange,place-tumnl,84,0.15476190476190477,-400.5,Tufts Medical Center
2026-07-09,Orange,place-welln,90,0.2111111111111111,-372.5,Wellington
2026-07-09,Red,place-andrw,79,0.22784810126582278,-319.0,Andrew
2026-07-09,Red,place-brdwy,78,0.23076923076923078,-350.0,Broadway
2026-07-09,Red,place-chmnl,73,0.2328767123287671,-377.0,Charles/MGH
2026-07-09,Red,place-cntsq,75,0.2,-431.0,Central
2026-07-09,Red,place-davis,75,0.18666666666666668,-371.0,Davis
2026-07-09,Red,place-dwnxg,74,0.24324324324324326,-416.5,Downtown Crossing
2026-07-09,Red,place-fldcr,45,0.24444444444444444,-357.0,Fields Corner
2026-07-09,Red,place-harsq,71,0.19718309859154928,-434.0,Harvard
2026-07-09,Red,place-jfk,80,0.2375,-320.0,JFK/UMass
2026-07-09,Red,place-knncl,75,0.22666666666666666,-397.0,Kendall/MIT
2026-07-09,Red,place-nqncy,43,0.16279069767441862,-304.0,North Quincy
2026-07-09,Red,place-pktrm,74,0.21621621621621623,-399.5,Park Street
2026-07-09,Red,place-portr,75,0.18666666666666668,-401.0,Porter
2026-07-09,Red,place-qamnl,45,0.2222222222222222,-442.0,Quincy Adams
2026-07-09,Red,place-qnctr,43,0.20930232558139536,-395.0,Quincy Center
2026-07-09,Red,place-shmnl,41,0.2682926829268293,-320.0,Savin Hill
2026-07-09,Red,place-smmnl,45,0.24444444444444444,-263.0,Shawmut
2026-07-09,Red,place-sstat,77,0.24675324675324675,-389.0,South Station
2026-07-09,Red,place-wlsta,42,0.21428571428571427,-289.5,Wollaston
2026-07-10,Blue,place-aport,175,0.16,-88.0,Airport
2026-07-10,Blue,place-aqucl,174,0.16666666666666666,-86.5,Aquarium
2026-07-10,Blue,place-bmmnl,173,0.16184971098265896,-139.0,Beachmont
2026-07-10,Blue,place-gover,174,0.15517241379310345,-161.0,Government Center
2026-07-10,Blue,place-mvbcl,175,0.14857142857142858,-99.0,Maverick
2026-07-10,Blue,place-orhte,170,0.16470588235294117,-76.0,Orient Heights
2026-07-10,Blue,place-rbmnl,171,0.16374269005847952,-69.0,Revere Beach
2026-07-10,Blue,place-sdmnl,169,0.16568047337278108,-105.0,Suffolk Downs
2026-07-10,Blue,place-state,179,0.16201117318435754,-111.0,State
2026-07-10,Blue,place-wimnl,174,0.14942528735632185,-99.5,Wood Island
2026-07-10,Green,place-alsgr,213,0.3051643192488263,153.0,Allston Street
2026-07-10,Green,place-amory,215,0.3627906976744186,162.0,Amory Street
2026-07-10,Green,place-armnl,884,0.29751131221719457,103.5,Arlington
2026-07-10,Green,place-babck,214,0.3411214953271028,168.0,Babcock Street
2026-07-10,Green,place-balsq,263,0.1482889733840304,6.0,Ball Square
2026-07-10,Green,place-bckhl,255,0.2235294117647059,4.0,Back of the Hill
2026-07-10,Green,place-bcnfd,227,0.2775330396475771,143.0,Beaconsfield
2026-07-10,Green,place-bcnwa,217,0.20276497695852536,64.0,Washington Square
2026-07-10,Green,place-bland,214,0.3691588785046729,161.0,Blandford Street
2026-07-10,Green,place-bndhl,218,0.22018348623853212,90.5,Brandon Hall
2026-07-10,Green,place-boyls,886,0.30248306997742663,93.5,Boylston
2026-07-10,Green,place-brico,214,0.32710280373831774,146.0,Packards Corner
2026-07-10,Green,place-brkhl,226,0.2743362831858407,125.0,Brookline Hills
2026-07-10,Green,place-brmnl,255,0.23137254901960785,-5.0,Brigham Circle
2026-07-10,Green,place-bucen,215,0.35348837209302325,155.0,Boston University Central
2026-07-10,Green,place-buest,214,0.35514018691588783,138.5,Boston University East
2026-07-10,Green,place-bvmnl,227,0.2599118942731278,119.0,Brookline Village
2026-07-10,Green,place-chhil,224,0.2857142857142857,103.5,Chestnut Hill
2026-07-10,Green,place-chill,199,0.2964824120603015,120.0,Chestnut Hill Avenue
2026-07-10,Green,place-chswk,204,0.29411764705882354,119.0,Chiswick Road
2026-07-10,Green,place-clmnl,31,0.2903225806451613,132.0,Cleveland Circle
2026-07-10,Green,place-coecl,888,0.30067567567567566,98.0,Copley
2026-07-10,Green,place-cool,219,0.2191780821917808,89.0,Coolidge Corner
2026-07-10,Green,place-denrd,213,0.1784037558685446,23.0,Dean Road
2026-07-10,Green,place-eliot,222,0.28378378378378377,95.5,Eliot
2026-07-10,Green,place-engav,108,0.06481481481481481,34.5,Englewood Avenue
2026-07-10,Green,place-esomr,251,0.17131474103585656,34.0,East Somerville
2026-07-10,Green,place-fbkst,220,0.21363636363636362,90.5,Fairbanks Street
2026-07-10,Green,place-fenwd,256,0.2421875,24.5,Fenwood Road
2026-07-10,Green,place-fenwy,227,0.29515418502202645,114.0,Fenway
2026-07-10,Green,place-gilmn,264,0.1590909090909091,37.0,Gilman Square
2026-07-10,Green,place-gover,454,0.27312775330396477,75.0,Government Center
2026-07-10,Green,place-grigg,214,0.308411214953271,145.5,Griggs Street
2026-07-10,Green,place-haecl,456,0.25877192982456143,61.0,Haymarket
2026-07-10,Green,place-harvd,214,0.308411214953271,148.0,Harvard Avenue
2026-07-10,Green,place-hwsst,218,0.24770642201834864,136.0,Hawes Street
2026-07-10,Green,place-hymnl,640,0.3203125,127.0,Hynes Convention Center
2026-07-10,Green,place-kencl,651,0.30414746543778803,116.0,Kenmore
2026-07-10,Green,place-kntst,218,0.24770642201834864,121.0,Kent Street
2026-07-10,Green,place-lech,457,0.22319474835886213,38.0,Lechmere
2026-07-10,Green,place-lngmd,263,0.23954372623574144,12.0,Longwood Medical Area
2026-07-10,Green,place-longw,228,0.29385964912280704,134.0,Longwood
2026-07-10,Green,place-mfa,261,0.24521072796934865,6.0,Museum of Fine Arts
2026-07-10,Green,place-mgngl,263,0.1596958174904943,44.0,Magoun Square
2026-07-10,Green,place-mispk,256,0.21484375,-32.5,Mission Park
2026-07-10,Green,place-newtn,224,0.29910714285714285,118.5,Newton Highlands
2026-07-10,Green,place-newto,222,0.30180180180180183,116.0,Newton Centre
2026-07-10,Green,place-north,453,0.24282560706401765,52.0,North Station
2026-07-10,Green,place-nuniv,261,0.22988505747126436,-10.0,Northeastern University
2026-07-10,Green,place-pktrm,817,0.30354957160342716,96.0,Park Street
2026-07-10,Green,place-prmnl,257,0.25680933852140075,13.0,Prudential
2026-07-10,Green,place-rsmnl,226,0.2743362831858407,100.0,Reservoir
2026-07-10,Green,place-rvrwy,256,0.234375,-2.5,Riverway
2026-07-10,Green,place-smary,217,0.2304147465437788,113.0,Saint Marys Street
2026-07-10,Green,place-sougr,199,0.2864321608040201,78.0,South Street
2026-07-10,Green,place-spmnl,453,0.23178807947019867,68.0,Science Park
2026-07-10,Green,place-sthld,205,0.3121951219512195,140.0,Sutherland Road
2026-07-10,Green,place-stpul,220,0.24545454545454545,135.0,Saint Paul Street
2026-07-10,Green,place-sumav,218,0.2018348623853211,77.0,Summit Avenue
2026-07-10,Green,place-tapst,114,0.07894736842105263,29.0,Tappan Street
2026-07-10,Green,place-waban,221,0.2669683257918552,100.0,Waban
2026-07-10,Green,place-wascm,208,0.30288461538461536,123.5,Washington Street
2026-07-10,Green,place-woodl,220,0.2818181818181818,105.0,Woodland
2026-07-10,Green,place-wrnst,212,0.3113207547169811,101.0,Warren Street
2026-07-10,Mattapan,place-butlr,239,0.11715481171548117,-54.0,Butler
2026-07-10,Mattapan,place-capst,238,0.11764705882352941,-5.5,Capen Street
2026-07-10,Mattapan,place-cedgr,236,0.1059322033898305,-67.5,Cedar Grove
2026-07-10,Mattapan,place-cenav,239,0.13807531380753138,-30.0,Central Avenue
2026-07-10,Mattapan,place-miltt,238,0.12184873949579832,-64.0,Milton
2026-07-10,Mattapan,place-valrd,240,0.12916666666666668,-4.5,Valley Road
2026-07-10,Orange,place-astao,73,0.0684931506849315,-456.0,Assembly
2026-07-10,Orange,place-bbsta,65,0.07692307692307693,-531.0,Back Bay
2026-07-10,Orange,place-ccmnl,63,0.06349206349206349,-514.0,Community College
2026-07-10,Orange,place-chncl,63,0.07936507936507936,-574.0,Chinatown
2026-07-10,Orange,place-dwnxg,60,0.06666666666666667,-578.5,Downtown Crossing
2026-07-10,Orange,place-grnst,97,0.05154639175257732,-408.0,Green Street
2026-07-10,Orange,place-haecl,62,0.08064516129032258,-558.5,Haymarket
2026-07-10,Orange,place-jaksn,86,0.06976744186046512,-452.0,Jackson Square
2026-07-10,Orange,place-masta,71,0.07042253521126761,-529.0,Massachusetts Avenue
2026-07-10,Orange,place-mlmnl,89,0.056179775280898875,-338.0,Malden Center
2026-07-10,Orange,place-north,64,0.078125,-517.0,North Station
2026-07-10,Orange,place-rcmnl,82,0.07317073170731707,-516.5,Roxbury Crossing
2026-07-10,Orange,place-rugg,76,0.07894736842105263,-482.0,Ruggles
2026-07-10,Orange,place-sbmnl,91,0.06593406593406594,-406.0,Stony Brook
2026-07-10,Orange,place-state,59,0.06779661016949153,-616.0,State
2026-07-10,Orange,place-sull,69,0.057971014492753624,-485.0,Sullivan Square
2026-07-10,Orange,place-tumnl,62,0.08064516129032258,-535.5,Tufts Medical Center
2026-07-10,Orange,place-welln,80,0.0625,-408.5,Wellington
2026-07-10,Red,place-andrw,108,0.37962962962962965,12.5,Andrew
2026-07-10,Red,place-brdwy,107,0.37383177570093457,13.0,Broadway
2026-07-10,Red,place-chmnl,97,0.36082474226804123,25.0,Charles/MGH
2026-07-10,Red,place-cntsq,96,0.3645833333333333,-13.5,Central
2026-07-10,Red,place-davis,89,0.3595505617977528,-61.0,Davis
2026-07-10,Red,place-dwnxg,102,0.3431372549019608,9.5,Downtown Crossing
2026-07-10,Red,place-fldcr,53,0.37735849056603776,27.0,Fields Corner
2026-07-10,Red,place-harsq,93,0.3548387096774194,-49.0,Harvard
2026-07-10,Red,place-jfk,109,0.3761467889908257,38.0,JFK/UMass
2026-07-10,Red,place-knncl,96,0.3645833333333333,-1.0,Kendall/MIT
2026-07-10,Red,place-nqncy,57,0.40350877192982454,74.0,North Quincy
2026-07-10,Red,place-pktrm,99,0.35353535353535354,12.0,Park Street
2026-07-10,Red,place-portr,90,0.35555555555555557,-39.0,Porter
2026-07-10,Red,place-qamnl,55,0.41818181818181815,81.0,Quincy Adams
2026-07-10,Red,place-qnctr,56,0.4107142857142857,81.5,Quincy Center
2026-07-10,Red,place-shmnl,55,0.36363636363636365,-7.0,Savin Hill
2026-07-10,Red,place-smmnl,54,0.35185185185185186,19.0,Shawmut
2026-07-10,Red,place-sstat,101,0.36633663366336633,30.0,South Station
2026-07-10,Red,place-wlsta,55,0.4,66.0,Wollaston
2026-07-11,Blue,place-aport,92,0.15217391304347827,-109.0,Airport
2026-07-11,Blue,place-aqucl,91,0.14285714285714285,-99.0,Aquarium
2026-07-11,Blue,place-bmmnl,90,0.15555555555555556,-149.0,Beachmont
2026-07-11,Blue,place-gover,97,0.13402061855670103,-125.0,Government Center
2026-07-11,Blue,place-mvbcl,90,0.13333333333333333,-121.5,Maverick
2026-07-11,Blue,place-orhte,92,0.16304347826086957,-107.5,Orient Heights
2026-07-11,Blue,place-rbmnl,91,0.14285714285714285,-141.0,Revere Beach
2026-07-11,Blue,place-sdmnl,93,0.16129032258064516,-125.0,Suffolk Downs
2026-07-11,Blue,place-state,94,0.1276595744680851,-104.0,State
2026-07-11,Blue,place-wimnl,93,0.15053763440860216,-98.0,Wood Island
2026-07-11,Green,place-alsgr,195,0.2205128205128205,76.0,Allston Street
2026-07-11,Green,place-amory,195,0.2512820512820513,83.0,Amory Street
2026-07-11,Green,place-armnl,818,0.3410757946210269,157.5,Arlington
2026-07-11,Green,place-babck,195,0.23076923076923078,87.0,Babcock Street
2026-07-11,Green,place-balsq,210,0.0761904761904762,-24.5,Ball Square
2026-07-11,Green,place-bckhl,200,0.235,-92.5,Back of the Hill
2026-07-11,Green,place-bcnfd,213,0.5586854460093896,345.0,Beaconsfield
2026-07-11,Green,place-bcnwa,206,0.32038834951456313,156.5,Washington Square
2026-07-11,Green,place-bland,194,0.2422680412371134,60.0,Blandford Street
2026-07-11,Green,place-bndhl,206,0.3640776699029126,184.5,Brandon Hall
2026-07-11,Green,place-boyls,809,0.34487021013597036,171.0,Boylston
2026-07-11,Green,place-brico,196,0.24489795918367346,65.5,Packards Corner
2026-07-11,Green,place-brkhl,213,0.5492957746478874,331.0,Brookline Hills
2026-07-11,Green,place-brmnl,200,0.215,-79.0,Brigham Circle
2026-07-11,Green,place-bucen,195,0.24102564102564103,48.0,Boston University Central
2026-07-11,Green,place-buest,195,0.24102564102564103,39.0,Boston University East
2026-07-11,Green,place-bvmnl,214,0.5514018691588785,333.0,Brookline Village
2026-07-11,Green,place-chhil,211,0.5213270142180095,305.0,Chestnut Hill
2026-07-11,Green,place-chill,194,0.22164948453608246,62.5,Chestnut Hill Avenue
2026-07-11,Green,place-chswk,194,0.20618556701030927,52.0,Chiswick Road
2026-07-11,Green,place-clmnl,33,0.36363636363636365,165.0,Cleveland Circle
2026-07-11,Green,place-coecl,809,0.34981458590852904,158.0,Copley
2026-07-11,Green,place-cool,207,0.33816425120772947,175.0,Coolidge Corner
2026-07-11,Green,place-denrd,200,0.29,100.5,Dean Road
2026-07-11,Green,place-eliot,208,0.5048076923076923,301.5,Eliot
2026-07-11,Green,place-engav,91,0.17582417582417584,81.0,Englewood Avenue
2026-07-11,Green,place-esomr,206,0.08737864077669903,-10.5,East Somerville
2026-07-11,Green,place-fbkst,207,0.34782608695652173,170.0,Fairbanks Street
2026-07-11,Green,place-fenwd,199,0.23115577889447236,-67.0,Fenwood Road
2026-07-11,Green,place-fenwy,214,0.5560747663551402,347.5,Fenway
2026-07-11,Green,place-gilmn,215,0.07441860465116279,-29.0,Gilman Square
2026-07-11,Green,place-gover,407,0.35872235872235875,164.0,Government Center
2026-07-11,Green,place-grigg,195,0.23076923076923078,79.0,Griggs Street
2026-07-11,Green,place-haecl,409,0.31295843520782396,117.0,Haymarket
2026-07-11,Green,place-harvd,195,0.20512820512820512,56.0,Harvard Avenue
2026-07-11,Green,place-hwsst,207,0.357487922705314,180.0,Hawes Street
2026-07-11,Green,place-hymnl,609,0.3891625615763547,208.0,Hynes Convention Center
2026-07-11,Green,place-kencl,621,0.38808373590982287,187.0,Kenmore
2026-07-11,Green,place-kntst,207,0.34782608695652173,195.0,Kent Street
2026-07-11,Green,place-lech,419,0.2720763723150358,73.0,Lechmere
2026-07-11,Green,place-lngmd,203,0.21182266009852216,-49.0,Longwood Medical Area
2026-07-11,Green,place-longw,214,0.5887850467289719,366.0,Longwood
2026-07-11,Green,place-mfa,202,0.2079207920792079,-27.0,Museum of Fine Arts
2026-07-11,Green,place-mgngl,212,0.07075471698113207,-30.5,Magoun Square
2026-07-11,Green,place-mispk,199,0.21608040201005024,-101.0,Mission Park
2026-07-11,Green,place-newtn,209,0.5263157894736842,325.0,Newton Highlands
2026-07-11,Green,place-newto,210,0.5238095238095238,319.5,Newton Centre
2026-07-11,Green,place-north,413,0.29539951573849876,101.0,North Station
2026-07-11,Green,place-nuniv,200,0.205,-46.5,Northeastern University
2026-07-11,Green,place-pktrm,793,0.3291298865069357,163.0,Park Street
2026-07-11,Green,place-prmnl,200,0.22,-14.5,Prudential
2026-07-11,Green,place-rsmnl,210,0.5333333333333333,319.5,Reservoir
2026-07-11,Green,place-rvrwy,201,0.21890547263681592,-100.0,Riverway
2026-07-11,Green,place-smary,207,0.34299516908212563,171.0,Saint Marys Street
2026-07-11,Green,place-sougr,191,0.20418848167539266,-12.0,South Street
2026-07-11,Green,place-spmnl,414,0.30434782608695654,94.5,Science Park
2026-07-11,Green,place-sthld,194,0.20103092783505155,27.5,Sutherland Road
2026-07-11,Green,place-stpul,207,0.34782608695652173,183.0,Saint Paul Street
2026-07-11,Green,place-sumav,204,0.3382352941176471,170.5,Summit Avenue
2026-07-11,Green,place-tapst,100,0.16,89.5,Tappan Street
2026-07-11,Green,place-waban,209,0.46411483253588515,264.0,Waban
2026-07-11,Green,place-wascm,196,0.2193877551020408,58.0,Washington Street
2026-07-11,Green,place-woodl,207,0.4444444444444444,251.0,Woodland
2026-07-11,Green,place-wrnst,195,0.21025641025641026,40.0,Warren Street
2026-07-11,Mattapan,place-butlr,183,0.0,-36.0,Butler
2026-07-11,Mattapan,place-capst,183,0.0,-38.0,Capen Street
2026-07-11,Mattapan,place-cedgr,184,0.005434782608695652,-41.0,Cedar Grove
2026-07-11,Mattapan,place-cenav,183,0.0,-73.0,Central Avenue
2026-07-11,Mattapan,place-miltt,183,0.0,-42.0,Milton
2026-07-11,Mattapan,place-valrd,183,0.0,-41.0,Valley Road
2026-07-11,Orange,place-astao,54,0.09259259259259259,-394.0,Assembly
2026-07-11,Orange,place-bbsta,50,0.14,-419.5,Back Bay
2026-07-11,Orange,place-ccmnl,50,0.12,-414.0,Community College
2026-07-11,Orange,place-chncl,42,0.16666666666666666,-412.0,Chinatown
2026-07-11,Orange,place-dwnxg,41,0.14634146341463414,-400.0,Downtown Crossing
2026-07-11,Orange,place-grnst,71,0.09859154929577464,-336.0,Green Street
2026-07-11,Orange,place-haecl,47,0.14893617021276595,-397.0,Haymarket
2026-07-11,Orange,place-jaksn,64,0.140625,-390.0,Jackson Square
2026-07-11,Orange,place-masta,53,0.16981132075471697,-420.0,Massachusetts Avenue
2026-07-11,Orange,place-mlmnl,66,0.06060606060606061,-365.0,Malden Center
2026-07-11,Orange,place-north,47,0.14893617021276595,-399.0,North Station
2026-07-11,Orange,place-rcmnl,58,0.15517241379310345,-415.5,Roxbury Crossing
2026-07-11,Orange,place-rugg,57,0.15789473684210525,-441.0,Ruggles
2026-07-11,Orange,place-sbmnl,67,0.13432835820895522,-359.0,Stony Brook
2026-07-11,Orange,place-state,43,0.13953488372093023,-416.0,State
2026-07-11,Orange,place-sull,50,0.12,-419.0,Sullivan Square
2026-07-11,Orange,place-tumnl,44,0.1590909090909091,-428.5,Tufts Medical Center
2026-07-11,Orange,place-welln,58,0.08620689655172414,-379.5,Wellington
2026-07-11,Red,place-andrw,42,0.38095238095238093,-10.5,Andrew
2026-07-11,Red,place-brdwy,41,0.3902439024390244,-7.0,Broadway
2026-07-11,Red,place-chmnl,38,0.42105263157894735,63.0,Charles/MGH
2026-07-11,Red,place-cntsq,37,0.35135135135135137,6.0,Central
2026-07-11,Red,place-davis,36,0.3333333333333333,38.5,Davis
2026-07-11,Red,place-dwnxg,38,0.39473684210526316,50.0,Downtown Crossing
2026-07-11,Red,place-fldcr,21,0.2857142857142857,-23.0,Fields Corner
2026-07-11,Red,place-harsq,43,0.32558139534883723,-10.0,Harvard
2026-07-11,Red,place-jfk,44,0.36363636363636365,-18.5,JFK/UMass
2026-07-11,Red,place-knncl,37,0.3783783783783784,32.0,Kendall/MIT
2026-07-11,Red,place-nqncy,30,0.3333333333333333,12.5,North Quincy
2026-07-11,Red,place-pktrm,38,0.42105263157894735,50.5,Park Street
2026-07-11,Red,place-portr,41,0.3170731707317073,14.0,Porter
2026-07-11,Red,place-qamnl,31,0.2903225806451613,24.0,Quincy Adams
2026-07-11,Red,place-qnctr,31,0.3225806451612903,48.0,Quincy Center
2026-07-11,Red,place-shmnl,19,0.3157894736842105,-47.0,Savin Hill
2026-07-11,Red,place-smmnl,23,0.2608695652173913,18.0,Shawmut
2026-07-11,Red,place-sstat,39,0.41025641025641024,19.0,South Station
2026-07-11,Red,place-wlsta,32,0.3125,-103.0,Wollaston
2026-07-12,Blue,place-aport,110,0.14545454545454545,-217.0,Airport
2026-07-12,Blue,place-aqucl,112,0.14285714285714285,-269.5,Aquarium
2026-07-12,Blue,place-bmmnl,113,0.1592920353982301,-209.0,Beachmont
2026-07-12,Blue,place-gover,112,0.13392857142857142,-279.0,Government Center
2026-07-12,Blue,place-mvbcl,110,0.11818181818181818,-247.0,Maverick
2026-07-12,Blue,place-orhte,113,0.1592920353982301,-240.0,Orient Heights
2026-07-12,Blue,place-rbmnl,110,0.16363636363636364,-223.5,Revere Beach
2026-07-12,Blue,place-sdmnl,112,0.16964285714285715,-184.5,Suffolk Downs
2026-07-12,Blue,place-state,110,0.14545454545454545,-255.5,State
2026-07-12,Blue,place-wimnl,109,0.13761467889908258,-238.0,Wood Island
2026-07-12,Green,place-alsgr,177,0.13559322033898305,17.0,Allston Street
2026-07-12,Green,place-amory,180,0.17222222222222222,6.0,Amory Street
2026-07-12,Green,place-armnl,698,0.17335243553008595,22.0,Arlington
2026-07-12,Green,place-babck,180,0.1388888888888889,-0.5,Babcock Street
2026-07-12,Green,place-balsq,193,0.04145077720207254,-111.0,Ball Square
2026-07-12,Green,place-bckhl,179,0.11173184357541899,-144.0,Back of the Hill
2026-07-12,Green,place-bcnfd,163,0.22085889570552147,83.0,Beaconsfield
2026-07-12,Green,place-bcnwa,170,0.17058823529411765,51.0,Washington Square
2026-07-12,Green,place-bland,179,0.15083798882681565,-22.0,Blandford Street
2026-07-12,Green,place-bndhl,171,0.2046783625730994,70.0,Brandon Hall
2026-07-12,Green,place-boyls,694,0.17435158501440923,18.0,Boylston
2026-07-12,Green,place-brico,179,0.15083798882681565,5.0,Packards Corner
2026-07-12,Green,place-brkhl,167,0.23952095808383234,59.0,Brookline Hills
2026-07-12,Green,place-brmnl,178,0.09550561797752809,-146.5,Brigham Circle
2026-07-12,Green,place-bucen,179,0.15083798882681565,-46.0,Boston University Central
2026-07-12,Green,place-buest,179,0.15083798882681565,-41.0,Boston University East
2026-07-12,Green,place-bvmnl,165,0.21818181818181817,61.0,Brookline Village
2026-07-12,Green,place-chhil,166,0.18072289156626506,75.0,Chestnut Hill
2026-07-12,Green,place-chill,177,0.1751412429378531,49.0,Chestnut Hill Avenue
2026-07-12,Green,place-chswk,176,0.17045454545454544,38.0,Chiswick Road
2026-07-12,Green,place-clmnl,27,0.3333333333333333,18.0,Cleveland Circle
2026-07-12,Green,place-coecl,691,0.1649782923299566,12.0,Copley
2026-07-12,Green,place-cool,171,0.1871345029239766,53.0,Coolidge Corner
2026-07-12,Green,place-denrd,169,0.14201183431952663,0.0,Dean Road
2026-07-12,Green,place-eliot,167,0.19760479041916168,102.0,Eliot
2026-07-12,Green,place-engav,84,0.07142857142857142,2.0,Englewood Avenue
2026-07-12,Green,place-esomr,183,0.04371584699453552,-100.0,East Somerville
2026-07-12,Green,place-fbkst,169,0.20118343195266272,56.0,Fairbanks Street
2026-07-12,Green,place-fenwd,178,0.11235955056179775,-134.5,Fenwood Road
2026-07-12,Green,place-fenwy,164,0.21951219512195122,81.5,Fenway
2026-07-12,Green,place-gilmn,192,0.03125,-127.5,Gilman Square
2026-07-12,Green,place-gover,333,0.12612612612612611,-35.0,Government Center
2026-07-12,Green,place-grigg,178,0.14606741573033707,13.0,Griggs Street
2026-07-12,Green,place-haecl,334,0.11676646706586827,-55.0,Haymarket
2026-07-12,Green,place-harvd,178,0.10674157303370786,-10.0,Harvard Avenue
2026-07-12,Green,place-hwsst,172,0.18604651162790697,100.0,Hawes Street
2026-07-12,Green,place-hymnl,512,0.189453125,59.0,Hynes Convention Center
2026-07-12,Green,place-kencl,521,0.18042226487523993,48.0,Kenmore
2026-07-12,Green,place-kntst,172,0.18604651162790697,110.0,Kent Street
2026-07-12,Green,place-lech,345,0.09855072463768116,-34.0,Lechmere
2026-07-12,Green,place-lngmd,182,0.09340659340659341,-151.5,Longwood Medical Area
2026-07-12,Green,place-longw,166,0.2289156626506024,86.0,Longwood
2026-07-12,Green,place-mfa,181,0.08287292817679558,-172.0,Museum of Fine Arts
2026-07-12,Green,place-mgngl,191,0.031413612565445025,-102.0,Magoun Square
2026-07-12,Green,place-mispk,177,0.1016949152542373,-161.0,Mission Park
2026-07-12,Green,place-newtn,167,0.19161676646706588,112.0,Newton Highlands
2026-07-12,Green,place-newto,168,0.19047619047619047,86.5,Newton Centre
2026-07-12,Green,place-north,342,0.11695906432748537,-54.5,North Station
2026-07-12,Green,place-nuniv,181,0.09392265193370165,-197.0,Northeastern University
2026-07-12,Green,place-pktrm,672,0.16815476190476192,10.5,Park Street
2026-07-12,Green,place-prmnl,181,0.08839779005524862,-187.0,Prudential
2026-07-12,Green,place-rsmnl,164,0.1951219512195122,85.5,Reservoir
2026-07-12,Green,place-rvrwy,178,0.10674157303370786,-178.5,Riverway
2026-07-12,Green,place-smary,170,0.18235294117647058,77.0,Saint Marys Street
2026-07-12,Green,place-sougr,177,0.11864406779661017,-3.0,South Street
2026-07-12,Green,place-spmnl,343,0.11661807580174927,-29.0,Science Park
2026-07-12,Green,place-sthld,177,0.14124293785310735,24.0,Sutherland Road
2026-07-12,Green,place-stpul,171,0.19298245614035087,96.0,Saint Paul Street
2026-07-12,Green,place-sumav,172,0.19767441860465115,55.0,Summit Avenue
2026-07-12,Green,place-tapst,86,0.09302325581395349,0.0,Tappan Street
2026-07-12,Green,place-waban,164,0.16463414634146342,88.5,Waban
2026-07-12,Green,place-wascm,178,0.1404494382022472,25.0,Washington Street
2026-07-12,Green,place-woodl,165,0.15757575757575756,60.0,Woodland
2026-07-12,Green,place-wrnst,178,0.12921348314606743,-7.0,Warren Street
2026-07-12,Mattapan,place-butlr,171,0.005847953216374269,-41.0,Butler
2026-07-12,Mattapan,place-capst,172,0.011627906976744186,-33.0,Capen Street
2026-07-12,Mattapan,place-cedgr,173,0.017341040462427744,-46.0,Cedar Grove
2026-07-12,Mattapan,place-cenav,172,0.011627906976744186,-67.5,Central Avenue
2026-07-12,Mattapan,place-miltt,173,0.011560693641618497,-47.0,Milton
2026-07-12,Mattapan,place-valrd,172,0.011627906976744186,-36.0,Valley Road
2026-07-12,Orange,place-astao,56,0.07142857142857142,-438.0,Assembly
2026-07-12,Orange,place-bbsta,49,0.10204081632653061,-509.0,Back Bay
2026-07-12,Orange,place-ccmnl,46,0.08695652173913043,-430.5,Community College
2026-07-12,Orange,place-chncl,45,0.1111111111111111,-521.0,Chinatown
2026-07-12,Orange,place-dwnxg,40,0.125,-499.5,Downtown Crossing
2026-07-12,Orange,place-grnst,62,0.06451612903225806,-396.0,Green Street
2026-07-12,Orange,place-haecl,42,0.11904761904761904,-418.5,Haymarket
2026-07-12,Orange,place-jaksn,63,0.07936507936507936,-471.0,Jackson Square
2026-07-12,Orange,place-masta,49,0.10204081632653061,-509.0,Massachusetts Avenue
2026-07-12,Orange,place-mlmnl,62,0.06451612903225806,-400.0,Malden Center
2026-07-12,Orange,place-north,46,0.10869565217391304,-422.5,North Station
2026-07-12,Orange,place-rcmnl,60,0.08333333333333333,-488.0,Roxbury Crossing
2026-07-12,Orange,place-rugg,52,0.09615384615384616,-491.5,Ruggles
2026-07-12,Orange,place-sbmnl,62,0.06451612903225806,-436.0,Stony Brook
2026-07-12,Orange,place-state,41,0.12195121951219512,-479.0,State
2026-07-12,Orange,place-sull,49,0.08163265306122448,-440.0,Sullivan Square
2026-07-12,Orange,place-tumnl,48,0.10416666666666667,-506.5,Tufts Medical Center
2026-07-12,Orange,place-welln,59,0.06779661016949153,-412.0,Wellington
2026-07-12,Red,place-andrw,78,0.19230769230769232,-30.5,Andrew
2026-07-12,Red,place-brdwy,77,0.18181818181818182,-87.0,Broadway
2026-07-12,Red,place-chmnl,69,0.15942028985507245,-88.0,Charles/MGH
2026-07-12,Red,place-cntsq,68,0.16176470588235295,-69.5,Central
2026-07-12,Red,place-davis,64,0.234375,-32.5,Davis
2026-07-12,Red,place-dwnxg,72,0.16666666666666666,-171.5,Downtown Crossing
2026-07-12,Red,place-fldcr,31,0.22580645161290322,-27.0,Fields Corner
2026-07-12,Red,place-harsq,68,0.23529411764705882,20.5,Harvard
2026-07-12,Red,place-jfk,79,0.24050632911392406,-10.0,JFK/UMass
2026-07-12,Red,place-knncl,69,0.15942028985507245,-88.0,Kendall/MIT
2026-07-12,Red,place-nqncy,48,0.1875,14.5,North Quincy
2026-07-12,Red,place-pktrm,72,0.1527777777777778,-88.5,Park Street
2026-07-12,Red,place-portr,65,0.24615384615384617,15.0,Porter
2026-07-12,Red,place-qamnl,48,0.16666666666666666,-110.5,Quincy Adams
2026-07-12,Red,place-qnctr,49,0.1836734693877551,-75.0,Quincy Center
2026-07-12,Red,place-shmnl,28,0.25,-84.5,Savin Hill
2026-07-12,Red,place-smmnl,32,0.25,11.0,Shawmut
2026-07-12,Red,place-sstat,75,0.2,-145.0,South Station
2026-07-12,Red,place-wlsta,51,0.17647058823529413,16.0,Wollaston
2026-07-13,Blue,place-aport,182,0.09340659340659341,5.0,Airport
2026-07-13,Blue,place-aqucl,183,0.06557377049180328,32.0,Aquarium
2026-07-13,Blue,place-bmmnl,179,0.0782122905027933,-17.0,Beachmont
2026-07-13,Blue,place-gover,181,0.0718232044198895,-18.0,Government Center
2026-07-13,Blue,place-mvbcl,179,0.08379888268156424,8.0,Maverick
2026-07-13,Blue,place-orhte,177,0.07344632768361582,-1.0,Orient Heights
2026-07-13,Blue,place-rbmnl,174,0.07471264367816093,-8.0,Revere Beach
2026-07-13,Blue,place-sdmnl,175,0.08,8.0,Suffolk Downs
2026-07-13,Blue,place-state,183,0.07103825136612021,14.0,State
2026-07-13,Blue,place-wimnl,182,0.07692307692307693,3.5,Wood Island
2026-07-13,Green,place-alsgr,238,0.3067226890756303,115.5,Allston Street
2026-07-13,Green,place-amory,240,0.37083333333333335,156.5,Amory Street
2026-07-13,Green,place-armnl,989,0.36501516683518703,175.0,Arlington
2026-07-13,Green,place-babck,238,0.35714285714285715,157.0,Babcock Street
2026-07-13,Green,place-balsq,275,0.13818181818181818,9.0,Ball Square
2026-07-13,Green,place-bckhl,250,0.304,74.0,Back of the Hill
2026-07-13,Green,place-bcnfd,237,0.29957805907172996,142.0,Beaconsfield
2026-07-13,Green,place-bcnwa,253,0.2608695652173913,101.0,Washington Square
2026-07-13,Green,place-bland,242,0.35537190082644626,136.5,Blandford Street
2026-07-13,Green,place-bndhl,253,0.2924901185770751,119.0,Brandon Hall
2026-07-13,Green,place-boyls,980,0.37857142857142856,186.0,Boylston
2026-07-13,Green,place-brico,240,0.3375,139.0,Packards Corner
2026-07-13,Green,place-brkhl,239,0.3138075313807531,126.0,Brookline Hills
2026-07-13,Green,place-brmnl,252,0.2976190476190476,49.0,Brigham Circle
2026-07-13,Green,place-bucen,241,0.34854771784232363,132.0,Boston University Central
2026-07-13,Green,place-buest,237,0.35443037974683544,118.0,Boston University East
2026-07-13,Green,place-bvmnl,239,0.3054393305439331,143.0,Brookline Village
2026-07-13,Green,place-chhil,225,0.28888888888888886,145.0,Chestnut Hill
2026-07-13,Green,place-chill,233,0.2918454935622318,124.0,Chestnut Hill Avenue
2026-07-13,Green,place-chswk,233,0.2875536480686695,86.0,Chiswick Road
2026-07-13,Green,place-clmnl,39,0.48717948717948717,225.0,Cleveland Circle
2026-07-13,Green,place-coecl,962,0.369022869022869,170.5,Copley
2026-07-13,Green,place-cool,255,0.27450980392156865,113.0,Coolidge Corner
2026-07-13,Green,place-denrd,248,0.25806451612903225,24.0,Dean Road
2026-07-13,Green,place-eliot,219,0.3013698630136986,140.0,Eliot
2026-07-13,Green,place-engav,123,0.04878048780487805,13.0,Englewood Avenue
2026-07-13,Green,place-esomr,265,0.15471698113207547,45.0,East Somerville
2026-07-13,Green,place-fbkst,253,0.2885375494071146,119.0,Fairbanks Street
2026-07-13,Green,place-fenwd,252,0.31746031746031744,100.0,Fenwood Road
2026-07-13,Green,place-fenwy,241,0.3278008298755187,152.0,Fenway
2026-07-13,Green,place-gilmn,277,0.1552346570397112,45.0,Gilman Square
2026-07-13,Green,place-gover,489,0.310838445807771,133.0,Government Center
2026-07-13,Green,place-grigg,240,0.31666666666666665,127.0,Griggs Street
2026-07-13,Green,place-haecl,488,0.28688524590163933,117.5,Haymarket
2026-07-13,Green,place-harvd,239,0.3138075313807531,117.0,Harvard Avenue
2026-07-13,Green,place-hwsst,256,0.359375,186.5,Hawes Street
2026-07-13,Green,place-hymnl,705,0.3829787234042553,205.0,Hynes Convention Center
2026-07-13,Green,place-kencl,735,0.363265306122449,167.0,Kenmore
2026-07-13,Green,place-kntst,254,0.3464566929133858,190.5,Kent Street
2026-07-13,Green,place-lech,495,0.23434343434343435,88.0,Lechmere
2026-07-13,Green,place-lngmd,262,0.30916030534351147,69.5,Longwood Medical Area
2026-07-13,Green,place-longw,240,0.32916666666666666,146.0,Longwood
2026-07-13,Green,place-mfa,263,0.3155893536121673,62.0,Museum of Fine Arts
2026-07-13,Green,place-mgngl,275,0.14909090909090908,51.0,Magoun Square
2026-07-13,Green,place-mispk,252,0.29365079365079366,48.5,Mission Park
2026-07-13,Green,place-newtn,223,0.29596412556053814,146.0,Newton Highlands
2026-07-13,Green,place-newto,226,0.3008849557522124,151.0,Newton Centre
2026-07-13,Green,place-north,496,0.2782258064516129,114.0,North Station
2026-07-13,Green,place-nuniv,263,0.30038022813688214,37.0,Northeastern University
2026-07-13,Green,place-pktrm,937,0.3457844183564568,163.0,Park Street
2026-07-13,Green,place-prmnl,258,0.32945736434108525,70.5,Prudential
2026-07-13,Green,place-rsmnl,230,0.30434782608695654,148.0,Reservoir
2026-07-13,Green,place-rvrwy,251,0.30677290836653387,69.0,Riverway
2026-07-13,Green,place-smary,257,0.33073929961089493,168.0,Saint Marys Street
2026-07-13,Green,place-sougr,233,0.296137339055794,58.0,South Street
2026-07-13,Green,place-spmnl,497,0.26961770623742454,118.0,Science Park
2026-07-13,Green,place-sthld,238,0.29831932773109243,101.0,Sutherland Road
2026-07-13,Green,place-stpul,255,0.3411764705882353,180.0,Saint Paul Street
2026-07-13,Green,place-sumav,253,0.2845849802371542,102.0,Summit Avenue
2026-07-13,Green,place-tapst,127,0.07086614173228346,26.0,Tappan Street
2026-07-13,Green,place-waban,220,0.2818181818181818,126.5,Waban
2026-07-13,Green,place-wascm,237,0.2869198312236287,108.0,Washington Street
2026-07-13,Green,place-woodl,218,0.2981651376146789,122.5,Woodland
2026-07-13,Green,place-wrnst,237,0.28270042194092826,80.0,Warren Street
2026-07-13,Mattapan,place-asmnl,4,0.25,-84.0,Ashmont
2026-07-13,Mattapan,place-butlr,253,0.011857707509881422,-85.0,Butler
2026-07-13,Mattapan,place-capst,255,0.03137254901960784,-16.0,Capen Street
2026-07-13,Mattapan,place-cedgr,257,0.0038910505836575876,-89.0,Cedar Grove
2026-07-13,Mattapan,place-cenav,256,0.03125,-46.5,Central Avenue
2026-07-13,Mattapan,place-miltt,256,0.02734375,-93.0,Milton
2026-07-13,Mattapan,place-valrd,255,0.03529411764705882,-20.0,Valley Road
2026-07-13,Orange,place-astao,155,0.03225806451612903,5.0,Assembly
2026-07-13,Orange,place-bbsta,138,0.043478260869565216,3.5,Back Bay
2026-07-13,Orange,place-ccmnl,145,0.020689655172413793,6.0,Community College
2026-07-13,Orange,place-chncl,136,0.04411764705882353,18.0,Chinatown
2026-07-13,Orange,place-dwnxg,133,0.045112781954887216,12.0,Downtown Crossing
2026-07-13,Orange,place-grnst,158,0.0189873417721519,30.0,Green Street
2026-07-13,Orange,place-haecl,134,0.04477611940298507,22.0,Haymarket
2026-07-13,Orange,place-jaksn,149,0.040268456375838924,-4.0,Jackson Square
2026-07-13,Orange,place-masta,144,0.041666666666666664,3.5,Massachusetts Avenue
2026-07-13,Orange,place-mlmnl,170,0.029411764705882353,28.5,Malden Center
2026-07-13,Orange,place-north,139,0.02877697841726619,15.0,North Station
2026-07-13,Orange,place-rcmnl,143,0.04895104895104895,-12.0,Roxbury Crossing
2026-07-13,Orange,place-rugg,141,0.04964539007092199,21.0,Ruggles
2026-07-13,Orange,place-sbmnl,154,0.03896103896103896,13.0,Stony Brook
2026-07-13,Orange,place-state,131,0.03816793893129771,-4.0,State
2026-07-13,Orange,place-sull,151,0.026490066225165563,4.0,Sullivan Square
2026-07-13,Orange,place-tumnl,136,0.04411764705882353,15.0,Tufts Medical Center
2026-07-13,Orange,place-welln,158,0.03164556962025317,21.0,Wellington
2026-07-13,Red,place-andrw,144,0.4861111111111111,282.0,Andrew
2026-07-13,Red,place-brdwy,138,0.4782608695652174,271.5,Broadway
2026-07-13,Red,place-chmnl,134,0.48507462686567165,289.0,Charles/MGH
2026-07-13,Red,place-cntsq,134,0.5,297.0,Central
2026-07-13,Red,place-davis,144,0.5347222222222222,335.0,Davis
2026-07-13,Red,place-dwnxg,137,0.48175182481751827,291.0,Downtown Crossing
2026-07-13,Red,place-fldcr,67,0.417910447761194,205.0,Fields Corner
2026-07-13,Red,place-harsq,138,0.5072463768115942,304.5,Harvard
2026-07-13,Red,place-jfk,145,0.4827586206896552,240.0,JFK/UMass
2026-07-13,Red,place-knncl,138,0.4855072463768116,289.5,Kendall/MIT
2026-07-13,Red,place-nqncy,79,0.4936708860759494,266.0,North Quincy
2026-07-13,Red,place-pktrm,137,0.48175182481751827,288.0,Park Street
2026-07-13,Red,place-portr,139,0.5251798561151079,324.0,Porter
2026-07-13,Red,place-qamnl,78,0.5384615384615384,329.0,Quincy Adams
2026-07-13,Red,place-qnctr,80,0.5125,321.0,Quincy Center
2026-07-13,Red,place-shmnl,66,0.4393939393939394,189.0,Savin Hill
2026-07-13,Red,place-smmnl,69,0.4492753623188406,240.0,Shawmut
2026-07-13,Red,place-sstat,138,0.4855072463768116,278.0,South Station
2026-07-13,Red,place-wlsta,80,0.4875,280.0,Wollaston
2026-07-14,Blue,place-aport,153,0.28104575163398693,35.0,Airport
2026-07-14,Blue,place-aqucl,165,0.2909090909090909,61.0,Aquarium
2026-07-14,Blue,place-bmmnl,148,0.28378378378378377,7.0,Beachmont
2026-07-14,Blue,place-gover,164,0.2926829268292683,44.5,Government Center
2026-07-14,Blue,place-mvbcl,151,0.26490066225165565,28.0,Maverick
2026-07-14,Blue,place-orhte,151,0.2781456953642384,39.0,Orient Heights
2026-07-14,Blue,place-rbmnl,148,0.28378378378378377,6.5,Revere Beach
2026-07-14,Blue,place-sdmnl,148,0.28378378378378377,37.5,Suffolk Downs
2026-07-14,Blue,place-state,166,0.2891566265060241,69.5,State
2026-07-14,Blue,place-wimnl,151,0.2781456953642384,39.0,Wood Island
2026-07-14,Green,place-alsgr,247,0.14979757085020243,67.0,Allston Street
2026-07-14,Green,place-amory,250,0.212,118.5,Amory Street
2026-07-14,Green,place-armnl,1010,0.17326732673267325,54.5,Arlington
2026-07-14,Green,place-babck,246,0.1951219512195122,97.5,Babcock Street
2026-07-14,Green,place-balsq,288,0.017361111111111112,-64.0,Ball Square
2026-07-14,Green,place-bckhl,268,0.0708955223880597,-172.5,Back of the Hill
2026-07-14,Green,place-bcnfd,236,0.2288135593220339,85.5,Beaconsfield
2026-07-14,Green,place-bcnwa,255,0.16862745098039217,55.0,Washington Square
2026-07-14,Green,place-bland,248,0.21370967741935484,106.0,Blandford Street
2026-07-14,Green,place-bndhl,255,0.1803921568627451,65.0,Brandon Hall
2026-07-14,Green,place-boyls,1008,0.17956349206349206,60.5,Boylston
2026-07-14,Green,place-brico,247,0.19433198380566802,92.0,Packards Corner
2026-07-14,Green,place-brkhl,235,0.225531914893617,78.0,Brookline Hills
2026-07-14,Green,place-brmnl,267,0.07116104868913857,-165.0,Brigham Circle
2026-07-14,Green,place-bucen,249,0.19678714859437751,113.0,Boston University Central
2026-07-14,Green,place-buest,249,0.19678714859437751,108.0,Boston University East
2026-07-14,Green,place-bvmnl,236,0.2330508474576271,74.5,Brookline Village
2026-07-14,Green,place-chhil,229,0.2096069868995633,77.0,Chestnut Hill
2026-07-14,Green,place-chill,249,0.1606425702811245,71.0,Chestnut Hill Avenue
2026-07-14,Green,place-chswk,246,0.15447154471544716,57.0,Chiswick Road
2026-07-14,Green,place-clmnl,45,0.3111111111111111,56.0,Cleveland Circle
2026-07-14,Green,place-coecl,997,0.16950852557673018,41.0,Copley
2026-07-14,Green,place-cool,256,0.16015625,52.5,Coolidge Corner
2026-07-14,Green,place-denrd,254,0.14960629921259844,-4.5,Dean Road
2026-07-14,Green,place-eliot,227,0.22466960352422907,88.0,Eliot
2026-07-14,Green,place-engav,127,0.05511811023622047,15.0,Englewood Avenue
2026-07-14,Green,place-esomr,274,0.0364963503649635,-29.5,East Somerville
2026-07-14,Green,place-fbkst,256,0.17578125,72.0,Fairbanks Street
2026-07-14,Green,place-fenwd,268,0.08955223880597014,-146.0,Fenwood Road
2026-07-14,Green,place-fenwy,234,0.20085470085470086,71.0,Fenway
2026-07-14,Green,place-gilmn,287,0.027874564459930314,-42.0,Gilman Square
2026-07-14,Green,place-gover,502,0.15139442231075698,31.0,Government Center
2026-07-14,Green,place-grigg,246,0.17073170731707318,74.5,Griggs Street
2026-07-14,Green,place-haecl,492,0.13211382113821138,-1.5,Haymarket
2026-07-14,Green,place-harvd,248,0.14919354838709678,58.0,Harvard Avenue
2026-07-14,Green,place-hwsst,256,0.1875,107.0,Hawes Street
2026-07-14,Green,place-hymnl,720,0.20555555555555555,92.5,Hynes Convention Center
2026-07-14,Green,place-kencl,739,0.20162381596752368,90.0,Kenmore
2026-07-14,Green,place-kntst,256,0.1796875,95.0,Kent Street
2026-07-14,Green,place-lech,507,0.10848126232741617,-11.0,Lechmere
2026-07-14,Green,place-lngmd,272,0.07720588235294118,-137.0,Longwood Medical Area
2026-07-14,Green,place-longw,235,0.2170212765957447,76.0,Longwood
2026-07-14,Green,place-mfa,272,0.07352941176470588,-133.0,Museum of Fine Arts
2026-07-14,Green,place-mgngl,287,0.024390243902439025,-33.0,Magoun Square
2026-07-14,Green,place-mispk,267,0.06367041198501873,-192.0,Mission Park
2026-07-14,Green,place-newtn,229,0.22270742358078602,98.0,Newton Highlands
2026-07-14,Green,place-newto,229,0.19213973799126638,102.0,Newton Centre
2026-07-14,Green,place-north,496,0.125,-8.0,North Station
2026-07-14,Green,place-nuniv,270,0.07777777777777778,-145.0,Northeastern University
2026-07-14,Green,place-pktrm,968,0.1652892561983471,52.5,Park Street
2026-07-14,Green,place-prmnl,271,0.07011070110701106,-119.0,Prudential
2026-07-14,Green,place-rsmnl,233,0.21888412017167383,80.0,Reservoir
2026-07-14,Green,place-rvrwy,267,0.0599250936329588,-164.0,Riverway
2026-07-14,Green,place-smary,255,0.16862745098039217,87.0,Saint Marys Street
2026-07-14,Green,place-sougr,246,0.15447154471544716,16.5,South Street
2026-07-14,Green,place-spmnl,506,0.11462450592885376,3.0,Science Park
2026-07-14,Green,place-sthld,247,0.1862348178137652,59.0,Sutherland Road
2026-07-14,Green,place-stpul,255,0.1843137254901961,99.0,Saint Paul Street
2026-07-14,Green,place-sumav,255,0.16470588235294117,39.0,Summit Avenue
2026-07-14,Green,place-tapst,128,0.078125,16.5,Tappan Street
2026-07-14,Green,place-waban,225,0.18222222222222223,69.0,Waban
2026-07-14,Green,place-wascm,249,0.14859437751004015,64.0,Washington Street
2026-07-14,Green,place-woodl,222,0.18468468468468469,70.0,Woodland
2026-07-14,Green,place-wrnst,247,0.13765182186234817,35.0,Warren Street
2026-07-14,Mattapan,place-butlr,255,0.00784313725490196,-69.0,Butler
2026-07-14,Mattapan,place-capst,255,0.027450980392156862,-13.0,Capen Street
2026-07-14,Mattapan,place-cedgr,255,0.023529411764705882,-70.0,Cedar Grove
2026-07-14,Mattapan,place-cenav,256,0.01171875,-40.0,Central Avenue
2026-07-14,Mattapan,place-miltt,257,0.007782101167315175,-76.0,Milton
2026-07-14,Mattapan,place-valrd,255,0.023529411764705882,-10.0,Valley Road
2026-07-14,Orange,place-astao,339,0.09144542772861357,51.0,Assembly
2026-07-14,Orange,place-bbsta,333,0.09009009009009009,46.0,Back Bay
2026-07-14,Orange,place-ccmnl,333,0.08108108108108109,38.0,Community College
2026-07-14,Orange,place-chncl,329,0.0972644376899696,53.0,Chinatown
2026-07-14,Orange,place-dwnxg,331,0.09063444108761329,47.0,Downtown Crossing
2026-07-14,Orange,place-grnst,338,0.06804733727810651,58.5,Green Street
2026-07-14,Orange,place-haecl,334,0.08383233532934131,55.0,Haymarket
2026-07-14,Orange,place-jaksn,338,0.07692307692307693,46.5,Jackson Square
2026-07-14,Orange,place-masta,334,0.09880239520958084,53.0,Massachusetts Avenue
2026-07-14,Orange,place-mlmnl,341,0.09090909090909091,64.0,Malden Center
2026-07-14,Orange,place-north,332,0.08132530120481928,39.5,North Station
2026-07-14,Orange,place-rcmnl,335,0.08656716417910448,37.0,Roxbury Crossing
2026-07-14,Orange,place-rugg,338,0.10059171597633136,67.5,Ruggles
2026-07-14,Orange,place-sbmnl,337,0.06824925816023739,46.0,Stony Brook
2026-07-14,Orange,place-state,333,0.07507507507507508,27.0,State
2026-07-14,Orange,place-sull,337,0.08605341246290801,40.0,Sullivan Square
2026-07-14,Orange,place-tumnl,332,0.09337349397590361,51.5,Tufts Medical Center
2026-07-14,Orange,place-welln,338,0.08875739644970414,58.0,Wellington
2026-07-14,Red,place-andrw,257,0.5252918287937743,369.0,Andrew
2026-07-14,Red,place-brdwy,255,0.5176470588235295,366.0,Broadway
2026-07-14,Red,place-chmnl,250,0.58,387.0,Charles/MGH
2026-07-14,Red,place-cntsq,248,0.5766129032258065,379.5,Central
2026-07-14,Red,place-davis,250,0.596,400.5,Davis
2026-07-14,Red,place-dwnxg,253,0.5691699604743083,388.0,Downtown Crossing
2026-07-14,Red,place-fldcr,138,0.45652173913043476,199.5,Fields Corner
2026-07-14,Red,place-harsq,248,0.6088709677419355,391.0,Harvard
2026-07-14,Red,place-jfk,259,0.5057915057915058,305.0,JFK/UMass
2026-07-14,Red,place-knncl,250,0.588,389.5,Kendall/MIT
2026-07-14,Red,place-nqncy,122,0.5573770491803278,349.0,North Quincy
2026-07-14,Red,place-pktrm,255,0.5725490196078431,395.0,Park Street
2026-07-14,Red,place-portr,252,0.6111111111111112,387.5,Porter
2026-07-14,Red,place-qamnl,120,0.5333333333333333,351.5,Quincy Adams
2026-07-14,Red,place-qnctr,119,0.5294117647058824,357.0,Quincy Center
2026-07-14,Red,place-shmnl,136,0.45588235294117646,227.0,Savin Hill
2026-07-14,Red,place-smmnl,136,0.4411764705882353,211.5,Shawmut
2026-07-14,Red,place-sstat,253,0.5652173913043478,403.0,South Station
2026-07-14,Red,place-wlsta,120,0.5333333333333333,347.5,Wollaston
2026-07-15,Blue,place-aport,349,0.6189111747851003,474.0,Airport
2026-07-15,Blue,place-aqucl,352,0.6392045454545454,501.0,Aquarium
2026-07-15,Blue,place-bmmnl,347,0.6311239193083573,485.0,Beachmont
2026-07-15,Blue,place-gover,352,0.625,475.0,Government Center
2026-07-15,Blue,place-mvbcl,351,0.6381766381766382,483.0,Maverick
2026-07-15,Blue,place-orhte,345,0.6173913043478261,486.0,Orient Heights
2026-07-15,Blue,place-rbmnl,348,0.6522988505747126,491.0,Revere Beach
2026-07-15,Blue,place-sdmnl,344,0.6482558139534884,506.0,Suffolk Downs
2026-07-15,Blue,place-state,352,0.6420454545454546,512.5,State
2026-07-15,Blue,place-wimnl,350,0.6314285714285715,488.5,Wood Island
2026-07-15,Green,place-alsgr,247,0.145748987854251,30.0,Allston Street
2026-07-15,Green,place-amory,250,0.156,65.5,Amory Street
2026-07-15,Green,place-armnl,1017,0.18289085545722714,72.0,Arlington
2026-07-15,Green,place-babck,248,0.1532258064516129,46.5,Babcock Street
2026-07-15,Green,place-balsq,272,0.07720588235294118,-13.0,Ball Square
2026-07-15,Green,place-bckhl,258,0.12403100775193798,-106.5,Back of the Hill
2026-07-15,Green,place-bcnfd,236,0.2542372881355932,144.0,Beaconsfield
2026-07-15,Green,place-bcnwa,266,0.19548872180451127,77.5,Washington Square
2026-07-15,Green,place-bland,249,0.1646586345381526,48.0,Blandford Street
2026-07-15,Green,place-bndhl,266,0.22932330827067668,97.0,Brandon Hall
2026-07-15,Green,place-boyls,1006,0.1779324055666004,68.0,Boylston
2026-07-15,Green,place-brico,250,0.156,41.0,Packards Corner
2026-07-15,Green,place-brkhl,235,0.2425531914893617,128.0,Brookline Hills
2026-07-15,Green,place-brmnl,256,0.1328125,-82.5,Brigham Circle
2026-07-15,Green,place-bucen,249,0.1566265060240964,51.0,Boston University Central
2026-07-15,Green,place-buest,248,0.16129032258064516,31.5,Boston University East
2026-07-15,Green,place-bvmnl,237,0.23628691983122363,134.0,Brookline Village
2026-07-15,Green,place-chhil,234,0.2606837606837607,138.5,Chestnut Hill
2026-07-15,Green,place-chill,248,0.1693548387096774,40.5,Chestnut Hill Avenue
2026-07-15,Green,place-chswk,246,0.17073170731707318,0.5,Chiswick Road
2026-07-15,Green,place-clmnl,51,0.35294117647058826,100.0,Cleveland Circle
2026-07-15,Green,place-coecl,1016,0.18503937007874016,64.0,Copley
2026-07-15,Green,place-cool,267,0.21722846441947566,110.0,Coolidge Corner
2026-07-15,Green,place-denrd,262,0.16793893129770993,24.0,Dean Road
2026-07-15,Green,place-eliot,233,0.24892703862660945,137.0,Eliot
2026-07-15,Green,place-engav,132,0.06060606060606061,24.0,Englewood Avenue
2026-07-15,Green,place-esomr,265,0.10943396226415095,20.0,East Somerville
2026-07-15,Green,place-fbkst,265,0.21509433962264152,94.0,Fairbanks Street
2026-07-15,Green,place-fenwd,257,0.1517509727626459,-71.0,Fenwood Road
2026-07-15,Green,place-fenwy,233,0.2317596566523605,140.0,Fenway
2026-07-15,Green,place-gilmn,275,0.09454545454545454,24.0,Gilman Square
2026-07-15,Green,place-gover,484,0.18388429752066116,55.0,Government Center
2026-07-15,Green,place-grigg,248,0.16129032258064516,30.0,Griggs Street
2026-07-15,Green,place-haecl,477,0.16561844863731656,36.0,Haymarket
2026-07-15,Green,place-harvd,249,0.13654618473895583,31.0,Harvard Avenue
2026-07-15,Green,place-hwsst,269,0.24535315985130113,153.0,Hawes Street
2026-07-15,Green,place-hymnl,753,0.20318725099601595,105.0,Hynes Convention Center
2026-07-15,Green,place-kencl,749,0.20160213618157544,99.0,Kenmore
2026-07-15,Green,place-kntst,268,0.23134328358208955,144.5,Kent Street
2026-07-15,Green,place-lech,507,0.14990138067061143,18.0,Lechmere
2026-07-15,Green,place-lngmd,263,0.14068441064638784,-59.0,Longwood Medical Area
2026-07-15,Green,place-longw,237,0.25738396624472576,141.0,Longwood
2026-07-15,Green,place-mfa,261,0.1532567049808429,-49.0,Museum of Fine Arts
2026-07-15,Green,place-mgngl,275,0.11272727272727273,26.0,Magoun Square
2026-07-15,Green,place-mispk,257,0.12062256809338522,-118.0,Mission Park
2026-07-15,Green,place-newtn,237,0.270042194092827,156.0,Newton Highlands
2026-07-15,Green,place-newto,236,0.2457627118644068,158.5,Newton Centre
2026-07-15,Green,place-north,490,0.1673469387755102,29.5,North Station
2026-07-15,Green,place-nuniv,257,0.14007782101167315,-65.0,Northeastern University
2026-07-15,Green,place-pktrm,940,0.16489361702127658,59.0,Park Street
2026-07-15,Green,place-prmnl,259,0.16602316602316602,-41.0,Prudential
2026-07-15,Green,place-rsmnl,237,0.26582278481012656,124.0,Reservoir
2026-07-15,Green,place-rvrwy,257,0.12840466926070038,-121.0,Riverway
2026-07-15,Green,place-smary,269,0.21933085501858737,139.0,Saint Marys Street
2026-07-15,Green,place-sougr,243,0.16049382716049382,-33.0,South Street
2026-07-15,Green,place-spmnl,503,0.16302186878727634,37.0,Science Park
2026-07-15,Green,place-sthld,247,0.1659919028340081,10.0,Sutherland Road
2026-07-15,Green,place-stpul,269,0.22676579925650558,148.0,Saint Paul Street
2026-07-15,Green,place-sumav,265,0.21509433962264152,87.0,Summit Avenue
2026-07-15,Green,place-tapst,131,0.08396946564885496,36.0,Tappan Street
2026-07-15,Green,place-waban,231,0.22510822510822512,110.0,Waban
2026-07-15,Green,place-wascm,249,0.1606425702811245,20.0,Washington Street
2026-07-15,Green,place-woodl,227,0.23348017621145375,111.0,Woodland
2026-07-15,Green,place-wrnst,249,0.14859437751004015,-11.0,Warren Street
2026-07-15,Mattapan,place-butlr,234,0.02564102564102564,-61.5,Butler
2026-07-15,Mattapan,place-capst,233,0.04291845493562232,-7.0,Capen Street
2026-07-15,Mattapan,place-cedgr,237,0.04219409282700422,-68.0,Cedar Grove
2026-07-15,Mattapan,place-cenav,235,0.029787234042553193,-39.0,Central Avenue
2026-07-15,Mattapan,place-miltt,233,0.030042918454935622,-70.0,Milton
2026-07-15,Mattapan,place-valrd,234,0.038461538461538464,-6.0,Valley Road
2026-07-15,Orange,place-astao,396,0.17929292929292928,96.0,Assembly
2026-07-15,Orange,place-bbsta,399,0.15538847117794485,85.0,Back Bay
2026-07-15,Orange,place-ccmnl,396,0.1590909090909091,85.5,Community College
2026-07-15,Orange,place-chncl,396,0.15404040404040403,93.5,Chinatown
2026-07-15,Orange,place-dwnxg,397,0.15365239294710328,91.0,Downtown Crossing
2026-07-15,Orange,place-grnst,396,0.17676767676767677,94.0,Green Street
2026-07-15,Orange,place-haecl,397,0.15365239294710328,93.0,Haymarket
2026-07-15,Orange,place-jaksn,396,0.18181818181818182,73.5,Jackson Square
2026-07-15,Orange,place-masta,398,0.1708542713567839,90.5,Massachusetts Avenue
2026-07-15,Orange,place-mlmnl,392,0.17857142857142858,110.0,Malden Center
2026-07-15,Orange,place-north,397,0.1561712846347607,89.0,North Station
2026-07-15,Orange,place-rcmnl,395,0.16962025316455695,78.0,Roxbury Crossing
2026-07-15,Orange,place-rugg,397,0.19395465994962216,103.0,Ruggles
2026-07-15,Orange,place-sbmnl,395,0.17721518987341772,82.0,Stony Brook
2026-07-15,Orange,place-state,397,0.15113350125944586,69.0,State
2026-07-15,Orange,place-sull,396,0.1717171717171717,85.5,Sullivan Square
2026-07-15,Orange,place-tumnl,399,0.15538847117794485,91.0,Tufts Medical Center
2026-07-15,Orange,place-welln,393,0.16793893129770993,100.0,Wellington
2026-07-15,Red,place-andrw,272,0.5919117647058824,419.0,Andrew
2026-07-15,Red,place-brdwy,274,0.6021897810218978,425.5,Broadway
2026-07-15,Red,place-chmnl,273,0.6007326007326007,393.0,Charles/MGH
2026-07-15,Red,place-cntsq,275,0.5781818181818181,391.0,Central
2026-07-15,Red,place-davis,268,0.5708955223880597,374.5,Davis
2026-07-15,Red,place-dwnxg,271,0.6014760147601476,401.0,Downtown Crossing
2026-07-15,Red,place-fldcr,139,0.5035971223021583,302.0,Fields Corner
2026-07-15,Red,place-harsq,271,0.5719557195571956,377.0,Harvard
2026-07-15,Red,place-jfk,273,0.5824175824175825,389.0,JFK/UMass
2026-07-15,Red,place-knncl,275,0.6,398.0,Kendall/MIT
2026-07-15,Red,place-nqncy,133,0.6390977443609023,590.0,North Quincy
2026-07-15,Red,place-pktrm,271,0.6088560885608856,399.0,Park Street
2026-07-15,Red,place-portr,269,0.6171003717472119,383.0,Porter
2026-07-15,Red,place-qamnl,134,0.6343283582089553,606.5,Quincy Adams
2026-07-15,Red,place-qnctr,134,0.6417910447761194,608.0,Quincy Center
2026-07-15,Red,place-shmnl,136,0.5073529411764706,311.0,Savin Hill
2026-07-15,Red,place-smmnl,137,0.49635036496350365,296.0,Shawmut
2026-07-15,Red,place-sstat,271,0.5904059040590406,407.0,South Station
2026-07-15,Red,place-wlsta,132,0.6363636363636364,576.0,Wollaston
2026-07-16,Blue,place-aport,350,0.40285714285714286,140.0,Airport
2026-07-16,Blue,place-aqucl,352,0.3977272727272727,154.5,Aquarium
2026-07-16,Blue,place-bmmnl,345,0.3884057971014493,136.0,Beachmont
2026-07-16,Blue,place-gover,353,0.3909348441926346,130.0,Government Center
2026-07-16,Blue,place-mvbcl,351,0.3903133903133903,146.0,Maverick
2026-07-16,Blue,place-orhte,345,0.39420289855072466,132.0,Orient Heights
2026-07-16,Blue,place-rbmnl,343,0.3935860058309038,119.0,Revere Beach
2026-07-16,Blue,place-sdmnl,344,0.39825581395348836,159.5,Suffolk Downs
2026-07-16,Blue,place-state,353,0.3909348441926346,169.0,State
2026-07-16,Blue,place-wimnl,350,0.4057142857142857,155.0,Wood Island
2026-07-16,Green,place-alsgr,228,0.043859649122807015,-21.5,Allston Street
2026-07-16,Green,place-amory,230,0.0391304347826087,-13.5,Amory Street
2026-07-16,Green,place-armnl,968,0.10433884297520661,19.0,Arlington
2026-07-16,Green,place-babck,230,0.05652173913043478,7.5,Babcock Street
2026-07-16,Green,place-balsq,272,0.04779411764705882,-23.0,Ball Square
2026-07-16,Green,place-bckhl,268,0.11940298507462686,-81.5,Back of the Hill
2026-07-16,Green,place-bcnfd,230,0.12173913043478261,45.5,Beaconsfield
2026-07-16,Green,place-bcnwa,242,0.1322314049586777,66.5,Washington Square
2026-07-16,Green,place-bland,228,0.04824561403508772,-20.5,Blandford Street
2026-07-16,Green,place-bndhl,242,0.15702479338842976,94.0,Brandon Hall
2026-07-16,Green,place-boyls,962,0.104989604989605,13.0,Boylston
2026-07-16,Green,place-brico,230,0.043478260869565216,-18.0,Packards Corner
2026-07-16,Green,place-brkhl,229,0.11790393013100436,35.0,Brookline Hills
2026-07-16,Green,place-brmnl,258,0.08914728682170543,-77.5,Brigham Circle
2026-07-16,Green,place-bucen,228,0.043859649122807015,-36.0,Boston University Central
2026-07-16,Green,place-buest,229,0.026200873362445413,-38.0,Boston University East
2026-07-16,Green,place-bvmnl,230,0.11304347826086956,26.0,Brookline Village
2026-07-16,Green,place-chhil,225,0.13333333333333333,45.0,Chestnut Hill
2026-07-16,Green,place-chill,223,0.04932735426008968,-11.0,Chestnut Hill Avenue
2026-07-16,Green,place-chswk,224,0.05803571428571429,-41.5,Chiswick Road
2026-07-16,Green,place-clmnl,39,0.23076923076923078,50.0,Cleveland Circle
2026-07-16,Green,place-coecl,954,0.10377358490566038,11.0,Copley
2026-07-16,Green,place-cool,242,0.14049586776859505,72.0,Coolidge Corner
2026-07-16,Green,place-denrd,241,0.1037344398340249,6.0,Dean Road
2026-07-16,Green,place-eliot,221,0.12217194570135746,57.0,Eliot
2026-07-16,Green,place-engav,119,0.025210084033613446,10.0,Englewood Avenue
2026-07-16,Green,place-esomr,254,0.05511811023622047,-12.0,East Somerville
2026-07-16,Green,place-fbkst,243,0.16049382716049382,89.0,Fairbanks Street
2026-07-16,Green,place-fenwd,262,0.1297709923664122,-65.0,Fenwood Road
2026-07-16,Green,place-fenwy,231,0.12554112554112554,18.0,Fenway
2026-07-16,Green,place-gilmn,267,0.056179775280898875,0.0,Gilman Square
2026-07-16,Green,place-gover,472,0.13135593220338984,-1.5,Government Center
2026-07-16,Green,place-grigg,231,0.047619047619047616,-32.0,Griggs Street
2026-07-16,Green,place-haecl,475,0.11789473684210526,-16.0,Haymarket
2026-07-16,Green,place-harvd,229,0.034934497816593885,-39.0,Harvard Avenue
2026-07-16,Green,place-hwsst,244,0.19262295081967212,112.0,Hawes Street
2026-07-16,Green,place-hymnl,697,0.10616929698708752,34.0,Hynes Convention Center
2026-07-16,Green,place-kencl,715,0.1062937062937063,34.0,Kenmore
2026-07-16,Green,place-kntst,242,0.1859504132231405,111.0,Kent Street
2026-07-16,Green,place-lech,484,0.08677685950413223,-31.0,Lechmere
2026-07-16,Green,place-lngmd,258,0.09302325581395349,-63.5,Longwood Medical Area
2026-07-16,Green,place-longw,231,0.1341991341991342,31.0,Longwood
2026-07-16,Green,place-mfa,257,0.09727626459143969,-57.0,Museum of Fine Arts
2026-07-16,Green,place-mgngl,268,0.06343283582089553,2.5,Magoun Square
2026-07-16,Green,place-mispk,264,0.10227272727272728,-104.0,Mission Park
2026-07-16,Green,place-newtn,223,0.13901345291479822,67.0,Newton Highlands
2026-07-16,Green,place-newto,224,0.15178571428571427,68.5,Newton Centre
2026-07-16,Green,place-north,475,0.11368421052631579,-11.0,North Station
2026-07-16,Green,place-nuniv,255,0.08627450980392157,-73.0,Northeastern University
2026-07-16,Green,place-pktrm,912,0.10416666666666667,3.0,Park Street
2026-07-16,Green,place-prmnl,255,0.11372549019607843,-41.0,Prudential
2026-07-16,Green,place-rsmnl,230,0.11739130434782609,39.0,Reservoir
2026-07-16,Green,place-rvrwy,268,0.12686567164179105,-89.0,Riverway
2026-07-16,Green,place-smary,244,0.1762295081967213,103.0,Saint Marys Street
2026-07-16,Green,place-sougr,222,0.04504504504504504,-75.0,South Street
2026-07-16,Green,place-spmnl,480,0.10208333333333333,-11.0,Science Park
2026-07-16,Green,place-sthld,225,0.044444444444444446,-33.0,Sutherland Road
2026-07-16,Green,place-stpul,242,0.17768595041322313,121.5,Saint Paul Street
2026-07-16,Green,place-sumav,241,0.13692946058091288,67.0,Summit Avenue
2026-07-16,Green,place-tapst,121,0.03305785123966942,29.0,Tappan Street
2026-07-16,Green,place-waban,217,0.10599078341013825,43.0,Waban
2026-07-16,Green,place-wascm,229,0.039301310043668124,-35.0,Washington Street
2026-07-16,Green,place-woodl,218,0.0963302752293578,48.5,Woodland
2026-07-16,Green,place-wrnst,229,0.039301310043668124,-67.0,Warren Street
2026-07-16,Mattapan,place-butlr,237,0.05907172995780591,-65.0,Butler
2026-07-16,Mattapan,place-capst,237,0.07172995780590717,-19.0,Capen Street
2026-07-16,Mattapan,place-cedgr,240,0.05,-68.0,Cedar Grove
2026-07-16,Mattapan,place-cenav,235,0.07659574468085106,-40.0,Central Avenue
2026-07-16,Mattapan,place-miltt,234,0.042735042735042736,-78.0,Milton
2026-07-16,Mattapan,place-valrd,237,0.07172995780590717,-15.0,Valley Road
2026-07-16,Orange,place-astao,406,0.09852216748768473,41.0,Assembly
2026-07-16,Orange,place-bbsta,405,0.08641975308641975,41.0,Back Bay
2026-07-16,Orange,place-ccmnl,407,0.09828009828009827,31.0,Community College
2026-07-16,Orange,place-chncl,406,0.10098522167487685,50.5,Chinatown
2026-07-16,Orange,place-dwnxg,406,0.10344827586206896,41.0,Downtown Crossing
2026-07-16,Orange,place-grnst,405,0.08641975308641975,44.0,Green Street
2026-07-16,Orange,place-haecl,406,0.09359605911330049,39.0,Haymarket
2026-07-16,Orange,place-jaksn,405,0.08395061728395062,34.0,Jackson Square
2026-07-16,Orange,place-masta,404,0.0891089108910891,47.0,Massachusetts Avenue
2026-07-16,Orange,place-mlmnl,405,0.09382716049382717,56.0,Malden Center
2026-07-16,Orange,place-north,407,0.09828009828009827,35.0,North Station
2026-07-16,Orange,place-rcmnl,405,0.08888888888888889,28.0,Roxbury Crossing
2026-07-16,Orange,place-rugg,404,0.09158415841584158,57.5,Ruggles
2026-07-16,Orange,place-sbmnl,405,0.08888888888888889,33.0,Stony Brook
2026-07-16,Orange,place-state,405,0.09382716049382717,22.0,State
2026-07-16,Orange,place-sull,407,0.09828009828009827,29.0,Sullivan Square
2026-07-16,Orange,place-tumnl,405,0.09382716049382717,43.0,Tufts Medical Center
2026-07-16,Orange,place-welln,406,0.09359605911330049,45.5,Wellington
2026-07-16,Red,place-andrw,348,0.39080459770114945,214.5,Andrew
2026-07-16,Red,place-brdwy,351,0.39316239316239315,207.0,Broadway
2026-07-16,Red,place-chmnl,353,0.3909348441926346,209.0,Charles/MGH
2026-07-16,Red,place-cntsq,352,0.3664772727272727,199.5,Central
2026-07-16,Red,place-davis,352,0.3778409090909091,181.0,Davis
2026-07-16,Red,place-dwnxg,349,0.3753581661891118,195.0,Downtown Crossing
2026-07-16,Red,place-fldcr,166,0.3373493975903614,138.5,Fields Corner
2026-07-16,Red,place-harsq,351,0.3646723646723647,208.0,Harvard
2026-07-16,Red,place-jfk,345,0.37681159420289856,199.0,JFK/UMass
2026-07-16,Red,place-knncl,353,0.3881019830028329,205.0,Kendall/MIT
2026-07-16,Red,place-nqncy,179,0.39106145251396646,200.0,North Quincy
2026-07-16,Red,place-pktrm,348,0.382183908045977,206.5,Park Street
2026-07-16,Red,place-portr,350,0.39714285714285713,215.0,Porter
2026-07-16,Red,place-qamnl,178,0.39325842696629215,200.5,Quincy Adams
2026-07-16,Red,place-qnctr,177,0.384180790960452,197.0,Quincy Center
2026-07-16,Red,place-shmnl,165,0.36363636363636365,155.0,Savin Hill
2026-07-16,Red,place-smmnl,167,0.33532934131736525,133.0,Shawmut
2026-07-16,Red,place-sstat,351,0.38746438746438744,201.0,South Station
2026-07-16,Red,place-wlsta,178,0.39325842696629215,192.0,Wollaston
2026-07-17,Blue,place-aport,374,0.6818181818181818,477.0,Airport
2026-07-17,Blue,place-aqucl,372,0.7043010752688172,491.0,Aquarium
2026-07-17,Blue,place-bmmnl,366,0.6530054644808743,462.0,Beachmont
2026-07-17,Blue,place-gover,372,0.6612903225806451,458.5,Government Center
2026-07-17,Blue,place-mvbcl,372,0.6747311827956989,472.5,Maverick
2026-07-17,Blue,place-orhte,369,0.6747967479674797,476.0,Orient Heights
2026-07-17,Blue,place-rbmnl,365,0.6657534246575343,471.0,Revere Beach
2026-07-17,Blue,place-sdmnl,367,0.7029972752043597,493.0,Suffolk Downs
2026-07-17,Blue,place-state,372,0.6989247311827957,494.5,State
2026-07-17,Blue,place-wimnl,374,0.6871657754010695,479.0,Wood Island
2026-07-17,Green,place-alsgr,239,0.19665271966527198,74.0,Allston Street
2026-07-17,Green,place-amory,242,0.256198347107438,93.5,Amory Street
2026-07-17,Green,place-armnl,962,0.30665280665280664,130.0,Arlington
2026-07-17,Green,place-babck,241,0.24896265560165975,97.0,Babcock Street
2026-07-17,Green,place-balsq,258,0.1744186046511628,24.5,Ball Square
2026-07-17,Green,place-bckhl,245,0.3020408163265306,100.0,Back of the Hill
2026-07-17,Green,place-bcnfd,236,0.3177966101694915,156.0,Beaconsfield
2026-07-17,Green,place-bcnwa,238,0.2857142857142857,137.5,Washington Square
2026-07-17,Green,place-bland,241,0.2697095435684647,85.0,Blandford Street
2026-07-17,Green,place-bndhl,239,0.30962343096234307,159.0,Brandon Hall
2026-07-17,Green,place-boyls,959,0.310740354535975,130.0,Boylston
2026-07-17,Green,place-brico,239,0.23430962343096234,93.0,Packards Corner
2026-07-17,Green,place-brkhl,234,0.3247863247863248,148.0,Brookline Hills
2026-07-17,Green,place-brmnl,243,0.3045267489711934,94.0,Brigham Circle
2026-07-17,Green,place-bucen,241,0.24481327800829875,71.0,Boston University Central
2026-07-17,Green,place-buest,239,0.26778242677824265,76.0,Boston University East
2026-07-17,Green,place-bvmnl,236,0.3135593220338983,146.0,Brookline Village
2026-07-17,Green,place-chhil,232,0.33620689655172414,151.5,Chestnut Hill
2026-07-17,Green,place-chill,236,0.21610169491525424,72.5,Chestnut Hill Avenue
2026-07-17,Green,place-chswk,237,0.21518987341772153,46.0,Chiswick Road
2026-07-17,Green,place-clmnl,27,0.5925925925925926,426.0,Cleveland Circle
2026-07-17,Green,place-coecl,940,0.2978723404255319,122.5,Copley
2026-07-17,Green,place-cool,239,0.27615062761506276,164.0,Coolidge Corner
2026-07-17,Green,place-denrd,235,0.251063829787234,74.0,Dean Road
2026-07-17,Green,place-eliot,232,0.33189655172413796,178.0,Eliot
2026-07-17,Green,place-engav,118,0.1016949152542373,50.5,Englewood Avenue
2026-07-17,Green,place-esomr,248,0.22580645161290322,74.0,East Somerville
2026-07-17,Green,place-fbkst,238,0.29831932773109243,158.5,Fairbanks Street
2026-07-17,Green,place-fenwd,244,0.3360655737704918,112.5,Fenwood Road
2026-07-17,Green,place-fenwy,234,0.32051282051282054,147.0,Fenway
2026-07-17,Green,place-gilmn,259,0.22393822393822393,74.0,Gilman Square
2026-07-17,Green,place-gover,479,0.325678496868476,125.0,Government Center
2026-07-17,Green,place-grigg,238,0.21008403361344538,59.5,Griggs Street
2026-07-17,Green,place-haecl,478,0.29707112970711297,101.5,Haymarket
2026-07-17,Green,place-harvd,239,0.200836820083682,71.0,Harvard Avenue
2026-07-17,Green,place-hwsst,240,0.2916666666666667,184.0,Hawes Street
2026-07-17,Green,place-hymnl,694,0.2953890489913545,140.0,Hynes Convention Center
2026-07-17,Green,place-kencl,709,0.26657263751763044,124.0,Kenmore
2026-07-17,Green,place-kntst,240,0.2916666666666667,188.0,Kent Street
2026-07-17,Green,place-lech,482,0.27593360995850624,75.0,Lechmere
2026-07-17,Green,place-lngmd,249,0.30522088353413657,97.0,Longwood Medical Area
2026-07-17,Green,place-longw,235,0.3191489361702128,159.0,Longwood
2026-07-17,Green,place-mfa,247,0.32388663967611336,102.0,Museum of Fine Arts
2026-07-17,Green,place-mgngl,258,0.20930232558139536,72.5,Magoun Square
2026-07-17,Green,place-mispk,245,0.2857142857142857,67.0,Mission Park
2026-07-17,Green,place-newtn,231,0.35064935064935066,176.0,Newton Highlands
2026-07-17,Green,place-newto,231,0.3593073593073593,180.0,Newton Centre
2026-07-17,Green,place-north,480,0.27708333333333335,89.0,North Station
2026-07-17,Green,place-nuniv,247,0.3117408906882591,79.0,Northeastern University
2026-07-17,Green,place-pktrm,893,0.2866741321388578,118.0,Park Street
2026-07-17,Green,place-prmnl,246,0.3130081300813008,88.0,Prudential
2026-07-17,Green,place-rsmnl,231,0.3116883116883117,146.0,Reservoir
2026-07-17,Green,place-rvrwy,244,0.3073770491803279,89.5,Riverway
2026-07-17,Green,place-smary,240,0.25833333333333336,163.5,Saint Marys Street
2026-07-17,Green,place-sougr,233,0.21030042918454936,17.0,South Street
2026-07-17,Green,place-spmnl,478,0.29916317991631797,91.5,Science Park
2026-07-17,Green,place-sthld,239,0.21338912133891214,52.0,Sutherland Road
2026-07-17,Green,place-stpul,239,0.2719665271966527,178.0,Saint Paul Street
2026-07-17,Green,place-sumav,241,0.2863070539419087,144.0,Summit Avenue
2026-07-17,Green,place-tapst,119,0.1092436974789916,62.0,Tappan Street
2026-07-17,Green,place-waban,231,0.31601731601731603,143.0,Waban
2026-07-17,Green,place-wascm,241,0.2033195020746888,58.0,Washington Street
2026-07-17,Green,place-woodl,231,0.3116883116883117,148.0,Woodland
2026-07-17,Green,place-wrnst,241,0.1825726141078838,30.0,Warren Street
2026-07-17,Mattapan,place-asmnl,4,0.0,-73.0,Ashmont
2026-07-17,Mattapan,place-butlr,205,0.13658536585365855,-38.0,Butler
2026-07-17,Mattapan,place-capst,206,0.16019417475728157,15.5,Capen Street
2026-07-17,Mattapan,place-cedgr,201,0.08955223880597014,-55.0,Cedar Grove
2026-07-17,Mattapan,place-cenav,204,0.14705882352941177,-13.5,Central Avenue
2026-07-17,Mattapan,place-miltt,205,0.14146341463414633,-51.0,Milton
2026-07-17,Mattapan,place-valrd,206,0.1553398058252427,9.5,Valley Road
2026-07-17,Orange,place-astao,259,0.28957528957528955,65.0,Assembly
2026-07-17,Orange,place-bbsta,250,0.312,63.0,Back Bay
2026-07-17,Orange,place-ccmnl,260,0.29615384615384616,58.5,Community College
2026-07-17,Orange,place-chncl,256,0.296875,71.0,Chinatown
2026-07-17,Orange,place-dwnxg,256,0.2890625,63.0,Downtown Crossing
2026-07-17,Orange,place-grnst,231,0.329004329004329,83.0,Green Street
2026-07-17,Orange,place-haecl,257,0.28793774319066145,65.0,Haymarket
2026-07-17,Orange,place-jaksn,233,0.31759656652360513,54.0,Jackson Square
2026-07-17,Orange,place-masta,245,0.3142857142857143,78.0,Massachusetts Avenue
2026-07-17,Orange,place-mlmnl,255,0.28627450980392155,82.0,Malden Center
2026-07-17,Orange,place-north,258,0.29844961240310075,57.5,North Station
2026-07-17,Orange,place-rcmnl,235,0.31063829787234043,70.0,Roxbury Crossing
2026-07-17,Orange,place-rugg,239,0.30962343096234307,99.0,Ruggles
2026-07-17,Orange,place-sbmnl,230,0.30869565217391304,61.0,Stony Brook
2026-07-17,Orange,place-state,258,0.28294573643410853,40.0,State
2026-07-17,Orange,place-sull,260,0.28076923076923077,58.5,Sullivan Square
2026-07-17,Orange,place-tumnl,255,0.30196078431372547,68.0,Tufts Medical Center
2026-07-17,Orange,place-welln,259,0.28185328185328185,71.0,Wellington
2026-07-17,Red,place-andrw,380,0.4052631578947368,220.5,Andrew
2026-07-17,Red,place-brdwy,379,0.40105540897097625,219.0,Broadway
2026-07-17,Red,place-chmnl,380,0.3894736842105263,228.0,Charles/MGH
2026-07-17,Red,place-cntsq,381,0.3753280839895013,207.0,Central
2026-07-17,Red,place-davis,375,0.36,227.0,Davis
2026-07-17,Red,place-dwnxg,375,0.384,202.0,Downtown Crossing
2026-07-17,Red,place-fldcr,200,0.325,160.0,Fields Corner
2026-07-17,Red,place-harsq,380,0.3815789473684211,237.5,Harvard
2026-07-17,Red,place-jfk,380,0.39210526315789473,213.5,JFK/UMass
2026-07-17,Red,place-knncl,380,0.3894736842105263,230.0,Kendall/MIT
2026-07-17,Red,place-nqncy,181,0.4088397790055249,222.0,North Quincy
2026-07-17,Red,place-pktrm,377,0.3925729442970822,224.0,Park Street
2026-07-17,Red,place-portr,378,0.42328042328042326,248.0,Porter
2026-07-17,Red,place-qamnl,181,0.4088397790055249,212.0,Quincy Adams
2026-07-17,Red,place-qnctr,180,0.40555555555555556,214.0,Quincy Center
2026-07-17,Red,place-shmnl,199,0.38190954773869346,181.0,Savin Hill
2026-07-17,Red,place-smmnl,199,0.3417085427135678,163.0,Shawmut
2026-07-17,Red,place-sstat,378,0.3888888888888889,217.5,South Station
2026-07-17,Red,place-wlsta,181,0.40331491712707185,226.0,Wollaston
2026-07-18,Blue,place-aport,150,0.5933333333333334,444.5,Airport
2026-07-18,Blue,place-aqucl,151,0.6158940397350994,446.0,Aquarium
2026-07-18,Blue,place-bmmnl,149,0.5906040268456376,441.0,Beachmont
2026-07-18,Blue,place-gover,151,0.609271523178808,445.0,Government Center
2026-07-18,Blue,place-mvbcl,151,0.6225165562913907,459.0,Maverick
2026-07-18,Blue,place-orhte,151,0.5960264900662252,424.0,Orient Heights
2026-07-18,Blue,place-rbmnl,150,0.6066666666666667,449.0,Revere Beach
2026-07-18,Blue,place-sdmnl,149,0.6040268456375839,432.0,Suffolk Downs
2026-07-18,Blue,place-state,152,0.6052631578947368,436.5,State
2026-07-18,Blue,place-wimnl,150,0.5866666666666667,439.0,Wood Island
2026-07-18,Green,place-alsgr,198,0.21212121212121213,30.5,Allston Street
2026-07-18,Green,place-amory,198,0.22727272727272727,54.0,Amory Street
2026-07-18,Green,place-armnl,778,0.2982005141388175,85.5,Arlington
2026-07-18,Green,place-babck,198,0.21212121212121213,39.5,Babcock Street
2026-07-18,Green,place-balsq,206,0.0825242718446602,-33.0,Ball Square
2026-07-18,Green,place-bckhl,194,0.15463917525773196,-119.5,Back of the Hill
2026-07-18,Green,place-bcnfd,197,0.4263959390862944,195.0,Beaconsfield
2026-07-18,Green,place-bcnwa,204,0.2696078431372549,98.5,Washington Square
2026-07-18,Green,place-bland,197,0.18781725888324874,1.0,Blandford Street
2026-07-18,Green,place-bndhl,202,0.3069306930693069,126.5,Brandon Hall
2026-07-18,Green,place-boyls,774,0.30361757105943155,106.0,Boylston
2026-07-18,Green,place-brico,198,0.22727272727272727,41.0,Packards Corner
2026-07-18,Green,place-brkhl,194,0.422680412371134,206.5,Brookline Hills
2026-07-18,Green,place-brmnl,193,0.14507772020725387,-133.0,Brigham Circle
2026-07-18,Green,place-bucen,198,0.20202020202020202,20.0,Boston University Central
2026-07-18,Green,place-buest,198,0.1919191919191919,-3.0,Boston University East
2026-07-18,Green,place-bvmnl,195,0.4205128205128205,197.0,Brookline Village
2026-07-18,Green,place-chhil,195,0.40512820512820513,161.0,Chestnut Hill
2026-07-18,Green,place-chill,196,0.20918367346938777,32.5,Chestnut Hill Avenue
2026-07-18,Green,place-chswk,197,0.18781725888324874,-3.0,Chiswick Road
2026-07-18,Green,place-coecl,758,0.29815303430079154,77.5,Copley
2026-07-18,Green,place-cool,204,0.29411764705882354,112.5,Coolidge Corner
2026-07-18,Green,place-denrd,196,0.2193877551020408,18.0,Dean Road
2026-07-18,Green,place-eliot,193,0.37305699481865284,194.0,Eliot
2026-07-18,Green,place-engav,194,0.23195876288659795,45.5,Englewood Avenue
2026-07-18,Green,place-esomr,197,0.10152284263959391,-39.0,East Somerville
2026-07-18,Green,place-fbkst,202,0.28217821782178215,108.0,Fairbanks Street
2026-07-18,Green,place-fenwd,193,0.16062176165803108,-103.0,Fenwood Road
2026-07-18,Green,place-fenwy,193,0.43523316062176165,221.0,Fenway
2026-07-18,Green,place-gilmn,209,0.10047846889952153,-39.0,Gilman Square
2026-07-18,Green,place-gover,373,0.29222520107238603,94.0,Government Center
2026-07-18,Green,place-grigg,198,0.21212121212121213,22.0,Griggs Street
2026-07-18,Green,place-haecl,379,0.2770448548812665,80.0,Haymarket
2026-07-18,Green,place-harvd,198,0.19696969696969696,-5.5,Harvard Avenue
2026-07-18,Green,place-hwsst,206,0.2961165048543689,141.5,Hawes Street
2026-07-18,Green,place-hymnl,574,0.32752613240418116,118.0,Hynes Convention Center
2026-07-18,Green,place-kencl,595,0.2957983193277311,102.0,Kenmore
2026-07-18,Green,place-kntst,206,0.3058252427184466,160.5,Kent Street
2026-07-18,Green,place-lech,387,0.23772609819121446,51.0,Lechmere
2026-07-18,Green,place-lngmd,196,0.15816326530612246,-115.0,Longwood Medical Area
2026-07-18,Green,place-longw,193,0.43523316062176165,228.0,Longwood
2026-07-18,Green,place-mfa,196,0.17346938775510204,-92.5,Museum of Fine Arts
2026-07-18,Green,place-mgngl,207,0.10144927536231885,-25.0,Magoun Square
2026-07-18,Green,place-mispk,194,0.13402061855670103,-144.5,Mission Park
2026-07-18,Green,place-newtn,194,0.38144329896907214,216.5,Newton Highlands
2026-07-18,Green,place-newto,194,0.3917525773195876,186.5,Newton Centre
2026-07-18,Green,place-north,370,0.25135135135135134,58.5,North Station
2026-07-18,Green,place-nuniv,194,0.14948453608247422,-106.0,Northeastern University
2026-07-18,Green,place-pktrm,762,0.2952755905511811,105.0,Park Street
2026-07-18,Green,place-prmnl,194,0.15463917525773196,-116.0,Prudential
2026-07-18,Green,place-rsmnl,194,0.3917525773195876,181.5,Reservoir
2026-07-18,Green,place-rvrwy,195,0.15897435897435896,-125.0,Riverway
2026-07-18,Green,place-smary,205,0.25853658536585367,105.0,Saint Marys Street
2026-07-18,Green,place-sougr,194,0.18556701030927836,-7.5,South Street
2026-07-18,Green,place-spmnl,371,0.25067385444743934,72.0,Science Park
2026-07-18,Green,place-sthld,197,0.18781725888324874,10.0,Sutherland Road
2026-07-18,Green,place-stpul,206,0.3058252427184466,156.0,Saint Paul Street
2026-07-18,Green,place-sumav,202,0.2871287128712871,120.0,Summit Avenue
2026-07-18,Green,place-tapst,203,0.2315270935960591,57.0,Tappan Street
2026-07-18,Green,place-waban,192,0.359375,187.5,Waban
2026-07-18,Green,place-wascm,198,0.19696969696969696,11.5,Washington Street
2026-07-18,Green,place-woodl,188,0.3617021276595745,145.0,Woodland
2026-07-18,Green,place-wrnst,198,0.18686868686868688,1.5,Warren Street
2026-07-18,Mattapan,place-butlr,185,0.016216216216216217,-45.0,Butler
2026-07-18,Mattapan,place-capst,184,0.010869565217391304,-42.5,Capen Street
2026-07-18,Mattapan,place-cedgr,184,0.016304347826086956,-58.0,Cedar Grove
2026-07-18,Mattapan,place-cenav,185,0.010810810810810811,-76.0,Central Avenue
2026-07-18,Mattapan,place-miltt,185,0.010810810810810811,-54.0,Milton
2026-07-18,Mattapan,place-valrd,185,0.010810810810810811,-46.0,Valley Road
2026-07-18,Orange,place-astao,271,0.19557195571955718,88.0,Assembly
2026-07-18,Orange,place-bbsta,271,0.15867158671586715,65.0,Back Bay
2026-07-18,Orange,place-ccmnl,270,0.18888888888888888,82.0,Community College
2026-07-18,Orange,place-chncl,271,0.16974169741697417,76.0,Chinatown
2026-07-18,Orange,place-dwnxg,269,0.17100371747211895,84.0,Downtown Crossing
2026-07-18,Orange,place-grnst,269,0.18587360594795538,89.0,Green Street
2026-07-18,Orange,place-haecl,270,0.17407407407407408,79.5,Haymarket
2026-07-18,Orange,place-jaksn,269,0.1524163568773234,64.0,Jackson Square
2026-07-18,Orange,place-masta,271,0.16605166051660517,74.0,Massachusetts Avenue
2026-07-18,Orange,place-mlmnl,261,0.18773946360153257,93.0,Malden Center
2026-07-18,Orange,place-north,271,0.17712177121771217,84.0,North Station
2026-07-18,Orange,place-rcmnl,269,0.16356877323420074,70.0,Roxbury Crossing
2026-07-18,Orange,place-rugg,269,0.16356877323420074,75.0,Ruggles
2026-07-18,Orange,place-sbmnl,269,0.17100371747211895,64.0,Stony Brook
2026-07-18,Orange,place-state,269,0.17100371747211895,63.0,State
2026-07-18,Orange,place-sull,271,0.1881918819188192,84.0,Sullivan Square
2026-07-18,Orange,place-tumnl,271,0.16236162361623616,70.0,Tufts Medical Center
2026-07-18,Orange,place-welln,267,0.1947565543071161,86.0,Wellington
2026-07-18,Red,place-andrw,327,0.10091743119266056,38.0,Andrew
2026-07-18,Red,place-brdwy,326,0.09202453987730061,36.5,Broadway
2026-07-18,Red,place-chmnl,326,0.10429447852760736,56.5,Charles/MGH
2026-07-18,Red,place-cntsq,327,0.10703363914373089,50.0,Central
2026-07-18,Red,place-davis,326,0.12576687116564417,87.5,Davis
2026-07-18,Red,place-dwnxg,327,0.09480122324159021,32.0,Downtown Crossing
2026-07-18,Red,place-fldcr,158,0.06962025316455696,1.5,Fields Corner
2026-07-18,Red,place-harsq,325,0.11384615384615385,70.0,Harvard
2026-07-18,Red,place-jfk,326,0.1165644171779141,41.0,JFK/UMass
2026-07-18,Red,place-knncl,326,0.10736196319018405,53.0,Kendall/MIT
2026-07-18,Red,place-nqncy,168,0.08928571428571429,58.0,North Quincy
2026-07-18,Red,place-pktrm,326,0.10122699386503067,41.5,Park Street
2026-07-18,Red,place-portr,326,0.12883435582822086,91.5,Porter
2026-07-18,Red,place-qamnl,166,0.1144578313253012,76.0,Quincy Adams
2026-07-18,Red,place-qnctr,167,0.11976047904191617,67.0,Quincy Center
2026-07-18,Red,place-shmnl,158,0.06962025316455696,-10.0,Savin Hill
2026-07-18,Red,place-smmnl,158,0.06962025316455696,19.0,Shawmut
2026-07-18,Red,place-sstat,327,0.09785932721712538,42.0,South Station
2026-07-18,Red,place-wlsta,168,0.1130952380952381,57.5,Wollaston
2026-07-19,Blue,place-aport,187,0.6470588235294118,495.0,Airport
2026-07-19,Blue,place-aqucl,185,0.6432432432432432,507.0,Aquarium
2026-07-19,Blue,place-bmmnl,191,0.6544502617801047,507.0,Beachmont
2026-07-19,Blue,place-gover,185,0.6756756756756757,529.0,Government Center
2026-07-19,Blue,place-mvbcl,184,0.657608695652174,509.0,Maverick
2026-07-19,Blue,place-orhte,189,0.671957671957672,507.0,Orient Heights
2026-07-19,Blue,place-rbmnl,192,0.6510416666666666,492.0,Revere Beach
2026-07-19,Blue,place-sdmnl,191,0.6649214659685864,518.0,Suffolk Downs
2026-07-19,Blue,place-state,185,0.654054054054054,515.0,State
2026-07-19,Blue,place-wimnl,189,0.6613756613756614,494.0,Wood Island
2026-07-19,Green,place-alsgr,191,0.14659685863874344,-29.0,Allston Street
2026-07-19,Green,place-amory,192,0.15104166666666666,-36.0,Amory Street
2026-07-19,Green,place-armnl,761,0.22601839684625494,39.0,Arlington
2026-07-19,Green,place-babck,192,0.140625,-26.5,Babcock Street
2026-07-19,Green,place-balsq,204,0.024509803921568627,-49.0,Ball Square
2026-07-19,Green,place-bckhl,195,0.08205128205128205,-195.0,Back of the Hill
2026-07-19,Green,place-bcnfd,182,0.34065934065934067,196.0,Beaconsfield
2026-07-19,Green,place-bcnwa,200,0.32,143.5,Washington Square
2026-07-19,Green,place-bland,188,0.13297872340425532,-87.5,Blandford Street
2026-07-19,Green,place-bndhl,202,0.3564356435643564,164.5,Brandon Hall
2026-07-19,Green,place-boyls,753,0.22310756972111553,41.0,Boylston
2026-07-19,Green,place-brico,192,0.14583333333333334,0.5,Packards Corner
2026-07-19,Green,place-brkhl,183,0.36065573770491804,204.0,Brookline Hills
2026-07-19,Green,place-brmnl,197,0.07614213197969544,-204.0,Brigham Circle
2026-07-19,Green,place-bucen,189,0.13227513227513227,-88.0,Boston University Central
2026-07-19,Green,place-buest,188,0.12234042553191489,-90.0,Boston University East
2026-07-19,Green,place-bvmnl,183,0.33879781420765026,194.0,Brookline Village
2026-07-19,Green,place-chhil,183,0.36065573770491804,193.0,Chestnut Hill
2026-07-19,Green,place-chill,190,0.15789473684210525,14.0,Chestnut Hill Avenue
2026-07-19,Green,place-chswk,191,0.16230366492146597,-22.0,Chiswick Road
2026-07-19,Green,place-coecl,719,0.2239221140472879,30.0,Copley
2026-07-19,Green,place-cool,202,0.33663366336633666,145.5,Coolidge Corner
2026-07-19,Green,place-denrd,202,0.2871287128712871,64.5,Dean Road
2026-07-19,Green,place-eliot,183,0.3551912568306011,197.0,Eliot
2026-07-19,Green,place-engav,200,0.315,98.0,Englewood Avenue
2026-07-19,Green,place-esomr,196,0.030612244897959183,-46.5,East Somerville
2026-07-19,Green,place-fbkst,201,0.35323383084577115,142.0,Fairbanks Street
2026-07-19,Green,place-fenwd,196,0.09183673469387756,-172.5,Fenwood Road
2026-07-19,Green,place-fenwy,182,0.33516483516483514,191.0,Fenway
2026-07-19,Green,place-gilmn,206,0.02912621359223301,-47.5,Gilman Square
2026-07-19,Green,place-gover,369,0.1842818428184282,16.0,Government Center
2026-07-19,Green,place-grigg,190,0.15263157894736842,-17.0,Griggs Street
2026-07-19,Green,place-haecl,365,0.15342465753424658,-5.0,Haymarket
2026-07-19,Green,place-harvd,190,0.1368421052631579,-40.0,Harvard Avenue
2026-07-19,Green,place-hwsst,203,0.3448275862068966,146.0,Hawes Street
2026-07-19,Green,place-hymnl,528,0.2821969696969697,79.5,Hynes Convention Center
2026-07-19,Green,place-kencl,570,0.2736842105263158,81.5,Kenmore
2026-07-19,Green,place-kntst,201,0.36318407960199006,154.0,Kent Street
2026-07-19,Green,place-lech,377,0.11936339522546419,-8.0,Lechmere
2026-07-19,Green,place-lngmd,196,0.08163265306122448,-193.5,Longwood Medical Area
2026-07-19,Green,place-longw,183,0.366120218579235,215.0,Longwood
2026-07-19,Green,place-mfa,196,0.08163265306122448,-173.5,Museum of Fine Arts
2026-07-19,Green,place-mgngl,205,0.02926829268292683,-47.0,Magoun Square
2026-07-19,Green,place-mispk,196,0.07142857142857142,-204.0,Mission Park
2026-07-19,Green,place-newtn,183,0.3825136612021858,201.0,Newton Highlands
2026-07-19,Green,place-newto,183,0.3551912568306011,196.0,Newton Centre
2026-07-19,Green,place-north,368,0.13858695652173914,-18.0,North Station
2026-07-19,Green,place-nuniv,196,0.07653061224489796,-178.0,Northeastern University
2026-07-19,Green,place-pktrm,738,0.2046070460704607,29.0,Park Street
2026-07-19,Green,place-prmnl,194,0.08247422680412371,-156.0,Prudential
2026-07-19,Green,place-rsmnl,181,0.35911602209944754,183.0,Reservoir
2026-07-19,Green,place-rvrwy,196,0.08163265306122448,-210.5,Riverway
2026-07-19,Green,place-smary,204,0.3284313725490196,118.5,Saint Marys Street
2026-07-19,Green,place-sougr,187,0.1443850267379679,-45.0,South Street
2026-07-19,Green,place-spmnl,373,0.13136729222520108,13.0,Science Park
2026-07-19,Green,place-sthld,191,0.14659685863874344,-33.0,Sutherland Road
2026-07-19,Green,place-stpul,202,0.3613861386138614,172.0,Saint Paul Street
2026-07-19,Green,place-sumav,201,0.3383084577114428,154.0,Summit Avenue
2026-07-19,Green,place-tapst,202,0.3217821782178218,116.5,Tappan Street
2026-07-19,Green,place-waban,181,0.35359116022099446,192.0,Waban
2026-07-19,Green,place-wascm,193,0.16062176165803108,-38.0,Washington Street
2026-07-19,Green,place-woodl,178,0.3089887640449438,169.5,Woodland
2026-07-19,Green,place-wrnst,193,0.13989637305699482,-57.0,Warren Street
2026-07-19,Mattapan,place-butlr,159,0.03773584905660377,-78.0,Butler
2026-07-19,Mattapan,place-capst,157,0.03821656050955414,-56.0,Capen Street
2026-07-19,Mattapan,place-cedgr,158,0.0379746835443038,-95.5,Cedar Grove
2026-07-19,Mattapan,place-cenav,159,0.018867924528301886,-95.0,Central Avenue
2026-07-19,Mattapan,place-miltt,158,0.02531645569620253,-83.0,Milton
2026-07-19,Mattapan,place-valrd,157,0.025477707006369428,-57.0,Valley Road
2026-07-19,Orange,place-astao,289,0.006920415224913495,23.0,Assembly
2026-07-19,Orange,place-bbsta,289,0.0034602076124567475,-6.0,Back Bay
2026-07-19,Orange,place-ccmnl,289,0.006920415224913495,12.0,Community College
2026-07-19,Orange,place-chncl,288,0.003472222222222222,6.5,Chinatown
2026-07-19,Orange,place-dwnxg,289,0.0034602076124567475,11.0,Downtown Crossing
2026-07-19,Orange,place-grnst,287,0.0,29.0,Green Street
2026-07-19,Orange,place-haecl,288,0.003472222222222222,17.0,Haymarket
2026-07-19,Orange,place-jaksn,288,0.003472222222222222,-15.0,Jackson Square
2026-07-19,Orange,place-masta,288,0.013888888888888888,1.0,Massachusetts Avenue
2026-07-19,Orange,place-mlmnl,289,0.010380622837370242,36.0,Malden Center
2026-07-19,Orange,place-north,289,0.0,14.0,North Station
2026-07-19,Orange,place-rcmnl,288,0.006944444444444444,-17.0,Roxbury Crossing
2026-07-19,Orange,place-rugg,289,0.01384083044982699,-10.0,Ruggles
2026-07-19,Orange,place-sbmnl,288,0.003472222222222222,0.0,Stony Brook
2026-07-19,Orange,place-state,289,0.0,-8.0,State
2026-07-19,Orange,place-sull,289,0.010380622837370242,8.0,Sullivan Square
2026-07-19,Orange,place-tumnl,289,0.0034602076124567475,1.0,Tufts Medical Center
2026-07-19,Orange,place-welln,288,0.006944444444444444,27.0,Wellington
2026-07-19,Red,place-andrw,279,0.4982078853046595,290.0,Andrew
2026-07-19,Red,place-brdwy,279,0.4874551971326165,294.0,Broadway
2026-07-19,Red,place-chmnl,276,0.5144927536231884,322.0,Charles/MGH
2026-07-19,Red,place-cntsq,279,0.5304659498207885,346.0,Central
2026-07-19,Red,place-davis,276,0.5869565217391305,491.5,Davis
2026-07-19,Red,place-dwnxg,280,0.5035714285714286,303.0,Downtown Crossing
2026-07-19,Red,place-fldcr,132,0.49242424242424243,280.5,Fields Corner
2026-07-19,Red,place-harsq,277,0.5812274368231047,467.0,Harvard
2026-07-19,Red,place-jfk,281,0.49466192170818507,294.0,JFK/UMass
2026-07-19,Red,place-knncl,279,0.5125448028673835,326.0,Kendall/MIT
2026-07-19,Red,place-nqncy,148,0.4797297297297297,277.5,North Quincy
2026-07-19,Red,place-pktrm,278,0.5035971223021583,309.5,Park Street
2026-07-19,Red,place-portr,277,0.6064981949458483,497.0,Porter
2026-07-19,Red,place-qamnl,147,0.48299319727891155,282.0,Quincy Adams
2026-07-19,Red,place-qnctr,147,0.46938775510204084,254.0,Quincy Center
2026-07-19,Red,place-shmnl,132,0.5,296.0,Savin Hill
2026-07-19,Red,place-smmnl,131,0.5038167938931297,308.0,Shawmut
2026-07-19,Red,place-sstat,281,0.501779359430605,305.0,South Station
2026-07-19,Red,place-wlsta,147,0.46938775510204084,264.0,Wollaston
2026-07-20,Blue,place-aport,222,0.581081081081081,383.0,Airport
2026-07-20,Blue,place-aqucl,220,0.5909090909090909,429.0,Aquarium
2026-07-20,Blue,place-bmmnl,218,0.6146788990825688,412.5,Beachmont
2026-07-20,Blue,place-gover,221,0.5701357466063348,400.0,Government Center
2026-07-20,Blue,place-mvbcl,221,0.579185520361991,407.0,Maverick
2026-07-20,Blue,place-orhte,218,0.591743119266055,378.5,Orient Heights
2026-07-20,Blue,place-rbmnl,214,0.6214953271028038,431.5,Revere Beach
2026-07-20,Blue,place-sdmnl,217,0.6221198156682027,413.0,Suffolk Downs
2026-07-20,Blue,place-state,219,0.5799086757990868,421.0,State
2026-07-20,Blue,place-wimnl,221,0.5882352941176471,405.0,Wood Island
2026-07-20,Green,place-alsgr,216,0.2175925925925926,56.0,Allston Street
2026-07-20,Green,place-amory,218,0.25229357798165136,69.0,Amory Street
2026-07-20,Green,place-armnl,970,0.27422680412371137,94.0,Arlington
2026-07-20,Green,place-babck,217,0.23963133640552994,74.0,Babcock Street
2026-07-20,Green,place-balsq,285,0.08421052631578947,7.0,Ball Square
2026-07-20,Green,place-bckhl,265,0.15849056603773584,-37.0,Back of the Hill
2026-07-20,Green,place-bcnfd,236,0.2966101694915254,109.5,Beaconsfield
2026-07-20,Green,place-bcnwa,249,0.37349397590361444,179.0,Washington Square
2026-07-20,Green,place-bland,215,0.24651162790697675,32.0,Blandford Street
2026-07-20,Green,place-bndhl,249,0.40160642570281124,221.0,Brandon Hall
2026-07-20,Green,place-boyls,964,0.27800829875518673,90.5,Boylston
2026-07-20,Green,place-brico,213,0.22535211267605634,56.0,Packards Corner
2026-07-20,Green,place-brkhl,236,0.2966101694915254,91.5,Brookline Hills
2026-07-20,Green,place-brmnl,266,0.15789473684210525,-33.0,Brigham Circle
2026-07-20,Green,place-bucen,217,0.24423963133640553,47.0,Boston University Central
2026-07-20,Green,place-buest,216,0.24074074074074073,50.5,Boston University East
2026-07-20,Green,place-bvmnl,237,0.3037974683544304,98.0,Brookline Village
2026-07-20,Green,place-chhil,233,0.27896995708154504,106.0,Chestnut Hill
2026-07-20,Green,place-chill,207,0.21739130434782608,37.0,Chestnut Hill Avenue
2026-07-20,Green,place-chswk,208,0.20192307692307693,8.0,Chiswick Road
2026-07-20,Green,place-coecl,928,0.2683189655172414,88.0,Copley
2026-07-20,Green,place-cool,249,0.39759036144578314,196.0,Coolidge Corner
2026-07-20,Green,place-denrd,246,0.3170731707317073,168.5,Dean Road
2026-07-20,Green,place-eliot,233,0.26180257510729615,79.0,Eliot
2026-07-20,Green,place-engav,244,0.3524590163934426,179.5,Englewood Avenue
2026-07-20,Green,place-esomr,273,0.0989010989010989,15.0,East Somerville
2026-07-20,Green,place-fbkst,250,0.4,225.0,Fairbanks Street
2026-07-20,Green,place-fenwd,265,0.17735849056603772,-23.0,Fenwood Road
2026-07-20,Green,place-fenwy,234,0.3076923076923077,102.5,Fenway
2026-07-20,Green,place-gilmn,285,0.11228070175438597,24.0,Gilman Square
2026-07-20,Green,place-gover,503,0.20675944333996024,46.0,Government Center
2026-07-20,Green,place-grigg,217,0.22119815668202766,47.0,Griggs Street
2026-07-20,Green,place-haecl,503,0.20278330019880716,15.0,Haymarket
2026-07-20,Green,place-harvd,218,0.20642201834862386,62.0,Harvard Avenue
2026-07-20,Green,place-hwsst,248,0.4274193548387097,262.5,Hawes Street
2026-07-20,Green,place-hymnl,653,0.3231240428790199,141.0,Hynes Convention Center
2026-07-20,Green,place-kencl,696,0.31896551724137934,133.5,Kenmore
2026-07-20,Green,place-kntst,248,0.43548387096774194,249.0,Kent Street
2026-07-20,Green,place-lech,505,0.18217821782178217,7.0,Lechmere
2026-07-20,Green,place-lngmd,271,0.15867158671586715,-31.0,Longwood Medical Area
2026-07-20,Green,place-longw,237,0.31645569620253167,106.0,Longwood
2026-07-20,Green,place-mfa,270,0.15925925925925927,-26.5,Museum of Fine Arts
2026-07-20,Green,place-mgngl,286,0.10139860139860139,35.0,Magoun Square
2026-07-20,Green,place-mispk,268,0.1455223880597015,-68.5,Mission Park
2026-07-20,Green,place-newtn,233,0.26180257510729615,94.0,Newton Highlands
2026-07-20,Green,place-newto,234,0.2606837606837607,109.0,Newton Centre
2026-07-20,Green,place-north,506,0.2015810276679842,7.0,North Station
2026-07-20,Green,place-nuniv,268,0.1455223880597015,-45.5,Northeastern University
2026-07-20,Green,place-pktrm,922,0.2668112798264642,88.0,Park Street
2026-07-20,Green,place-prmnl,270,0.1814814814814815,-23.5,Prudential
2026-07-20,Green,place-rsmnl,235,0.2680851063829787,107.0,Reservoir
2026-07-20,Green,place-rvrwy,269,0.16356877323420074,-39.0,Riverway
2026-07-20,Green,place-smary,251,0.4302788844621514,246.0,Saint Marys Street
2026-07-20,Green,place-sougr,206,0.19902912621359223,-11.0,South Street
2026-07-20,Green,place-spmnl,504,0.19047619047619047,24.5,Science Park
2026-07-20,Green,place-sthld,212,0.22641509433962265,13.0,Sutherland Road
2026-07-20,Green,place-stpul,248,0.39919354838709675,247.0,Saint Paul Street
2026-07-20,Green,place-sumav,117,0.26495726495726496,116.0,Summit Avenue
2026-07-20,Green,place-tapst,247,0.32793522267206476,195.0,Tappan Street
2026-07-20,Green,place-waban,233,0.2575107296137339,94.0,Waban
2026-07-20,Green,place-wascm,213,0.20657276995305165,20.0,Washington Street
2026-07-20,Green,place-woodl,226,0.23893805309734514,80.5,Woodland
2026-07-20,Green,place-wrnst,215,0.20930232558139536,2.0,Warren Street
2026-07-20,Mattapan,place-butlr,258,0.015503875968992248,-58.0,Butler
2026-07-20,Mattapan,place-capst,256,0.01953125,-20.5,Capen Street
2026-07-20,Mattapan,place-cedgr,256,0.015625,-68.0,Cedar Grove
2026-07-20,Mattapan,place-cenav,257,0.01556420233463035,-33.0,Central Avenue
2026-07-20,Mattapan,place-miltt,258,0.011627906976744186,-66.0,Milton
2026-07-20,Mattapan,place-valrd,257,0.01556420233463035,-22.0,Valley Road
2026-07-20,Orange,place-astao,430,0.19069767441860466,53.5,Assembly
2026-07-20,Orange,place-bbsta,431,0.18097447795823665,52.0,Back Bay
2026-07-20,Orange,place-ccmnl,431,0.18793503480278423,46.0,Community College
2026-07-20,Orange,place-chncl,429,0.18181818181818182,62.0,Chinatown
2026-07-20,Orange,place-dwnxg,429,0.1864801864801865,53.0,Downtown Crossing
2026-07-20,Orange,place-grnst,432,0.18518518518518517,69.0,Green Street
2026-07-20,Orange,place-haecl,431,0.18329466357308585,57.0,Haymarket
2026-07-20,Orange,place-jaksn,432,0.17592592592592593,58.0,Jackson Square
2026-07-20,Orange,place-masta,430,0.18372093023255814,68.0,Massachusetts Avenue
2026-07-20,Orange,place-mlmnl,429,0.20046620046620048,70.0,Malden Center
2026-07-20,Orange,place-north,431,0.17865429234338748,49.0,North Station
2026-07-20,Orange,place-rcmnl,430,0.1697674418604651,57.0,Roxbury Crossing
2026-07-20,Orange,place-rugg,429,0.19114219114219114,86.0,Ruggles
2026-07-20,Orange,place-sbmnl,431,0.1740139211136891,56.0,Stony Brook
2026-07-20,Orange,place-state,432,0.16898148148148148,35.5,State
2026-07-20,Orange,place-sull,431,0.18793503480278423,47.0,Sullivan Square
2026-07-20,Orange,place-tumnl,430,0.18604651162790697,61.0,Tufts Medical Center
2026-07-20,Orange,place-welln,429,0.19347319347319347,61.0,Wellington
2026-07-20,Red,place-andrw,289,0.5778546712802768,406.0,Andrew
2026-07-20,Red,place-brdwy,291,0.5773195876288659,409.0,Broadway
2026-07-20,Red,place-chmnl,293,0.5836177474402731,395.0,Charles/MGH
2026-07-20,Red,place-cntsq,293,0.5665529010238908,399.0,Central
2026-07-20,Red,place-davis,291,0.584192439862543,370.0,Davis
2026-07-20,Red,place-dwnxg,291,0.5738831615120275,393.0,Downtown Crossing
2026-07-20,Red,place-fldcr,137,0.5474452554744526,372.0,Fields Corner
2026-07-20,Red,place-harsq,291,0.5945017182130584,396.0,Harvard
2026-07-20,Red,place-jfk,291,0.5601374570446735,379.0,JFK/UMass
2026-07-20,Red,place-knncl,292,0.589041095890411,400.0,Kendall/MIT
2026-07-20,Red,place-nqncy,154,0.5714285714285714,374.0,North Quincy
2026-07-20,Red,place-pktrm,292,0.5856164383561644,406.0,Park Street
2026-07-20,Red,place-portr,292,0.6061643835616438,408.0,Porter
2026-07-20,Red,place-qamnl,154,0.5194805194805194,323.5,Quincy Adams
2026-07-20,Red,place-qnctr,154,0.551948051948052,364.0,Quincy Center
2026-07-20,Red,place-shmnl,135,0.562962962962963,415.0,Savin Hill
2026-07-20,Red,place-smmnl,138,0.5579710144927537,354.5,Shawmut
2026-07-20,Red,place-sstat,292,0.5856164383561644,412.0,South Station
2026-07-20,Red,place-wlsta,154,0.5714285714285714,355.0,Wollaston
2026-07-21,Blue,place-aport,403,0.4317617866004963,263.0,Airport
2026-07-21,Blue,place-aqucl,404,0.48267326732673266,289.0,Aquarium
2026-07-21,Blue,place-bmmnl,399,0.42105263157894735,262.0,Beachmont
2026-07-21,Blue,place-gover,404,0.4306930693069307,272.0,Government Center
2026-07-21,Blue,place-mvbcl,403,0.4317617866004963,269.0,Maverick
2026-07-21,Blue,place-orhte,400,0.45,264.0,Orient Heights
2026-07-21,Blue,place-rbmnl,399,0.44360902255639095,272.0,Revere Beach
2026-07-21,Blue,place-sdmnl,399,0.48370927318295737,291.0,Suffolk Downs
2026-07-21,Blue,place-state,403,0.47146401985111663,291.0,State
2026-07-21,Blue,place-wimnl,403,0.4317617866004963,268.0,Wood Island
2026-07-21,Green,place-alsgr,221,0.2669683257918552,121.0,Allston Street
2026-07-21,Green,place-amory,220,0.3181818181818182,156.0,Amory Street
2026-07-21,Green,place-armnl,954,0.25471698113207547,100.0,Arlington
2026-07-21,Green,place-babck,219,0.3013698630136986,156.0,Babcock Street
2026-07-21,Green,place-balsq,277,0.06498194945848375,-11.0,Ball Square
2026-07-21,Green,place-bckhl,264,0.14015151515151514,-60.5,Back of the Hill
2026-07-21,Green,place-bcnfd,202,0.400990099009901,213.0,Beaconsfield
2026-07-21,Green,place-bcnwa,266,0.17669172932330826,76.0,Washington Square
2026-07-21,Green,place-bland,219,0.3607305936073059,145.0,Blandford Street
2026-07-21,Green,place-bndhl,267,0.1947565543071161,92.0,Brandon Hall
2026-07-21,Green,place-boyls,946,0.2653276955602537,102.0,Boylston
2026-07-21,Green,place-brico,221,0.29411764705882354,146.0,Packards Corner
2026-07-21,Green,place-brkhl,201,0.39303482587064675,220.0,Brookline Hills
2026-07-21,Green,place-brmnl,264,0.14015151515151514,-43.0,Brigham Circle
2026-07-21,Green,place-bucen,220,0.33181818181818185,150.0,Boston University Central
2026-07-21,Green,place-buest,218,0.3165137614678899,150.5,Boston University East
2026-07-21,Green,place-bvmnl,202,0.39603960396039606,198.0,Brookline Village
2026-07-21,Green,place-chhil,195,0.37948717948717947,215.0,Chestnut Hill
2026-07-21,Green,place-chill,215,0.31627906976744186,113.0,Chestnut Hill Avenue
2026-07-21,Green,place-chswk,218,0.2889908256880734,87.5,Chiswick Road
2026-07-21,Green,place-coecl,909,0.2552255225522552,92.0,Copley
2026-07-21,Green,place-cool,267,0.18352059925093633,78.0,Coolidge Corner
2026-07-21,Green,place-denrd,266,0.13909774436090225,23.5,Dean Road
2026-07-21,Green,place-eliot,197,0.4010152284263959,222.0,Eliot
2026-07-21,Green,place-engav,265,0.16981132075471697,44.0,Englewood Avenue
2026-07-21,Green,place-esomr,269,0.07434944237918216,14.0,East Somerville
2026-07-21,Green,place-fbkst,266,0.19172932330827067,91.0,Fairbanks Street
2026-07-21,Green,place-fenwd,264,0.14772727272727273,-19.5,Fenwood Road
2026-07-21,Green,place-fenwy,204,0.39215686274509803,196.5,Fenway
2026-07-21,Green,place-gilmn,278,0.07553956834532374,21.0,Gilman Square
2026-07-21,Green,place-gover,459,0.24618736383442266,95.0,Government Center
2026-07-21,Green,place-grigg,221,0.27149321266968324,134.0,Griggs Street
2026-07-21,Green,place-haecl,457,0.2210065645514223,66.0,Haymarket
2026-07-21,Green,place-harvd,221,0.27149321266968324,114.0,Harvard Avenue
2026-07-21,Green,place-hwsst,266,0.22556390977443608,121.0,Hawes Street
2026-07-21,Green,place-hymnl,645,0.29767441860465116,148.0,Hynes Convention Center
2026-07-21,Green,place-kencl,679,0.29455081001472755,133.0,Kenmore
2026-07-21,Green,place-kntst,266,0.21052631578947367,122.5,Kent Street
2026-07-21,Green,place-lech,470,0.19148936170212766,47.0,Lechmere
2026-07-21,Green,place-lngmd,264,0.13257575757575757,-20.0,Longwood Medical Area
2026-07-21,Green,place-longw,204,0.39705882352941174,201.5,Longwood
2026-07-21,Green,place-mfa,265,0.13962264150943396,-15.0,Museum of Fine Arts
2026-07-21,Green,place-mgngl,279,0.07526881720430108,25.0,Magoun Square
2026-07-21,Green,place-mispk,265,0.12452830188679245,-76.0,Mission Park
2026-07-21,Green,place-newtn,197,0.39593908629441626,212.0,Newton Highlands
2026-07-21,Green,place-newto,197,0.40609137055837563,204.0,Newton Centre
2026-07-21,Green,place-north,471,0.22717622080679406,66.0,North Station
2026-07-21,Green,place-nuniv,266,0.13533834586466165,-36.5,Northeastern University
2026-07-21,Green,place-pktrm,867,0.24452133794694347,105.0,Park Street
2026-07-21,Green,place-prmnl,263,0.155893536121673,-22.0,Prudential
2026-07-21,Green,place-rsmnl,197,0.38071065989847713,201.0,Reservoir
2026-07-21,Green,place-rvrwy,265,0.13962264150943396,-60.0,Riverway
2026-07-21,Green,place-smary,266,0.20676691729323307,104.5,Saint Marys Street
2026-07-21,Green,place-sougr,214,0.2757009345794392,75.5,South Street
2026-07-21,Green,place-spmnl,466,0.21030042918454936,74.0,Science Park
2026-07-21,Green,place-sthld,219,0.2876712328767123,100.0,Sutherland Road
2026-07-21,Green,place-stpul,266,0.20676691729323307,125.0,Saint Paul Street
2026-07-21,Green,place-sumav,133,0.06766917293233082,27.0,Summit Avenue
2026-07-21,Green,place-tapst,266,0.17293233082706766,54.0,Tappan Street
2026-07-21,Green,place-waban,194,0.37628865979381443,201.0,Waban
2026-07-21,Green,place-wascm,220,0.29545454545454547,115.5,Washington Street
2026-07-21,Green,place-woodl,191,0.3769633507853403,176.0,Woodland
2026-07-21,Green,place-wrnst,221,0.2579185520361991,77.0,Warren Street
2026-07-21,Mattapan,place-butlr,257,0.023346303501945526,-73.0,Butler
2026-07-21,Mattapan,place-capst,258,0.023255813953488372,-16.0,Capen Street
2026-07-21,Mattapan,place-cedgr,258,0.027131782945736434,-80.0,Cedar Grove
2026-07-21,Mattapan,place-cenav,258,0.023255813953488372,-44.0,Central Avenue
2026-07-21,Mattapan,place-miltt,257,0.023346303501945526,-83.0,Milton
2026-07-21,Mattapan,place-valrd,258,0.023255813953488372,-16.5,Valley Road
2026-07-21,Orange,place-astao,428,0.08177570093457943,47.0,Assembly
2026-07-21,Orange,place-bbsta,428,0.08411214953271028,43.5,Back Bay
2026-07-21,Orange,place-ccmnl,428,0.08644859813084112,42.0,Community College
2026-07-21,Orange,place-chncl,427,0.0936768149882904,57.0,Chinatown
2026-07-21,Orange,place-dwnxg,428,0.0911214953271028,54.5,Downtown Crossing
2026-07-21,Orange,place-grnst,427,0.07259953161592506,49.0,Green Street
2026-07-21,Orange,place-haecl,428,0.08411214953271028,59.0,Haymarket
2026-07-21,Orange,place-jaksn,428,0.06775700934579439,38.0,Jackson Square
2026-07-21,Orange,place-masta,428,0.08644859813084112,48.5,Massachusetts Avenue
2026-07-21,Orange,place-mlmnl,428,0.08411214953271028,65.5,Malden Center
2026-07-21,Orange,place-north,427,0.08899297423887588,47.0,North Station
2026-07-21,Orange,place-rcmnl,428,0.07710280373831775,36.5,Roxbury Crossing
2026-07-21,Orange,place-rugg,428,0.09345794392523364,63.5,Ruggles
2026-07-21,Orange,place-sbmnl,427,0.06557377049180328,43.0,Stony Brook
2026-07-21,Orange,place-state,428,0.0794392523364486,32.0,State
2026-07-21,Orange,place-sull,428,0.08644859813084112,41.0,Sullivan Square
2026-07-21,Orange,place-tumnl,428,0.08411214953271028,46.5,Tufts Medical Center
2026-07-21,Orange,place-welln,426,0.07511737089201878,56.5,Wellington
2026-07-21,Red,place-andrw,25,0.04,-890.0,Andrew
2026-07-21,Red,place-brdwy,24,0.041666666666666664,-899.5,Broadway
2026-07-21,Red,place-dwnxg,23,0.08695652173913043,-879.0,Downtown Crossing
2026-07-21,Red,place-fldcr,15,0.13333333333333333,-860.0,Fields Corner
2026-07-21,Red,place-jfk,22,0.09090909090909091,-846.5,JFK/UMass
2026-07-21,Red,place-nqncy,6,0.16666666666666666,-732.0,North Quincy
2026-07-21,Red,place-qamnl,6,0.16666666666666666,-658.0,Quincy Adams
2026-07-21,Red,place-qnctr,6,0.16666666666666666,-655.5,Quincy Center
2026-07-21,Red,place-shmnl,16,0.125,-881.5,Savin Hill
2026-07-21,Red,place-smmnl,15,0.13333333333333333,-828.0,Shawmut
2026-07-21,Red,place-sstat,23,0.043478260869565216,-892.0,South Station
2026-07-21,Red,place-wlsta,6,0.16666666666666666,-662.5,Wollaston
2026-07-22,Blue,place-aport,383,0.2402088772845953,75.0,Airport
2026-07-22,Blue,place-aqucl,383,0.24281984334203655,98.0,Aquarium
2026-07-22,Blue,place-bmmnl,376,0.24468085106382978,70.0,Beachmont
2026-07-22,Blue,place-gover,383,0.23237597911227154,69.0,Government Center
2026-07-22,Blue,place-mvbcl,382,0.22774869109947643,87.0,Maverick
2026-07-22,Blue,place-orhte,379,0.24274406332453827,79.0,Orient Heights
2026-07-22,Blue,place-rbmnl,374,0.24331550802139038,72.5,Revere Beach
2026-07-22,Blue,place-sdmnl,376,0.2473404255319149,102.5,Suffolk Downs
2026-07-22,Blue,place-state,383,0.2506527415143603,101.0,State
2026-07-22,Blue,place-wimnl,383,0.2402088772845953,91.0,Wood Island
2026-07-22,Green,place-alsgr,216,0.17592592592592593,48.5,Allston Street
2026-07-22,Green,place-amory,214,0.24299065420560748,88.0,Amory Street
2026-07-22,Green,place-armnl,956,0.2834728033472803,127.5,Arlington
2026-07-22,Green,place-babck,213,0.22065727699530516,70.0,Babcock Street
2026-07-22,Green,place-balsq,282,0.08865248226950355,-7.0,Ball Square
2026-07-22,Green,place-bckhl,256,0.15625,-34.0,Back of the Hill
2026-07-22,Green,place-bcnfd,223,0.4080717488789238,211.0,Beaconsfield
2026-07-22,Green,place-bcnwa,253,0.22529644268774704,99.0,Washington Square
2026-07-22,Green,place-bland,213,0.2347417840375587,89.0,Blandford Street
2026-07-22,Green,place-bndhl,252,0.25,127.5,Brandon Hall
2026-07-22,Green,place-boyls,957,0.296760710553814,129.0,Boylston
2026-07-22,Green,place-brico,215,0.21395348837209302,53.0,Packards Corner
2026-07-22,Green,place-brkhl,219,0.410958904109589,234.0,Brookline Hills
2026-07-22,Green,place-brmnl,255,0.13725490196078433,-12.0,Brigham Circle
2026-07-22,Green,place-bucen,214,0.22897196261682243,85.5,Boston University Central
2026-07-22,Green,place-buest,213,0.2347417840375587,90.0,Boston University East
2026-07-22,Green,place-bvmnl,222,0.3918918918918919,226.0,Brookline Village
2026-07-22,Green,place-chhil,223,0.36771300448430494,206.0,Chestnut Hill
2026-07-22,Green,place-chill,213,0.20187793427230047,43.0,Chestnut Hill Avenue
2026-07-22,Green,place-chswk,213,0.1784037558685446,19.0,Chiswick Road
2026-07-22,Green,place-coecl,920,0.2684782608695652,110.0,Copley
2026-07-22,Green,place-cool,254,0.2283464566929134,122.0,Coolidge Corner
2026-07-22,Green,place-denrd,253,0.19367588932806323,45.0,Dean Road
2026-07-22,Green,place-eliot,221,0.36199095022624433,181.0,Eliot
2026-07-22,Green,place-engav,256,0.21875,70.0,Englewood Avenue
2026-07-22,Green,place-esomr,270,0.07777777777777778,28.5,East Somerville
2026-07-22,Green,place-fbkst,252,0.24206349206349206,132.5,Fairbanks Street
2026-07-22,Green,place-fenwd,256,0.18359375,1.0,Fenwood Road
2026-07-22,Green,place-fenwy,224,0.4017857142857143,224.5,Fenway
2026-07-22,Green,place-gilmn,284,0.10211267605633803,31.5,Gilman Square
2026-07-22,Green,place-gover,481,0.29313929313929316,114.0,Government Center
2026-07-22,Green,place-grigg,215,0.19534883720930232,47.0,Griggs Street
2026-07-22,Green,place-haecl,478,0.26778242677824265,101.5,Haymarket
2026-07-22,Green,place-harvd,215,0.2,51.0,Harvard Avenue
2026-07-22,Green,place-hwsst,254,0.2795275590551181,159.5,Hawes Street
2026-07-22,Green,place-hymnl,647,0.3230293663060278,159.0,Hynes Convention Center
2026-07-22,Green,place-kencl,688,0.29941860465116277,149.0,Kenmore
2026-07-22,Green,place-kntst,254,0.2637795275590551,170.5,Kent Street
2026-07-22,Green,place-lech,495,0.21818181818181817,76.0,Lechmere
2026-07-22,Green,place-lngmd,273,0.15384615384615385,18.0,Longwood Medical Area
2026-07-22,Green,place-longw,223,0.40358744394618834,231.0,Longwood
2026-07-22,Green,place-mfa,273,0.13186813186813187,1.0,Museum of Fine Arts
2026-07-22,Green,place-mgngl,283,0.09540636042402827,29.0,Magoun Square
2026-07-22,Green,place-mispk,256,0.13671875,-48.0,Mission Park
2026-07-22,Green,place-newtn,221,0.36199095022624433,190.0,Newton Highlands
2026-07-22,Green,place-newto,223,0.35874439461883406,183.0,Newton Centre
2026-07-22,Green,place-north,485,0.2515463917525773,107.0,North Station
2026-07-22,Green,place-nuniv,271,0.13284132841328414,-27.0,Northeastern University
2026-07-22,Green,place-pktrm,885,0.28700564971751413,133.0,Park Street
2026-07-22,Green,place-prmnl,272,0.14705882352941177,8.0,Prudential
2026-07-22,Green,place-rsmnl,223,0.34977578475336324,198.0,Reservoir
2026-07-22,Green,place-rvrwy,256,0.1640625,-11.5,Riverway
2026-07-22,Green,place-smary,255,0.2627450980392157,156.0,Saint Marys Street
2026-07-22,Green,place-sougr,210,0.16666666666666666,-7.0,South Street
2026-07-22,Green,place-spmnl,488,0.2520491803278688,105.5,Science Park
2026-07-22,Green,place-sthld,216,0.18981481481481483,38.0,Sutherland Road
2026-07-22,Green,place-stpul,254,0.25984251968503935,158.5,Saint Paul Street
2026-07-22,Green,place-sumav,127,0.10236220472440945,77.0,Summit Avenue
2026-07-22,Green,place-tapst,253,0.22134387351778656,91.0,Tappan Street
2026-07-22,Green,place-waban,218,0.3348623853211009,163.5,Waban
2026-07-22,Green,place-wascm,215,0.1813953488372093,33.0,Washington Street
2026-07-22,Green,place-woodl,217,0.3225806451612903,161.0,Woodland
2026-07-22,Green,place-wrnst,216,0.16666666666666666,20.5,Warren Street
2026-07-22,Mattapan,place-butlr,249,0.0,-57.0,Butler
2026-07-22,Mattapan,place-capst,249,0.0,-8.0,Capen Street
2026-07-22,Mattapan,place-cedgr,250,0.0,-68.5,Cedar Grove
2026-07-22,Mattapan,place-cenav,248,0.0,-32.5,Central Avenue
2026-07-22,Mattapan,place-miltt,248,0.0,-67.5,Milton
2026-07-22,Mattapan,place-valrd,249,0.004016064257028112,-7.0,Valley Road
2026-07-22,Orange,place-astao,381,0.27296587926509186,70.0,Assembly
2026-07-22,Orange,place-bbsta,380,0.3105263157894737,66.5,Back Bay
2026-07-22,Orange,place-ccmnl,380,0.2894736842105263,70.5,Community College
2026-07-22,Orange,place-chncl,380,0.32105263157894737,78.5,Chinatown
2026-07-22,Orange,place-dwnxg,379,0.32717678100263853,87.0,Downtown Crossing
2026-07-22,Orange,place-grnst,374,0.32085561497326204,95.0,Green Street
2026-07-22,Orange,place-haecl,381,0.3228346456692913,79.0,Haymarket
2026-07-22,Orange,place-jaksn,381,0.31758530183727035,74.0,Jackson Square
2026-07-22,Orange,place-masta,381,0.3123359580052493,78.0,Massachusetts Avenue
2026-07-22,Orange,place-mlmnl,379,0.2796833773087071,83.0,Malden Center
2026-07-22,Orange,place-north,381,0.3123359580052493,80.0,North Station
2026-07-22,Orange,place-rcmnl,381,0.30971128608923887,79.0,Roxbury Crossing
2026-07-22,Orange,place-rugg,381,0.32020997375328086,104.0,Ruggles
2026-07-22,Orange,place-sbmnl,378,0.3201058201058201,69.5,Stony Brook
2026-07-22,Orange,place-state,378,0.3201058201058201,54.0,State
2026-07-22,Orange,place-sull,381,0.2782152230971129,63.0,Sullivan Square
2026-07-22,Orange,place-tumnl,381,0.31758530183727035,73.0,Tufts Medical Center
2026-07-22,Orange,place-welln,379,0.2770448548812665,73.0,Wellington
2026-07-22,Red,place-andrw,24,0.08333333333333333,-926.0,Andrew
2026-07-22,Red,place-brdwy,24,0.08333333333333333,-922.5,Broadway
2026-07-22,Red,place-dwnxg,20,0.05,-930.0,Downtown Crossing
2026-07-22,Red,place-fldcr,10,0.0,-1130.0,Fields Corner
2026-07-22,Red,place-jfk,23,0.08695652173913043,-905.0,JFK/UMass
2026-07-22,Red,place-nqncy,13,0.23076923076923078,-770.0,North Quincy
2026-07-22,Red,place-qamnl,13,0.23076923076923078,-762.0,Quincy Adams
2026-07-22,Red,place-qnctr,13,0.23076923076923078,-779.0,Quincy Center
2026-07-22,Red,place-shmnl,10,0.0,-1124.5,Savin Hill
2026-07-22,Red,place-smmnl,10,0.0,-1122.0,Shawmut
2026-07-22,Red,place-sstat,24,0.08333333333333333,-928.0,South Station
2026-07-22,Red,place-wlsta,14,0.21428571428571427,-806.5,Wollaston
2026-07-23,Blue,place-aport,298,0.40939597315436244,171.5,Airport
2026-07-23,Blue,place-aqucl,302,0.4271523178807947,211.0,Aquarium
2026-07-23,Blue,place-bmmnl,287,0.4076655052264808,148.0,Beachmont
2026-07-23,Blue,place-gover,305,0.43278688524590164,193.0,Government Center
2026-07-23,Blue,place-mvbcl,298,0.41946308724832215,195.5,Maverick
2026-07-23,Blue,place-orhte,290,0.4103448275862069,163.5,Orient Heights
2026-07-23,Blue,place-rbmnl,287,0.40069686411149824,133.0,Revere Beach
2026-07-23,Blue,place-sdmnl,287,0.41114982578397213,180.0,Suffolk Downs
2026-07-23,Blue,place-state,305,0.43934426229508194,226.0,State
2026-07-23,Blue,place-wimnl,296,0.4222972972972973,193.5,Wood Island
2026-07-23,Green,place-alsgr,223,0.06726457399103139,-44.0,Allston Street
2026-07-23,Green,place-amory,224,0.09375,-6.5,Amory Street
2026-07-23,Green,place-armnl,978,0.147239263803681,19.5,Arlington
2026-07-23,Green,place-babck,224,0.09821428571428571,-20.5,Babcock Street
2026-07-23,Green,place-balsq,268,0.06343283582089553,-53.0,Ball Square
2026-07-23,Green,place-bckhl,248,0.10483870967741936,-91.0,Back of the Hill
2026-07-23,Green,place-bcnfd,235,0.19148936170212766,93.0,Beaconsfield
2026-07-23,Green,place-bcnwa,266,0.10526315789473684,47.5,Washington Square
2026-07-23,Green,place-bland,222,0.07657657657657657,-10.0,Blandford Street
2026-07-23,Green,place-bndhl,268,0.13432835820895522,53.0,Brandon Hall
2026-07-23,Green,place-boyls,971,0.15242018537590113,24.0,Boylston
2026-07-23,Green,place-brico,224,0.08482142857142858,-27.0,Packards Corner
2026-07-23,Green,place-brkhl,234,0.20085470085470086,93.5,Brookline Hills
2026-07-23,Green,place-brmnl,252,0.0992063492063492,-79.5,Brigham Circle
2026-07-23,Green,place-bucen,223,0.08520179372197309,-11.0,Boston University Central
2026-07-23,Green,place-buest,222,0.07207207207207207,-15.0,Boston University East
2026-07-23,Green,place-bvmnl,234,0.21794871794871795,76.5,Brookline Village
2026-07-23,Green,place-chhil,232,0.1853448275862069,90.0,Chestnut Hill
2026-07-23,Green,place-chill,215,0.08837209302325581,-37.0,Chestnut Hill Avenue
2026-07-23,Green,place-chswk,216,0.08796296296296297,-42.0,Chiswick Road
2026-07-23,Green,place-coecl,936,0.1346153846153846,14.0,Copley
2026-07-23,Green,place-cool,268,0.09328358208955224,52.5,Coolidge Corner
2026-07-23,Green,place-denrd,262,0.09923664122137404,-2.0,Dean Road
2026-07-23,Green,place-eliot,233,0.14163090128755365,96.0,Eliot
2026-07-23,Green,place-engav,260,0.12692307692307692,12.5,Englewood Avenue
2026-07-23,Green,place-esomr,266,0.09398496240601503,-2.5,East Somerville
2026-07-23,Green,place-fbkst,267,0.11610486891385768,67.0,Fairbanks Street
2026-07-23,Green,place-fenwd,251,0.11553784860557768,-45.0,Fenwood Road
2026-07-23,Green,place-fenwy,235,0.2425531914893617,83.0,Fenway
2026-07-23,Green,place-gilmn,277,0.09025270758122744,-9.0,Gilman Square
2026-07-23,Green,place-gover,481,0.1787941787941788,24.0,Government Center
2026-07-23,Green,place-grigg,223,0.05829596412556054,-47.0,Griggs Street
2026-07-23,Green,place-haecl,485,0.16082474226804125,16.0,Haymarket
2026-07-23,Green,place-harvd,223,0.08071748878923767,-59.0,Harvard Avenue
2026-07-23,Green,place-hwsst,267,0.1198501872659176,91.0,Hawes Street
2026-07-23,Green,place-hymnl,676,0.14201183431952663,45.5,Hynes Convention Center
2026-07-23,Green,place-kencl,721,0.14147018030513175,40.0,Kenmore
2026-07-23,Green,place-kntst,265,0.12452830188679245,88.0,Kent Street
2026-07-23,Green,place-lech,499,0.1402805611222445,-13.0,Lechmere
2026-07-23,Green,place-lngmd,264,0.10984848484848485,-79.5,Longwood Medical Area
2026-07-23,Green,place-longw,236,0.22033898305084745,79.5,Longwood
2026-07-23,Green,place-mfa,263,0.11026615969581749,-72.0,Museum of Fine Arts
2026-07-23,Green,place-mgngl,272,0.09191176470588236,-13.0,Magoun Square
2026-07-23,Green,place-mispk,253,0.11067193675889328,-112.0,Mission Park
2026-07-23,Green,place-newtn,233,0.15879828326180256,104.0,Newton Highlands
2026-07-23,Green,place-newto,232,0.16379310344827586,99.5,Newton Centre
2026-07-23,Green,place-north,493,0.15618661257606492,13.0,North Station
2026-07-23,Green,place-nuniv,262,0.10305343511450382,-97.0,Northeastern University
2026-07-23,Green,place-pktrm,930,0.14301075268817204,22.5,Park Street
2026-07-23,Green,place-prmnl,260,0.12692307692307692,-88.5,Prudential
2026-07-23,Green,place-river,1,1.0,605.0,Riverside
2026-07-23,Green,place-rsmnl,235,0.19148936170212766,84.0,Reservoir
2026-07-23,Green,place-rvrwy,251,0.11155378486055777,-72.0,Riverway
2026-07-23,Green,place-smary,265,0.12075471698113208,61.0,Saint Marys Street
2026-07-23,Green,place-sougr,209,0.07177033492822966,-69.0,South Street
2026-07-23,Green,place-spmnl,497,0.15492957746478872,10.0,Science Park
2026-07-23,Green,place-sthld,218,0.09174311926605505,-31.5,Sutherland Road
2026-07-23,Green,place-stpul,268,0.11940298507462686,81.5,Saint Paul Street
2026-07-23,Green,place-sumav,135,0.037037037037037035,37.0,Summit Avenue
2026-07-23,Green,place-tapst,265,0.12075471698113208,22.0,Tappan Street
2026-07-23,Green,place-waban,229,0.13537117903930132,63.0,Waban
2026-07-23,Green,place-wascm,218,0.10091743119266056,-32.0,Washington Street
2026-07-23,Green,place-woodl,228,0.12719298245614036,82.5,Woodland
2026-07-23,Green,place-wrnst,221,0.06334841628959276,-62.0,Warren Street
2026-07-23,Mattapan,place-butlr,251,0.08764940239043825,-32.0,Butler
2026-07-23,Mattapan,place-capst,252,0.09523809523809523,10.0,Capen Street
2026-07-23,Mattapan,place-cedgr,250,0.084,-33.5,Cedar Grove
2026-07-23,Mattapan,place-cenav,251,0.099601593625498,-13.0,Central Avenue
2026-07-23,Mattapan,place-miltt,251,0.08764940239043825,-45.0,Milton
2026-07-23,Mattapan,place-valrd,253,0.10276679841897234,17.0,Valley Road
2026-07-23,Orange,place-astao,420,0.1976190476190476,65.0,Assembly
2026-07-23,Orange,place-bbsta,422,0.1990521327014218,68.5,Back Bay
2026-07-23,Orange,place-ccmnl,421,0.19239904988123516,63.0,Community College
2026-07-23,Orange,place-chncl,422,0.20616113744075829,74.5,Chinatown
2026-07-23,Orange,place-dwnxg,422,0.2014218009478673,69.0,Downtown Crossing
2026-07-23,Orange,place-grnst,420,0.2,61.0,Green Street
2026-07-23,Orange,place-haecl,422,0.2037914691943128,65.0,Haymarket
2026-07-23,Orange,place-jaksn,422,0.20616113744075829,54.5,Jackson Square
2026-07-23,Orange,place-masta,421,0.20190023752969122,79.0,Massachusetts Avenue
2026-07-23,Orange,place-mlmnl,422,0.1990521327014218,70.0,Malden Center
2026-07-23,Orange,place-north,422,0.1990521327014218,63.0,North Station
2026-07-23,Orange,place-rcmnl,422,0.20616113744075829,63.0,Roxbury Crossing
2026-07-23,Orange,place-rugg,421,0.2161520190023753,92.0,Ruggles
2026-07-23,Orange,place-sbmnl,421,0.19714964370546317,59.0,Stony Brook
2026-07-23,Orange,place-state,422,0.1943127962085308,49.0,State
2026-07-23,Orange,place-sull,422,0.19194312796208532,61.5,Sullivan Square
2026-07-23,Orange,place-tumnl,422,0.2014218009478673,75.0,Tufts Medical Center
2026-07-23,Orange,place-welln,422,0.1966824644549763,65.5,Wellington
2026-07-23,Red,place-andrw,39,0.1794871794871795,-759.0,Andrew
2026-07-23,Red,place-brdwy,40,0.175,-780.0,Broadway
2026-07-23,Red,place-dwnxg,39,0.20512820512820512,-790.0,Downtown Crossing
2026-07-23,Red,place-fldcr,11,0.0,-885.0,Fields Corner
2026-07-23,Red,place-jfk,40,0.2,-743.0,JFK/UMass
2026-07-23,Red,place-nqncy,26,0.2692307692307692,-539.5,North Quincy
2026-07-23,Red,place-qamnl,27,0.2962962962962963,-656.0,Quincy Adams
2026-07-23,Red,place-qnctr,29,0.27586206896551724,-744.0,Quincy Center
2026-07-23,Red,place-shmnl,11,0.0,-884.0,Savin Hill
2026-07-23,Red,place-smmnl,11,0.0,-897.0,Shawmut
2026-07-23,Red,place-sstat,40,0.2,-797.0,South Station
2026-07-23,Red,place-wlsta,27,0.25925925925925924,-708.0,Wollaston
2026-07-24,Blue,place-aport,52,0.36538461538461536,65.5,Airport
2026-07-24,Blue,place-aqucl,60,0.36666666666666664,135.0,Aquarium
2026-07-24,Blue,place-bmmnl,29,0.5172413793103449,492.0,Beachmont
2026-07-24,Blue,place-gover,63,0.3968253968253968,154.0,Government Center
2026-07-24,Blue,place-mvbcl,54,0.37037037037037035,108.0,Maverick
2026-07-24,Blue,place-orhte,30,0.5333333333333333,445.0,Orient Heights
2026-07-24,Blue,place-rbmnl,29,0.5172413793103449,490.0,Revere Beach
2026-07-24,Blue,place-sdmnl,29,0.5172413793103449,525.0,Suffolk Downs
2026-07-24,Blue,place-state,60,0.36666666666666664,121.5,State
2026-07-24,Blue,place-wimnl,52,0.38461538461538464,76.0,Wood Island
2026-07-24,Green,place-alsgr,239,0.17573221757322174,62.0,Allston Street
2026-07-24,Green,place-amory,243,0.22633744855967078,115.0,Amory Street
2026-07-24,Green,place-armnl,943,0.29692470837751855,135.0,Arlington
2026-07-24,Green,place-babck,240,0.19583333333333333,125.0,Babcock Street
2026-07-24,Green,place-balsq,272,0.10294117647058823,7.5,Ball Square
2026-07-24,Green,place-bckhl,250,0.216,1.0,Back of the Hill
2026-07-24,Green,place-bcnfd,230,0.3347826086956522,178.0,Beaconsfield
2026-07-24,Green,place-bcnwa,218,0.3577981651376147,182.5,Washington Square
2026-07-24,Green,place-bland,243,0.2222222222222222,92.0,Blandford Street
2026-07-24,Green,place-bndhl,218,0.3944954128440367,199.0,Brandon Hall
2026-07-24,Green,place-boyls,939,0.30244941427050054,140.0,Boylston
2026-07-24,Green,place-brico,241,0.21161825726141079,101.0,Packards Corner
2026-07-24,Green,place-brkhl,227,0.33480176211453744,168.0,Brookline Hills
2026-07-24,Green,place-brmnl,250,0.216,-12.0,Brigham Circle
2026-07-24,Green,place-bucen,241,0.21161825726141079,82.0,Boston University Central
2026-07-24,Green,place-buest,239,0.2175732217573222,84.0,Boston University East
2026-07-24,Green,place-bvmnl,228,0.32894736842105265,160.0,Brookline Village
2026-07-24,Green,place-chhil,225,0.3377777777777778,156.0,Chestnut Hill
2026-07-24,Green,place-chill,236,0.2033898305084746,82.5,Chestnut Hill Avenue
2026-07-24,Green,place-chswk,235,0.2127659574468085,58.0,Chiswick Road
2026-07-24,Green,place-coecl,907,0.28996692392502754,119.0,Copley
2026-07-24,Green,place-cool,218,0.3761467889908257,196.5,Coolidge Corner
2026-07-24,Green,place-denrd,216,0.28703703703703703,127.0,Dean Road
2026-07-24,Green,place-eliot,224,0.3080357142857143,185.5,Eliot
2026-07-24,Green,place-engav,215,0.31627906976744186,140.0,Englewood Avenue
2026-07-24,Green,place-esomr,259,0.12355212355212356,47.0,East Somerville
2026-07-24,Green,place-fbkst,218,0.3944954128440367,198.5,Fairbanks Street
2026-07-24,Green,place-fenwd,249,0.23694779116465864,16.0,Fenwood Road
2026-07-24,Green,place-fenwy,228,0.31140350877192985,157.0,Fenway
2026-07-24,Green,place-gilmn,269,0.11895910780669144,37.0,Gilman Square
2026-07-24,Green,place-gover,469,0.2537313432835821,97.0,Government Center
2026-07-24,Green,place-grigg,241,0.1908713692946058,68.0,Griggs Street
2026-07-24,Green,place-haecl,476,0.22268907563025211,79.0,Haymarket
2026-07-24,Green,place-harvd,241,0.16597510373443983,67.0,Harvard Avenue
2026-07-24,Green,place-hwsst,222,0.46396396396396394,248.0,Hawes Street
2026-07-24,Green,place-hymnl,652,0.3328220858895706,167.5,Hynes Convention Center
2026-07-24,Green,place-kencl,682,0.3284457478005865,161.5,Kenmore
2026-07-24,Green,place-kntst,222,0.44594594594594594,239.5,Kent Street
2026-07-24,Green,place-lech,483,0.15942028985507245,42.0,Lechmere
2026-07-24,Green,place-lngmd,259,0.1969111969111969,21.0,Longwood Medical Area
2026-07-24,Green,place-longw,228,0.33771929824561403,167.5,Longwood
2026-07-24,Green,place-mfa,259,0.2084942084942085,38.0,Museum of Fine Arts
2026-07-24,Green,place-mgngl,270,0.11481481481481481,44.5,Magoun Square
2026-07-24,Green,place-mispk,250,0.208,-15.0,Mission Park
2026-07-24,Green,place-newtn,226,0.35398230088495575,197.0,Newton Highlands
2026-07-24,Green,place-newto,226,0.35398230088495575,196.5,Newton Centre
2026-07-24,Green,place-north,476,0.21008403361344538,71.5,North Station
2026-07-24,Green,place-nuniv,258,0.18992248062015504,-2.0,Northeastern University
2026-07-24,Green,place-pktrm,869,0.28768699654775604,141.0,Park Street
2026-07-24,Green,place-prmnl,259,0.2084942084942085,23.0,Prudential
2026-07-24,Green,place-rsmnl,225,0.3377777777777778,154.0,Reservoir
2026-07-24,Green,place-rvrwy,249,0.21285140562248997,-4.0,Riverway
2026-07-24,Green,place-smary,222,0.4594594594594595,264.0,Saint Marys Street
2026-07-24,Green,place-sougr,235,0.19574468085106383,9.0,South Street
2026-07-24,Green,place-spmnl,479,0.19206680584551147,75.0,Science Park
2026-07-24,Green,place-sthld,236,0.211864406779661,57.5,Sutherland Road
2026-07-24,Green,place-stpul,221,0.43891402714932126,239.0,Saint Paul Street
2026-07-24,Green,place-sumav,110,0.2818181818181818,140.0,Summit Avenue
2026-07-24,Green,place-tapst,217,0.34101382488479265,150.0,Tappan Street
2026-07-24,Green,place-waban,223,0.28699551569506726,178.0,Waban
2026-07-24,Green,place-wascm,237,0.19831223628691982,63.0,Washington Street
2026-07-24,Green,place-woodl,222,0.2882882882882883,177.0,Woodland
2026-07-24,Green,place-wrnst,241,0.17427385892116182,35.0,Warren Street
2026-07-24,Mattapan,place-butlr,258,0.046511627906976744,-49.0,Butler
2026-07-24,Mattapan,place-capst,258,0.050387596899224806,5.0,Capen Street
2026-07-24,Mattapan,place-cedgr,260,0.03461538461538462,-48.0,Cedar Grove
2026-07-24,Mattapan,place-cenav,256,0.0546875,-22.5,Central Avenue
2026-07-24,Mattapan,place-miltt,257,0.05058365758754864,-55.0,Milton
2026-07-24,Mattapan,place-valrd,258,0.050387596899224806,1.5,Valley Road
2026-07-24,Orange,place-astao,392,0.29591836734693877,76.5,Assembly
2026-07-24,Orange,place-bbsta,392,0.27040816326530615,63.5,Back Bay
2026-07-24,Orange,place-ccmnl,391,0.27621483375959077,81.0,Community College
2026-07-24,Orange,place-chncl,392,0.2755102040816326,77.0,Chinatown
2026-07-24,Orange,place-dwnxg,391,0.289002557544757,79.0,Downtown Crossing
2026-07-24,Orange,place-grnst,393,0.28498727735368956,85.0,Green Street
2026-07-24,Orange,place-haecl,393,0.28498727735368956,79.0,Haymarket
2026-07-24,Orange,place-jaksn,392,0.27040816326530615,62.0,Jackson Square
2026-07-24,Orange,place-masta,392,0.2755102040816326,72.0,Massachusetts Avenue
2026-07-24,Orange,place-mlmnl,392,0.32653061224489793,91.0,Malden Center
2026-07-24,Orange,place-north,392,0.2755102040816326,80.0,North Station
2026-07-24,Orange,place-rcmnl,393,0.2697201017811705,66.0,Roxbury Crossing
2026-07-24,Orange,place-rugg,392,0.29336734693877553,92.0,Ruggles
2026-07-24,Orange,place-sbmnl,393,0.28498727735368956,76.0,Stony Brook
2026-07-24,Orange,place-state,391,0.27365728900255754,54.0,State
2026-07-24,Orange,place-sull,393,0.2900763358778626,82.0,Sullivan Square
2026-07-24,Orange,place-tumnl,391,0.2710997442455243,69.0,Tufts Medical Center
2026-07-24,Orange,place-welln,393,0.30025445292620867,85.0,Wellington
2026-07-24,Red,place-andrw,45,0.08888888888888889,-945.0,Andrew
2026-07-24,Red,place-brdwy,45,0.08888888888888889,-939.0,Broadway
2026-07-24,Red,place-dwnxg,41,0.07317073170731707,-971.0,Downtown Crossing
2026-07-24,Red,place-fldcr,20,0.2,-856.0,Fields Corner
2026-07-24,Red,place-jfk,45,0.08888888888888889,-945.0,JFK/UMass
2026-07-24,Red,place-nqncy,24,0.041666666666666664,-944.5,North Quincy
2026-07-24,Red,place-qamnl,22,0.045454545454545456,-844.5,Quincy Adams
2026-07-24,Red,place-qnctr,24,0.041666666666666664,-971.5,Quincy Center
2026-07-24,Red,place-shmnl,21,0.19047619047619047,-821.0,Savin Hill
2026-07-24,Red,place-smmnl,21,0.19047619047619047,-835.0,Shawmut
2026-07-24,Red,place-sstat,43,0.06976744186046512,-941.0,South Station
2026-07-24,Red,place-wlsta,24,0.041666666666666664,-955.0,Wollaston
2026-07-25,Blue,place-aport,114,0.3157894736842105,97.0,Airport
2026-07-25,Blue,place-aqucl,125,0.304,104.0,Aquarium
2026-07-25,Blue,place-bmmnl,118,0.3050847457627119,117.5,Beachmont
2026-07-25,Blue,place-gover,126,0.3333333333333333,87.5,Government Center
2026-07-25,Blue,place-mvbcl,117,0.3076923076923077,104.0,Maverick
2026-07-25,Blue,place-orhte,112,0.3125,102.0,Orient Heights
2026-07-25,Blue,place-rbmnl,122,0.319672131147541,106.5,Revere Beach
2026-07-25,Blue,place-sdmnl,111,0.3153153153153153,105.0,Suffolk Downs
2026-07-25,Blue,place-state,125,0.336,99.0,State
2026-07-25,Blue,place-wimnl,112,0.32142857142857145,103.0,Wood Island
2026-07-25,Green,place-alsgr,202,0.0891089108910891,-38.0,Allston Street
2026-07-25,Green,place-amory,199,0.07035175879396985,-55.0,Amory Street
2026-07-25,Green,place-armnl,816,0.17279411764705882,20.0,Arlington
2026-07-25,Green,place-babck,202,0.08415841584158416,-52.0,Babcock Street
2026-07-25,Green,place-balsq,203,0.054187192118226604,-212.0,Ball Square
2026-07-25,Green,place-bckhl,190,0.10526315789473684,-198.5,Back of the Hill
2026-07-25,Green,place-bcnfd,210,0.32857142857142857,149.0,Beaconsfield
2026-07-25,Green,place-bcnwa,213,0.20657276995305165,66.0,Washington Square
2026-07-25,Green,place-bland,200,0.075,-84.0,Blandford Street
2026-07-25,Green,place-bndhl,212,0.2358490566037736,87.0,Brandon Hall
2026-07-25,Green,place-boyls,807,0.18339529120198264,30.0,Boylston
2026-07-25,Green,place-brico,202,0.09405940594059406,-49.0,Packards Corner
2026-07-25,Green,place-brkhl,209,0.33014354066985646,137.0,Brookline Hills
2026-07-25,Green,place-brmnl,190,0.08421052631578947,-197.5,Brigham Circle
2026-07-25,Green,place-bucen,200,0.085,-79.5,Boston University Central
2026-07-25,Green,place-buest,197,0.06598984771573604,-82.0,Boston University East
2026-07-25,Green,place-bvmnl,208,0.3269230769230769,136.5,Brookline Village
2026-07-25,Green,place-chhil,207,0.2898550724637681,136.0,Chestnut Hill
2026-07-25,Green,place-chill,199,0.09547738693467336,-11.0,Chestnut Hill Avenue
2026-07-25,Green,place-chswk,198,0.08585858585858586,-27.0,Chiswick Road
2026-07-25,Green,place-coecl,768,0.17447916666666666,7.5,Copley
2026-07-25,Green,place-cool,214,0.22429906542056074,63.0,Coolidge Corner
2026-07-25,Green,place-denrd,212,0.1509433962264151,10.5,Dean Road
2026-07-25,Green,place-eliot,207,0.30434782608695654,137.0,Eliot
2026-07-25,Green,place-engav,212,0.2028301886792453,33.0,Englewood Avenue
2026-07-25,Green,place-esomr,194,0.05670103092783505,-115.0,East Somerville
2026-07-25,Green,place-fbkst,212,0.22641509433962265,70.5,Fairbanks Street
2026-07-25,Green,place-fenwd,189,0.10582010582010581,-191.0,Fenwood Road
2026-07-25,Green,place-fenwy,207,0.3140096618357488,147.0,Fenway
2026-07-25,Green,place-gilmn,204,0.049019607843137254,-182.5,Gilman Square
2026-07-25,Green,place-gover,396,0.20707070707070707,22.5,Government Center
2026-07-25,Green,place-grigg,200,0.09,-49.5,Griggs Street
2026-07-25,Green,place-haecl,396,0.17676767676767677,-7.0,Haymarket
2026-07-25,Green,place-harvd,200,0.095,-82.0,Harvard Avenue
2026-07-25,Green,place-hwsst,215,0.26046511627906976,102.0,Hawes Street
2026-07-25,Green,place-hymnl,576,0.2013888888888889,37.5,Hynes Convention Center
2026-07-25,Green,place-kencl,616,0.21428571428571427,48.0,Kenmore
2026-07-25,Green,place-kntst,214,0.2757009345794392,111.5,Kent Street
2026-07-25,Green,place-lech,398,0.15829145728643215,-8.0,Lechmere
2026-07-25,Green,place-lngmd,195,0.08205128205128205,-171.0,Longwood Medical Area
2026-07-25,Green,place-longw,207,0.33816425120772947,149.0,Longwood
2026-07-25,Green,place-mfa,196,0.07653061224489796,-158.5,Museum of Fine Arts
2026-07-25,Green,place-mgngl,205,0.04878048780487805,-181.0,Magoun Square
2026-07-25,Green,place-mispk,189,0.09523809523809523,-201.0,Mission Park
2026-07-25,Green,place-newtn,208,0.32211538461538464,154.0,Newton Highlands
2026-07-25,Green,place-newto,208,0.2932692307692308,140.0,Newton Centre
2026-07-25,Green,place-north,397,0.17632241813602015,-16.0,North Station
2026-07-25,Green,place-nuniv,195,0.07692307692307693,-176.0,Northeastern University
2026-07-25,Green,place-pktrm,771,0.1893644617380026,15.0,Park Street
2026-07-25,Green,place-prmnl,194,0.09278350515463918,-152.0,Prudential
2026-07-25,Green,place-rsmnl,208,0.30288461538461536,135.0,Reservoir
2026-07-25,Green,place-rvrwy,190,0.1,-219.5,Riverway
2026-07-25,Green,place-smary,215,0.24651162790697675,84.0,Saint Marys Street
2026-07-25,Green,place-sougr,200,0.095,-66.0,South Street
2026-07-25,Green,place-spmnl,396,0.1691919191919192,10.5,Science Park
2026-07-25,Green,place-sthld,198,0.10101010101010101,-38.0,Sutherland Road
2026-07-25,Green,place-stpul,214,0.2570093457943925,106.0,Saint Paul Street
2026-07-25,Green,place-sumav,108,0.14814814814814814,60.5,Summit Avenue
2026-07-25,Green,place-tapst,212,0.19811320754716982,45.5,Tappan Street
2026-07-25,Green,place-waban,205,0.2975609756097561,133.0,Waban
2026-07-25,Green,place-wascm,200,0.105,-42.5,Washington Street
2026-07-25,Green,place-woodl,204,0.2696078431372549,103.0,Woodland
2026-07-25,Green,place-wrnst,199,0.09045226130653267,-69.0,Warren Street
2026-07-25,Mattapan,place-asmnl,1,0.0,-56.0,Ashmont
2026-07-25,Mattapan,place-butlr,184,0.005434782608695652,-65.5,Butler
2026-07-25,Mattapan,place-capst,185,0.016216216216216217,-60.0,Capen Street
2026-07-25,Mattapan,place-cedgr,186,0.005376344086021506,-91.0,Cedar Grove
2026-07-25,Mattapan,place-cenav,186,0.016129032258064516,-91.0,Central Avenue
2026-07-25,Mattapan,place-miltt,186,0.016129032258064516,-71.0,Milton
2026-07-25,Mattapan,place-valrd,186,0.016129032258064516,-59.0,Valley Road
2026-07-25,Orange,place-astao,315,0.17777777777777778,64.0,Assembly
2026-07-25,Orange,place-bbsta,314,0.15605095541401273,39.5,Back Bay
2026-07-25,Orange,place-ccmnl,315,0.1746031746031746,59.0,Community College
2026-07-25,Orange,place-chncl,313,0.17891373801916932,49.0,Chinatown
2026-07-25,Orange,place-dwnxg,314,0.17834394904458598,47.5,Downtown Crossing
2026-07-25,Orange,place-grnst,312,0.1762820512820513,44.5,Green Street
2026-07-25,Orange,place-haecl,314,0.17834394904458598,62.0,Haymarket
2026-07-25,Orange,place-jaksn,313,0.1597444089456869,25.0,Jackson Square
2026-07-25,Orange,place-masta,314,0.16560509554140126,47.5,Massachusetts Avenue
2026-07-25,Orange,place-mlmnl,312,0.18269230769230768,76.0,Malden Center
2026-07-25,Orange,place-north,314,0.17834394904458598,60.0,North Station
2026-07-25,Orange,place-rcmnl,313,0.15654952076677317,31.0,Roxbury Crossing
2026-07-25,Orange,place-rugg,313,0.15335463258785942,51.0,Ruggles
2026-07-25,Orange,place-sbmnl,313,0.1597444089456869,22.0,Stony Brook
2026-07-25,Orange,place-state,314,0.1592356687898089,38.0,State
2026-07-25,Orange,place-sull,315,0.17777777777777778,60.0,Sullivan Square
2026-07-25,Orange,place-tumnl,314,0.1592356687898089,45.5,Tufts Medical Center
2026-07-25,Orange,place-welln,315,0.17777777777777778,72.0,Wellington
2026-07-25,Red,place-andrw,42,0.14285714285714285,-888.5,Andrew
2026-07-25,Red,place-brdwy,42,0.14285714285714285,-899.5,Broadway
2026-07-25,Red,place-dwnxg,36,0.1111111111111111,-940.0,Downtown Crossing
2026-07-25,Red,place-fldcr,23,0.13043478260869565,-863.0,Fields Corner
2026-07-25,Red,place-jfk,42,0.14285714285714285,-863.5,JFK/UMass
2026-07-25,Red,place-nqncy,20,0.2,-818.0,North Quincy
2026-07-25,Red,place-qamnl,19,0.21052631578947367,-761.0,Quincy Adams
2026-07-25,Red,place-qnctr,19,0.15789473684210525,-788.0,Quincy Center
2026-07-25,Red,place-shmnl,23,0.13043478260869565,-886.0,Savin Hill
2026-07-25,Red,place-smmnl,23,0.13043478260869565,-827.0,Shawmut
2026-07-25,Red,place-sstat,42,0.14285714285714285,-886.5,South Station
2026-07-25,Red,place-wlsta,21,0.14285714285714285,-829.0,Wollaston
2026-07-26,Blue,place-aport,234,0.5555555555555556,332.0,Airport
2026-07-26,Blue,place-aqucl,237,0.569620253164557,346.0,Aquarium
2026-07-26,Blue,place-bmmnl,238,0.5252100840336135,318.0,Beachmont
2026-07-26,Blue,place-gover,233,0.5708154506437768,334.0,Government Center
2026-07-26,Blue,place-mvbcl,237,0.5611814345991561,335.0,Maverick
2026-07-26,Blue,place-orhte,237,0.5443037974683544,331.0,Orient Heights
2026-07-26,Blue,place-rbmnl,236,0.5127118644067796,315.5,Revere Beach
2026-07-26,Blue,place-sdmnl,238,0.5588235294117647,337.5,Suffolk Downs
2026-07-26,Blue,place-state,238,0.5714285714285714,336.5,State
2026-07-26,Blue,place-wimnl,236,0.5635593220338984,336.5,Wood Island
2026-07-26,Green,place-alsgr,175,0.12571428571428572,-57.0,Allston Street
2026-07-26,Green,place-amory,176,0.125,-94.5,Amory Street
2026-07-26,Green,place-armnl,717,0.19665271966527198,-5.0,Arlington
2026-07-26,Green,place-babck,176,0.11363636363636363,-93.5,Babcock Street
2026-07-26,Green,place-balsq,191,0.03664921465968586,-237.0,Ball Square
2026-07-26,Green,place-bckhl,179,0.09497206703910614,-229.0,Back of the Hill
2026-07-26,Green,place-bcnfd,192,0.3802083333333333,197.0,Beaconsfield
2026-07-26,Green,place-bcnwa,180,0.17222222222222222,8.5,Washington Square
2026-07-26,Green,place-bland,174,0.13793103448275862,-152.0,Blandford Street
2026-07-26,Green,place-bndhl,182,0.1813186813186813,23.5,Brandon Hall
2026-07-26,Green,place-boyls,719,0.20445062586926285,-3.0,Boylston
2026-07-26,Green,place-brico,176,0.125,-78.0,Packards Corner
2026-07-26,Green,place-brkhl,194,0.3865979381443299,208.5,Brookline Hills
2026-07-26,Green,place-brmnl,178,0.06741573033707865,-225.5,Brigham Circle
2026-07-26,Green,place-bucen,176,0.11931818181818182,-157.0,Boston University Central
2026-07-26,Green,place-buest,174,0.12643678160919541,-143.0,Boston University East
2026-07-26,Green,place-bvmnl,194,0.38144329896907214,190.5,Brookline Village
2026-07-26,Green,place-chhil,193,0.3626943005181347,182.0,Chestnut Hill
2026-07-26,Green,place-chill,174,0.11494252873563218,-48.0,Chestnut Hill Avenue
2026-07-26,Green,place-chswk,175,0.12,-62.0,Chiswick Road
2026-07-26,Green,place-coecl,695,0.1884892086330935,-15.0,Copley
2026-07-26,Green,place-cool,178,0.16853932584269662,11.0,Coolidge Corner
2026-07-26,Green,place-denrd,176,0.14772727272727273,-35.0,Dean Road
2026-07-26,Green,place-eliot,187,0.3422459893048128,158.0,Eliot
2026-07-26,Green,place-engav,173,0.15606936416184972,2.0,Englewood Avenue
2026-07-26,Green,place-esomr,182,0.038461538461538464,-182.0,East Somerville
2026-07-26,Green,place-fbkst,178,0.1797752808988764,10.0,Fairbanks Street
2026-07-26,Green,place-fenwd,178,0.10112359550561797,-207.5,Fenwood Road
2026-07-26,Green,place-fenwy,192,0.375,196.5,Fenway
2026-07-26,Green,place-gilmn,192,0.036458333333333336,-188.0,Gilman Square
2026-07-26,Green,place-gover,365,0.21643835616438356,43.0,Government Center
2026-07-26,Green,place-grigg,175,0.13142857142857142,-64.0,Griggs Street
2026-07-26,Green,place-haecl,362,0.1878453038674033,38.5,Haymarket
2026-07-26,Green,place-harvd,174,0.10919540229885058,-110.0,Harvard Avenue
2026-07-26,Green,place-hwsst,179,0.15083798882681565,-6.0,Hawes Street
2026-07-26,Green,place-hymnl,524,0.23091603053435114,26.0,Hynes Convention Center
2026-07-26,Green,place-kencl,544,0.21875,27.5,Kenmore
2026-07-26,Green,place-kntst,179,0.17318435754189945,10.0,Kent Street
2026-07-26,Green,place-lech,366,0.17759562841530055,14.0,Lechmere
2026-07-26,Green,place-lngmd,179,0.07262569832402235,-232.0,Longwood Medical Area
2026-07-26,Green,place-longw,194,0.41237113402061853,215.0,Longwood
2026-07-26,Green,place-mfa,179,0.07262569832402235,-207.0,Museum of Fine Arts
2026-07-26,Green,place-mgngl,192,0.041666666666666664,-201.0,Magoun Square
2026-07-26,Green,place-mispk,179,0.08379888268156424,-263.0,Mission Park
2026-07-26,Green,place-newtn,189,0.328042328042328,177.0,Newton Highlands
2026-07-26,Green,place-newto,191,0.32460732984293195,180.0,Newton Centre
2026-07-26,Green,place-north,361,0.1772853185595568,24.0,North Station
2026-07-26,Green,place-nuniv,179,0.07262569832402235,-225.0,Northeastern University
2026-07-26,Green,place-pktrm,711,0.19268635724331926,-6.0,Park Street
2026-07-26,Green,place-prmnl,179,0.08379888268156424,-213.0,Prudential
2026-07-26,Green,place-rsmnl,191,0.3403141361256545,171.0,Reservoir
2026-07-26,Green,place-rvrwy,180,0.08888888888888889,-265.0,Riverway
2026-07-26,Green,place-smary,178,0.15168539325842698,-34.0,Saint Marys Street
2026-07-26,Green,place-sougr,172,0.0872093023255814,-88.5,South Street
2026-07-26,Green,place-spmnl,363,0.1928374655647383,32.0,Science Park
2026-07-26,Green,place-sthld,175,0.10285714285714286,-90.0,Sutherland Road
2026-07-26,Green,place-stpul,178,0.17415730337078653,-0.5,Saint Paul Street
2026-07-26,Green,place-sumav,93,0.0967741935483871,28.0,Summit Avenue
2026-07-26,Green,place-tapst,178,0.16292134831460675,2.5,Tappan Street
2026-07-26,Green,place-waban,184,0.28804347826086957,138.5,Waban
2026-07-26,Green,place-wascm,175,0.12571428571428572,-68.0,Washington Street
2026-07-26,Green,place-woodl,181,0.24861878453038674,96.0,Woodland
2026-07-26,Green,place-wrnst,175,0.10285714285714286,-105.0,Warren Street
2026-07-26,Mattapan,place-asmnl,2,0.5,291.0,Ashmont
2026-07-26,Mattapan,place-butlr,171,0.16374269005847952,-41.0,Butler
2026-07-26,Mattapan,place-capst,173,0.1791907514450867,-18.0,Capen Street
2026-07-26,Mattapan,place-cedgr,172,0.1511627906976744,-48.5,Cedar Grove
2026-07-26,Mattapan,place-cenav,174,0.16666666666666666,-58.5,Central Avenue
2026-07-26,Mattapan,place-miltt,174,0.1724137931034483,-41.0,Milton
2026-07-26,Mattapan,place-valrd,174,0.1781609195402299,-22.0,Valley Road
2026-07-26,Orange,place-astao,273,0.0989010989010989,32.0,Assembly
2026-07-26,Orange,place-bbsta,274,0.10583941605839416,22.5,Back Bay
2026-07-26,Orange,place-ccmnl,273,0.09523809523809523,24.0,Community College
2026-07-26,Orange,place-chncl,273,0.0989010989010989,34.0,Chinatown
2026-07-26,Orange,place-dwnxg,274,0.10583941605839416,28.0,Downtown Crossing
2026-07-26,Orange,place-grnst,274,0.09124087591240876,35.0,Green Street
2026-07-26,Orange,place-haecl,274,0.09854014598540146,37.0,Haymarket
2026-07-26,Orange,place-jaksn,275,0.08363636363636363,1.0,Jackson Square
2026-07-26,Orange,place-masta,274,0.10218978102189781,30.5,Massachusetts Avenue
2026-07-26,Orange,place-mlmnl,274,0.11313868613138686,55.0,Malden Center
2026-07-26,Orange,place-north,274,0.10583941605839416,30.0,North Station
2026-07-26,Orange,place-rcmnl,274,0.11678832116788321,17.0,Roxbury Crossing
2026-07-26,Orange,place-rugg,274,0.11313868613138686,39.0,Ruggles
2026-07-26,Orange,place-sbmnl,275,0.08363636363636363,9.0,Stony Brook
2026-07-26,Orange,place-state,274,0.09124087591240876,10.5,State
2026-07-26,Orange,place-sull,273,0.09523809523809523,19.0,Sullivan Square
2026-07-26,Orange,place-tumnl,274,0.10218978102189781,30.0,Tufts Medical Center
2026-07-26,Orange,place-welln,273,0.10622710622710622,42.0,Wellington
2026-07-26,Red,place-andrw,42,0.16666666666666666,-848.5,Andrew
2026-07-26,Red,place-brdwy,41,0.12195121951219512,-853.0,Broadway
2026-07-26,Red,place-dwnxg,34,0.08823529411764706,-880.0,Downtown Crossing
2026-07-26,Red,place-fldcr,23,0.2608695652173913,-788.0,Fields Corner
2026-07-26,Red,place-jfk,42,0.16666666666666666,-822.0,JFK/UMass
2026-07-26,Red,place-nqncy,18,0.1111111111111111,-837.0,North Quincy
2026-07-26,Red,place-qamnl,18,0.1111111111111111,-774.0,Quincy Adams
2026-07-26,Red,place-qnctr,18,0.1111111111111111,-803.0,Quincy Center
2026-07-26,Red,place-shmnl,23,0.2608695652173913,-777.0,Savin Hill
2026-07-26,Red,place-smmnl,23,0.2608695652173913,-765.0,Shawmut
2026-07-26,Red,place-sstat,41,0.12195121951219512,-836.0,South Station
2026-07-26,Red,place-wlsta,18,0.1111111111111111,-828.0,Wollaston
2026-07-27,Blue,place-aport,286,0.6573426573426573,525.5,Airport
2026-07-27,Blue,place-aqucl,286,0.6433566433566433,536.5,Aquarium
2026-07-27,Blue,place-bmmnl,283,0.6537102473498233,517.0,Beachmont
2026-07-27,Blue,place-gover,289,0.6262975778546713,515.0,Government Center
2026-07-27,Blue,place-mvbcl,288,0.6388888888888888,532.5,Maverick
2026-07-27,Blue,place-orhte,280,0.6535714285714286,531.5,Orient Heights
2026-07-27,Blue,place-rbmnl,280,0.6642857142857143,517.0,Revere Beach
2026-07-27,Blue,place-sdmnl,277,0.6823104693140795,530.0,Suffolk Downs
2026-07-27,Blue,place-state,285,0.6385964912280702,543.0,State
2026-07-27,Blue,place-wimnl,285,0.6526315789473685,552.0,Wood Island
2026-07-27,Green,place-alsgr,237,0.08438818565400844,-10.0,Allston Street
2026-07-27,Green,place-amory,236,0.1059322033898305,8.5,Amory Street
2026-07-27,Green,place-armnl,986,0.1845841784989858,56.5,Arlington
2026-07-27,Green,place-babck,237,0.10548523206751055,7.0,Babcock Street
2026-07-27,Green,place-balsq,274,0.0364963503649635,-21.0,Ball Square
2026-07-27,Green,place-bckhl,260,0.11153846153846154,-79.0,Back of the Hill
2026-07-27,Green,place-bcnfd,234,0.2692307692307692,133.0,Beaconsfield
2026-07-27,Green,place-bcnwa,243,0.1646090534979424,102.0,Washington Square
2026-07-27,Green,place-bland,235,0.09361702127659574,-8.0,Blandford Street
2026-07-27,Green,place-bndhl,242,0.2066115702479339,110.0,Brandon Hall
2026-07-27,Green,place-boyls,987,0.182370820668693,52.0,Boylston
2026-07-27,Green,place-brico,237,0.08438818565400844,-5.0,Packards Corner
2026-07-27,Green,place-brkhl,234,0.2564102564102564,130.5,Brookline Hills
2026-07-27,Green,place-brmnl,264,0.11742424242424243,-83.5,Brigham Circle
2026-07-27,Green,place-bucen,236,0.11440677966101695,-9.0,Boston University Central
2026-07-27,Green,place-buest,237,0.10126582278481013,-23.0,Boston University East
2026-07-27,Green,place-bvmnl,234,0.24358974358974358,119.5,Brookline Village
2026-07-27,Green,place-chhil,230,0.26956521739130435,122.5,Chestnut Hill
2026-07-27,Green,place-chill,235,0.10212765957446808,8.0,Chestnut Hill Avenue
2026-07-27,Green,place-chswk,236,0.1016949152542373,-19.5,Chiswick Road
2026-07-27,Green,place-coecl,960,0.171875,49.0,Copley
2026-07-27,Green,place-cool,243,0.17695473251028807,91.0,Coolidge Corner
2026-07-27,Green,place-denrd,237,0.1350210970464135,43.0,Dean Road
2026-07-27,Green,place-eliot,226,0.26991150442477874,127.5,Eliot
2026-07-27,Green,place-engav,233,0.1459227467811159,65.0,Englewood Avenue
2026-07-27,Green,place-esomr,271,0.04797047970479705,1.0,East Somerville
2026-07-27,Green,place-fbkst,231,0.17316017316017315,105.0,Fairbanks Street
2026-07-27,Green,place-fenwd,263,0.12927756653992395,-41.0,Fenwood Road
2026-07-27,Green,place-fenwy,233,0.2532188841201717,127.0,Fenway
2026-07-27,Green,place-gilmn,276,0.04710144927536232,5.5,Gilman Square
2026-07-27,Green,place-gover,490,0.17959183673469387,56.5,Government Center
2026-07-27,Green,place-grigg,237,0.0970464135021097,-20.0,Griggs Street
2026-07-27,Green,place-haecl,494,0.15587044534412955,36.0,Haymarket
2026-07-27,Green,place-harvd,237,0.08860759493670886,-30.0,Harvard Avenue
2026-07-27,Green,place-hwsst,242,0.2644628099173554,169.0,Hawes Street
2026-07-27,Green,place-hymnl,688,0.19912790697674418,93.5,Hynes Convention Center
2026-07-27,Green,place-kencl,720,0.18888888888888888,75.0,Kenmore
2026-07-27,Green,place-kntst,235,0.2297872340425532,166.0,Kent Street
2026-07-27,Green,place-lech,502,0.12151394422310757,19.0,Lechmere
2026-07-27,Green,place-lngmd,272,0.1323529411764706,-64.0,Longwood Medical Area
2026-07-27,Green,place-longw,234,0.23931623931623933,141.0,Longwood
2026-07-27,Green,place-mfa,273,0.12087912087912088,-54.0,Museum of Fine Arts
2026-07-27,Green,place-mgngl,276,0.043478260869565216,23.5,Magoun Square
2026-07-27,Green,place-mispk,266,0.09398496240601503,-108.0,Mission Park
2026-07-27,Green,place-newtn,230,0.29130434782608694,141.5,Newton Highlands
2026-07-27,Green,place-newto,230,0.2782608695652174,146.0,Newton Centre
2026-07-27,Green,place-north,494,0.1437246963562753,24.5,North Station
2026-07-27,Green,place-nuniv,272,0.11397058823529412,-73.5,Northeastern University
2026-07-27,Green,place-pktrm,963,0.1640706126687435,61.0,Park Street
2026-07-27,Green,place-prmnl,271,0.12915129151291513,-62.0,Prudential
2026-07-27,Green,place-rsmnl,232,0.2672413793103448,134.5,Reservoir
2026-07-27,Green,place-rvrwy,266,0.10902255639097744,-92.0,Riverway
2026-07-27,Green,place-smary,249,0.25301204819277107,135.0,Saint Marys Street
2026-07-27,Green,place-sougr,235,0.09787234042553192,-47.0,South Street
2026-07-27,Green,place-spmnl,494,0.12550607287449392,41.5,Science Park
2026-07-27,Green,place-sthld,238,0.11764705882352941,-12.0,Sutherland Road
2026-07-27,Green,place-stpul,239,0.23430962343096234,166.0,Saint Paul Street
2026-07-27,Green,place-sumav,121,0.06611570247933884,62.0,Summit Avenue
2026-07-27,Green,place-tapst,234,0.15384615384615385,70.5,Tappan Street
2026-07-27,Green,place-waban,225,0.24888888888888888,107.0,Waban
2026-07-27,Green,place-wascm,238,0.1092436974789916,-11.5,Washington Street
2026-07-27,Green,place-woodl,225,0.25333333333333335,111.0,Woodland
2026-07-27,Green,place-wrnst,237,0.0970464135021097,-38.0,Warren Street
2026-07-27,Mattapan,place-butlr,235,0.10638297872340426,-50.0,Butler
2026-07-27,Mattapan,place-capst,231,0.12554112554112554,-4.0,Capen Street
2026-07-27,Mattapan,place-cedgr,235,0.08936170212765958,-64.0,Cedar Grove
2026-07-27,Mattapan,place-cenav,232,0.125,-24.5,Central Avenue
2026-07-27,Mattapan,place-miltt,233,0.10300429184549356,-61.0,Milton
2026-07-27,Mattapan,place-valrd,233,0.12875536480686695,-5.0,Valley Road
2026-07-27,Orange,place-astao,447,0.029082774049217,24.0,Assembly
2026-07-27,Orange,place-bbsta,449,0.028953229398663696,23.0,Back Bay
2026-07-27,Orange,place-ccmnl,449,0.024498886414253896,12.0,Community College
2026-07-27,Orange,place-chncl,447,0.026845637583892617,30.0,Chinatown
2026-07-27,Orange,place-dwnxg,448,0.029017857142857144,26.0,Downtown Crossing
2026-07-27,Orange,place-grnst,449,0.026726057906458798,35.0,Green Street
2026-07-27,Orange,place-haecl,448,0.026785714285714284,29.0,Haymarket
2026-07-27,Orange,place-jaksn,449,0.035634743875278395,18.0,Jackson Square
2026-07-27,Orange,place-masta,448,0.03125,29.0,Massachusetts Avenue
2026-07-27,Orange,place-mlmnl,449,0.0378619153674833,40.0,Malden Center
2026-07-27,Orange,place-north,446,0.026905829596412557,18.0,North Station
2026-07-27,Orange,place-rcmnl,448,0.029017857142857144,16.0,Roxbury Crossing
2026-07-27,Orange,place-rugg,448,0.04017857142857143,47.0,Ruggles
2026-07-27,Orange,place-sbmnl,447,0.024608501118568233,23.0,Stony Brook
2026-07-27,Orange,place-state,449,0.024498886414253896,2.0,State
2026-07-27,Orange,place-sull,447,0.024608501118568233,12.0,Sullivan Square
2026-07-27,Orange,place-tumnl,449,0.031180400890868598,30.0,Tufts Medical Center
2026-07-27,Orange,place-welln,448,0.033482142857142856,35.0,Wellington
2026-07-27,Red,place-andrw,40,0.2,-888.5,Andrew
2026-07-27,Red,place-brdwy,40,0.2,-893.5,Broadway
2026-07-27,Red,place-dwnxg,35,0.2,-886.0,Downtown Crossing
2026-07-27,Red,place-fldcr,7,0.0,-1131.0,Fields Corner
2026-07-27,Red,place-jfk,40,0.2,-867.5,JFK/UMass
2026-07-27,Red,place-nqncy,32,0.28125,-776.5,North Quincy
2026-07-27,Red,place-qamnl,31,0.2903225806451613,-760.0,Quincy Adams
2026-07-27,Red,place-qnctr,33,0.2727272727272727,-794.0,Quincy Center
2026-07-27,Red,place-shmnl,9,0.0,-1078.0,Savin Hill
2026-07-27,Red,place-smmnl,7,0.0,-1141.0,Shawmut
2026-07-27,Red,place-sstat,42,0.19047619047619047,-906.5,South Station
2026-07-27,Red,place-wlsta,33,0.2727272727272727,-798.0,Wollaston
2026-07-28,Blue,place-aport,316,0.3322784810126582,146.5,Airport
2026-07-28,Blue,place-aqucl,315,0.35873015873015873,161.0,Aquarium
2026-07-28,Blue,place-bmmnl,314,0.3343949044585987,144.5,Beachmont
2026-07-28,Blue,place-gover,319,0.3542319749216301,154.0,Government Center
2026-07-28,Blue,place-mvbcl,318,0.3522012578616352,147.0,Maverick
2026-07-28,Blue,place-orhte,314,0.34076433121019106,159.0,Orient Heights
2026-07-28,Blue,place-rbmnl,309,0.32362459546925565,135.0,Revere Beach
2026-07-28,Blue,place-sdmnl,313,0.35782747603833864,167.0,Suffolk Downs
2026-07-28,Blue,place-state,318,0.36792452830188677,159.5,State
2026-07-28,Blue,place-wimnl,318,0.34591194968553457,156.0,Wood Island
2026-07-28,Green,place-alsgr,222,0.12162162162162163,-12.0,Allston Street
2026-07-28,Green,place-amory,225,0.1288888888888889,17.0,Amory Street
2026-07-28,Green,place-armnl,997,0.1334002006018054,26.0,Arlington
2026-07-28,Green,place-babck,223,0.13004484304932734,-1.0,Babcock Street
2026-07-28,Green,place-balsq,275,0.02181818181818182,-58.0,Ball Square
2026-07-28,Green,place-bckhl,263,0.09505703422053231,-83.0,Back of the Hill
2026-07-28,Green,place-bcnfd,240,0.2125,112.5,Beaconsfield
2026-07-28,Green,place-bcnwa,262,0.07633587786259542,45.0,Washington Square
2026-07-28,Green,place-bland,224,0.14285714285714285,-7.0,Blandford Street
2026-07-28,Green,place-bndhl,264,0.09848484848484848,68.0,Brandon Hall
2026-07-28,Green,place-boyls,991,0.1311806256306761,24.0,Boylston
2026-07-28,Green,place-brico,226,0.13274336283185842,0.0,Packards Corner
2026-07-28,Green,place-brkhl,240,0.20416666666666666,109.0,Brookline Hills
2026-07-28,Green,place-brmnl,265,0.07924528301886792,-76.0,Brigham Circle
2026-07-28,Green,place-bucen,225,0.1288888888888889,-22.0,Boston University Central
2026-07-28,Green,place-buest,224,0.12946428571428573,-20.5,Boston University East
2026-07-28,Green,place-bvmnl,240,0.19166666666666668,99.0,Brookline Village
2026-07-28,Green,place-chhil,232,0.1853448275862069,101.5,Chestnut Hill
2026-07-28,Green,place-chill,219,0.136986301369863,-12.0,Chestnut Hill Avenue
2026-07-28,Green,place-chswk,221,0.12669683257918551,-22.0,Chiswick Road
2026-07-28,Green,place-coecl,978,0.1278118609406953,16.0,Copley
2026-07-28,Green,place-cool,266,0.09398496240601503,46.5,Coolidge Corner
2026-07-28,Green,place-denrd,261,0.06130268199233716,-2.0,Dean Road
2026-07-28,Green,place-eliot,229,0.1615720524017467,103.0,Eliot
2026-07-28,Green,place-engav,264,0.07196969696969698,19.5,Englewood Avenue
2026-07-28,Green,place-esomr,264,0.03409090909090909,-1.5,East Somerville
2026-07-28,Green,place-fbkst,263,0.09885931558935361,69.0,Fairbanks Street
2026-07-28,Green,place-fenwd,262,0.10305343511450382,-60.5,Fenwood Road
2026-07-28,Green,place-fenwy,240,0.2,95.0,Fenway
2026-07-28,Green,place-gilmn,277,0.032490974729241874,-21.0,Gilman Square
2026-07-28,Green,place-gover,507,0.14792899408284024,32.0,Government Center
2026-07-28,Green,place-grigg,225,0.11555555555555555,4.0,Griggs Street
2026-07-28,Green,place-haecl,505,0.12871287128712872,18.0,Haymarket
2026-07-28,Green,place-harvd,225,0.10222222222222223,-21.0,Harvard Avenue
2026-07-28,Green,place-hwsst,264,0.11363636363636363,77.5,Hawes Street
2026-07-28,Green,place-hymnl,714,0.1484593837535014,42.5,Hynes Convention Center
2026-07-28,Green,place-kencl,724,0.1464088397790055,39.5,Kenmore
2026-07-28,Green,place-kntst,266,0.10526315789473684,79.0,Kent Street
2026-07-28,Green,place-lech,507,0.09861932938856016,-5.0,Lechmere
2026-07-28,Green,place-lngmd,264,0.08333333333333333,-66.0,Longwood Medical Area
2026-07-28,Green,place-longw,242,0.19421487603305784,105.5,Longwood
2026-07-28,Green,place-mfa,265,0.08679245283018867,-51.0,Museum of Fine Arts
2026-07-28,Green,place-mgngl,278,0.03237410071942446,-32.0,Magoun Square
2026-07-28,Green,place-mispk,263,0.07604562737642585,-108.0,Mission Park
2026-07-28,Green,place-newtn,233,0.18454935622317598,115.0,Newton Highlands
2026-07-28,Green,place-newto,234,0.19658119658119658,112.5,Newton Centre
2026-07-28,Green,place-north,505,0.12079207920792079,11.0,North Station
2026-07-28,Green,place-nuniv,266,0.06390977443609022,-113.0,Northeastern University
2026-07-28,Green,place-pktrm,948,0.12658227848101267,13.0,Park Street
2026-07-28,Green,place-prmnl,265,0.0830188679245283,-79.0,Prudential
2026-07-28,Green,place-rsmnl,234,0.1794871794871795,96.0,Reservoir
2026-07-28,Green,place-rvrwy,263,0.09505703422053231,-108.0,Riverway
2026-07-28,Green,place-smary,266,0.10150375939849623,67.0,Saint Marys Street
2026-07-28,Green,place-sougr,218,0.11926605504587157,-52.5,South Street
2026-07-28,Green,place-spmnl,508,0.12007874015748031,17.0,Science Park
2026-07-28,Green,place-sthld,223,0.14349775784753363,-25.0,Sutherland Road
2026-07-28,Green,place-stpul,263,0.09505703422053231,80.0,Saint Paul Street
2026-07-28,Green,place-sumav,130,0.03076923076923077,34.5,Summit Avenue
2026-07-28,Green,place-tapst,263,0.08745247148288973,27.0,Tappan Street
2026-07-28,Green,place-waban,231,0.1341991341991342,78.0,Waban
2026-07-28,Green,place-wascm,222,0.13963963963963963,-13.5,Washington Street
2026-07-28,Green,place-woodl,229,0.1572052401746725,91.0,Woodland
2026-07-28,Green,place-wrnst,222,0.13063063063063063,-37.5,Warren Street
2026-07-28,Mattapan,place-butlr,245,0.11428571428571428,-26.0,Butler
2026-07-28,Mattapan,place-capst,240,0.1125,15.5,Capen Street
2026-07-28,Mattapan,place-cedgr,248,0.12096774193548387,-39.0,Cedar Grove
2026-07-28,Mattapan,place-cenav,242,0.11983471074380166,-6.0,Central Avenue
2026-07-28,Mattapan,place-miltt,243,0.10699588477366255,-39.0,Milton
2026-07-28,Mattapan,place-valrd,240,0.11666666666666667,22.0,Valley Road
2026-07-28,Orange,place-astao,333,0.0,21.0,Assembly
2026-07-28,Orange,place-bbsta,331,0.0,12.0,Back Bay
2026-07-28,Orange,place-ccmnl,332,0.0,10.0,Community College
2026-07-28,Orange,place-chncl,332,0.0,24.0,Chinatown
2026-07-28,Orange,place-dwnxg,332,0.0,25.5,Downtown Crossing
2026-07-28,Orange,place-grnst,332,0.0,33.0,Green Street
2026-07-28,Orange,place-haecl,333,0.0,17.0,Haymarket
2026-07-28,Orange,place-jaksn,333,0.003003003003003003,11.0,Jackson Square
2026-07-28,Orange,place-masta,332,0.0,19.0,Massachusetts Avenue
2026-07-28,Orange,place-mlmnl,334,0.0,40.5,Malden Center
2026-07-28,Orange,place-north,332,0.0,11.5,North Station
2026-07-28,Orange,place-rcmnl,333,0.003003003003003003,5.0,Roxbury Crossing
2026-07-28,Orange,place-rugg,331,0.0,36.0,Ruggles
2026-07-28,Orange,place-sbmnl,334,0.0029940119760479044,16.0,Stony Brook
2026-07-28,Orange,place-state,333,0.0,-4.0,State
2026-07-28,Orange,place-sull,334,0.0,8.0,Sullivan Square
2026-07-28,Orange,place-tumnl,331,0.0,17.0,Tufts Medical Center
2026-07-28,Orange,place-welln,332,0.0,34.5,Wellington
2026-07-28,Red,place-andrw,25,0.04,-958.0,Andrew
2026-07-28,Red,place-brdwy,24,0.041666666666666664,-954.5,Broadway
2026-07-28,Red,place-dwnxg,23,0.043478260869565216,-935.0,Downtown Crossing
2026-07-28,Red,place-fldcr,9,0.0,-1126.0,Fields Corner
2026-07-28,Red,place-jfk,26,0.07692307692307693,-928.5,JFK/UMass
2026-07-28,Red,place-nqncy,15,0.13333333333333333,-833.0,North Quincy
2026-07-28,Red,place-qamnl,13,0.15384615384615385,-854.0,Quincy Adams
2026-07-28,Red,place-qnctr,15,0.13333333333333333,-849.0,Quincy Center
2026-07-28,Red,place-shmnl,8,0.0,-1059.5,Savin Hill
2026-07-28,Red,place-smmnl,9,0.0,-1136.0,Shawmut
2026-07-28,Red,place-sstat,23,0.043478260869565216,-927.0,South Station
2026-07-28,Red,place-wlsta,15,0.13333333333333333,-846.0,Wollaston
2026-07-29,Blue,place-aport,289,0.6955017301038062,522.0,Airport
2026-07-29,Blue,place-aqucl,287,0.6933797909407665,530.0,Aquarium
2026-07-29,Blue,place-bmmnl,288,0.7395833333333334,506.0,Beachmont
2026-07-29,Blue,place-gover,288,0.6770833333333334,514.5,Government Center
2026-07-29,Blue,place-mvbcl,288,0.6840277777777778,528.5,Maverick
2026-07-29,Blue,place-orhte,287,0.7177700348432056,527.0,Orient Heights
2026-07-29,Blue,place-rbmnl,288,0.7361111111111112,502.0,Revere Beach
2026-07-29,Blue,place-sdmnl,282,0.74822695035461,531.0,Suffolk Downs
2026-07-29,Blue,place-state,288,0.6944444444444444,533.5,State
2026-07-29,Blue,place-wimnl,289,0.6816608996539792,532.0,Wood Island
2026-07-29,Green,place-alsgr,242,0.05371900826446281,-69.0,Allston Street
2026-07-29,Green,place-amory,241,0.08713692946058091,-36.0,Amory Street
2026-07-29,Green,place-armnl,947,0.1805702217529039,28.0,Arlington
2026-07-29,Green,place-babck,241,0.06639004149377593,-38.0,Babcock Street
2026-07-29,Green,place-balsq,263,0.10646387832699619,-16.0,Ball Square
2026-07-29,Green,place-bckhl,249,0.17269076305220885,-50.0,Back of the Hill
2026-07-29,Green,place-bcnfd,206,0.34951456310679613,166.5,Beaconsfield
2026-07-29,Green,place-bcnwa,245,0.1306122448979592,39.0,Washington Square
2026-07-29,Green,place-bland,240,0.09166666666666666,-70.5,Blandford Street
2026-07-29,Green,place-bndhl,252,0.15079365079365079,55.5,Brandon Hall
2026-07-29,Green,place-boyls,944,0.17584745762711865,31.5,Boylston
2026-07-29,Green,place-brico,241,0.058091286307053944,-45.0,Packards Corner
2026-07-29,Green,place-brkhl,207,0.33816425120772947,178.0,Brookline Hills
2026-07-29,Green,place-brmnl,253,0.1541501976284585,-27.0,Brigham Circle
2026-07-29,Green,place-bucen,241,0.07468879668049792,-90.0,Boston University Central
2026-07-29,Green,place-buest,241,0.07883817427385892,-81.0,Boston University East
2026-07-29,Green,place-bvmnl,209,0.33014354066985646,163.0,Brookline Village
2026-07-29,Green,place-chhil,201,0.36318407960199006,182.0,Chestnut Hill
2026-07-29,Green,place-chill,235,0.05531914893617021,-28.0,Chestnut Hill Avenue
2026-07-29,Green,place-chswk,236,0.059322033898305086,-63.5,Chiswick Road
2026-07-29,Green,place-coecl,936,0.172008547008547,22.0,Copley
2026-07-29,Green,place-cool,251,0.13147410358565736,54.0,Coolidge Corner
2026-07-29,Green,place-denrd,243,0.102880658436214,-19.0,Dean Road
2026-07-29,Green,place-eliot,203,0.3842364532019704,202.0,Eliot
2026-07-29,Green,place-engav,244,0.11065573770491803,3.5,Englewood Avenue
2026-07-29,Green,place-esomr,252,0.11507936507936507,27.5,East Somerville
2026-07-29,Green,place-fbkst,251,0.1394422310756972,56.0,Fairbanks Street
2026-07-29,Green,place-fenwd,253,0.1857707509881423,-19.0,Fenwood Road
2026-07-29,Green,place-fenwy,208,0.35096153846153844,157.5,Fenway
2026-07-29,Green,place-gilmn,265,0.12075471698113208,28.0,Gilman Square
2026-07-29,Green,place-gover,451,0.25277161862527714,93.0,Government Center
2026-07-29,Green,place-grigg,243,0.04526748971193416,-74.0,Griggs Street
2026-07-29,Green,place-haecl,443,0.23476297968397292,76.0,Haymarket
2026-07-29,Green,place-harvd,242,0.049586776859504134,-69.0,Harvard Avenue
2026-07-29,Green,place-hwsst,250,0.14,76.0,Hawes Street
2026-07-29,Green,place-hymnl,679,0.18851251840942562,36.0,Hynes Convention Center
2026-07-29,Green,place-kencl,702,0.18518518518518517,30.5,Kenmore
2026-07-29,Green,place-kntst,250,0.14,83.0,Kent Street
2026-07-29,Green,place-lech,452,0.19469026548672566,57.0,Lechmere
2026-07-29,Green,place-lngmd,260,0.16538461538461538,-19.0,Longwood Medical Area
2026-07-29,Green,place-longw,209,0.3588516746411483,163.0,Longwood
2026-07-29,Green,place-mfa,259,0.1583011583011583,-14.0,Museum of Fine Arts
2026-07-29,Green,place-mgngl,265,0.1169811320754717,28.0,Magoun Square
2026-07-29,Green,place-mispk,254,0.15354330708661418,-69.0,Mission Park
2026-07-29,Green,place-newtn,204,0.38235294117647056,201.0,Newton Highlands
2026-07-29,Green,place-newto,203,0.3793103448275862,204.0,Newton Centre
2026-07-29,Green,place-north,447,0.22595078299776286,59.0,North Station
2026-07-29,Green,place-nuniv,257,0.14396887159533073,-37.0,Northeastern University
2026-07-29,Green,place-pktrm,890,0.18202247191011237,27.5,Park Street
2026-07-29,Green,place-prmnl,257,0.16342412451361868,-27.0,Prudential
2026-07-29,Green,place-rsmnl,202,0.3415841584158416,163.5,Reservoir
2026-07-29,Green,place-rvrwy,252,0.17063492063492064,-37.5,Riverway
2026-07-29,Green,place-smary,248,0.14516129032258066,57.0,Saint Marys Street
2026-07-29,Green,place-sougr,234,0.05128205128205128,-82.0,South Street
2026-07-29,Green,place-spmnl,449,0.21158129175946547,79.0,Science Park
2026-07-29,Green,place-sthld,237,0.05485232067510549,-59.0,Sutherland Road
2026-07-29,Green,place-stpul,253,0.14624505928853754,79.0,Saint Paul Street
2026-07-29,Green,place-sumav,127,0.11023622047244094,50.0,Summit Avenue
2026-07-29,Green,place-tapst,245,0.11836734693877551,21.0,Tappan Street
2026-07-29,Green,place-waban,204,0.3382352941176471,171.0,Waban
2026-07-29,Green,place-wascm,240,0.05,-52.5,Washington Street
2026-07-29,Green,place-woodl,199,0.35175879396984927,183.0,Woodland
2026-07-29,Green,place-wrnst,241,0.03734439834024896,-94.0,Warren Street
2026-07-29,Mattapan,place-butlr,256,0.0078125,-81.0,Butler
2026-07-29,Mattapan,place-capst,257,0.01556420233463035,-34.0,Capen Street
2026-07-29,Mattapan,place-cedgr,257,0.007782101167315175,-85.0,Cedar Grove
2026-07-29,Mattapan,place-cenav,258,0.015503875968992248,-52.5,Central Avenue
2026-07-29,Mattapan,place-miltt,257,0.011673151750972763,-86.0,Milton
2026-07-29,Mattapan,place-valrd,256,0.0078125,-41.5,Valley Road
2026-07-29,Orange,place-astao,427,0.04449648711943794,33.0,Assembly
2026-07-29,Orange,place-bbsta,429,0.039627039627039624,32.0,Back Bay
2026-07-29,Orange,place-ccmnl,429,0.04195804195804196,25.0,Community College
2026-07-29,Orange,place-chncl,429,0.046620046620046623,40.0,Chinatown
2026-07-29,Orange,place-dwnxg,428,0.04439252336448598,40.5,Downtown Crossing
2026-07-29,Orange,place-grnst,429,0.03263403263403263,43.0,Green Street
2026-07-29,Orange,place-haecl,429,0.04895104895104895,41.0,Haymarket
2026-07-29,Orange,place-jaksn,429,0.037296037296037296,24.0,Jackson Square
2026-07-29,Orange,place-masta,429,0.039627039627039624,40.0,Massachusetts Avenue
2026-07-29,Orange,place-mlmnl,429,0.0675990675990676,56.0,Malden Center
2026-07-29,Orange,place-north,428,0.0397196261682243,30.5,North Station
2026-07-29,Orange,place-rcmnl,429,0.039627039627039624,27.0,Roxbury Crossing
2026-07-29,Orange,place-rugg,429,0.046620046620046623,56.0,Ruggles
2026-07-29,Orange,place-sbmnl,429,0.037296037296037296,28.0,Stony Brook
2026-07-29,Orange,place-state,429,0.037296037296037296,14.0,State
2026-07-29,Orange,place-sull,428,0.0397196261682243,25.0,Sullivan Square
2026-07-29,Orange,place-tumnl,427,0.04215456674473068,37.0,Tufts Medical Center
2026-07-29,Orange,place-welln,428,0.0514018691588785,44.0,Wellington
2026-07-29,Red,place-andrw,41,0.21951219512195122,-754.0,Andrew
2026-07-29,Red,place-brdwy,41,0.24390243902439024,-745.0,Broadway
2026-07-29,Red,place-dwnxg,37,0.24324324324324326,-722.0,Downtown Crossing
2026-07-29,Red,place-fldcr,18,0.2222222222222222,-853.0,Fields Corner
2026-07-29,Red,place-jfk,40,0.2,-801.0,JFK/UMass
2026-07-29,Red,place-nqncy,22,0.22727272727272727,-794.0,North Quincy
2026-07-29,Red,place-qamnl,23,0.21739130434782608,-764.0,Quincy Adams
2026-07-29,Red,place-qnctr,24,0.20833333333333334,-783.5,Quincy Center
2026-07-29,Red,place-shmnl,18,0.2222222222222222,-865.0,Savin Hill
2026-07-29,Red,place-smmnl,18,0.2222222222222222,-825.0,Shawmut
2026-07-29,Red,place-sstat,40,0.25,-715.0,South Station
2026-07-29,Red,place-wlsta,22,0.22727272727272727,-796.0,Wollaston
2026-07-30,Blue,place-aport,357,0.484593837535014,289.0,Airport
2026-07-30,Blue,place-aqucl,359,0.5041782729805014,305.0,Aquarium
2026-07-30,Blue,place-bmmnl,360,0.46944444444444444,280.5,Beachmont
2026-07-30,Blue,place-gover,361,0.4792243767313019,286.0,Government Center
2026-07-30,Blue,place-mvbcl,358,0.4888268156424581,291.0,Maverick
2026-07-30,Blue,place-orhte,354,0.5056497175141242,303.0,Orient Heights
2026-07-30,Blue,place-rbmnl,359,0.479108635097493,291.0,Revere Beach
2026-07-30,Blue,place-sdmnl,357,0.5182072829131653,307.0,Suffolk Downs
2026-07-30,Blue,place-state,359,0.49303621169916434,300.0,State
2026-07-30,Blue,place-wimnl,359,0.49303621169916434,289.0,Wood Island
2026-07-30,Green,place-alsgr,243,0.07407407407407407,-16.0,Allston Street
2026-07-30,Green,place-amory,244,0.12295081967213115,6.5,Amory Street
2026-07-30,Green,place-armnl,945,0.1671957671957672,28.0,Arlington
2026-07-30,Green,place-babck,243,0.07818930041152264,8.0,Babcock Street
2026-07-30,Green,place-balsq,272,0.09191176470588236,-18.5,Ball Square
2026-07-30,Green,place-bckhl,255,0.13725490196078433,-111.0,Back of the Hill
2026-07-30,Green,place-bcnfd,188,0.2127659574468085,90.0,Beaconsfield
2026-07-30,Green,place-bcnwa,256,0.19140625,76.0,Washington Square
2026-07-30,Green,place-bland,244,0.12704918032786885,-3.5,Blandford Street
2026-07-30,Green,place-bndhl,255,0.2196078431372549,92.0,Brandon Hall
2026-07-30,Green,place-boyls,943,0.17497348886532343,28.0,Boylston
2026-07-30,Green,place-brico,243,0.08641975308641975,-4.0,Packards Corner
2026-07-30,Green,place-brkhl,189,0.2328042328042328,92.0,Brookline Hills
2026-07-30,Green,place-brmnl,256,0.1171875,-85.0,Brigham Circle
2026-07-30,Green,place-bucen,244,0.10655737704918032,-16.0,Boston University Central
2026-07-30,Green,place-buest,244,0.11475409836065574,-14.0,Boston University East
2026-07-30,Green,place-bvmnl,189,0.2222222222222222,67.0,Brookline Village
2026-07-30,Green,place-chhil,182,0.2032967032967033,89.5,Chestnut Hill
2026-07-30,Green,place-chill,229,0.07860262008733625,-19.0,Chestnut Hill Avenue
2026-07-30,Green,place-chswk,233,0.0815450643776824,-41.0,Chiswick Road
2026-07-30,Green,place-coecl,899,0.16017797552836485,18.0,Copley
2026-07-30,Green,place-cool,256,0.2109375,83.5,Coolidge Corner
2026-07-30,Green,place-denrd,256,0.15625,26.0,Dean Road
2026-07-30,Green,place-eliot,158,0.1518987341772152,75.0,Eliot
2026-07-30,Green,place-engav,255,0.1803921568627451,56.0,Englewood Avenue
2026-07-30,Green,place-esomr,263,0.09125475285171103,14.0,East Somerville
2026-07-30,Green,place-fbkst,255,0.23137254901960785,91.0,Fairbanks Street
2026-07-30,Green,place-fenwd,256,0.14453125,-68.5,Fenwood Road
2026-07-30,Green,place-fenwy,187,0.22994652406417113,67.0,Fenway
2026-07-30,Green,place-gilmn,275,0.10545454545454545,18.0,Gilman Square
2026-07-30,Green,place-gover,444,0.17792792792792791,16.0,Government Center
2026-07-30,Green,place-grigg,244,0.07377049180327869,-9.5,Griggs Street
2026-07-30,Green,place-haecl,442,0.16063348416289594,10.5,Haymarket
2026-07-30,Green,place-harvd,244,0.05737704918032787,-28.5,Harvard Avenue
2026-07-30,Green,place-hwsst,257,0.245136186770428,126.0,Hawes Street
2026-07-30,Green,place-hymnl,636,0.18081761006289307,54.5,Hynes Convention Center
2026-07-30,Green,place-kencl,687,0.1848617176128093,48.0,Kenmore
2026-07-30,Green,place-kntst,257,0.24124513618677043,133.0,Kent Street
2026-07-30,Green,place-lech,455,0.15164835164835164,21.0,Lechmere
2026-07-30,Green,place-lngmd,260,0.11923076923076924,-75.5,Longwood Medical Area
2026-07-30,Green,place-longw,189,0.2275132275132275,83.0,Longwood
2026-07-30,Green,place-mfa,260,0.12692307692307692,-65.5,Museum of Fine Arts
2026-07-30,Green,place-mgngl,273,0.12087912087912088,26.0,Magoun Square
2026-07-30,Green,place-mispk,254,0.1220472440944882,-120.0,Mission Park
2026-07-30,Green,place-newtn,173,0.15606936416184972,79.0,Newton Highlands
2026-07-30,Green,place-newto,186,0.20967741935483872,86.0,Newton Centre
2026-07-30,Green,place-north,447,0.16331096196868009,12.0,North Station
2026-07-30,Green,place-nuniv,260,0.11923076923076924,-84.0,Northeastern University
2026-07-30,Green,place-pktrm,921,0.15526601520086863,21.0,Park Street
2026-07-30,Green,place-prmnl,261,0.14942528735632185,-63.0,Prudential
2026-07-30,Green,place-rsmnl,183,0.20765027322404372,108.0,Reservoir
2026-07-30,Green,place-rvrwy,254,0.13385826771653545,-117.0,Riverway
2026-07-30,Green,place-smary,256,0.23046875,106.5,Saint Marys Street
2026-07-30,Green,place-sougr,225,0.08444444444444445,-71.0,South Street
2026-07-30,Green,place-spmnl,452,0.17035398230088494,26.0,Science Park
2026-07-30,Green,place-sthld,235,0.09361702127659574,-28.0,Sutherland Road
2026-07-30,Green,place-stpul,256,0.23046875,125.0,Saint Paul Street
2026-07-30,Green,place-sumav,128,0.1171875,76.0,Summit Avenue
2026-07-30,Green,place-tapst,256,0.19140625,63.0,Tappan Street
2026-07-30,Green,place-waban,158,0.14556962025316456,59.5,Waban
2026-07-30,Green,place-wascm,239,0.0794979079497908,-19.0,Washington Street
2026-07-30,Green,place-woodl,150,0.14,4.0,Woodland
2026-07-30,Green,place-wrnst,240,0.07083333333333333,-47.5,Warren Street
2026-07-30,Mattapan,place-butlr,236,0.059322033898305086,-39.5,Butler
2026-07-30,Mattapan,place-capst,239,0.08786610878661087,8.0,Capen Street
2026-07-30,Mattapan,place-cedgr,237,0.06751054852320675,-51.0,Cedar Grove
2026-07-30,Mattapan,place-cenav,236,0.0635593220338983,-15.0,Central Avenue
2026-07-30,Mattapan,place-miltt,236,0.05084745762711865,-52.5,Milton
2026-07-30,Mattapan,place-valrd,237,0.08860759493670886,15.0,Valley Road
2026-07-30,Orange,place-astao,399,0.15037593984962405,52.0,Assembly
2026-07-30,Orange,place-bbsta,400,0.1525,43.0,Back Bay
2026-07-30,Orange,place-ccmnl,398,0.14824120603015076,45.0,Community College
2026-07-30,Orange,place-chncl,399,0.15789473684210525,55.0,Chinatown
2026-07-30,Orange,place-dwnxg,399,0.16290726817042606,56.0,Downtown Crossing
2026-07-30,Orange,place-grnst,397,0.1561712846347607,49.0,Green Street
2026-07-30,Orange,place-haecl,399,0.16040100250626566,53.0,Haymarket
2026-07-30,Orange,place-jaksn,399,0.16040100250626566,44.0,Jackson Square
2026-07-30,Orange,place-masta,400,0.1625,53.0,Massachusetts Avenue
2026-07-30,Orange,place-mlmnl,397,0.15869017632241814,61.0,Malden Center
2026-07-30,Orange,place-north,398,0.1507537688442211,49.5,North Station
2026-07-30,Orange,place-rcmnl,400,0.155,41.0,Roxbury Crossing
2026-07-30,Orange,place-rugg,400,0.175,67.5,Ruggles
2026-07-30,Orange,place-sbmnl,398,0.15577889447236182,47.0,Stony Brook
2026-07-30,Orange,place-state,398,0.14824120603015076,33.5,State
2026-07-30,Orange,place-sull,398,0.14824120603015076,40.0,Sullivan Square
2026-07-30,Orange,place-tumnl,400,0.155,48.5,Tufts Medical Center
2026-07-30,Orange,place-welln,398,0.1457286432160804,55.5,Wellington
2026-07-30,Red,place-andrw,58,0.25862068965517243,-784.0,Andrew
2026-07-30,Red,place-brdwy,59,0.2542372881355932,-782.0,Broadway
2026-07-30,Red,place-dwnxg,50,0.28,-745.0,Downtown Crossing
2026-07-30,Red,place-fldcr,26,0.19230769230769232,-854.5,Fields Corner
2026-07-30,Red,place-jfk,58,0.25862068965517243,-763.0,JFK/UMass
2026-07-30,Red,place-nqncy,32,0.3125,-627.0,North Quincy
2026-07-30,Red,place-qamnl,32,0.3125,-698.5,Quincy Adams
2026-07-30,Red,place-qnctr,34,0.29411764705882354,-705.0,Quincy Center
2026-07-30,Red,place-shmnl,25,0.2,-836.0,Savin Hill
2026-07-30,Red,place-smmnl,25,0.16,-828.0,Shawmut
2026-07-30,Red,place-sstat,56,0.26785714285714285,-735.5,South Station
2026-07-30,Red,place-wlsta,32,0.3125,-631.5,Wollaston
2026-07-31,Blue,place-aport,314,0.3503184713375796,137.5,Airport
2026-07-31,Blue,place-aqucl,310,0.3580645161290323,162.5,Aquarium
2026-07-31,Blue,place-bmmnl,313,0.35782747603833864,151.0,Beachmont
2026-07-31,Blue,place-gover,313,0.35782747603833864,150.0,Government Center
2026-07-31,Blue,place-mvbcl,313,0.34824281150159747,149.0,Maverick
2026-07-31,Blue,place-orhte,311,0.36012861736334406,142.0,Orient Heights
2026-07-31,Blue,place-rbmnl,312,0.358974358974359,145.0,Revere Beach
2026-07-31,Blue,place-sdmnl,312,0.391025641025641,176.0,Suffolk Downs
2026-07-31,Blue,place-state,310,0.35161290322580646,159.5,State
2026-07-31,Blue,place-wimnl,314,0.3630573248407643,139.0,Wood Island
2026-07-31,Green,place-alsgr,239,0.09205020920502092,7.0,Allston Street
2026-07-31,Green,place-amory,240,0.1375,34.5,Amory Street
2026-07-31,Green,place-armnl,954,0.19811320754716982,44.5,Arlington
2026-07-31,Green,place-babck,238,0.1134453781512605,31.5,Babcock Street
2026-07-31,Green,place-balsq,273,0.11355311355311355,9.0,Ball Square
2026-07-31,Green,place-bckhl,253,0.20553359683794467,-29.0,Back of the Hill
2026-07-31,Green,place-bcnfd,215,0.27906976744186046,101.0,Beaconsfield
2026-07-31,Green,place-bcnwa,231,0.19047619047619047,61.0,Washington Square
2026-07-31,Green,place-bland,239,0.12133891213389121,33.0,Blandford Street
2026-07-31,Green,place-bndhl,231,0.23376623376623376,86.0,Brandon Hall
2026-07-31,Green,place-boyls,955,0.1905759162303665,48.0,Boylston
2026-07-31,Green,place-brico,238,0.1092436974789916,26.5,Packards Corner
2026-07-31,Green,place-brkhl,214,0.2850467289719626,81.0,Brookline Hills
2026-07-31,Green,place-brmnl,254,0.19291338582677164,-24.5,Brigham Circle
2026-07-31,Green,place-bucen,240,0.1375,15.0,Boston University Central
2026-07-31,Green,place-buest,240,0.12083333333333333,29.5,Boston University East
2026-07-31,Green,place-bvmnl,214,0.2757009345794392,89.5,Brookline Village
2026-07-31,Green,place-chhil,213,0.24413145539906103,100.0,Chestnut Hill
2026-07-31,Green,place-chill,231,0.08225108225108226,9.0,Chestnut Hill Avenue
2026-07-31,Green,place-chswk,233,0.10300429184549356,-2.0,Chiswick Road
2026-07-31,Green,place-coecl,912,0.19188596491228072,39.5,Copley
2026-07-31,Green,place-cool,230,0.20869565217391303,63.0,Coolidge Corner
2026-07-31,Green,place-denrd,231,0.16883116883116883,5.0,Dean Road
2026-07-31,Green,place-eliot,213,0.2300469483568075,109.0,Eliot
2026-07-31,Green,place-engav,230,0.1782608695652174,41.5,Englewood Avenue
2026-07-31,Green,place-esomr,265,0.13584905660377358,38.0,East Somerville
2026-07-31,Green,place-fbkst,231,0.21645021645021645,78.0,Fairbanks Street
2026-07-31,Green,place-fenwd,255,0.23137254901960785,-1.0,Fenwood Road
2026-07-31,Green,place-fenwy,212,0.25943396226415094,90.5,Fenway
2026-07-31,Green,place-gilmn,275,0.13454545454545455,45.0,Gilman Square
2026-07-31,Green,place-gover,471,0.2484076433121019,65.0,Government Center
2026-07-31,Green,place-grigg,239,0.09623430962343096,4.0,Griggs Street
2026-07-31,Green,place-haecl,466,0.21888412017167383,47.0,Haymarket
2026-07-31,Green,place-harvd,237,0.08438818565400844,-21.0,Harvard Avenue
2026-07-31,Green,place-hwsst,227,0.22466960352422907,99.0,Hawes Street
2026-07-31,Green,place-hymnl,645,0.19844961240310077,51.0,Hynes Convention Center
2026-07-31,Green,place-kencl,690,0.18840579710144928,48.5,Kenmore
2026-07-31,Green,place-kntst,228,0.21052631578947367,104.5,Kent Street
2026-07-31,Green,place-lech,481,0.19750519750519752,52.0,Lechmere
2026-07-31,Green,place-lngmd,263,0.19011406844106463,-9.0,Longwood Medical Area
2026-07-31,Green,place-longw,215,0.27906976744186046,105.0,Longwood
2026-07-31,Green,place-mfa,264,0.19318181818181818,21.0,Museum of Fine Arts
2026-07-31,Green,place-mgngl,274,0.12408759124087591,48.0,Magoun Square
2026-07-31,Green,place-mispk,255,0.16862745098039217,-53.0,Mission Park
2026-07-31,Green,place-newtn,213,0.2535211267605634,124.0,Newton Highlands
2026-07-31,Green,place-newto,214,0.2570093457943925,130.0,Newton Centre
2026-07-31,Green,place-north,479,0.21711899791231734,40.0,North Station
2026-07-31,Green,place-nuniv,266,0.17293233082706766,-31.0,Northeastern University
2026-07-31,Green,place-pktrm,911,0.19538968166849616,50.0,Park Street
2026-07-31,Green,place-prmnl,265,0.21132075471698114,-11.0,Prudential
2026-07-31,Green,place-rsmnl,214,0.26635514018691586,113.0,Reservoir
2026-07-31,Green,place-rvrwy,255,0.20392156862745098,-32.0,Riverway
2026-07-31,Green,place-smary,228,0.23684210526315788,79.5,Saint Marys Street
2026-07-31,Green,place-sougr,228,0.07017543859649122,-55.5,South Street
2026-07-31,Green,place-spmnl,483,0.2194616977225673,63.0,Science Park
2026-07-31,Green,place-sthld,234,0.09401709401709402,-3.0,Sutherland Road
2026-07-31,Green,place-stpul,229,0.2183406113537118,97.0,Saint Paul Street
2026-07-31,Green,place-sumav,113,0.17699115044247787,67.0,Summit Avenue
2026-07-31,Green,place-tapst,231,0.18181818181818182,48.0,Tappan Street
2026-07-31,Green,place-waban,214,0.21495327102803738,104.0,Waban
2026-07-31,Green,place-wascm,236,0.08050847457627118,3.5,Washington Street
2026-07-31,Green,place-woodl,212,0.2028301886792453,105.5,Woodland
2026-07-31,Green,place-wrnst,240,0.0875,-18.5,Warren Street
2026-07-31,Mattapan,place-asmnl,7,0.14285714285714285,-330.0,Ashmont
2026-07-31,Mattapan,place-butlr,221,0.36199095022624433,10.0,Butler
2026-07-31,Mattapan,place-capst,222,0.36936936936936937,66.0,Capen Street
2026-07-31,Mattapan,place-cedgr,224,0.3794642857142857,36.0,Cedar Grove
2026-07-31,Mattapan,place-cenav,229,0.37117903930131,52.0,Central Avenue
2026-07-31,Mattapan,place-miltt,226,0.36283185840707965,11.0,Milton
2026-07-31,Mattapan,place-valrd,227,0.3656387665198238,63.0,Valley Road
2026-07-31,Orange,place-astao,401,0.06982543640897755,45.0,Assembly
2026-07-31,Orange,place-bbsta,399,0.07017543859649122,40.0,Back Bay
2026-07-31,Orange,place-ccmnl,401,0.06733167082294264,39.0,Community College
2026-07-31,Orange,place-chncl,399,0.08020050125313283,48.0,Chinatown
2026-07-31,Orange,place-dwnxg,400,0.0725,47.5,Downtown Crossing
2026-07-31,Orange,place-grnst,394,0.08121827411167512,55.0,Green Street
2026-07-31,Orange,place-haecl,401,0.07481296758104738,48.0,Haymarket
2026-07-31,Orange,place-jaksn,395,0.08607594936708861,39.0,Jackson Square
2026-07-31,Orange,place-masta,396,0.08080808080808081,45.5,Massachusetts Avenue
2026-07-31,Orange,place-mlmnl,400,0.08,59.0,Malden Center
2026-07-31,Orange,place-north,401,0.06982543640897755,37.0,North Station
2026-07-31,Orange,place-rcmnl,395,0.08607594936708861,39.0,Roxbury Crossing
2026-07-31,Orange,place-rugg,395,0.09367088607594937,70.0,Ruggles
2026-07-31,Orange,place-sbmnl,395,0.07848101265822785,36.0,Stony Brook
2026-07-31,Orange,place-state,400,0.0625,25.5,State
2026-07-31,Orange,place-sull,402,0.06965174129353234,35.5,Sullivan Square
2026-07-31,Orange,place-tumnl,399,0.08020050125313283,44.0,Tufts Medical Center
2026-07-31,Orange,place-welln,402,0.06965174129353234,54.0,Wellington
2026-07-31,Red,place-andrw,218,0.3348623853211009,143.5,Andrew
2026-07-31,Red,place-brdwy,216,0.35185185185185186,147.5,Broadway
2026-07-31,Red,place-chmnl,209,0.3875598086124402,176.0,Charles/MGH
2026-07-31,Red,place-cntsq,197,0.36548223350253806,168.0,Central
2026-07-31,Red,place-davis,197,0.3756345177664975,204.0,Davis
2026-07-31,Red,place-dwnxg,213,0.38967136150234744,171.0,Downtown Crossing
2026-07-31,Red,place-fldcr,108,0.3611111111111111,99.5,Fields Corner
2026-07-31,Red,place-harsq,196,0.37244897959183676,195.0,Harvard
2026-07-31,Red,place-jfk,218,0.3256880733944954,145.5,JFK/UMass
2026-07-31,Red,place-knncl,202,0.36633663366336633,172.0,Kendall/MIT
2026-07-31,Red,place-nqncy,107,0.308411214953271,137.0,North Quincy
2026-07-31,Red,place-pktrm,212,0.38207547169811323,164.0,Park Street
2026-07-31,Red,place-portr,197,0.39086294416243655,227.0,Porter
2026-07-31,Red,place-qamnl,108,0.3333333333333333,176.5,Quincy Adams
2026-07-31,Red,place-qnctr,107,0.32710280373831774,147.0,Quincy Center
2026-07-31,Red,place-shmnl,109,0.3577981651376147,100.0,Savin Hill
2026-07-31,Red,place-smmnl,108,0.37037037037037035,118.5,Shawmut
2026-07-31,Red,place-sstat,215,0.3674418604651163,182.0,South Station
2026-07-31,Red,place-wlsta,107,0.3364485981308411,132.0,Wollaston
2026-08-01,Blue,place-aport,258,0.5736434108527132,406.0,Airport
2026-08-01,Blue,place-aqucl,259,0.5714285714285714,406.0,Aquarium
2026-08-01,Blue,place-bmmnl,256,0.58984375,420.5,Beachmont
2026-08-01,Blue,place-gover,258,0.5542635658914729,390.0,Government Center
2026-08-01,Blue,place-mvbcl,259,0.5675675675675675,400.0,Maverick
2026-08-01,Blue,place-orhte,258,0.6007751937984496,440.5,Orient Heights
2026-08-01,Blue,place-rbmnl,255,0.5882352941176471,424.0,Revere Beach
2026-08-01,Blue,place-sdmnl,256,0.61328125,456.5,Suffolk Downs
2026-08-01,Blue,place-state,259,0.5598455598455598,395.0,State
2026-08-01,Blue,place-wimnl,257,0.5719844357976653,409.0,Wood Island
2026-08-01,Green,place-alsgr,28,0.39285714285714285,-73.5,Allston Street
2026-08-01,Green,place-balsq,23,0.34782608695652173,-417.0,Ball Square
2026-08-01,Green,place-bcnfd,4,0.25,-179.5,Beaconsfield
2026-08-01,Green,place-bcnwa,17,0.23529411764705882,-741.0,Washington Square
2026-08-01,Green,place-bndhl,17,0.23529411764705882,-752.0,Brandon Hall
2026-08-01,Green,place-brico,29,0.41379310344827586,-116.0,Packards Corner
2026-08-01,Green,place-brkhl,4,0.25,-190.0,Brookline Hills
2026-08-01,Green,place-bvmnl,4,0.0,-233.0,Brookline Village
2026-08-01,Green,place-chhil,4,0.25,-178.5,Chestnut Hill
2026-08-01,Green,place-chill,29,0.4482758620689655,51.0,Chestnut Hill Avenue
2026-08-01,Green,place-chswk,29,0.41379310344827586,47.0,Chiswick Road
2026-08-01,Green,place-cool,17,0.23529411764705882,-856.0,Coolidge Corner
2026-08-01,Green,place-denrd,17,0.23529411764705882,-847.0,Dean Road
2026-08-01,Green,place-eliot,4,0.25,-122.5,Eliot
2026-08-01,Green,place-engav,16,0.25,-718.0,Englewood Avenue
2026-08-01,Green,place-esomr,22,0.36363636363636365,-265.5,East Somerville
2026-08-01,Green,place-fbkst,17,0.23529411764705882,-802.0,Fairbanks Street
2026-08-01,Green,place-fenwy,4,0.0,-436.0,Fenway
2026-08-01,Green,place-gilmn,22,0.36363636363636365,-266.5,Gilman Square
2026-08-01,Green,place-grigg,28,0.39285714285714285,-90.5,Griggs Street
2026-08-01,Green,place-harvd,28,0.42857142857142855,-23.0,Harvard Avenue
2026-08-01,Green,place-hwsst,16,0.25,-742.5,Hawes Street
2026-08-01,Green,place-kntst,17,0.23529411764705882,-852.0,Kent Street
2026-08-01,Green,place-lech,19,0.3684210526315789,-101.0,Lechmere
2026-08-01,Green,place-longw,4,0.25,-203.0,Longwood
2026-08-01,Green,place-mgngl,22,0.3181818181818182,-453.0,Magoun Square
2026-08-01,Green,place-newtn,4,0.25,-129.0,Newton Highlands
2026-08-01,Green,place-newto,4,0.25,-141.0,Newton Centre
2026-08-01,Green,place-rsmnl,4,0.25,-171.5,Reservoir
2026-08-01,Green,place-smary,16,0.25,-783.0,Saint Marys Street
2026-08-01,Green,place-sougr,27,0.37037037037037035,-41.0,South Street
2026-08-01,Green,place-spmnl,19,0.42105263157894735,-83.0,Science Park
2026-08-01,Green,place-sthld,28,0.39285714285714285,66.5,Sutherland Road
2026-08-01,Green,place-stpul,17,0.23529411764705882,-855.0,Saint Paul Street
2026-08-01,Green,place-sumav,5,0.2,-1341.0,Summit Avenue
2026-08-01,Green,place-tapst,17,0.23529411764705882,-835.0,Tappan Street
2026-08-01,Green,place-waban,4,0.25,-126.0,Waban
2026-08-01,Green,place-wascm,28,0.42857142857142855,62.5,Washington Street
2026-08-01,Green,place-woodl,4,0.25,-149.0,Woodland
2026-08-01,Green,place-wrnst,29,0.41379310344827586,-40.0,Warren Street
2026-08-01,Mattapan,place-butlr,186,0.06451612903225806,-41.0,Butler
2026-08-01,Mattapan,place-capst,183,0.0546448087431694,-27.0,Capen Street
2026-08-01,Mattapan,place-cedgr,183,0.07103825136612021,-63.0,Cedar Grove
2026-08-01,Mattapan,place-cenav,185,0.05405405405405406,-66.0,Central Avenue
2026-08-01,Mattapan,place-miltt,185,0.05945945945945946,-47.0,Milton
2026-08-01,Mattapan,place-valrd,185,0.05405405405405406,-29.0,Valley Road
2026-08-01,Orange,place-astao,323,0.10835913312693499,57.0,Assembly
2026-08-01,Orange,place-bbsta,323,0.11455108359133127,49.0,Back Bay
2026-08-01,Orange,place-ccmnl,322,0.10248447204968944,58.5,Community College
2026-08-01,Orange,place-chncl,323,0.1238390092879257,59.0,Chinatown
2026-08-01,Orange,place-dwnxg,322,0.10869565217391304,57.0,Downtown Crossing
2026-08-01,Orange,place-grnst,322,0.12111801242236025,63.0,Green Street
2026-08-01,Orange,place-haecl,322,0.10559006211180125,60.0,Haymarket
2026-08-01,Orange,place-jaksn,323,0.12693498452012383,48.0,Jackson Square
2026-08-01,Orange,place-masta,321,0.13395638629283488,61.0,Massachusetts Avenue
2026-08-01,Orange,place-mlmnl,322,0.11490683229813664,67.0,Malden Center
2026-08-01,Orange,place-north,322,0.10559006211180125,55.5,North Station
2026-08-01,Orange,place-rcmnl,323,0.12693498452012383,50.0,Roxbury Crossing
2026-08-01,Orange,place-rugg,320,0.14375,70.0,Ruggles
2026-08-01,Orange,place-sbmnl,323,0.1238390092879257,46.0,Stony Brook
2026-08-01,Orange,place-state,323,0.10526315789473684,41.0,State
2026-08-01,Orange,place-sull,324,0.10802469135802469,60.0,Sullivan Square
2026-08-01,Orange,place-tumnl,324,0.12037037037037036,57.5,Tufts Medical Center
2026-08-01,Orange,place-welln,322,0.11180124223602485,60.0,Wellington
2026-08-01,Red,place-andrw,325,0.05846153846153846,42.0,Andrew
2026-08-01,Red,place-brdwy,323,0.04953560371517028,38.0,Broadway
2026-08-01,Red,place-chmnl,321,0.04361370716510903,48.0,Charles/MGH
2026-08-01,Red,place-cntsq,321,0.04361370716510903,44.0,Central
2026-08-01,Red,place-davis,322,0.062111801242236024,79.0,Davis
2026-08-01,Red,place-dwnxg,322,0.046583850931677016,24.5,Downtown Crossing
2026-08-01,Red,place-fldcr,173,0.023121387283236993,2.0,Fields Corner
2026-08-01,Red,place-harsq,323,0.04953560371517028,61.0,Harvard
2026-08-01,Red,place-jfk,324,0.05555555555555555,39.0,JFK/UMass
2026-08-01,Red,place-knncl,322,0.046583850931677016,49.5,Kendall/MIT
2026-08-01,Red,place-nqncy,149,0.09395973154362416,54.0,North Quincy
2026-08-01,Red,place-pktrm,324,0.040123456790123455,32.0,Park Street
2026-08-01,Red,place-portr,324,0.06172839506172839,85.0,Porter
2026-08-01,Red,place-qamnl,148,0.0945945945945946,77.5,Quincy Adams
2026-08-01,Red,place-qnctr,150,0.1,64.0,Quincy Center
2026-08-01,Red,place-shmnl,173,0.023121387283236993,-9.0,Savin Hill
2026-08-01,Red,place-smmnl,174,0.022988505747126436,19.5,Shawmut
2026-08-01,Red,place-sstat,322,0.052795031055900624,42.5,South Station
2026-08-01,Red,place-wlsta,149,0.10067114093959731,54.0,Wollaston
2026-08-02,Blue,place-aport,260,0.3230769230769231,173.5,Airport
2026-08-02,Blue,place-aqucl,262,0.30916030534351147,177.5,Aquarium
2026-08-02,Blue,place-bmmnl,260,0.3,155.0,Beachmont
2026-08-02,Blue,place-gover,262,0.3282442748091603,162.5,Government Center
2026-08-02,Blue,place-mvbcl,261,0.32567049808429116,182.0,Maverick
2026-08-02,Blue,place-orhte,260,0.3269230769230769,179.0,Orient Heights
2026-08-02,Blue,place-rbmnl,260,0.3076923076923077,162.5,Revere Beach
2026-08-02,Blue,place-sdmnl,260,0.3153846153846154,173.5,Suffolk Downs
2026-08-02,Blue,place-state,262,0.31679389312977096,166.5,State
2026-08-02,Blue,place-wimnl,260,0.33076923076923076,191.5,Wood Island
2026-08-02,Green,place-alsgr,14,0.14285714285714285,-606.0,Allston Street
2026-08-02,Green,place-balsq,1,0.0,-1029.0,Ball Square
2026-08-02,Green,place-bcnfd,8,0.25,-573.5,Beaconsfield
2026-08-02,Green,place-bcnwa,19,0.15789473684210525,-749.0,Washington Square
2026-08-02,Green,place-bndhl,19,0.15789473684210525,-671.0,Brandon Hall
2026-08-02,Green,place-brico,13,0.07692307692307693,-576.0,Packards Corner
2026-08-02,Green,place-brkhl,9,0.2222222222222222,-390.0,Brookline Hills
2026-08-02,Green,place-bvmnl,9,0.2222222222222222,-410.0,Brookline Village
2026-08-02,Green,place-chhil,11,0.2727272727272727,-460.0,Chestnut Hill
2026-08-02,Green,place-chill,14,0.14285714285714285,-631.5,Chestnut Hill Avenue
2026-08-02,Green,place-chswk,14,0.14285714285714285,-642.0,Chiswick Road
2026-08-02,Green,place-cool,19,0.15789473684210525,-620.0,Coolidge Corner
2026-08-02,Green,place-denrd,20,0.15,-812.5,Dean Road
2026-08-02,Green,place-eliot,9,0.3333333333333333,-233.0,Eliot
2026-08-02,Green,place-engav,20,0.2,-777.5,Englewood Avenue
2026-08-02,Green,place-esomr,1,0.0,-973.0,East Somerville
2026-08-02,Green,place-fbkst,19,0.15789473684210525,-689.0,Fairbanks Street
2026-08-02,Green,place-fenwy,9,0.2222222222222222,-409.0,Fenway
2026-08-02,Green,place-gilmn,1,0.0,-979.0,Gilman Square
2026-08-02,Green,place-grigg,14,0.14285714285714285,-612.5,Griggs Street
2026-08-02,Green,place-harvd,14,0.07142857142857142,-631.0,Harvard Avenue
2026-08-02,Green,place-hwsst,17,0.11764705882352941,-685.0,Hawes Street
2026-08-02,Green,place-kntst,17,0.11764705882352941,-609.0,Kent Street
2026-08-02,Green,place-lech,14,0.2857142857142857,-248.0,Lechmere
2026-08-02,Green,place-longw,9,0.2222222222222222,-400.0,Longwood
2026-08-02,Green,place-mgngl,1,0.0,-998.0,Magoun Square
2026-08-02,Green,place-newtn,10,0.3,-363.0,Newton Highlands
2026-08-02,Green,place-newto,10,0.3,-370.5,Newton Centre
2026-08-02,Green,place-rsmnl,9,0.3333333333333333,-432.0,Reservoir
2026-08-02,Green,place-smary,18,0.2222222222222222,-597.5,Saint Marys Street
2026-08-02,Green,place-sougr,13,0.15384615384615385,-609.0,South Street
2026-08-02,Green,place-spmnl,14,0.14285714285714285,-550.5,Science Park
2026-08-02,Green,place-sthld,13,0.07692307692307693,-624.0,Sutherland Road
2026-08-02,Green,place-stpul,17,0.11764705882352941,-651.0,Saint Paul Street
2026-08-02,Green,place-sumav,10,0.2,-512.0,Summit Avenue
2026-08-02,Green,place-tapst,20,0.15,-763.5,Tappan Street
2026-08-02,Green,place-waban,9,0.3333333333333333,-188.0,Waban
2026-08-02,Green,place-wascm,14,0.14285714285714285,-640.0,Washington Street
2026-08-02,Green,place-woodl,9,0.3333333333333333,-192.0,Woodland
2026-08-02,Green,place-wrnst,13,0.15384615384615385,-597.0,Warren Street
2026-08-02,Mattapan,place-butlr,172,0.03488372093023256,-59.5,Butler
2026-08-02,Mattapan,place-capst,169,0.01775147928994083,-50.0,Capen Street
2026-08-02,Mattapan,place-cedgr,170,0.023529411764705882,-72.0,Cedar Grove
2026-08-02,Mattapan,place-cenav,173,0.028901734104046242,-85.0,Central Avenue
2026-08-02,Mattapan,place-miltt,172,0.029069767441860465,-67.0,Milton
2026-08-02,Mattapan,place-valrd,172,0.029069767441860465,-48.5,Valley Road
2026-08-02,Orange,place-astao,287,0.0627177700348432,38.0,Assembly
2026-08-02,Orange,place-bbsta,287,0.06968641114982578,30.0,Back Bay
2026-08-02,Orange,place-ccmnl,287,0.0627177700348432,30.0,Community College
2026-08-02,Orange,place-chncl,287,0.07317073170731707,36.0,Chinatown
2026-08-02,Orange,place-dwnxg,287,0.0627177700348432,34.0,Downtown Crossing
2026-08-02,Orange,place-grnst,285,0.08070175438596491,38.0,Green Street
2026-08-02,Orange,place-haecl,286,0.06643356643356643,42.0,Haymarket
2026-08-02,Orange,place-jaksn,286,0.07342657342657342,17.5,Jackson Square
2026-08-02,Orange,place-masta,287,0.07665505226480836,35.0,Massachusetts Avenue
2026-08-02,Orange,place-mlmnl,285,0.06666666666666667,54.0,Malden Center
2026-08-02,Orange,place-north,287,0.0627177700348432,34.0,North Station
2026-08-02,Orange,place-rcmnl,286,0.07342657342657342,25.5,Roxbury Crossing
2026-08-02,Orange,place-rugg,287,0.07317073170731707,38.0,Ruggles
2026-08-02,Orange,place-sbmnl,286,0.06643356643356643,21.0,Stony Brook
2026-08-02,Orange,place-state,287,0.0627177700348432,22.0,State
2026-08-02,Orange,place-sull,286,0.06293706293706294,25.5,Sullivan Square
2026-08-02,Orange,place-tumnl,287,0.07317073170731707,36.0,Tufts Medical Center
2026-08-02,Orange,place-welln,284,0.05985915492957746,45.5,Wellington
2026-08-02,Red,place-andrw,323,0.16408668730650156,60.0,Andrew
2026-08-02,Red,place-brdwy,324,0.16358024691358025,55.5,Broadway
2026-08-02,Red,place-chmnl,322,0.20186335403726707,74.0,Charles/MGH
2026-08-02,Red,place-cntsq,321,0.19314641744548286,77.0,Central
2026-08-02,Red,place-davis,323,0.21052631578947367,101.0,Davis
2026-08-02,Red,place-dwnxg,323,0.17956656346749225,44.0,Downtown Crossing
2026-08-02,Red,place-fldcr,160,0.14375,4.0,Fields Corner
2026-08-02,Red,place-harsq,324,0.2191358024691358,110.0,Harvard
2026-08-02,Red,place-jfk,324,0.16049382716049382,58.0,JFK/UMass
2026-08-02,Red,place-knncl,322,0.20186335403726707,77.0,Kendall/MIT
2026-08-02,Red,place-nqncy,163,0.147239263803681,65.0,North Quincy
2026-08-02,Red,place-pktrm,324,0.18518518518518517,61.0,Park Street
2026-08-02,Red,place-portr,323,0.22910216718266255,126.0,Porter
2026-08-02,Red,place-qamnl,163,0.147239263803681,82.0,Quincy Adams
2026-08-02,Red,place-qnctr,163,0.13496932515337423,73.0,Quincy Center
2026-08-02,Red,place-shmnl,159,0.14465408805031446,-8.0,Savin Hill
2026-08-02,Red,place-smmnl,160,0.13125,27.0,Shawmut
2026-08-02,Red,place-sstat,323,0.17337461300309598,57.0,South Station
2026-08-02,Red,place-wlsta,163,0.147239263803681,63.0,Wollaston
2026-08-03,Blue,place-aport,345,0.7043478260869566,553.0,Airport
2026-08-03,Blue,place-aqucl,345,0.7217391304347827,570.0,Aquarium
2026-08-03,Blue,place-bmmnl,347,0.6801152737752162,536.0,Beachmont
2026-08-03,Blue,place-gover,345,0.7159420289855073,550.0,Government Center
2026-08-03,Blue,place-mvbcl,346,0.7167630057803468,554.5,Maverick
2026-08-03,Blue,place-orhte,344,0.6976744186046512,542.0,Orient Heights
2026-08-03,Blue,place-rbmnl,344,0.688953488372093,531.5,Revere Beach
2026-08-03,Blue,place-sdmnl,344,0.6918604651162791,561.0,Suffolk Downs
2026-08-03,Blue,place-state,347,0.7204610951008645,571.0,State
2026-08-03,Blue,place-wimnl,346,0.7052023121387283,550.5,Wood Island
2026-08-03,Green,place-alsgr,231,0.09523809523809523,3.0,Allston Street
2026-08-03,Green,place-amory,234,0.13247863247863248,40.5,Amory Street
2026-08-03,Green,place-armnl,958,0.20772442588726514,58.5,Arlington
2026-08-03,Green,place-babck,233,0.11158798283261803,40.0,Babcock Street
2026-08-03,Green,place-balsq,239,0.03347280334728033,-21.0,Ball Square
2026-08-03,Green,place-bckhl,232,0.14224137931034483,-50.0,Back of the Hill
2026-08-03,Green,place-bcnfd,234,0.1794871794871795,62.0,Beaconsfield
2026-08-03,Green,place-bcnwa,245,0.3142857142857143,158.0,Washington Square
2026-08-03,Green,place-bland,234,0.1282051282051282,5.0,Blandford Street
2026-08-03,Green,place-bndhl,247,0.3360323886639676,178.0,Brandon Hall
2026-08-03,Green,place-boyls,957,0.2027168234064786,66.0,Boylston
2026-08-03,Green,place-brico,235,0.11914893617021277,18.0,Packards Corner
2026-08-03,Green,place-brkhl,239,0.18410041841004185,57.0,Brookline Hills
2026-08-03,Green,place-brmnl,234,0.1111111111111111,-28.0,Brigham Circle
2026-08-03,Green,place-bucen,235,0.16170212765957448,8.0,Boston University Central
2026-08-03,Green,place-buest,234,0.11965811965811966,8.5,Boston University East
2026-08-03,Green,place-bvmnl,237,0.16877637130801687,49.0,Brookline Village
2026-08-03,Green,place-chhil,230,0.19130434782608696,69.0,Chestnut Hill
2026-08-03,Green,place-chill,231,0.11688311688311688,13.0,Chestnut Hill Avenue
2026-08-03,Green,place-chswk,231,0.12121212121212122,-21.0,Chiswick Road
2026-08-03,Green,place-coecl,932,0.194206008583691,58.0,Copley
2026-08-03,Green,place-cool,247,0.32388663967611336,165.0,Coolidge Corner
2026-08-03,Green,place-denrd,245,0.24489795918367346,115.0,Dean Road
2026-08-03,Green,place-eliot,232,0.2025862068965517,81.5,Eliot
2026-08-03,Green,place-engav,242,0.24380165289256198,122.5,Englewood Avenue
2026-08-03,Green,place-esomr,238,0.037815126050420166,-12.0,East Somerville
2026-08-03,Green,place-fbkst,247,0.3319838056680162,184.0,Fairbanks Street
2026-08-03,Green,place-fenwd,233,0.1459227467811159,-14.0,Fenwood Road
2026-08-03,Green,place-fenwy,232,0.16810344827586207,60.5,Fenway
2026-08-03,Green,place-gilmn,240,0.041666666666666664,-3.0,Gilman Square
2026-08-03,Green,place-gover,420,0.1738095238095238,43.5,Government Center
2026-08-03,Green,place-grigg,233,0.11158798283261803,13.0,Griggs Street
2026-08-03,Green,place-haecl,431,0.14385150812064965,5.0,Haymarket
2026-08-03,Green,place-harvd,235,0.0851063829787234,-23.0,Harvard Avenue
2026-08-03,Green,place-hwsst,249,0.40963855421686746,224.0,Hawes Street
2026-08-03,Green,place-hymnl,693,0.22077922077922077,90.0,Hynes Convention Center
2026-08-03,Green,place-kencl,712,0.21769662921348315,86.5,Kenmore
2026-08-03,Green,place-kntst,248,0.3870967741935484,222.0,Kent Street
2026-08-03,Green,place-lech,471,0.09129511677282377,-4.0,Lechmere
2026-08-03,Green,place-lngmd,239,0.11297071129707113,-23.0,Longwood Medical Area
2026-08-03,Green,place-longw,237,0.18565400843881857,61.0,Longwood
2026-08-03,Green,place-mfa,239,0.1297071129707113,-14.0,Museum of Fine Arts
2026-08-03,Green,place-mgngl,237,0.03375527426160337,2.0,Magoun Square
2026-08-03,Green,place-mispk,231,0.11255411255411256,-67.0,Mission Park
2026-08-03,Green,place-newtn,232,0.1939655172413793,99.0,Newton Highlands
2026-08-03,Green,place-newto,233,0.2017167381974249,87.0,Newton Centre
2026-08-03,Green,place-north,474,0.13924050632911392,7.0,North Station
2026-08-03,Green,place-nuniv,240,0.11666666666666667,-56.0,Northeastern University
2026-08-03,Green,place-pktrm,845,0.19171597633136095,53.0,Park Street
2026-08-03,Green,place-prmnl,236,0.13559322033898305,-34.5,Prudential
2026-08-03,Green,place-rsmnl,232,0.1810344827586207,57.0,Reservoir
2026-08-03,Green,place-rvrwy,231,0.13852813852813853,-34.0,Riverway
2026-08-03,Green,place-smary,250,0.368,203.0,Saint Marys Street
2026-08-03,Green,place-sougr,229,0.09606986899563319,-37.0,South Street
2026-08-03,Green,place-spmnl,472,0.1271186440677966,13.0,Science Park
2026-08-03,Green,place-sthld,231,0.11688311688311688,-5.0,Sutherland Road
2026-08-03,Green,place-stpul,250,0.392,226.0,Saint Paul Street
2026-08-03,Green,place-sumav,126,0.1746031746031746,107.5,Summit Avenue
2026-08-03,Green,place-tapst,245,0.2938775510204082,138.0,Tappan Street
2026-08-03,Green,place-waban,229,0.17903930131004367,62.0,Waban
2026-08-03,Green,place-wascm,230,0.09565217391304348,-0.5,Washington Street
2026-08-03,Green,place-woodl,229,0.14847161572052403,67.0,Woodland
2026-08-03,Green,place-wrnst,233,0.09871244635193133,-31.0,Warren Street
2026-08-03,Mattapan,place-butlr,244,0.0860655737704918,-50.0,Butler
2026-08-03,Mattapan,place-capst,245,0.10612244897959183,2.0,Capen Street
2026-08-03,Mattapan,place-cedgr,245,0.04897959183673469,-53.0,Cedar Grove
2026-08-03,Mattapan,place-cenav,246,0.09349593495934959,-24.5,Central Avenue
2026-08-03,Mattapan,place-miltt,245,0.08979591836734693,-59.0,Milton
2026-08-03,Mattapan,place-valrd,246,0.10569105691056911,3.5,Valley Road
2026-08-03,Orange,place-astao,445,0.02696629213483146,21.0,Assembly
2026-08-03,Orange,place-bbsta,446,0.02242152466367713,10.5,Back Bay
2026-08-03,Orange,place-ccmnl,445,0.020224719101123594,6.0,Community College
2026-08-03,Orange,place-chncl,445,0.024719101123595506,18.0,Chinatown
2026-08-03,Orange,place-dwnxg,445,0.020224719101123594,17.0,Downtown Crossing
2026-08-03,Orange,place-grnst,444,0.009009009009009009,32.0,Green Street
2026-08-03,Orange,place-haecl,446,0.02242152466367713,22.0,Haymarket
2026-08-03,Orange,place-jaksn,446,0.020179372197309416,6.5,Jackson Square
2026-08-03,Orange,place-masta,445,0.024719101123595506,16.0,Massachusetts Avenue
2026-08-03,Orange,place-mlmnl,445,0.029213483146067417,36.0,Malden Center
2026-08-03,Orange,place-north,445,0.020224719101123594,11.0,North Station
2026-08-03,Orange,place-rcmnl,445,0.02247191011235955,8.0,Roxbury Crossing
2026-08-03,Orange,place-rugg,445,0.024719101123595506,34.0,Ruggles
2026-08-03,Orange,place-sbmnl,444,0.01126126126126126,11.5,Stony Brook
2026-08-03,Orange,place-state,446,0.020179372197309416,-9.0,State
2026-08-03,Orange,place-sull,446,0.02242152466367713,5.5,Sullivan Square
2026-08-03,Orange,place-tumnl,446,0.020179372197309416,16.0,Tufts Medical Center
2026-08-03,Orange,place-welln,445,0.024719101123595506,29.0,Wellington
2026-08-03,Red,place-andrw,341,0.5190615835777126,326.0,Andrew
2026-08-03,Red,place-brdwy,342,0.5263157894736842,329.0,Broadway
2026-08-03,Red,place-chmnl,347,0.521613832853026,321.0,Charles/MGH
2026-08-03,Red,place-cntsq,350,0.4942857142857143,296.5,Central
2026-08-03,Red,place-davis,350,0.5,299.0,Davis
2026-08-03,Red,place-dwnxg,347,0.5043227665706052,304.0,Downtown Crossing
2026-08-03,Red,place-fldcr,155,0.4645161290322581,255.0,Fields Corner
2026-08-03,Red,place-harsq,353,0.5014164305949008,303.0,Harvard
2026-08-03,Red,place-jfk,342,0.5,300.0,JFK/UMass
2026-08-03,Red,place-knncl,348,0.5201149425287356,310.0,Kendall/MIT
2026-08-03,Red,place-nqncy,187,0.47593582887700536,278.0,North Quincy
2026-08-03,Red,place-pktrm,347,0.5187319884726225,323.0,Park Street
2026-08-03,Red,place-portr,349,0.5300859598853869,317.0,Porter
2026-08-03,Red,place-qamnl,186,0.4731182795698925,275.5,Quincy Adams
2026-08-03,Red,place-qnctr,185,0.4756756756756757,268.0,Quincy Center
2026-08-03,Red,place-shmnl,153,0.49019607843137253,263.0,Savin Hill
2026-08-03,Red,place-smmnl,154,0.474025974025974,266.0,Shawmut
2026-08-03,Red,place-sstat,345,0.5217391304347826,326.0,South Station
2026-08-03,Red,place-wlsta,188,0.4787234042553192,261.5,Wollaston
2026-08-04,Blue,place-aport,358,0.61731843575419,491.0,Airport
2026-08-04,Blue,place-aqucl,358,0.6424581005586593,511.0,Aquarium
2026-08-04,Blue,place-bmmnl,351,0.6353276353276354,479.0,Beachmont
2026-08-04,Blue,place-gover,357,0.6470588235294118,474.0,Government Center
2026-08-04,Blue,place-mvbcl,359,0.6239554317548747,487.0,Maverick
2026-08-04,Blue,place-orhte,351,0.6267806267806267,482.0,Orient Heights
2026-08-04,Blue,place-rbmnl,351,0.6467236467236467,494.0,Revere Beach
2026-08-04,Blue,place-sdmnl,351,0.6495726495726496,508.0,Suffolk Downs
2026-08-04,Blue,place-state,359,0.649025069637883,492.0,State
2026-08-04,Blue,place-wimnl,358,0.6256983240223464,481.5,Wood Island
2026-08-04,Green,place-alsgr,221,0.20361990950226244,61.0,Allston Street
2026-08-04,Green,place-amory,223,0.23318385650224216,129.0,Amory Street
2026-08-04,Green,place-armnl,956,0.23535564853556484,89.0,Arlington
2026-08-04,Green,place-babck,221,0.22171945701357465,97.0,Babcock Street
2026-08-04,Green,place-balsq,285,0.02456140350877193,-75.0,Ball Square
2026-08-04,Green,place-bckhl,263,0.10266159695817491,-131.0,Back of the Hill
2026-08-04,Green,place-bcnfd,224,0.25,115.0,Beaconsfield
2026-08-04,Green,place-bcnwa,240,0.24583333333333332,92.5,Washington Square
2026-08-04,Green,place-bland,223,0.22869955156950672,93.0,Blandford Street
2026-08-04,Green,place-bndhl,242,0.2809917355371901,115.0,Brandon Hall
2026-08-04,Green,place-boyls,953,0.236096537250787,79.0,Boylston
2026-08-04,Green,place-brico,222,0.21621621621621623,72.5,Packards Corner
2026-08-04,Green,place-brkhl,223,0.27802690582959644,94.0,Brookline Hills
2026-08-04,Green,place-brmnl,264,0.0946969696969697,-111.0,Brigham Circle
2026-08-04,Green,place-bucen,223,0.21973094170403587,92.0,Boston University Central
2026-08-04,Green,place-buest,224,0.23660714285714285,83.0,Boston University East
2026-08-04,Green,place-bvmnl,224,0.25892857142857145,86.0,Brookline Village
2026-08-04,Green,place-chhil,218,0.23853211009174313,102.0,Chestnut Hill
2026-08-04,Green,place-chill,221,0.2171945701357466,43.0,Chestnut Hill Avenue
2026-08-04,Green,place-chswk,223,0.19730941704035873,43.0,Chiswick Road
2026-08-04,Green,place-coecl,954,0.22641509433962265,71.0,Copley
2026-08-04,Green,place-cool,241,0.2572614107883817,99.0,Coolidge Corner
2026-08-04,Green,place-denrd,240,0.2125,53.5,Dean Road
2026-08-04,Green,place-eliot,220,0.2545454545454545,128.0,Eliot
2026-08-04,Green,place-engav,240,0.23333333333333334,76.0,Englewood Avenue
2026-08-04,Green,place-esomr,274,0.021897810218978103,-10.5,East Somerville
2026-08-04,Green,place-fbkst,242,0.2768595041322314,113.0,Fairbanks Street
2026-08-04,Green,place-fenwd,264,0.11363636363636363,-83.0,Fenwood Road
2026-08-04,Green,place-fenwy,225,0.27111111111111114,109.0,Fenway
2026-08-04,Green,place-gilmn,285,0.02456140350877193,-21.0,Gilman Square
2026-08-04,Green,place-gover,481,0.17463617463617465,44.0,Government Center
2026-08-04,Green,place-grigg,221,0.21266968325791855,64.0,Griggs Street
2026-08-04,Green,place-haecl,482,0.15352697095435686,9.5,Haymarket
2026-08-04,Green,place-harvd,222,0.2072072072072072,56.5,Harvard Avenue
2026-08-04,Green,place-hwsst,241,0.26556016597510373,143.0,Hawes Street
2026-08-04,Green,place-hymnl,689,0.2772133526850508,124.0,Hynes Convention Center
2026-08-04,Green,place-kencl,695,0.25755395683453236,107.0,Kenmore
2026-08-04,Green,place-kntst,240,0.2708333333333333,134.5,Kent Street
2026-08-04,Green,place-lech,493,0.11359026369168357,10.0,Lechmere
2026-08-04,Green,place-lngmd,270,0.09259259259259259,-107.0,Longwood Medical Area
2026-08-04,Green,place-longw,224,0.28125,98.5,Longwood
2026-08-04,Green,place-mfa,270,0.09259259259259259,-111.0,Museum of Fine Arts
2026-08-04,Green,place-mgngl,287,0.024390243902439025,-32.0,Magoun Square
2026-08-04,Green,place-mispk,265,0.08679245283018867,-136.0,Mission Park
2026-08-04,Green,place-newtn,218,0.25229357798165136,133.0,Newton Highlands
2026-08-04,Green,place-newto,217,0.2534562211981567,132.0,Newton Centre
2026-08-04,Green,place-north,491,0.1446028513238289,13.0,North Station
2026-08-04,Green,place-nuniv,267,0.09737827715355805,-137.0,Northeastern University
2026-08-04,Green,place-pktrm,923,0.21668472372697725,69.0,Park Street
2026-08-04,Green,place-prmnl,259,0.10038610038610038,-102.0,Prudential
2026-08-04,Green,place-river,1,0.0,-529.0,Riverside
2026-08-04,Green,place-rsmnl,221,0.2171945701357466,104.0,Reservoir
2026-08-04,Green,place-rvrwy,263,0.11406844106463879,-126.0,Riverway
2026-08-04,Green,place-smary,242,0.2975206611570248,137.5,Saint Marys Street
2026-08-04,Green,place-sougr,218,0.1926605504587156,-0.5,South Street
2026-08-04,Green,place-spmnl,494,0.13765182186234817,31.5,Science Park
2026-08-04,Green,place-sthld,223,0.21524663677130046,46.0,Sutherland Road
2026-08-04,Green,place-stpul,241,0.2863070539419087,142.0,Saint Paul Street
2026-08-04,Green,place-sumav,122,0.12295081967213115,54.5,Summit Avenue
2026-08-04,Green,place-tapst,241,0.23236514522821577,80.0,Tappan Street
2026-08-04,Green,place-waban,219,0.2648401826484018,120.0,Waban
2026-08-04,Green,place-wascm,224,0.20982142857142858,46.0,Washington Street
2026-08-04,Green,place-woodl,213,0.2535211267605634,109.0,Woodland
2026-08-04,Green,place-wrnst,222,0.1981981981981982,22.0,Warren Street
2026-08-04,Mattapan,place-asmnl,2,0.5,359.0,Ashmont
2026-08-04,Mattapan,place-butlr,251,0.00796812749003984,-65.0,Butler
2026-08-04,Mattapan,place-capst,252,0.031746031746031744,-18.0,Capen Street
2026-08-04,Mattapan,place-cedgr,252,0.007936507936507936,-70.5,Cedar Grove
2026-08-04,Mattapan,place-cenav,251,0.0199203187250996,-36.0,Central Avenue
2026-08-04,Mattapan,place-miltt,251,0.01195219123505976,-72.0,Milton
2026-08-04,Mattapan,place-valrd,254,0.027559055118110236,-20.0,Valley Road
2026-08-04,Orange,place-astao,389,0.2570694087403599,100.0,Assembly
2026-08-04,Orange,place-bbsta,389,0.2750642673521851,101.0,Back Bay
2026-08-04,Orange,place-ccmnl,389,0.2493573264781491,94.0,Community College
2026-08-04,Orange,place-chncl,386,0.2927461139896373,110.5,Chinatown
2026-08-04,Orange,place-dwnxg,388,0.2706185567010309,104.0,Downtown Crossing
2026-08-04,Orange,place-grnst,388,0.25773195876288657,101.5,Green Street
2026-08-04,Orange,place-haecl,387,0.268733850129199,112.0,Haymarket
2026-08-04,Orange,place-jaksn,388,0.25257731958762886,87.0,Jackson Square
2026-08-04,Orange,place-masta,389,0.2802056555269923,108.0,Massachusetts Avenue
2026-08-04,Orange,place-mlmnl,389,0.2699228791773779,126.0,Malden Center
2026-08-04,Orange,place-north,387,0.2532299741602067,104.0,North Station
2026-08-04,Orange,place-rcmnl,389,0.2647814910025707,94.0,Roxbury Crossing
2026-08-04,Orange,place-rugg,389,0.2930591259640103,125.0,Ruggles
2026-08-04,Orange,place-sbmnl,388,0.25257731958762886,94.5,Stony Brook
2026-08-04,Orange,place-state,388,0.25257731958762886,82.0,State
2026-08-04,Orange,place-sull,389,0.2493573264781491,97.0,Sullivan Square
2026-08-04,Orange,place-tumnl,387,0.2739018087855297,108.0,Tufts Medical Center
2026-08-04,Orange,place-welln,388,0.2603092783505155,108.5,Wellington
2026-08-04,Red,place-andrw,350,0.4,220.5,Andrew
2026-08-04,Red,place-brdwy,351,0.39316239316239315,213.0,Broadway
2026-08-04,Red,place-chmnl,349,0.4068767908309456,228.0,Charles/MGH
2026-08-04,Red,place-cntsq,349,0.3954154727793696,218.0,Central
2026-08-04,Red,place-davis,351,0.3817663817663818,228.0,Davis
2026-08-04,Red,place-dwnxg,348,0.3793103448275862,212.5,Downtown Crossing
2026-08-04,Red,place-fldcr,180,0.35555555555555557,146.5,Fields Corner
2026-08-04,Red,place-harsq,350,0.40285714285714286,226.0,Harvard
2026-08-04,Red,place-jfk,350,0.38,199.0,JFK/UMass
2026-08-04,Red,place-knncl,351,0.4045584045584046,229.0,Kendall/MIT
2026-08-04,Red,place-nqncy,168,0.35714285714285715,186.5,North Quincy
2026-08-04,Red,place-pktrm,347,0.4034582132564842,222.0,Park Street
2026-08-04,Red,place-portr,350,0.4342857142857143,254.5,Porter
2026-08-04,Red,place-qamnl,167,0.38922155688622756,203.0,Quincy Adams
2026-08-04,Red,place-qnctr,168,0.36904761904761907,201.0,Quincy Center
2026-08-04,Red,place-shmnl,177,0.3785310734463277,173.0,Savin Hill
2026-08-04,Red,place-smmnl,181,0.35911602209944754,147.0,Shawmut
2026-08-04,Red,place-sstat,348,0.382183908045977,213.0,South Station
2026-08-04,Red,place-wlsta,167,0.3592814371257485,189.0,Wollaston
2026-08-05,Blue,place-aport,270,0.45185185185185184,241.0,Airport
2026-08-05,Blue,place-aqucl,272,0.45955882352941174,265.5,Aquarium
2026-08-05,Blue,place-bmmnl,271,0.45018450184501846,242.0,Beachmont
2026-08-05,Blue,place-gover,272,0.43014705882352944,238.5,Government Center
2026-08-05,Blue,place-mvbcl,273,0.4468864468864469,246.0,Maverick
2026-08-05,Blue,place-orhte,272,0.4852941176470588,253.5,Orient Heights
2026-08-05,Blue,place-rbmnl,270,0.45185185185185184,245.0,Revere Beach
2026-08-05,Blue,place-sdmnl,270,0.4703703703703704,272.0,Suffolk Downs
2026-08-05,Blue,place-state,274,0.4635036496350365,266.0,State
2026-08-05,Blue,place-wimnl,273,0.45787545787545786,264.0,Wood Island
2026-08-05,Green,place-alsgr,223,0.17488789237668162,15.0,Allston Street
2026-08-05,Green,place-amory,224,0.19642857142857142,19.0,Amory Street
2026-08-05,Green,place-armnl,968,0.20454545454545456,51.5,Arlington
2026-08-05,Green,place-babck,223,0.18385650224215247,43.0,Babcock Street
2026-08-05,Green,place-balsq,287,0.05226480836236934,-25.0,Ball Square
2026-08-05,Green,place-bckhl,267,0.08239700374531835,-125.0,Back of the Hill
2026-08-05,Green,place-bcnfd,220,0.18181818181818182,60.5,Beaconsfield
2026-08-05,Green,place-bcnwa,245,0.2612244897959184,145.0,Washington Square
2026-08-05,Green,place-bland,224,0.19196428571428573,21.5,Blandford Street
2026-08-05,Green,place-bndhl,244,0.3073770491803279,165.5,Brandon Hall
2026-08-05,Green,place-boyls,960,0.20729166666666668,57.0,Boylston
2026-08-05,Green,place-brico,222,0.18018018018018017,20.0,Packards Corner
2026-08-05,Green,place-brkhl,220,0.18181818181818182,51.0,Brookline Hills
2026-08-05,Green,place-brmnl,264,0.07954545454545454,-106.5,Brigham Circle
2026-08-05,Green,place-bucen,223,0.19282511210762332,17.0,Boston University Central
2026-08-05,Green,place-buest,223,0.18385650224215247,5.0,Boston University East
2026-08-05,Green,place-bvmnl,221,0.18099547511312217,40.0,Brookline Village
2026-08-05,Green,place-chhil,215,0.16744186046511628,59.0,Chestnut Hill
2026-08-05,Green,place-chill,221,0.18552036199095023,17.0,Chestnut Hill Avenue
2026-08-05,Green,place-chswk,219,0.1780821917808219,-3.0,Chiswick Road
2026-08-05,Green,place-coecl,963,0.19418483904465214,43.0,Copley
2026-08-05,Green,place-cool,245,0.2816326530612245,166.0,Coolidge Corner
2026-08-05,Green,place-denrd,243,0.22633744855967078,98.0,Dean Road
2026-08-05,Green,place-eliot,215,0.17674418604651163,75.0,Eliot
2026-08-05,Green,place-engav,237,0.24050632911392406,110.0,Englewood Avenue
2026-08-05,Green,place-esomr,274,0.05474452554744526,-5.5,East Somerville
2026-08-05,Green,place-fbkst,245,0.31020408163265306,166.0,Fairbanks Street
2026-08-05,Green,place-fenwd,265,0.09433962264150944,-79.0,Fenwood Road
2026-08-05,Green,place-fenwy,223,0.17488789237668162,42.0,Fenway
2026-08-05,Green,place-gilmn,288,0.059027777777777776,-7.5,Gilman Square
2026-08-05,Green,place-gover,491,0.1364562118126273,18.0,Government Center
2026-08-05,Green,place-grigg,224,0.16964285714285715,19.5,Griggs Street
2026-08-05,Green,place-haecl,494,0.11740890688259109,4.5,Haymarket
2026-08-05,Green,place-harvd,223,0.16143497757847533,5.0,Harvard Avenue
2026-08-05,Green,place-hwsst,244,0.36065573770491804,229.5,Hawes Street
2026-08-05,Green,place-hymnl,691,0.2301013024602026,103.0,Hynes Convention Center
2026-08-05,Green,place-kencl,695,0.23741007194244604,96.0,Kenmore
2026-08-05,Green,place-kntst,244,0.3442622950819672,216.0,Kent Street
2026-08-05,Green,place-lech,488,0.11270491803278689,-14.5,Lechmere
2026-08-05,Green,place-lngmd,273,0.07692307692307693,-90.0,Longwood Medical Area
2026-08-05,Green,place-longw,222,0.18468468468468469,47.0,Longwood
2026-08-05,Green,place-mfa,273,0.08791208791208792,-91.0,Museum of Fine Arts
2026-08-05,Green,place-mgngl,287,0.059233449477351915,2.0,Magoun Square
2026-08-05,Green,place-mispk,265,0.07924528301886792,-138.0,Mission Park
2026-08-05,Green,place-newtn,214,0.17289719626168223,84.5,Newton Highlands
2026-08-05,Green,place-newto,218,0.18807339449541285,85.5,Newton Centre
2026-08-05,Green,place-north,490,0.12448979591836734,-0.5,North Station
2026-08-05,Green,place-nuniv,271,0.06273062730627306,-106.0,Northeastern University
2026-08-05,Green,place-pktrm,889,0.20022497187851518,51.0,Park Street
2026-08-05,Green,place-prmnl,271,0.0996309963099631,-86.0,Prudential
2026-08-05,Green,place-rsmnl,216,0.18518518518518517,48.0,Reservoir
2026-08-05,Green,place-rvrwy,265,0.07169811320754717,-112.0,Riverway
2026-08-05,Green,place-smary,244,0.3360655737704918,214.5,Saint Marys Street
2026-08-05,Green,place-sougr,219,0.1735159817351598,-22.0,South Street
2026-08-05,Green,place-spmnl,484,0.128099173553719,-2.0,Science Park
2026-08-05,Green,place-sthld,219,0.1872146118721461,9.0,Sutherland Road
2026-08-05,Green,place-stpul,244,0.3442622950819672,208.5,Saint Paul Street
2026-08-05,Green,place-sumav,124,0.1693548387096774,101.0,Summit Avenue
2026-08-05,Green,place-tapst,245,0.27346938775510204,132.0,Tappan Street
2026-08-05,Green,place-waban,214,0.1542056074766355,60.5,Waban
2026-08-05,Green,place-wascm,223,0.16591928251121077,0.0,Washington Street
2026-08-05,Green,place-woodl,209,0.14832535885167464,67.0,Woodland
2026-08-05,Green,place-wrnst,222,0.15765765765765766,-17.5,Warren Street
2026-08-05,Mattapan,place-asmnl,1,0.0,289.0,Ashmont
2026-08-05,Mattapan,place-butlr,249,0.020080321285140562,-50.0,Butler
2026-08-05,Mattapan,place-capst,251,0.027888446215139442,-1.0,Capen Street
2026-08-05,Mattapan,place-cedgr,252,0.023809523809523808,-61.0,Cedar Grove
2026-08-05,Mattapan,place-cenav,251,0.027888446215139442,-28.0,Central Avenue
2026-08-05,Mattapan,place-miltt,253,0.019762845849802372,-61.0,Milton
2026-08-05,Mattapan,place-valrd,252,0.027777777777777776,-4.0,Valley Road
2026-08-05,Orange,place-astao,395,0.1189873417721519,55.0,Assembly
2026-08-05,Orange,place-bbsta,397,0.0982367758186398,40.0,Back Bay
2026-08-05,Orange,place-ccmnl,397,0.11083123425692695,48.0,Community College
2026-08-05,Orange,place-chncl,397,0.10831234256926953,49.0,Chinatown
2026-08-05,Orange,place-dwnxg,396,0.10101010101010101,49.5,Downtown Crossing
2026-08-05,Orange,place-grnst,396,0.12878787878787878,62.5,Green Street
2026-08-05,Orange,place-haecl,396,0.11616161616161616,55.5,Haymarket
2026-08-05,Orange,place-jaksn,397,0.1309823677581864,44.0,Jackson Square
2026-08-05,Orange,place-masta,395,0.11645569620253164,48.0,Massachusetts Avenue
2026-08-05,Orange,place-mlmnl,394,0.14720812182741116,69.0,Malden Center
2026-08-05,Orange,place-north,396,0.1111111111111111,51.5,North Station
2026-08-05,Orange,place-rcmnl,397,0.1309823677581864,40.0,Roxbury Crossing
2026-08-05,Orange,place-rugg,396,0.1414141414141414,68.0,Ruggles
2026-08-05,Orange,place-sbmnl,397,0.12342569269521411,52.0,Stony Brook
2026-08-05,Orange,place-state,397,0.09319899244332494,26.0,State
2026-08-05,Orange,place-sull,396,0.10353535353535354,44.5,Sullivan Square
2026-08-05,Orange,place-tumnl,397,0.10579345088161209,44.0,Tufts Medical Center
2026-08-05,Orange,place-welln,395,0.1240506329113924,59.0,Wellington
2026-08-05,Red,place-andrw,319,0.40752351097178685,204.0,Andrew
2026-08-05,Red,place-brdwy,318,0.4025157232704403,212.0,Broadway
2026-08-05,Red,place-chmnl,308,0.36688311688311687,219.5,Charles/MGH
2026-08-05,Red,place-cntsq,307,0.30293159609120524,214.0,Central
2026-08-05,Red,place-davis,304,0.3190789473684211,214.0,Davis
2026-08-05,Red,place-dwnxg,310,0.3548387096774194,221.0,Downtown Crossing
2026-08-05,Red,place-fldcr,161,0.39751552795031053,207.0,Fields Corner
2026-08-05,Red,place-harsq,306,0.3300653594771242,209.0,Harvard
2026-08-05,Red,place-jfk,318,0.3742138364779874,203.5,JFK/UMass
2026-08-05,Red,place-knncl,310,0.3548387096774194,221.0,Kendall/MIT
2026-08-05,Red,place-nqncy,159,0.33962264150943394,186.0,North Quincy
2026-08-05,Red,place-pktrm,306,0.369281045751634,224.0,Park Street
2026-08-05,Red,place-portr,307,0.3713355048859935,243.0,Porter
2026-08-05,Red,place-qamnl,159,0.3522012578616352,174.0,Quincy Adams
2026-08-05,Red,place-qnctr,159,0.3584905660377358,180.0,Quincy Center
2026-08-05,Red,place-shmnl,159,0.4088050314465409,208.0,Savin Hill
2026-08-05,Red,place-smmnl,158,0.3987341772151899,221.5,Shawmut
2026-08-05,Red,place-sstat,316,0.37658227848101267,225.5,South Station
2026-08-05,Red,place-wlsta,158,0.34177215189873417,185.0,Wollaston
2026-08-06,Blue,place-aport,262,0.683206106870229,537.0,Airport
2026-08-06,Blue,place-aqucl,264,0.7310606060606061,563.0,Aquarium
2026-08-06,Blue,place-bmmnl,258,0.6744186046511628,559.5,Beachmont
2026-08-06,Blue,place-gover,265,0.690566037735849,534.0,Government Center
2026-08-06,Blue,place-mvbcl,265,0.7018867924528301,561.0,Maverick
2026-08-06,Blue,place-orhte,262,0.6717557251908397,566.5,Orient Heights
2026-08-06,Blue,place-rbmnl,258,0.6821705426356589,559.5,Revere Beach
2026-08-06,Blue,place-sdmnl,256,0.6953125,594.5,Suffolk Downs
2026-08-06,Blue,place-state,266,0.7180451127819549,560.5,State
2026-08-06,Blue,place-wimnl,263,0.6920152091254753,540.0,Wood Island
2026-08-06,Green,place-alsgr,231,0.13852813852813853,28.0,Allston Street
2026-08-06,Green,place-amory,232,0.14655172413793102,59.0,Amory Street
2026-08-06,Green,place-armnl,947,0.23970432946145723,79.0,Arlington
2026-08-06,Green,place-babck,231,0.1774891774891775,80.0,Babcock Street
2026-08-06,Green,place-balsq,268,0.08582089552238806,30.5,Ball Square
2026-08-06,Green,place-bckhl,247,0.1862348178137652,-22.0,Back of the Hill
2026-08-06,Green,place-bcnfd,227,0.20704845814977973,54.0,Beaconsfield
2026-08-06,Green,place-bcnwa,231,0.2813852813852814,163.0,Washington Square
2026-08-06,Green,place-bland,231,0.15151515151515152,69.0,Blandford Street
2026-08-06,Green,place-bndhl,231,0.33766233766233766,187.0,Brandon Hall
2026-08-06,Green,place-boyls,948,0.23839662447257384,76.5,Boylston
2026-08-06,Green,place-brico,230,0.15217391304347827,32.0,Packards Corner
2026-08-06,Green,place-brkhl,224,0.19642857142857142,57.0,Brookline Hills
2026-08-06,Green,place-brmnl,250,0.188,-22.0,Brigham Circle
2026-08-06,Green,place-bucen,231,0.16017316017316016,64.0,Boston University Central
2026-08-06,Green,place-buest,232,0.16379310344827586,60.5,Boston University East
2026-08-06,Green,place-bvmnl,229,0.17903930131004367,45.0,Brookline Village
2026-08-06,Green,place-chhil,228,0.18859649122807018,66.5,Chestnut Hill
2026-08-06,Green,place-chill,229,0.13100436681222707,35.0,Chestnut Hill Avenue
2026-08-06,Green,place-chswk,230,0.1391304347826087,27.5,Chiswick Road
2026-08-06,Green,place-coecl,941,0.23273113708820403,71.0,Copley
2026-08-06,Green,place-cool,229,0.31877729257641924,173.0,Coolidge Corner
2026-08-06,Green,place-denrd,231,0.26406926406926406,129.0,Dean Road
2026-08-06,Green,place-eliot,225,0.16444444444444445,89.0,Eliot
2026-08-06,Green,place-engav,231,0.30303030303030304,135.0,Englewood Avenue
2026-08-06,Green,place-esomr,262,0.13740458015267176,64.0,East Somerville
2026-08-06,Green,place-fbkst,232,0.3232758620689655,181.5,Fairbanks Street
2026-08-06,Green,place-fenwd,250,0.212,0.5,Fenwood Road
2026-08-06,Green,place-fenwy,229,0.18340611353711792,48.0,Fenway
2026-08-06,Green,place-gilmn,273,0.14652014652014653,69.0,Gilman Square
2026-08-06,Green,place-gover,488,0.20491803278688525,57.0,Government Center
2026-08-06,Green,place-grigg,231,0.1471861471861472,40.0,Griggs Street
2026-08-06,Green,place-haecl,491,0.18126272912423624,45.0,Haymarket
2026-08-06,Green,place-harvd,231,0.14285714285714285,41.0,Harvard Avenue
2026-08-06,Green,place-hwsst,230,0.3739130434782609,201.0,Hawes Street
2026-08-06,Green,place-hymnl,687,0.25036390101892286,112.0,Hynes Convention Center
2026-08-06,Green,place-kencl,694,0.23631123919308358,95.5,Kenmore
2026-08-06,Green,place-kntst,228,0.37280701754385964,199.5,Kent Street
2026-08-06,Green,place-lech,493,0.1460446247464503,20.0,Lechmere
2026-08-06,Green,place-lngmd,260,0.2,-14.0,Longwood Medical Area
2026-08-06,Green,place-longw,228,0.20614035087719298,61.5,Longwood
2026-08-06,Green,place-mfa,261,0.210727969348659,-18.0,Museum of Fine Arts
2026-08-06,Green,place-mgngl,272,0.125,72.0,Magoun Square
2026-08-06,Green,place-mispk,250,0.16,-44.0,Mission Park
2026-08-06,Green,place-newtn,225,0.16444444444444445,104.0,Newton Highlands
2026-08-06,Green,place-newto,226,0.18584070796460178,90.5,Newton Centre
2026-08-06,Green,place-north,493,0.1663286004056795,30.0,North Station
2026-08-06,Green,place-nuniv,262,0.1984732824427481,-27.0,Northeastern University
2026-08-06,Green,place-pktrm,914,0.2188183807439825,82.0,Park Street
2026-08-06,Green,place-prmnl,260,0.18846153846153846,12.0,Prudential
2026-08-06,Green,place-rsmnl,228,0.18421052631578946,69.5,Reservoir
2026-08-06,Green,place-rvrwy,250,0.188,-32.5,Riverway
2026-08-06,Green,place-smary,230,0.3782608695652174,182.0,Saint Marys Street
2026-08-06,Green,place-sougr,229,0.13100436681222707,-8.0,South Street
2026-08-06,Green,place-spmnl,484,0.15495867768595042,37.0,Science Park
2026-08-06,Green,place-sthld,230,0.15217391304347827,36.0,Sutherland Road
2026-08-06,Green,place-stpul,228,0.32894736842105265,201.5,Saint Paul Street
2026-08-06,Green,place-sumav,115,0.22608695652173913,147.0,Summit Avenue
2026-08-06,Green,place-tapst,231,0.29004329004329005,148.0,Tappan Street
2026-08-06,Green,place-waban,229,0.15283842794759825,71.0,Waban
2026-08-06,Green,place-wascm,231,0.13852813852813853,28.0,Washington Street
2026-08-06,Green,place-woodl,219,0.1278538812785388,76.0,Woodland
2026-08-06,Green,place-wrnst,232,0.14224137931034483,10.0,Warren Street
2026-08-06,Mattapan,place-asmnl,6,0.16666666666666666,-170.5,Ashmont
2026-08-06,Mattapan,place-butlr,246,0.012195121951219513,-72.5,Butler
2026-08-06,Mattapan,place-capst,252,0.03571428571428571,-21.5,Capen Street
2026-08-06,Mattapan,place-cedgr,255,0.011764705882352941,-82.0,Cedar Grove
2026-08-06,Mattapan,place-cenav,251,0.03187250996015936,-48.0,Central Avenue
2026-08-06,Mattapan,place-miltt,250,0.028,-83.5,Milton
2026-08-06,Mattapan,place-valrd,252,0.03571428571428571,-22.0,Valley Road
2026-08-06,Orange,place-astao,381,0.1679790026246719,73.0,Assembly
2026-08-06,Orange,place-bbsta,381,0.13123359580052493,57.0,Back Bay
2026-08-06,Orange,place-ccmnl,381,0.16272965879265092,63.0,Community College
2026-08-06,Orange,place-chncl,380,0.14473684210526316,69.5,Chinatown
2026-08-06,Orange,place-dwnxg,381,0.14173228346456693,75.0,Downtown Crossing
2026-08-06,Orange,place-grnst,380,0.12368421052631579,60.5,Green Street
2026-08-06,Orange,place-haecl,381,0.15223097112860892,66.0,Haymarket
2026-08-06,Orange,place-jaksn,381,0.12073490813648294,48.0,Jackson Square
2026-08-06,Orange,place-masta,380,0.1368421052631579,67.0,Massachusetts Avenue
2026-08-06,Orange,place-mlmnl,381,0.17060367454068243,78.0,Malden Center
2026-08-06,Orange,place-north,381,0.16010498687664043,69.0,North Station
2026-08-06,Orange,place-rcmnl,381,0.13123359580052493,49.0,Roxbury Crossing
2026-08-06,Orange,place-rugg,380,0.14736842105263157,82.5,Ruggles
2026-08-06,Orange,place-sbmnl,381,0.13385826771653545,55.0,Stony Brook
2026-08-06,Orange,place-state,379,0.13720316622691292,45.0,State
2026-08-06,Orange,place-sull,381,0.1679790026246719,64.0,Sullivan Square
2026-08-06,Orange,place-tumnl,379,0.13984168865435356,61.0,Tufts Medical Center
2026-08-06,Orange,place-welln,381,0.16272965879265092,70.0,Wellington
2026-08-06,Red,place-andrw,339,0.5309734513274337,335.0,Andrew
2026-08-06,Red,place-brdwy,340,0.5264705882352941,328.5,Broadway
2026-08-06,Red,place-chmnl,343,0.5364431486880467,324.0,Charles/MGH
2026-08-06,Red,place-cntsq,346,0.5028901734104047,303.0,Central
2026-08-06,Red,place-davis,346,0.49421965317919075,295.5,Davis
2026-08-06,Red,place-dwnxg,342,0.5321637426900585,317.5,Downtown Crossing
2026-08-06,Red,place-fldcr,164,0.4817073170731707,288.0,Fields Corner
2026-08-06,Red,place-harsq,346,0.5086705202312138,309.5,Harvard
2026-08-06,Red,place-jfk,338,0.4970414201183432,300.0,JFK/UMass
2026-08-06,Red,place-knncl,344,0.5232558139534884,313.5,Kendall/MIT
2026-08-06,Red,place-nqncy,174,0.47126436781609193,268.0,North Quincy
2026-08-06,Red,place-pktrm,343,0.5335276967930029,327.0,Park Street
2026-08-06,Red,place-portr,346,0.5346820809248555,329.0,Porter
2026-08-06,Red,place-qamnl,177,0.4632768361581921,274.0,Quincy Adams
2026-08-06,Red,place-qnctr,174,0.45977011494252873,262.0,Quincy Center
2026-08-06,Red,place-shmnl,163,0.5214723926380368,313.0,Savin Hill
2026-08-06,Red,place-smmnl,164,0.4695121951219512,279.5,Shawmut
2026-08-06,Red,place-sstat,340,0.5205882352941177,313.5,South Station
2026-08-06,Red,place-wlsta,174,0.47126436781609193,271.0,Wollaston
2026-08-07,Blue,place-aport,103,0.6504854368932039,655.0,Airport
2026-08-07,Blue,place-aqucl,105,0.6666666666666666,606.0,Aquarium
2026-08-07,Blue,place-bmmnl,93,0.6989247311827957,871.0,Beachmont
2026-08-07,Blue,place-gover,104,0.6634615384615384,587.0,Government Center
2026-08-07,Blue,place-mvbcl,105,0.6571428571428571,588.0,Maverick
2026-08-07,Blue,place-orhte,95,0.6947368421052632,816.0,Orient Heights
2026-08-07,Blue,place-rbmnl,92,0.7065217391304348,887.5,Revere Beach
2026-08-07,Blue,place-sdmnl,93,0.7096774193548387,891.0,Suffolk Downs
2026-08-07,Blue,place-state,104,0.6730769230769231,588.0,State
2026-08-07,Blue,place-wimnl,102,0.6666666666666666,753.5,Wood Island
2026-08-07,Green,place-alsgr,239,0.29707112970711297,159.0,Allston Street
2026-08-07,Green,place-amory,240,0.37083333333333335,212.5,Amory Street
2026-08-07,Green,place-armnl,947,0.32840549102428723,147.0,Arlington
2026-08-07,Green,place-babck,240,0.36666666666666664,202.0,Babcock Street
2026-08-07,Green,place-balsq,260,0.1423076923076923,35.0,Ball Square
2026-08-07,Green,place-bckhl,242,0.2396694214876033,24.5,Back of the Hill
2026-08-07,Green,place-bcnfd,225,0.36444444444444446,176.0,Beaconsfield
2026-08-07,Green,place-bcnwa,221,0.38461538461538464,182.0,Washington Square
2026-08-07,Green,place-bland,237,0.3881856540084388,214.0,Blandford Street
2026-08-07,Green,place-bndhl,222,0.3963963963963964,210.5,Brandon Hall
2026-08-07,Green,place-boyls,944,0.3400423728813559,150.0,Boylston
2026-08-07,Green,place-brico,240,0.325,183.5,Packards Corner
2026-08-07,Green,place-brkhl,224,0.36607142857142855,190.0,Brookline Hills
2026-08-07,Green,place-brmnl,243,0.2551440329218107,42.0,Brigham Circle
2026-08-07,Green,place-bucen,240,0.35,195.0,Boston University Central
2026-08-07,Green,place-buest,237,0.350210970464135,198.0,Boston University East
2026-08-07,Green,place-bvmnl,224,0.36160714285714285,174.0,Brookline Village
2026-08-07,Green,place-chhil,219,0.3561643835616438,175.0,Chestnut Hill
2026-08-07,Green,place-chill,233,0.33476394849785407,141.0,Chestnut Hill Avenue
2026-08-07,Green,place-chswk,232,0.31896551724137934,135.5,Chiswick Road
2026-08-07,Green,place-coecl,942,0.3205944798301486,140.0,Copley
2026-08-07,Green,place-cool,221,0.3755656108597285,195.0,Coolidge Corner
2026-08-07,Green,place-denrd,219,0.3424657534246575,124.0,Dean Road
2026-08-07,Green,place-eliot,218,0.3302752293577982,174.0,Eliot
2026-08-07,Green,place-engav,220,0.35909090909090907,152.5,Englewood Avenue
2026-08-07,Green,place-esomr,254,0.17716535433070865,79.5,East Somerville
2026-08-07,Green,place-fbkst,222,0.40540540540540543,199.5,Fairbanks Street
2026-08-07,Green,place-fenwd,244,0.28688524590163933,68.5,Fenwood Road
2026-08-07,Green,place-fenwy,225,0.36444444444444446,177.0,Fenway
2026-08-07,Green,place-gilmn,263,0.19391634980988592,79.0,Gilman Square
2026-08-07,Green,place-gover,475,0.29473684210526313,123.0,Government Center
2026-08-07,Green,place-grigg,236,0.3050847457627119,169.0,Griggs Street
2026-08-07,Green,place-haecl,476,0.27310924369747897,99.5,Haymarket
2026-08-07,Green,place-harvd,238,0.29831932773109243,154.5,Harvard Avenue
2026-08-07,Green,place-hwsst,224,0.42410714285714285,242.5,Hawes Street
2026-08-07,Green,place-hymnl,687,0.35662299854439594,174.0,Hynes Convention Center
2026-08-07,Green,place-kencl,693,0.36796536796536794,181.0,Kenmore
2026-08-07,Green,place-kntst,224,0.42410714285714285,236.5,Kent Street
2026-08-07,Green,place-lech,476,0.2415966386554622,78.5,Lechmere
2026-08-07,Green,place-lngmd,254,0.24803149606299213,44.0,Longwood Medical Area
2026-08-07,Green,place-longw,225,0.3688888888888889,172.0,Longwood
2026-08-07,Green,place-mfa,254,0.2559055118110236,48.0,Museum of Fine Arts
2026-08-07,Green,place-mgngl,260,0.18076923076923077,79.0,Magoun Square
2026-08-07,Green,place-mispk,244,0.22540983606557377,3.5,Mission Park
2026-08-07,Green,place-newtn,219,0.3378995433789954,199.0,Newton Highlands
2026-08-07,Green,place-newto,221,0.3574660633484163,190.0,Newton Centre
2026-08-07,Green,place-north,474,0.25949367088607594,80.5,North Station
2026-08-07,Green,place-nuniv,255,0.25098039215686274,45.0,Northeastern University
2026-08-07,Green,place-pktrm,898,0.32405345211581293,146.5,Park Street
2026-08-07,Green,place-prmnl,254,0.2637795275590551,62.0,Prudential
2026-08-07,Green,place-rsmnl,221,0.3438914027149321,177.0,Reservoir
2026-08-07,Green,place-rvrwy,244,0.2459016393442623,32.0,Riverway
2026-08-07,Green,place-smary,224,0.38392857142857145,222.0,Saint Marys Street
2026-08-07,Green,place-sougr,230,0.2826086956521739,107.5,South Street
2026-08-07,Green,place-spmnl,471,0.27176220806794055,98.0,Science Park
2026-08-07,Green,place-sthld,232,0.3103448275862069,133.5,Sutherland Road
2026-08-07,Green,place-stpul,223,0.42152466367713004,220.0,Saint Paul Street
2026-08-07,Green,place-sumav,112,0.26785714285714285,137.5,Summit Avenue
2026-08-07,Green,place-tapst,221,0.36199095022624433,173.0,Tappan Street
2026-08-07,Green,place-waban,221,0.3031674208144796,152.0,Waban
2026-08-07,Green,place-wascm,236,0.3177966101694915,148.5,Washington Street
2026-08-07,Green,place-woodl,221,0.29411764705882354,145.0,Woodland
2026-08-07,Green,place-wrnst,237,0.2911392405063291,126.0,Warren Street
2026-08-07,Mattapan,place-asmnl,6,0.16666666666666666,-149.5,Ashmont
2026-08-07,Mattapan,place-butlr,249,0.01606425702811245,-70.0,Butler
2026-08-07,Mattapan,place-capst,256,0.0546875,-19.5,Capen Street
2026-08-07,Mattapan,place-cedgr,255,0.0196078431372549,-77.0,Cedar Grove
2026-08-07,Mattapan,place-cenav,255,0.050980392156862744,-48.0,Central Avenue
2026-08-07,Mattapan,place-miltt,257,0.04669260700389105,-79.0,Milton
2026-08-07,Mattapan,place-valrd,256,0.05078125,-20.0,Valley Road
2026-08-07,Orange,place-astao,249,0.3293172690763052,183.0,Assembly
2026-08-07,Orange,place-bbsta,252,0.30158730158730157,129.5,Back Bay
2026-08-07,Orange,place-ccmnl,250,0.304,155.5,Community College
2026-08-07,Orange,place-chncl,252,0.31746031746031744,146.0,Chinatown
2026-08-07,Orange,place-dwnxg,251,0.2908366533864542,150.0,Downtown Crossing
2026-08-07,Orange,place-grnst,255,0.30980392156862746,132.0,Green Street
2026-08-07,Orange,place-haecl,251,0.2908366533864542,145.0,Haymarket
2026-08-07,Orange,place-jaksn,254,0.30708661417322836,123.5,Jackson Square
2026-08-07,Orange,place-masta,252,0.3333333333333333,145.0,Massachusetts Avenue
2026-08-07,Orange,place-mlmnl,240,0.4791666666666667,285.0,Malden Center
2026-08-07,Orange,place-north,251,0.30278884462151395,142.0,North Station
2026-08-07,Orange,place-rcmnl,255,0.30980392156862746,120.0,Roxbury Crossing
2026-08-07,Orange,place-rugg,252,0.32936507936507936,147.0,Ruggles
2026-08-07,Orange,place-sbmnl,253,0.308300395256917,132.0,Stony Brook
2026-08-07,Orange,place-state,252,0.27380952380952384,127.0,State
2026-08-07,Orange,place-sull,251,0.3187250996015936,164.0,Sullivan Square
2026-08-07,Orange,place-tumnl,253,0.30434782608695654,140.0,Tufts Medical Center
2026-08-07,Orange,place-welln,250,0.356,211.0,Wellington
2026-08-07,Red,place-andrw,349,0.5358166189111748,366.0,Andrew
2026-08-07,Red,place-brdwy,349,0.5415472779369628,367.0,Broadway
2026-08-07,Red,place-chmnl,351,0.5470085470085471,377.0,Charles/MGH
2026-08-07,Red,place-cntsq,353,0.5382436260623229,369.0,Central
2026-08-07,Red,place-davis,350,0.5342857142857143,364.0,Davis
2026-08-07,Red,place-dwnxg,348,0.5459770114942529,389.0,Downtown Crossing
2026-08-07,Red,place-fldcr,165,0.4666666666666667,271.0,Fields Corner
2026-08-07,Red,place-harsq,350,0.54,379.5,Harvard
2026-08-07,Red,place-jfk,349,0.5300859598853869,335.0,JFK/UMass
2026-08-07,Red,place-knncl,352,0.5369318181818182,372.0,Kendall/MIT
2026-08-07,Red,place-nqncy,183,0.5300546448087432,326.0,North Quincy
2026-08-07,Red,place-pktrm,350,0.54,374.0,Park Street
2026-08-07,Red,place-portr,348,0.5603448275862069,382.0,Porter
2026-08-07,Red,place-qamnl,184,0.5217391304347826,341.0,Quincy Adams
2026-08-07,Red,place-qnctr,183,0.5300546448087432,335.0,Quincy Center
2026-08-07,Red,place-shmnl,166,0.5240963855421686,326.0,Savin Hill
2026-08-07,Red,place-smmnl,166,0.4759036144578313,284.5,Shawmut
2026-08-07,Red,place-sstat,350,0.5371428571428571,384.5,South Station
2026-08-07,Red,place-wlsta,183,0.5355191256830601,337.0,Wollaston
2026-08-08,Blue,place-aport,175,0.7428571428571429,637.0,Airport
2026-08-08,Blue,place-aqucl,179,0.7318435754189944,623.0,Aquarium
2026-08-08,Blue,place-bmmnl,158,0.7974683544303798,724.5,Beachmont
2026-08-08,Blue,place-gover,180,0.7222222222222222,632.0,Government Center
2026-08-08,Blue,place-mvbcl,179,0.7262569832402235,623.0,Maverick
2026-08-08,Blue,place-orhte,163,0.7730061349693251,668.0,Orient Heights
2026-08-08,Blue,place-rbmnl,157,0.8089171974522293,745.0,Revere Beach
2026-08-08,Blue,place-sdmnl,160,0.80625,685.5,Suffolk Downs
2026-08-08,Blue,place-state,180,0.7222222222222222,625.5,State
2026-08-08,Blue,place-wimnl,174,0.7528735632183908,658.5,Wood Island
2026-08-08,Green,place-alsgr,16,0.0,-1043.5,Allston Street
2026-08-08,Green,place-balsq,24,0.2916666666666667,-449.0,Ball Square
2026-08-08,Green,place-bcnfd,6,0.0,-764.5,Beaconsfield
2026-08-08,Green,place-brico,16,0.0,-928.5,Packards Corner
2026-08-08,Green,place-brkhl,6,0.0,-780.0,Brookline Hills
2026-08-08,Green,place-bvmnl,6,0.0,-800.5,Brookline Village
2026-08-08,Green,place-chhil,6,0.0,-806.5,Chestnut Hill
2026-08-08,Green,place-chill,16,0.0,-914.5,Chestnut Hill Avenue
2026-08-08,Green,place-chswk,16,0.0,-926.0,Chiswick Road
2026-08-08,Green,place-eliot,6,0.0,-755.0,Eliot
2026-08-08,Green,place-esomr,26,0.2692307692307692,-436.0,East Somerville
2026-08-08,Green,place-fenwy,6,0.0,-854.5,Fenway
2026-08-08,Green,place-gilmn,26,0.2692307692307692,-445.5,Gilman Square
2026-08-08,Green,place-grigg,16,0.0,-1025.0,Griggs Street
2026-08-08,Green,place-harvd,16,0.0,-1020.5,Harvard Avenue
2026-08-08,Green,place-lech,39,0.2564102564102564,-449.0,Lechmere
2026-08-08,Green,place-longw,6,0.0,-804.5,Longwood
2026-08-08,Green,place-mgngl,25,0.28,-448.0,Magoun Square
2026-08-08,Green,place-newtn,6,0.0,-765.5,Newton Highlands
2026-08-08,Green,place-newto,6,0.0,-792.5,Newton Centre
2026-08-08,Green,place-rsmnl,6,0.0,-811.0,Reservoir
2026-08-08,Green,place-sougr,16,0.0,-986.0,South Street
2026-08-08,Green,place-spmnl,34,0.23529411764705882,-434.5,Science Park
2026-08-08,Green,place-sthld,16,0.0,-933.5,Sutherland Road
2026-08-08,Green,place-waban,6,0.0,-759.0,Waban
2026-08-08,Green,place-wascm,17,0.0,-1143.0,Washington Street
2026-08-08,Green,place-woodl,6,0.0,-746.0,Woodland
2026-08-08,Green,place-wrnst,16,0.0,-1026.0,Warren Street
2026-08-08,Mattapan,place-butlr,188,0.0,-30.5,Butler
2026-08-08,Mattapan,place-capst,187,0.0,-29.0,Capen Street
2026-08-08,Mattapan,place-cedgr,188,0.0,-43.5,Cedar Grove
2026-08-08,Mattapan,place-cenav,188,0.0,-56.0,Central Avenue
2026-08-08,Mattapan,place-miltt,188,0.0,-38.5,Milton
2026-08-08,Mattapan,place-valrd,188,0.0,-34.0,Valley Road
2026-08-08,Orange,place-astao,319,0.19435736677115986,102.0,Assembly
2026-08-08,Orange,place-bbsta,320,0.178125,93.0,Back Bay
2026-08-08,Orange,place-ccmnl,320,0.178125,99.0,Community College
2026-08-08,Orange,place-chncl,320,0.196875,104.0,Chinatown
2026-08-08,Orange,place-dwnxg,319,0.18495297805642633,97.0,Downtown Crossing
2026-08-08,Orange,place-grnst,317,0.19242902208201892,106.0,Green Street
2026-08-08,Orange,place-haecl,319,0.18808777429467086,113.0,Haymarket
2026-08-08,Orange,place-jaksn,318,0.18553459119496854,87.5,Jackson Square
2026-08-08,Orange,place-masta,319,0.1974921630094044,106.0,Massachusetts Avenue
2026-08-08,Orange,place-mlmnl,319,0.1974921630094044,103.0,Malden Center
2026-08-08,Orange,place-north,320,0.184375,108.0,North Station
2026-08-08,Orange,place-rcmnl,317,0.19558359621451105,80.0,Roxbury Crossing
2026-08-08,Orange,place-rugg,319,0.2006269592476489,98.0,Ruggles
2026-08-08,Orange,place-sbmnl,318,0.18553459119496854,81.0,Stony Brook
2026-08-08,Orange,place-state,319,0.18181818181818182,94.0,State
2026-08-08,Orange,place-sull,320,0.178125,92.0,Sullivan Square
2026-08-08,Orange,place-tumnl,320,0.1875,97.5,Tufts Medical Center
2026-08-08,Orange,place-welln,319,0.2006269592476489,99.0,Wellington
2026-08-08,Red,place-andrw,311,0.13504823151125403,52.0,Andrew
2026-08-08,Red,place-brdwy,312,0.13782051282051283,51.0,Broadway
2026-08-08,Red,place-chmnl,310,0.14193548387096774,58.5,Charles/MGH
2026-08-08,Red,place-cntsq,312,0.13141025641025642,57.5,Central
2026-08-08,Red,place-davis,311,0.16720257234726688,83.0,Davis
2026-08-08,Red,place-dwnxg,312,0.1346153846153846,40.5,Downtown Crossing
2026-08-08,Red,place-fldcr,159,0.10062893081761007,4.0,Fields Corner
2026-08-08,Red,place-harsq,311,0.13504823151125403,64.0,Harvard
2026-08-08,Red,place-jfk,310,0.12580645161290321,58.0,JFK/UMass
2026-08-08,Red,place-knncl,311,0.1382636655948553,56.0,Kendall/MIT
2026-08-08,Red,place-nqncy,151,0.15894039735099338,61.0,North Quincy
2026-08-08,Red,place-pktrm,312,0.14102564102564102,47.0,Park Street
2026-08-08,Red,place-portr,311,0.1639871382636656,84.0,Porter
2026-08-08,Red,place-qamnl,152,0.18421052631578946,78.0,Quincy Adams
2026-08-08,Red,place-qnctr,151,0.17880794701986755,57.0,Quincy Center
2026-08-08,Red,place-shmnl,158,0.0949367088607595,-5.5,Savin Hill
2026-08-08,Red,place-smmnl,159,0.1069182389937107,21.0,Shawmut
2026-08-08,Red,place-sstat,312,0.13141025641025642,59.0,South Station
2026-08-08,Red,place-wlsta,152,0.16447368421052633,64.0,Wollaston
2026-08-09,Blue,place-aport,129,0.7209302325581395,658.0,Airport
2026-08-09,Blue,place-aqucl,131,0.7099236641221374,637.0,Aquarium
2026-08-09,Blue,place-bmmnl,128,0.796875,851.0,Beachmont
2026-08-09,Blue,place-gover,129,0.7131782945736435,646.0,Government Center
2026-08-09,Blue,place-mvbcl,130,0.6923076923076923,634.0,Maverick
2026-08-09,Blue,place-orhte,129,0.7596899224806202,782.0,Orient Heights
2026-08-09,Blue,place-rbmnl,128,0.796875,858.5,Revere Beach
2026-08-09,Blue,place-sdmnl,129,0.7829457364341085,801.0,Suffolk Downs
2026-08-09,Blue,place-state,129,0.7054263565891473,629.0,State
2026-08-09,Blue,place-wimnl,127,0.7480314960629921,687.0,Wood Island
2026-08-09,Green,place-alsgr,17,0.23529411764705882,-522.0,Allston Street
2026-08-09,Green,place-balsq,20,0.3,-301.5,Ball Square
2026-08-09,Green,place-bcnfd,8,0.25,-684.0,Beaconsfield
2026-08-09,Green,place-brico,18,0.2222222222222222,-499.5,Packards Corner
2026-08-09,Green,place-brkhl,8,0.25,-670.5,Brookline Hills
2026-08-09,Green,place-bvmnl,8,0.125,-726.0,Brookline Village
2026-08-09,Green,place-chhil,7,0.14285714285714285,-717.0,Chestnut Hill
2026-08-09,Green,place-chill,18,0.2222222222222222,-477.5,Chestnut Hill Avenue
2026-08-09,Green,place-chswk,18,0.2222222222222222,-473.5,Chiswick Road
2026-08-09,Green,place-eliot,7,0.14285714285714285,-729.0,Eliot
2026-08-09,Green,place-esomr,19,0.3157894736842105,-205.0,East Somerville
2026-08-09,Green,place-fenwy,5,0.2,-630.0,Fenway
2026-08-09,Green,place-gilmn,20,0.3,-236.0,Gilman Square
2026-08-09,Green,place-grigg,17,0.23529411764705882,-521.0,Griggs Street
2026-08-09,Green,place-harvd,19,0.21052631578947367,-568.0,Harvard Avenue
2026-08-09,Green,place-lech,33,0.36363636363636365,-170.0,Lechmere
2026-08-09,Green,place-longw,7,0.14285714285714285,-465.0,Longwood
2026-08-09,Green,place-mgngl,20,0.3,-258.5,Magoun Square
2026-08-09,Green,place-newtn,7,0.14285714285714285,-740.0,Newton Highlands
2026-08-09,Green,place-newto,6,0.16666666666666666,-588.0,Newton Centre
2026-08-09,Green,place-rsmnl,7,0.14285714285714285,-971.0,Reservoir
2026-08-09,Green,place-sougr,19,0.21052631578947367,-484.0,South Street
2026-08-09,Green,place-spmnl,32,0.28125,-298.5,Science Park
2026-08-09,Green,place-sthld,18,0.2222222222222222,-439.5,Sutherland Road
2026-08-09,Green,place-waban,6,0.16666666666666666,-570.0,Waban
2026-08-09,Green,place-wascm,18,0.2222222222222222,-464.0,Washington Street
2026-08-09,Green,place-woodl,7,0.14285714285714285,-801.0,Woodland
2026-08-09,Green,place-wrnst,18,0.2222222222222222,-513.0,Warren Street
2026-08-09,Mattapan,place-butlr,173,0.005780346820809248,-36.0,Butler
2026-08-09,Mattapan,place-capst,172,0.01744186046511628,-33.5,Capen Street
2026-08-09,Mattapan,place-cedgr,174,0.017241379310344827,-47.5,Cedar Grove
2026-08-09,Mattapan,place-cenav,174,0.011494252873563218,-61.5,Central Avenue
2026-08-09,Mattapan,place-miltt,174,0.011494252873563218,-39.0,Milton
2026-08-09,Mattapan,place-valrd,174,0.017241379310344827,-39.0,Valley Road
2026-08-09,Orange,place-astao,258,0.08527131782945736,34.0,Assembly
2026-08-09,Orange,place-bbsta,258,0.07364341085271318,24.0,Back Bay
2026-08-09,Orange,place-ccmnl,258,0.08527131782945736,33.0,Community College
2026-08-09,Orange,place-chncl,257,0.07782101167315175,39.0,Chinatown
2026-08-09,Orange,place-dwnxg,258,0.07751937984496124,30.5,Downtown Crossing
2026-08-09,Orange,place-grnst,257,0.07003891050583658,37.0,Green Street
2026-08-09,Orange,place-haecl,257,0.08171206225680934,39.0,Haymarket
2026-08-09,Orange,place-jaksn,258,0.07364341085271318,12.5,Jackson Square
2026-08-09,Orange,place-masta,258,0.07364341085271318,33.5,Massachusetts Avenue
2026-08-09,Orange,place-mlmnl,258,0.10077519379844961,56.5,Malden Center
2026-08-09,Orange,place-north,258,0.08527131782945736,31.0,North Station
2026-08-09,Orange,place-rcmnl,257,0.08171206225680934,25.0,Roxbury Crossing
2026-08-09,Orange,place-rugg,258,0.08527131782945736,37.0,Ruggles
2026-08-09,Orange,place-sbmnl,258,0.06589147286821706,11.5,Stony Brook
2026-08-09,Orange,place-state,258,0.08139534883720931,14.0,State
2026-08-09,Orange,place-sull,258,0.08139534883720931,31.5,Sullivan Square
2026-08-09,Orange,place-tumnl,258,0.07751937984496124,33.5,Tufts Medical Center
2026-08-09,Orange,place-welln,257,0.08171206225680934,44.0,Wellington
2026-08-09,Red,place-andrw,311,0.1189710610932476,46.0,Andrew
2026-08-09,Red,place-brdwy,312,0.12179487179487179,46.0,Broadway
2026-08-09,Red,place-chmnl,313,0.1182108626198083,72.0,Charles/MGH
2026-08-09,Red,place-cntsq,313,0.12460063897763578,67.0,Central
2026-08-09,Red,place-davis,310,0.16451612903225807,86.5,Davis
2026-08-09,Red,place-dwnxg,311,0.10932475884244373,51.0,Downtown Crossing
2026-08-09,Red,place-fldcr,150,0.14,3.0,Fields Corner
2026-08-09,Red,place-harsq,312,0.16987179487179488,114.0,Harvard
2026-08-09,Red,place-jfk,311,0.12218649517684887,58.0,JFK/UMass
2026-08-09,Red,place-knncl,313,0.11501597444089456,70.0,Kendall/MIT
2026-08-09,Red,place-nqncy,159,0.08176100628930817,67.0,North Quincy
2026-08-09,Red,place-pktrm,310,0.11612903225806452,52.0,Park Street
2026-08-09,Red,place-portr,310,0.1870967741935484,121.5,Porter
2026-08-09,Red,place-qamnl,159,0.08176100628930817,76.0,Quincy Adams
2026-08-09,Red,place-qnctr,159,0.07547169811320754,57.0,Quincy Center
2026-08-09,Red,place-shmnl,151,0.1390728476821192,-4.0,Savin Hill
2026-08-09,Red,place-smmnl,150,0.14,21.0,Shawmut
2026-08-09,Red,place-sstat,311,0.10610932475884244,57.0,South Station
2026-08-09,Red,place-wlsta,159,0.07547169811320754,65.0,Wollaston
2026-08-10,Blue,place-aport,276,0.6123188405797102,474.5,Airport
2026-08-10,Blue,place-aqucl,274,0.6094890510948905,485.5,Aquarium
2026-08-10,Blue,place-bmmnl,274,0.6167883211678832,648.0,Beachmont
2026-08-10,Blue,place-gover,278,0.6007194244604317,536.0,Government Center
2026-08-10,Blue,place-mvbcl,277,0.6028880866425993,491.0,Maverick
2026-08-10,Blue,place-orhte,274,0.6313868613138686,643.5,Orient Heights
2026-08-10,Blue,place-rbmnl,275,0.6290909090909091,719.0,Revere Beach
2026-08-10,Blue,place-sdmnl,273,0.63003663003663,682.0,Suffolk Downs
2026-08-10,Blue,place-state,277,0.6173285198555957,548.0,State
2026-08-10,Blue,place-wimnl,272,0.6176470588235294,508.0,Wood Island
2026-08-10,Green,place-alsgr,25,0.28,-481.0,Allston Street
2026-08-10,Green,place-balsq,33,0.18181818181818182,-622.0,Ball Square
2026-08-10,Green,place-bcnfd,4,0.0,-690.0,Beaconsfield
2026-08-10,Green,place-brico,25,0.24,-529.0,Packards Corner
2026-08-10,Green,place-brkhl,4,0.0,-631.0,Brookline Hills
2026-08-10,Green,place-bvmnl,4,0.0,-699.5,Brookline Village
2026-08-10,Green,place-chhil,5,0.0,-787.0,Chestnut Hill
2026-08-10,Green,place-chill,21,0.2857142857142857,-420.0,Chestnut Hill Avenue
2026-08-10,Green,place-chswk,24,0.25,-491.0,Chiswick Road
2026-08-10,Green,place-eliot,5,0.0,-782.0,Eliot
2026-08-10,Green,place-esomr,35,0.17142857142857143,-693.0,East Somerville
2026-08-10,Green,place-fenwy,4,0.0,-674.0,Fenway
2026-08-10,Green,place-gilmn,34,0.17647058823529413,-621.5,Gilman Square
2026-08-10,Green,place-grigg,25,0.28,-461.0,Griggs Street
2026-08-10,Green,place-harvd,25,0.24,-491.0,Harvard Avenue
2026-08-10,Green,place-lech,48,0.20833333333333334,-590.0,Lechmere
2026-08-10,Green,place-longw,4,0.0,-628.5,Longwood
2026-08-10,Green,place-mgngl,35,0.17142857142857143,-654.0,Magoun Square
2026-08-10,Green,place-newtn,5,0.0,-782.0,Newton Highlands
2026-08-10,Green,place-newto,5,0.0,-777.0,Newton Centre
2026-08-10,Green,place-rsmnl,5,0.0,-841.0,Reservoir
2026-08-10,Green,place-sougr,21,0.14285714285714285,-465.0,South Street
2026-08-10,Green,place-spmnl,46,0.1956521739130435,-577.5,Science Park
2026-08-10,Green,place-sthld,24,0.125,-503.0,Sutherland Road
2026-08-10,Green,place-waban,5,0.0,-837.0,Waban
2026-08-10,Green,place-wascm,24,0.20833333333333334,-479.0,Washington Street
2026-08-10,Green,place-woodl,5,0.0,-840.0,Woodland
2026-08-10,Green,place-wrnst,25,0.2,-563.0,Warren Street
2026-08-10,Mattapan,place-asmnl,1,0.0,-137.0,Ashmont
2026-08-10,Mattapan,place-butlr,216,0.009259259259259259,-72.0,Butler
2026-08-10,Mattapan,place-capst,215,0.018604651162790697,-22.0,Capen Street
2026-08-10,Mattapan,place-cedgr,216,0.009259259259259259,-84.0,Cedar Grove
2026-08-10,Mattapan,place-cenav,216,0.013888888888888888,-46.0,Central Avenue
2026-08-10,Mattapan,place-miltt,216,0.009259259259259259,-81.5,Milton
2026-08-10,Mattapan,place-valrd,216,0.013888888888888888,-24.5,Valley Road
2026-08-10,Orange,place-astao,405,0.08395061728395062,78.0,Assembly
2026-08-10,Orange,place-bbsta,408,0.09313725490196079,65.0,Back Bay
2026-08-10,Orange,place-ccmnl,407,0.09090909090909091,65.0,Community College
2026-08-10,Orange,place-chncl,407,0.09582309582309582,80.0,Chinatown
2026-08-10,Orange,place-dwnxg,408,0.09803921568627451,80.5,Downtown Crossing
2026-08-10,Orange,place-grnst,403,0.08436724565756824,70.0,Green Street
2026-08-10,Orange,place-haecl,408,0.10294117647058823,82.0,Haymarket
2026-08-10,Orange,place-jaksn,407,0.09828009828009827,62.0,Jackson Square
2026-08-10,Orange,place-masta,408,0.10049019607843138,76.0,Massachusetts Avenue
2026-08-10,Orange,place-mlmnl,407,0.11056511056511056,80.0,Malden Center
2026-08-10,Orange,place-north,408,0.08333333333333333,72.0,North Station
2026-08-10,Orange,place-rcmnl,407,0.11056511056511056,63.0,Roxbury Crossing
2026-08-10,Orange,place-rugg,408,0.13725490196078433,93.0,Ruggles
2026-08-10,Orange,place-sbmnl,405,0.09382716049382717,63.0,Stony Brook
2026-08-10,Orange,place-state,407,0.085995085995086,56.0,State
2026-08-10,Orange,place-sull,406,0.09113300492610837,64.0,Sullivan Square
2026-08-10,Orange,place-tumnl,407,0.09090909090909091,73.0,Tufts Medical Center
2026-08-10,Orange,place-welln,405,0.09135802469135802,75.0,Wellington
2026-08-10,Red,place-andrw,216,0.47685185185185186,287.5,Andrew
2026-08-10,Red,place-brdwy,216,0.4722222222222222,279.0,Broadway
2026-08-10,Red,place-chmnl,212,0.5047169811320755,302.5,Charles/MGH
2026-08-10,Red,place-cntsq,209,0.49282296650717705,289.0,Central
2026-08-10,Red,place-davis,201,0.4925373134328358,297.0,Davis
2026-08-10,Red,place-dwnxg,212,0.49056603773584906,292.0,Downtown Crossing
2026-08-10,Red,place-fldcr,99,0.3939393939393939,179.0,Fields Corner
2026-08-10,Red,place-harsq,204,0.5098039215686274,307.5,Harvard
2026-08-10,Red,place-jfk,220,0.4772727272727273,273.5,JFK/UMass
2026-08-10,Red,place-knncl,212,0.5141509433962265,319.5,Kendall/MIT
2026-08-10,Red,place-nqncy,121,0.5289256198347108,317.0,North Quincy
2026-08-10,Red,place-pktrm,209,0.49282296650717705,294.0,Park Street
2026-08-10,Red,place-portr,202,0.5148514851485149,323.5,Porter
2026-08-10,Red,place-qamnl,122,0.5163934426229508,335.0,Quincy Adams
2026-08-10,Red,place-qnctr,121,0.5289256198347108,320.0,Quincy Center
2026-08-10,Red,place-shmnl,100,0.41,212.0,Savin Hill
2026-08-10,Red,place-smmnl,101,0.4158415841584158,193.0,Shawmut
2026-08-10,Red,place-sstat,214,0.48130841121495327,292.5,South Station
2026-08-10,Red,place-wlsta,121,0.5289256198347108,317.0,Wollaston
2026-08-11,Blue,place-aport,354,0.5141242937853108,348.5,Airport
2026-08-11,Blue,place-aqucl,354,0.519774011299435,365.0,Aquarium
2026-08-11,Blue,place-bmmnl,353,0.5127478753541076,361.0,Beachmont
2026-08-11,Blue,place-gover,353,0.5297450424929179,355.0,Government Center
2026-08-11,Blue,place-mvbcl,354,0.519774011299435,328.0,Maverick
2026-08-11,Blue,place-orhte,351,0.5242165242165242,387.0,Orient Heights
2026-08-11,Blue,place-rbmnl,351,0.50997150997151,352.0,Revere Beach
2026-08-11,Blue,place-sdmnl,353,0.5325779036827195,383.0,Suffolk Downs
2026-08-11,Blue,place-state,353,0.5269121813031161,341.0,State
2026-08-11,Blue,place-wimnl,354,0.5169491525423728,344.5,Wood Island
2026-08-11,Green,place-alsgr,35,0.4,-93.0,Allston Street
2026-08-11,Green,place-balsq,38,0.34210526315789475,-294.0,Ball Square
2026-08-11,Green,place-bcnfd,10,0.1,-786.0,Beaconsfield
2026-08-11,Green,place-brico,34,0.38235294117647056,-98.0,Packards Corner
2026-08-11,Green,place-brkhl,10,0.1,-793.5,Brookline Hills
2026-08-11,Green,place-bvmnl,10,0.1,-811.0,Brookline Village
2026-08-11,Green,place-chhil,10,0.1,-932.5,Chestnut Hill
2026-08-11,Green,place-chill,34,0.4117647058823529,-12.5,Chestnut Hill Avenue
2026-08-11,Green,place-chswk,33,0.36363636363636365,-112.0,Chiswick Road
2026-08-11,Green,place-eliot,10,0.1,-880.0,Eliot
2026-08-11,Green,place-esomr,35,0.2857142857142857,-361.0,East Somerville
2026-08-11,Green,place-fenwy,8,0.125,-756.5,Fenway
2026-08-11,Green,place-gilmn,39,0.358974358974359,-363.0,Gilman Square
2026-08-11,Green,place-grigg,34,0.35294117647058826,-115.0,Griggs Street
2026-08-11,Green,place-harvd,34,0.4117647058823529,-64.5,Harvard Avenue
2026-08-11,Green,place-lech,37,0.21621621621621623,-760.0,Lechmere
2026-08-11,Green,place-longw,10,0.1,-808.5,Longwood
2026-08-11,Green,place-mgngl,39,0.358974358974359,-374.0,Magoun Square
2026-08-11,Green,place-newtn,10,0.1,-867.0,Newton Highlands
2026-08-11,Green,place-newto,10,0.1,-888.5,Newton Centre
2026-08-11,Green,place-north,1,1.0,737.0,North Station
2026-08-11,Green,place-rsmnl,10,0.1,-862.5,Reservoir
2026-08-11,Green,place-sougr,35,0.42857142857142855,65.0,South Street
2026-08-11,Green,place-spmnl,37,0.1891891891891892,-850.0,Science Park
2026-08-11,Green,place-sthld,34,0.38235294117647056,-64.0,Sutherland Road
2026-08-11,Green,place-waban,10,0.0,-900.0,Waban
2026-08-11,Green,place-wascm,33,0.42424242424242425,-62.0,Washington Street
2026-08-11,Green,place-woodl,10,0.0,-902.0,Woodland
2026-08-11,Green,place-wrnst,33,0.36363636363636365,-103.0,Warren Street
2026-08-11,Mattapan,place-asmnl,1,0.0,-132.0,Ashmont
2026-08-11,Mattapan,place-butlr,253,0.06324110671936758,-46.0,Butler
2026-08-11,Mattapan,place-capst,254,0.07874015748031496,7.5,Capen Street
2026-08-11,Mattapan,place-cedgr,253,0.07114624505928854,-63.0,Cedar Grove
2026-08-11,Mattapan,place-cenav,254,0.07086614173228346,-25.5,Central Avenue
2026-08-11,Mattapan,place-miltt,253,0.06324110671936758,-59.0,Milton
2026-08-11,Mattapan,place-valrd,255,0.07058823529411765,7.0,Valley Road
2026-08-11,Orange,place-astao,313,0.46645367412140576,282.0,Assembly
2026-08-11,Orange,place-bbsta,315,0.4507936507936508,270.0,Back Bay
2026-08-11,Orange,place-ccmnl,314,0.4585987261146497,276.0,Community College
2026-08-11,Orange,place-chncl,315,0.48253968253968255,282.0,Chinatown
2026-08-11,Orange,place-dwnxg,316,0.5,299.0,Downtown Crossing
2026-08-11,Orange,place-grnst,315,0.47619047619047616,284.0,Green Street
2026-08-11,Orange,place-haecl,313,0.48242811501597443,275.0,Haymarket
2026-08-11,Orange,place-jaksn,316,0.43037974683544306,247.5,Jackson Square
2026-08-11,Orange,place-masta,315,0.4507936507936508,274.0,Massachusetts Avenue
2026-08-11,Orange,place-mlmnl,313,0.5047923322683706,304.0,Malden Center
2026-08-11,Orange,place-north,312,0.47435897435897434,285.0,North Station
2026-08-11,Orange,place-rcmnl,315,0.4222222222222222,246.0,Roxbury Crossing
2026-08-11,Orange,place-rugg,315,0.48253968253968255,279.0,Ruggles
2026-08-11,Orange,place-sbmnl,315,0.4444444444444444,264.0,Stony Brook
2026-08-11,Orange,place-state,315,0.4444444444444444,256.0,State
2026-08-11,Orange,place-sull,314,0.44904458598726116,268.5,Sullivan Square
2026-08-11,Orange,place-tumnl,316,0.46835443037974683,272.5,Tufts Medical Center
2026-08-11,Orange,place-welln,315,0.473015873015873,288.0,Wellington
2026-08-11,Red,place-andrw,365,0.4,224.0,Andrew
2026-08-11,Red,place-brdwy,366,0.38524590163934425,220.0,Broadway
2026-08-11,Red,place-chmnl,367,0.38419618528610355,228.0,Charles/MGH
2026-08-11,Red,place-cntsq,365,0.3726027397260274,213.0,Central
2026-08-11,Red,place-davis,366,0.39344262295081966,217.0,Davis
2026-08-11,Red,place-dwnxg,363,0.36363636363636365,221.0,Downtown Crossing
2026-08-11,Red,place-fldcr,198,0.30808080808080807,172.0,Fields Corner
2026-08-11,Red,place-harsq,367,0.39509536784741145,224.0,Harvard
2026-08-11,Red,place-jfk,364,0.3983516483516483,220.0,JFK/UMass
2026-08-11,Red,place-knncl,367,0.3923705722070845,227.0,Kendall/MIT
2026-08-11,Red,place-nqncy,168,0.5059523809523809,315.0,North Quincy
2026-08-11,Red,place-pktrm,364,0.3873626373626374,217.5,Park Street
2026-08-11,Red,place-portr,365,0.4246575342465753,238.0,Porter
2026-08-11,Red,place-qamnl,168,0.5059523809523809,302.0,Quincy Adams
2026-08-11,Red,place-qnctr,168,0.4880952380952381,289.5,Quincy Center
2026-08-11,Red,place-shmnl,196,0.32653061224489793,184.5,Savin Hill
2026-08-11,Red,place-smmnl,198,0.32323232323232326,180.0,Shawmut
2026-08-11,Red,place-sstat,366,0.3989071038251366,233.5,South Station
2026-08-11,Red,place-wlsta,168,0.5059523809523809,304.5,Wollaston
2026-08-12,Blue,place-aport,346,0.1676300578034682,48.0,Airport
2026-08-12,Blue,place-aqucl,345,0.18840579710144928,71.0,Aquarium
2026-08-12,Blue,place-bmmnl,342,0.17543859649122806,21.0,Beachmont
2026-08-12,Blue,place-gover,349,0.17478510028653296,56.0,Government Center
2026-08-12,Blue,place-mvbcl,344,0.15988372093023256,63.0,Maverick
2026-08-12,Blue,place-orhte,343,0.17201166180758018,46.0,Orient Heights
2026-08-12,Blue,place-rbmnl,340,0.18529411764705883,15.5,Revere Beach
2026-08-12,Blue,place-sdmnl,342,0.1783625730994152,50.5,Suffolk Downs
2026-08-12,Blue,place-state,346,0.18786127167630057,75.0,State
2026-08-12,Blue,place-wimnl,346,0.17052023121387283,65.0,Wood Island
2026-08-12,Green,place-alsgr,34,0.20588235294117646,-606.0,Allston Street
2026-08-12,Green,place-balsq,47,0.19148936170212766,-770.0,Ball Square
2026-08-12,Green,place-bcnfd,11,0.2727272727272727,-613.0,Beaconsfield
2026-08-12,Green,place-brico,36,0.19444444444444445,-639.0,Packards Corner
2026-08-12,Green,place-brkhl,11,0.2727272727272727,-649.0,Brookline Hills
2026-08-12,Green,place-bvmnl,11,0.2727272727272727,-660.0,Brookline Village
2026-08-12,Green,place-chhil,11,0.2727272727272727,-783.0,Chestnut Hill
2026-08-12,Green,place-chill,36,0.19444444444444445,-632.0,Chestnut Hill Avenue
2026-08-12,Green,place-chswk,34,0.20588235294117646,-564.5,Chiswick Road
2026-08-12,Green,place-eliot,12,0.3333333333333333,-562.0,Eliot
2026-08-12,Green,place-esomr,45,0.17777777777777778,-725.0,East Somerville
2026-08-12,Green,place-fenwy,10,0.2,-667.0,Fenway
2026-08-12,Green,place-gilmn,45,0.17777777777777778,-727.0,Gilman Square
2026-08-12,Green,place-grigg,36,0.19444444444444445,-642.0,Griggs Street
2026-08-12,Green,place-harvd,35,0.2,-664.0,Harvard Avenue
2026-08-12,Green,place-lech,54,0.18518518518518517,-774.0,Lechmere
2026-08-12,Green,place-longw,11,0.2727272727272727,-636.0,Longwood
2026-08-12,Green,place-mgngl,45,0.17777777777777778,-743.0,Magoun Square
2026-08-12,Green,place-newtn,11,0.2727272727272727,-776.0,Newton Highlands
2026-08-12,Green,place-newto,11,0.2727272727272727,-769.0,Newton Centre
2026-08-12,Green,place-rsmnl,11,0.2727272727272727,-648.0,Reservoir
2026-08-12,Green,place-sougr,34,0.23529411764705882,-550.0,South Street
2026-08-12,Green,place-spmnl,54,0.18518518518518517,-765.0,Science Park
2026-08-12,Green,place-sthld,35,0.2,-586.0,Sutherland Road
2026-08-12,Green,place-unsqu,1,0.0,-517.0,Union Square
2026-08-12,Green,place-waban,12,0.25,-553.0,Waban
2026-08-12,Green,place-wascm,34,0.20588235294117646,-564.0,Washington Street
2026-08-12,Green,place-woodl,12,0.25,-564.5,Woodland
2026-08-12,Green,place-wrnst,34,0.20588235294117646,-591.0,Warren Street
2026-08-12,Mattapan,place-butlr,250,0.016,-69.5,Butler
2026-08-12,Mattapan,place-capst,251,0.01593625498007968,-23.0,Capen Street
2026-08-12,Mattapan,place-cedgr,254,0.015748031496062992,-76.5,Cedar Grove
2026-08-12,Mattapan,place-cenav,252,0.01984126984126984,-46.0,Central Avenue
2026-08-12,Mattapan,place-miltt,249,0.012048192771084338,-78.0,Milton
2026-08-12,Mattapan,place-valrd,251,0.01593625498007968,-26.0,Valley Road
2026-08-12,Orange,place-astao,405,0.22962962962962963,138.0,Assembly
2026-08-12,Orange,place-bbsta,406,0.17733990147783252,94.0,Back Bay
2026-08-12,Orange,place-ccmnl,407,0.21867321867321868,141.0,Community College
2026-08-12,Orange,place-chncl,407,0.20147420147420148,116.0,Chinatown
2026-08-12,Orange,place-dwnxg,407,0.20147420147420148,123.0,Downtown Crossing
2026-08-12,Orange,place-grnst,403,0.18362282878411912,112.0,Green Street
2026-08-12,Orange,place-haecl,407,0.19656019656019655,120.0,Haymarket
2026-08-12,Orange,place-jaksn,404,0.1782178217821782,92.0,Jackson Square
2026-08-12,Orange,place-masta,406,0.19458128078817735,101.0,Massachusetts Avenue
2026-08-12,Orange,place-mlmnl,406,0.2438423645320197,153.5,Malden Center
2026-08-12,Orange,place-north,405,0.2,128.0,North Station
2026-08-12,Orange,place-rcmnl,404,0.1905940594059406,86.5,Roxbury Crossing
2026-08-12,Orange,place-rugg,406,0.21674876847290642,119.5,Ruggles
2026-08-12,Orange,place-sbmnl,403,0.1761786600496278,98.0,Stony Brook
2026-08-12,Orange,place-state,407,0.18181818181818182,105.0,State
2026-08-12,Orange,place-sull,407,0.22604422604422605,142.0,Sullivan Square
2026-08-12,Orange,place-tumnl,405,0.19012345679012346,105.0,Tufts Medical Center
2026-08-12,Orange,place-welln,405,0.2345679012345679,145.0,Wellington
2026-08-12,Red,place-andrw,306,0.46405228758169936,233.0,Andrew
2026-08-12,Red,place-brdwy,307,0.46905537459283386,234.0,Broadway
2026-08-12,Red,place-chmnl,312,0.4391025641025641,232.5,Charles/MGH
2026-08-12,Red,place-cntsq,312,0.41346153846153844,241.0,Central
2026-08-12,Red,place-davis,310,0.42258064516129035,242.0,Davis
2026-08-12,Red,place-dwnxg,309,0.4336569579288026,229.0,Downtown Crossing
2026-08-12,Red,place-fldcr,155,0.3096774193548387,107.0,Fields Corner
2026-08-12,Red,place-harsq,312,0.4198717948717949,236.0,Harvard
2026-08-12,Red,place-jfk,309,0.4174757281553398,193.0,JFK/UMass
2026-08-12,Red,place-knncl,313,0.43450479233226835,240.0,Kendall/MIT
2026-08-12,Red,place-nqncy,154,0.474025974025974,243.0,North Quincy
2026-08-12,Red,place-pktrm,310,0.45483870967741935,232.0,Park Street
2026-08-12,Red,place-portr,311,0.4565916398713826,271.0,Porter
2026-08-12,Red,place-qamnl,151,0.4105960264900662,176.0,Quincy Adams
2026-08-12,Red,place-qnctr,151,0.4304635761589404,188.0,Quincy Center
2026-08-12,Red,place-shmnl,154,0.35714285714285715,130.0,Savin Hill
2026-08-12,Red,place-smmnl,155,0.33548387096774196,134.0,Shawmut
2026-08-12,Red,place-sstat,308,0.45454545454545453,239.0,South Station
2026-08-12,Red,place-wlsta,152,0.46710526315789475,227.5,Wollaston
2026-08-13,Blue,place-aport,329,0.3981762917933131,147.0,Airport
2026-08-13,Blue,place-aqucl,328,0.42073170731707316,195.5,Aquarium
2026-08-13,Blue,place-bmmnl,324,0.38580246913580246,147.5,Beachmont
2026-08-13,Blue,place-gover,328,0.4024390243902439,186.5,Government Center
2026-08-13,Blue,place-mvbcl,330,0.40606060606060607,176.5,Maverick
2026-08-13,Blue,place-orhte,325,0.39384615384615385,150.0,Orient Heights
2026-08-13,Blue,place-rbmnl,326,0.3895705521472393,143.0,Revere Beach
2026-08-13,Blue,place-sdmnl,325,0.39692307692307693,182.0,Suffolk Downs
2026-08-13,Blue,place-state,327,0.40672782874617736,209.0,State
2026-08-13,Blue,place-wimnl,329,0.40425531914893614,165.0,Wood Island
2026-08-13,Green,place-alsgr,12,0.0,-1059.0,Allston Street
2026-08-13,Green,place-balsq,28,0.17857142857142858,-307.0,Ball Square
2026-08-13,Green,place-bcnfd,33,0.21212121212121213,-458.0,Beaconsfield
2026-08-13,Green,place-brico,12,0.0,-966.5,Packards Corner
2026-08-13,Green,place-brkhl,33,0.21212121212121213,-424.0,Brookline Hills
2026-08-13,Green,place-bvmnl,33,0.21212121212121213,-462.0,Brookline Village
2026-08-13,Green,place-chhil,33,0.21212121212121213,-392.0,Chestnut Hill
2026-08-13,Green,place-chill,11,0.0,-940.0,Chestnut Hill Avenue
2026-08-13,Green,place-chswk,11,0.0,-882.0,Chiswick Road
2026-08-13,Green,place-eliot,32,0.21875,-358.0,Eliot
2026-08-13,Green,place-esomr,28,0.17857142857142858,-298.0,East Somerville
2026-08-13,Green,place-fenwy,31,0.22580645161290322,-475.0,Fenway
2026-08-13,Green,place-gilmn,28,0.17857142857142858,-301.0,Gilman Square
2026-08-13,Green,place-grigg,12,0.0,-1030.5,Griggs Street
2026-08-13,Green,place-harvd,12,0.0,-1022.0,Harvard Avenue
2026-08-13,Green,place-lech,33,0.18181818181818182,-397.0,Lechmere
2026-08-13,Green,place-longw,31,0.22580645161290322,-443.0,Longwood
2026-08-13,Green,place-mgngl,29,0.1724137931034483,-312.0,Magoun Square
2026-08-13,Green,place-newtn,32,0.21875,-348.0,Newton Highlands
2026-08-13,Green,place-newto,32,0.21875,-349.5,Newton Centre
2026-08-13,Green,place-rsmnl,32,0.21875,-471.5,Reservoir
2026-08-13,Green,place-sougr,11,0.0,-913.0,South Street
2026-08-13,Green,place-spmnl,28,0.17857142857142858,-469.5,Science Park
2026-08-13,Green,place-sthld,11,0.0,-871.0,Sutherland Road
2026-08-13,Green,place-waban,32,0.15625,-352.0,Waban
2026-08-13,Green,place-wascm,11,0.0,-976.0,Washington Street
2026-08-13,Green,place-woodl,32,0.15625,-366.5,Woodland
2026-08-13,Green,place-wrnst,12,0.0,-1054.0,Warren Street
2026-08-13,Mattapan,place-asmnl,4,0.0,-44.5,Ashmont
2026-08-13,Mattapan,place-butlr,238,0.06302521008403361,-53.0,Butler
2026-08-13,Mattapan,place-capst,236,0.07203389830508475,-5.5,Capen Street
2026-08-13,Mattapan,place-cedgr,238,0.058823529411764705,-65.5,Cedar Grove
2026-08-13,Mattapan,place-cenav,242,0.07851239669421488,-24.5,Central Avenue
2026-08-13,Mattapan,place-miltt,242,0.0743801652892562,-62.5,Milton
2026-08-13,Mattapan,place-valrd,241,0.07053941908713693,-2.0,Valley Road
2026-08-13,Orange,place-astao,379,0.2691292875989446,140.0,Assembly
2026-08-13,Orange,place-bbsta,381,0.24146981627296588,106.0,Back Bay
2026-08-13,Orange,place-ccmnl,379,0.2691292875989446,132.0,Community College
2026-08-13,Orange,place-chncl,379,0.25065963060686014,112.0,Chinatown
2026-08-13,Orange,place-dwnxg,380,0.25263157894736843,118.5,Downtown Crossing
2026-08-13,Orange,place-grnst,373,0.21179624664879357,108.0,Green Street
2026-08-13,Orange,place-haecl,381,0.2545931758530184,119.0,Haymarket
2026-08-13,Orange,place-jaksn,377,0.23342175066312998,102.0,Jackson Square
2026-08-13,Orange,place-masta,378,0.24603174603174602,116.5,Massachusetts Avenue
2026-08-13,Orange,place-mlmnl,377,0.29708222811671087,156.0,Malden Center
2026-08-13,Orange,place-north,380,0.2631578947368421,127.0,North Station
2026-08-13,Orange,place-rcmnl,377,0.23342175066312998,105.0,Roxbury Crossing
2026-08-13,Orange,place-rugg,378,0.25925925925925924,136.5,Ruggles
2026-08-13,Orange,place-sbmnl,374,0.22192513368983957,102.0,Stony Brook
2026-08-13,Orange,place-state,379,0.24010554089709762,101.0,State
2026-08-13,Orange,place-sull,379,0.2691292875989446,136.0,Sullivan Square
2026-08-13,Orange,place-tumnl,378,0.24867724867724866,110.5,Tufts Medical Center
2026-08-13,Orange,place-welln,381,0.2755905511811024,146.0,Wellington
2026-08-13,Red,place-andrw,311,0.40192926045016075,190.0,Andrew
2026-08-13,Red,place-brdwy,312,0.40705128205128205,188.5,Broadway
2026-08-13,Red,place-chmnl,316,0.3924050632911392,213.0,Charles/MGH
2026-08-13,Red,place-cntsq,316,0.370253164556962,198.5,Central
2026-08-13,Red,place-davis,318,0.3836477987421384,176.5,Davis
2026-08-13,Red,place-dwnxg,207,0.2222222222222222,100.0,Downtown Crossing
2026-08-13,Red,place-fldcr,168,0.3392857142857143,120.5,Fields Corner
2026-08-13,Red,place-harsq,318,0.3710691823899371,194.0,Harvard
2026-08-13,Red,place-jfk,312,0.40384615384615385,187.0,JFK/UMass
2026-08-13,Red,place-knncl,318,0.3867924528301887,218.5,Kendall/MIT
2026-08-13,Red,place-nqncy,143,0.4125874125874126,219.0,North Quincy
2026-08-13,Red,place-pktrm,208,0.21153846153846154,108.5,Park Street
2026-08-13,Red,place-portr,317,0.41324921135646686,208.0,Porter
2026-08-13,Red,place-qamnl,144,0.4236111111111111,165.5,Quincy Adams
2026-08-13,Red,place-qnctr,143,0.4125874125874126,199.0,Quincy Center
2026-08-13,Red,place-shmnl,168,0.36904761904761907,138.5,Savin Hill
2026-08-13,Red,place-smmnl,168,0.35119047619047616,139.5,Shawmut
2026-08-13,Red,place-sstat,313,0.3993610223642173,207.0,South Station
2026-08-13,Red,place-wlsta,143,0.40559440559440557,214.0,Wollaston
2026-08-14,Blue,place-aport,214,0.5373831775700935,455.5,Airport
2026-08-14,Blue,place-aqucl,210,0.5333333333333333,452.5,Aquarium
2026-08-14,Blue,place-bmmnl,204,0.5784313725490197,617.0,Beachmont
2026-08-14,Blue,place-gover,216,0.5324074074074074,492.5,Government Center
2026-08-14,Blue,place-mvbcl,213,0.5352112676056338,419.0,Maverick
2026-08-14,Blue,place-orhte,207,0.5700483091787439,601.0,Orient Heights
2026-08-14,Blue,place-rbmnl,201,0.5870646766169154,662.0,Revere Beach
2026-08-14,Blue,place-sdmnl,206,0.5825242718446602,637.5,Suffolk Downs
2026-08-14,Blue,place-state,213,0.539906103286385,478.0,State
2026-08-14,Blue,place-wimnl,211,0.5402843601895735,456.0,Wood Island
2026-08-14,Green,place-alsgr,25,0.24,-736.0,Allston Street
2026-08-14,Green,place-balsq,16,0.25,-382.5,Ball Square
2026-08-14,Green,place-bcnfd,16,0.1875,-485.5,Beaconsfield
2026-08-14,Green,place-brico,26,0.19230769230769232,-617.0,Packards Corner
2026-08-14,Green,place-brkhl,16,0.1875,-475.0,Brookline Hills
2026-08-14,Green,place-bvmnl,16,0.1875,-454.5,Brookline Village
2026-08-14,Green,place-chhil,17,0.17647058823529413,-612.0,Chestnut Hill
2026-08-14,Green,place-chill,25,0.24,-624.0,Chestnut Hill Avenue
2026-08-14,Green,place-chswk,26,0.23076923076923078,-664.0,Chiswick Road
2026-08-14,Green,place-eliot,16,0.1875,-507.5,Eliot
2026-08-14,Green,place-esomr,17,0.23529411764705882,-429.0,East Somerville
2026-08-14,Green,place-fenwy,16,0.1875,-452.5,Fenway
2026-08-14,Green,place-gilmn,17,0.29411764705882354,-429.0,Gilman Square
2026-08-14,Green,place-grigg,25,0.2,-708.0,Griggs Street
2026-08-14,Green,place-harvd,25,0.2,-726.0,Harvard Avenue
2026-08-14,Green,place-lech,24,0.20833333333333334,-546.0,Lechmere
2026-08-14,Green,place-longw,16,0.1875,-465.5,Longwood
2026-08-14,Green,place-mgngl,16,0.25,-391.0,Magoun Square
2026-08-14,Green,place-newtn,16,0.1875,-501.0,Newton Highlands
2026-08-14,Green,place-newto,16,0.1875,-499.5,Newton Centre
2026-08-14,Green,place-north,1,0.0,-1447.0,North Station
2026-08-14,Green,place-rsmnl,16,0.1875,-503.5,Reservoir
2026-08-14,Green,place-sougr,25,0.24,-696.0,South Street
2026-08-14,Green,place-spmnl,22,0.2727272727272727,-450.5,Science Park
2026-08-14,Green,place-sthld,26,0.23076923076923078,-710.0,Sutherland Road
2026-08-14,Green,place-unsqu,1,1.0,1191.0,Union Square
2026-08-14,Green,place-waban,16,0.1875,-516.5,Waban
2026-08-14,Green,place-wascm,26,0.23076923076923078,-699.0,Washington Street
2026-08-14,Green,place-woodl,16,0.1875,-493.5,Woodland
2026-08-14,Green,place-wrnst,25,0.2,-767.0,Warren Street
2026-08-14,Mattapan,place-asmnl,2,0.0,84.0,Ashmont
2026-08-14,Mattapan,place-butlr,254,0.015748031496062992,-75.0,Butler
2026-08-14,Mattapan,place-capst,253,0.02766798418972332,-22.0,Capen Street
2026-08-14,Mattapan,place-cedgr,254,0.007874015748031496,-86.0,Cedar Grove
2026-08-14,Mattapan,place-cenav,255,0.0196078431372549,-49.0,Central Avenue
2026-08-14,Mattapan,place-miltt,254,0.023622047244094488,-83.0,Milton
2026-08-14,Mattapan,place-valrd,256,0.0234375,-21.0,Valley Road
2026-08-14,Orange,place-astao,438,0.0821917808219178,103.5,Assembly
2026-08-14,Orange,place-bbsta,438,0.0821917808219178,69.0,Back Bay
2026-08-14,Orange,place-ccmnl,439,0.08200455580865604,100.0,Community College
2026-08-14,Orange,place-chncl,435,0.0896551724137931,79.0,Chinatown
2026-08-14,Orange,place-dwnxg,436,0.07568807339449542,81.0,Downtown Crossing
2026-08-14,Orange,place-grnst,435,0.0896551724137931,77.0,Green Street
2026-08-14,Orange,place-haecl,437,0.07322654462242563,81.0,Haymarket
2026-08-14,Orange,place-jaksn,436,0.0871559633027523,73.5,Jackson Square
2026-08-14,Orange,place-masta,436,0.09174311926605505,76.5,Massachusetts Avenue
2026-08-14,Orange,place-mlmnl,437,0.10755148741418764,116.0,Malden Center
2026-08-14,Orange,place-north,437,0.07093821510297482,90.0,North Station
2026-08-14,Orange,place-rcmnl,436,0.10550458715596331,66.0,Roxbury Crossing
2026-08-14,Orange,place-rugg,434,0.12672811059907835,94.5,Ruggles
2026-08-14,Orange,place-sbmnl,436,0.08256880733944955,70.0,Stony Brook
2026-08-14,Orange,place-state,436,0.05733944954128441,57.0,State
2026-08-14,Orange,place-sull,439,0.08200455580865604,99.0,Sullivan Square
2026-08-14,Orange,place-tumnl,437,0.08695652173913043,74.0,Tufts Medical Center
2026-08-14,Orange,place-welln,438,0.08904109589041095,105.0,Wellington
2026-08-14,Red,place-andrw,427,0.3747072599531616,219.0,Andrew
2026-08-14,Red,place-brdwy,427,0.3770491803278688,223.0,Broadway
2026-08-14,Red,place-chmnl,426,0.3755868544600939,212.5,Charles/MGH
2026-08-14,Red,place-cntsq,425,0.35294117647058826,196.0,Central
2026-08-14,Red,place-davis,425,0.3458823529411765,210.0,Davis
2026-08-14,Red,place-dwnxg,200,0.225,135.0,Downtown Crossing
2026-08-14,Red,place-fldcr,209,0.2727272727272727,164.0,Fields Corner
2026-08-14,Red,place-harsq,425,0.36,218.0,Harvard
2026-08-14,Red,place-jfk,425,0.3388235294117647,209.0,JFK/UMass
2026-08-14,Red,place-knncl,425,0.35764705882352943,209.0,Kendall/MIT
2026-08-14,Red,place-nqncy,220,0.3409090909090909,210.0,North Quincy
2026-08-14,Red,place-pktrm,202,0.22772277227722773,110.5,Park Street
2026-08-14,Red,place-portr,423,0.39952718676122934,243.0,Porter
2026-08-14,Red,place-qamnl,220,0.35,212.0,Quincy Adams
2026-08-14,Red,place-qnctr,218,0.3669724770642202,196.0,Quincy Center
2026-08-14,Red,place-shmnl,206,0.3058252427184466,163.0,Savin Hill
2026-08-14,Red,place-smmnl,208,0.28365384615384615,171.5,Shawmut
2026-08-14,Red,place-sstat,426,0.3755868544600939,219.0,South Station
2026-08-14,Red,place-wlsta,219,0.3470319634703196,212.0,Wollaston
2026-08-15,Blue,place-aport,256,0.26171875,123.0,Airport
2026-08-15,Blue,place-aqucl,257,0.2840466926070039,125.0,Aquarium
2026-08-15,Blue,place-bmmnl,251,0.2549800796812749,104.0,Beachmont
2026-08-15,Blue,place-gover,257,0.2607003891050584,123.0,Government Center
2026-08-15,Blue,place-mvbcl,256,0.26171875,129.5,Maverick
2026-08-15,Blue,place-orhte,253,0.25691699604743085,132.0,Orient Heights
2026-08-15,Blue,place-rbmnl,250,0.252,107.0,Revere Beach
2026-08-15,Blue,place-sdmnl,252,0.2619047619047619,123.0,Suffolk Downs
2026-08-15,Blue,place-state,256,0.2734375,118.5,State
2026-08-15,Blue,place-wimnl,256,0.26953125,138.5,Wood Island
2026-08-15,Green,place-alsgr,10,0.5,271.0,Allston Street
2026-08-15,Green,place-balsq,9,0.0,-1208.0,Ball Square
2026-08-15,Green,place-bcnfd,12,0.16666666666666666,-475.0,Beaconsfield
2026-08-15,Green,place-brico,10,0.5,239.5,Packards Corner
2026-08-15,Green,place-brkhl,12,0.16666666666666666,-455.5,Brookline Hills
2026-08-15,Green,place-bvmnl,12,0.16666666666666666,-492.5,Brookline Village
2026-08-15,Green,place-chhil,13,0.15384615384615385,-529.0,Chestnut Hill
2026-08-15,Green,place-chill,9,0.5555555555555556,565.0,Chestnut Hill Avenue
2026-08-15,Green,place-chswk,9,0.5555555555555556,652.0,Chiswick Road
2026-08-15,Green,place-eliot,13,0.15384615384615385,-527.0,Eliot
2026-08-15,Green,place-esomr,8,0.0,-1178.5,East Somerville
2026-08-15,Green,place-fenwy,12,0.16666666666666666,-497.0,Fenway
2026-08-15,Green,place-gilmn,9,0.0,-1179.0,Gilman Square
2026-08-15,Green,place-grigg,10,0.5,284.5,Griggs Street
2026-08-15,Green,place-harvd,10,0.5,238.0,Harvard Avenue
2026-08-15,Green,place-lech,15,0.13333333333333333,-150.0,Lechmere
2026-08-15,Green,place-longw,12,0.16666666666666666,-449.5,Longwood
2026-08-15,Green,place-mgngl,9,0.0,-1175.0,Magoun Square
2026-08-15,Green,place-newtn,13,0.15384615384615385,-536.0,Newton Highlands
2026-08-15,Green,place-newto,13,0.15384615384615385,-533.0,Newton Centre
2026-08-15,Green,place-north,1,0.0,-1580.0,North Station
2026-08-15,Green,place-rsmnl,13,0.15384615384615385,-520.0,Reservoir
2026-08-15,Green,place-sougr,9,0.5555555555555556,420.0,South Street
2026-08-15,Green,place-spmnl,17,0.35294117647058826,-130.0,Science Park
2026-08-15,Green,place-sthld,9,0.5555555555555556,632.0,Sutherland Road
2026-08-15,Green,place-waban,13,0.15384615384615385,-525.0,Waban
2026-08-15,Green,place-wascm,9,0.5555555555555556,683.0,Washington Street
2026-08-15,Green,place-woodl,13,0.15384615384615385,-583.0,Woodland
2026-08-15,Green,place-wrnst,9,0.5555555555555556,633.0,Warren Street
2026-08-15,Mattapan,place-asmnl,12,0.08333333333333333,-57.5,Ashmont
2026-08-15,Mattapan,place-butlr,172,0.01744186046511628,4.0,Butler
2026-08-15,Mattapan,place-capst,180,0.07222222222222222,-1.0,Capen Street
2026-08-15,Mattapan,place-cedgr,185,0.010810810810810811,-8.0,Cedar Grove
2026-08-15,Mattapan,place-cenav,180,0.06666666666666667,-25.0,Central Avenue
2026-08-15,Mattapan,place-miltt,179,0.061452513966480445,2.0,Milton
2026-08-15,Mattapan,place-valrd,180,0.06666666666666667,-2.5,Valley Road
2026-08-15,Orange,place-astao,342,0.05555555555555555,74.5,Assembly
2026-08-15,Orange,place-bbsta,342,0.04678362573099415,32.5,Back Bay
2026-08-15,Orange,place-ccmnl,341,0.05571847507331378,78.0,Community College
2026-08-15,Orange,place-chncl,342,0.05263157894736842,46.0,Chinatown
2026-08-15,Orange,place-dwnxg,341,0.02932551319648094,49.0,Downtown Crossing
2026-08-15,Orange,place-grnst,342,0.043859649122807015,56.0,Green Street
2026-08-15,Orange,place-haecl,342,0.04093567251461988,51.5,Haymarket
2026-08-15,Orange,place-jaksn,342,0.05263157894736842,30.5,Jackson Square
2026-08-15,Orange,place-masta,341,0.05865102639296188,43.0,Massachusetts Avenue
2026-08-15,Orange,place-mlmnl,342,0.05847953216374269,80.0,Malden Center
2026-08-15,Orange,place-north,342,0.05263157894736842,57.0,North Station
2026-08-15,Orange,place-rcmnl,341,0.05865102639296188,30.0,Roxbury Crossing
2026-08-15,Orange,place-rugg,341,0.06744868035190615,38.0,Ruggles
2026-08-15,Orange,place-sbmnl,342,0.04093567251461988,38.0,Stony Brook
2026-08-15,Orange,place-state,342,0.029239766081871343,34.5,State
2026-08-15,Orange,place-sull,342,0.05847953216374269,75.5,Sullivan Square
2026-08-15,Orange,place-tumnl,342,0.04678362573099415,44.0,Tufts Medical Center
2026-08-15,Orange,place-welln,342,0.05263157894736842,72.0,Wellington
2026-08-15,Red,place-andrw,334,0.1407185628742515,45.5,Andrew
2026-08-15,Red,place-brdwy,334,0.1347305389221557,50.0,Broadway
2026-08-15,Red,place-chmnl,332,0.15060240963855423,66.0,Charles/MGH
2026-08-15,Red,place-cntsq,334,0.1437125748502994,73.0,Central
2026-08-15,Red,place-davis,334,0.16467065868263472,89.0,Davis
2026-08-15,Red,place-dwnxg,165,0.06666666666666667,0.0,Downtown Crossing
2026-08-15,Red,place-fldcr,165,0.11515151515151516,-1.0,Fields Corner
2026-08-15,Red,place-harsq,333,0.15915915915915915,75.0,Harvard
2026-08-15,Red,place-jfk,334,0.1347305389221557,54.0,JFK/UMass
2026-08-15,Red,place-knncl,333,0.15015015015015015,67.0,Kendall/MIT
2026-08-15,Red,place-nqncy,168,0.1488095238095238,62.0,North Quincy
2026-08-15,Red,place-pktrm,165,0.06666666666666667,-21.0,Park Street
2026-08-15,Red,place-portr,333,0.16216216216216217,97.0,Porter
2026-08-15,Red,place-qamnl,168,0.14285714285714285,80.0,Quincy Adams
2026-08-15,Red,place-qnctr,167,0.1437125748502994,68.0,Quincy Center
2026-08-15,Red,place-shmnl,164,0.10975609756097561,-10.0,Savin Hill
2026-08-15,Red,place-smmnl,165,0.12727272727272726,23.0,Shawmut
2026-08-15,Red,place-sstat,334,0.1377245508982036,55.0,South Station
2026-08-15,Red,place-wlsta,168,0.1488095238095238,66.0,Wollaston
2026-08-16,Blue,place-aport,256,0.40234375,231.5,Airport
2026-08-16,Blue,place-aqucl,256,0.390625,226.0,Aquarium
2026-08-16,Blue,place-bmmnl,254,0.40551181102362205,228.5,Beachmont
2026-08-16,Blue,place-gover,256,0.40234375,222.0,Government Center
2026-08-16,Blue,place-mvbcl,256,0.3984375,236.5,Maverick
2026-08-16,Blue,place-orhte,254,0.421259842519685,231.5,Orient Heights
2026-08-16,Blue,place-rbmnl,258,0.41472868217054265,232.0,Revere Beach
2026-08-16,Blue,place-sdmnl,252,0.4087301587301587,235.0,Suffolk Downs
2026-08-16,Blue,place-state,255,0.39215686274509803,235.0,State
2026-08-16,Blue,place-wimnl,257,0.4085603112840467,225.0,Wood Island
2026-08-16,Green,place-alsgr,30,0.3,-445.0,Allston Street
2026-08-16,Green,place-balsq,25,0.2,-689.0,Ball Square
2026-08-16,Green,place-bcnfd,13,0.23076923076923078,-757.0,Beaconsfield
2026-08-16,Green,place-brico,32,0.28125,-471.5,Packards Corner
2026-08-16,Green,place-brkhl,12,0.25,-540.0,Brookline Hills
2026-08-16,Green,place-bvmnl,13,0.23076923076923078,-774.0,Brookline Village
2026-08-16,Green,place-chhil,12,0.25,-523.0,Chestnut Hill
2026-08-16,Green,place-chill,30,0.3,-409.5,Chestnut Hill Avenue
2026-08-16,Green,place-chswk,31,0.2903225806451613,-479.0,Chiswick Road
2026-08-16,Green,place-eliot,12,0.25,-511.0,Eliot
2026-08-16,Green,place-esomr,25,0.2,-647.0,East Somerville
2026-08-16,Green,place-fenwy,12,0.25,-593.5,Fenway
2026-08-16,Green,place-gilmn,25,0.2,-668.0,Gilman Square
2026-08-16,Green,place-grigg,31,0.2903225806451613,-452.0,Griggs Street
2026-08-16,Green,place-harvd,30,0.3,-457.0,Harvard Avenue
2026-08-16,Green,place-lech,42,0.2857142857142857,-422.5,Lechmere
2026-08-16,Green,place-longw,11,0.2727272727272727,-394.0,Longwood
2026-08-16,Green,place-mgngl,25,0.2,-684.0,Magoun Square
2026-08-16,Green,place-newtn,12,0.25,-517.0,Newton Highlands
2026-08-16,Green,place-newto,12,0.25,-511.5,Newton Centre
2026-08-16,Green,place-north,2,0.5,589.5,North Station
2026-08-16,Green,place-rsmnl,13,0.23076923076923078,-760.0,Reservoir
2026-08-16,Green,place-sougr,30,0.3,-426.5,South Street
2026-08-16,Green,place-spmnl,41,0.1951219512195122,-550.0,Science Park
2026-08-16,Green,place-sthld,31,0.2903225806451613,-452.0,Sutherland Road
2026-08-16,Green,place-waban,12,0.25,-505.0,Waban
2026-08-16,Green,place-wascm,30,0.3,-427.5,Washington Street
2026-08-16,Green,place-woodl,12,0.25,-532.5,Woodland
2026-08-16,Green,place-wrnst,31,0.2903225806451613,-534.0,Warren Street
2026-08-16,Mattapan,place-asmnl,1,1.0,590.0,Ashmont
2026-08-16,Mattapan,place-butlr,169,0.01775147928994083,-35.0,Butler
2026-08-16,Mattapan,place-capst,171,0.04093567251461988,-33.0,Capen Street
2026-08-16,Mattapan,place-cedgr,172,0.01744186046511628,-40.5,Cedar Grove
2026-08-16,Mattapan,place-cenav,171,0.04093567251461988,-61.0,Central Avenue
2026-08-16,Mattapan,place-miltt,171,0.04093567251461988,-37.0,Milton
2026-08-16,Mattapan,place-valrd,170,0.041176470588235294,-42.5,Valley Road
2026-08-16,Orange,place-astao,280,0.010714285714285714,25.5,Assembly
2026-08-16,Orange,place-bbsta,280,0.014285714285714285,-1.5,Back Bay
2026-08-16,Orange,place-ccmnl,280,0.007142857142857143,20.5,Community College
2026-08-16,Orange,place-chncl,279,0.007168458781362007,11.0,Chinatown
2026-08-16,Orange,place-dwnxg,280,0.007142857142857143,11.5,Downtown Crossing
2026-08-16,Orange,place-grnst,281,0.021352313167259787,28.0,Green Street
2026-08-16,Orange,place-haecl,280,0.0035714285714285713,14.0,Haymarket
2026-08-16,Orange,place-jaksn,280,0.017857142857142856,-7.5,Jackson Square
2026-08-16,Orange,place-masta,279,0.021505376344086023,5.0,Massachusetts Avenue
2026-08-16,Orange,place-mlmnl,279,0.014336917562724014,37.0,Malden Center
2026-08-16,Orange,place-north,280,0.007142857142857143,15.0,North Station
2026-08-16,Orange,place-rcmnl,280,0.025,-5.5,Roxbury Crossing
2026-08-16,Orange,place-rugg,280,0.02857142857142857,8.5,Ruggles
2026-08-16,Orange,place-sbmnl,281,0.014234875444839857,4.0,Stony Brook
2026-08-16,Orange,place-state,280,0.0035714285714285713,-13.0,State
2026-08-16,Orange,place-sull,280,0.007142857142857143,20.0,Sullivan Square
2026-08-16,Orange,place-tumnl,280,0.014285714285714285,4.0,Tufts Medical Center
2026-08-16,Orange,place-welln,279,0.010752688172043012,30.0,Wellington
2026-08-16,Red,place-andrw,317,0.15772870662460567,43.0,Andrew
2026-08-16,Red,place-brdwy,317,0.15141955835962145,42.0,Broadway
2026-08-16,Red,place-chmnl,314,0.17197452229299362,64.0,Charles/MGH
2026-08-16,Red,place-cntsq,315,0.1746031746031746,69.0,Central
2026-08-16,Red,place-davis,313,0.17891373801916932,98.0,Davis
2026-08-16,Red,place-dwnxg,155,0.11612903225806452,7.0,Downtown Crossing
2026-08-16,Red,place-fldcr,150,0.17333333333333334,-3.5,Fields Corner
2026-08-16,Red,place-harsq,315,0.1873015873015873,103.0,Harvard
2026-08-16,Red,place-jfk,317,0.15457413249211358,47.0,JFK/UMass
2026-08-16,Red,place-knncl,316,0.17088607594936708,69.5,Kendall/MIT
2026-08-16,Red,place-nqncy,166,0.1144578313253012,58.0,North Quincy
2026-08-16,Red,place-pktrm,154,0.1038961038961039,-5.0,Park Street
2026-08-16,Red,place-portr,314,0.1942675159235669,120.5,Porter
2026-08-16,Red,place-qamnl,166,0.1144578313253012,71.5,Quincy Adams
2026-08-16,Red,place-qnctr,166,0.1144578313253012,57.5,Quincy Center
2026-08-16,Red,place-shmnl,150,0.16666666666666666,-13.0,Savin Hill
2026-08-16,Red,place-smmnl,150,0.18,19.0,Shawmut
2026-08-16,Red,place-sstat,316,0.15822784810126583,51.0,South Station
2026-08-16,Red,place-wlsta,166,0.10843373493975904,53.5,Wollaston
2026-08-17,Blue,place-aport,335,0.47761194029850745,254.0,Airport
2026-08-17,Blue,place-aqucl,330,0.5,302.5,Aquarium
2026-08-17,Blue,place-bmmnl,338,0.48520710059171596,264.5,Beachmont
2026-08-17,Blue,place-gover,331,0.48036253776435045,255.0,Government Center
2026-08-17,Blue,place-mvbcl,331,0.48036253776435045,273.0,Maverick
2026-08-17,Blue,place-orhte,336,0.48214285714285715,259.5,Orient Heights
2026-08-17,Blue,place-rbmnl,340,0.49117647058823527,272.5,Revere Beach
2026-08-17,Blue,place-sdmnl,337,0.49554896142433236,287.0,Suffolk Downs
2026-08-17,Blue,place-state,330,0.49393939393939396,285.5,State
2026-08-17,Blue,place-wimnl,336,0.48214285714285715,258.5,Wood Island
2026-08-17,Green,place-alsgr,195,0.13333333333333333,10.0,Allston Street
2026-08-17,Green,place-amory,196,0.18877551020408162,42.5,Amory Street
2026-08-17,Green,place-armnl,885,0.3129943502824859,136.0,Arlington
2026-08-17,Green,place-babck,195,0.16923076923076924,48.0,Babcock Street
2026-08-17,Green,place-balsq,253,0.1225296442687747,15.0,Ball Square
2026-08-17,Green,place-bckhl,235,0.18723404255319148,-14.0,Back of the Hill
2026-08-17,Green,place-bcnfd,211,0.3080568720379147,187.0,Beaconsfield
2026-08-17,Green,place-bcnwa,230,0.3695652173913043,210.5,Washington Square
2026-08-17,Green,place-bland,196,0.19387755102040816,53.0,Blandford Street
2026-08-17,Green,place-boyls,881,0.3030646992054484,149.0,Boylston
2026-08-17,Green,place-brico,195,0.15384615384615385,30.0,Packards Corner
2026-08-17,Green,place-brkhl,211,0.32701421800947866,181.0,Brookline Hills
2026-08-17,Green,place-brmnl,235,0.1829787234042553,-12.0,Brigham Circle
2026-08-17,Green,place-bucen,196,0.17857142857142858,26.0,Boston University Central
2026-08-17,Green,place-buest,196,0.1683673469387755,42.5,Boston University East
2026-08-17,Green,place-bvmnl,210,0.32857142857142857,168.5,Brookline Village
2026-08-17,Green,place-chhil,208,0.2644230769230769,139.5,Chestnut Hill
2026-08-17,Green,place-chill,193,0.15544041450777202,26.0,Chestnut Hill Avenue
2026-08-17,Green,place-chswk,195,0.14871794871794872,-14.0,Chiswick Road
2026-08-17,Green,place-coecl,886,0.3058690744920993,135.0,Copley
2026-08-17,Green,place-cool,232,0.3577586206896552,219.0,Coolidge Corner
2026-08-17,Green,place-denrd,231,0.3333333333333333,159.0,Dean Road
2026-08-17,Green,place-eliot,205,0.2731707317073171,150.0,Eliot
2026-08-17,Green,place-engav,231,0.36796536796536794,196.0,Englewood Avenue
2026-08-17,Green,place-esomr,243,0.13580246913580246,41.0,East Somerville
2026-08-17,Green,place-fbkst,233,0.4034334763948498,239.0,Fairbanks Street
2026-08-17,Green,place-fenwd,237,0.20253164556962025,37.0,Fenwood Road
2026-08-17,Green,place-fenwy,211,0.3127962085308057,174.0,Fenway
2026-08-17,Green,place-gilmn,255,0.14901960784313725,41.0,Gilman Square
2026-08-17,Green,place-gover,447,0.26174496644295303,139.0,Government Center
2026-08-17,Green,place-grigg,195,0.13846153846153847,26.0,Griggs Street
2026-08-17,Green,place-haecl,443,0.23927765237020315,112.0,Haymarket
2026-08-17,Green,place-harvd,195,0.13846153846153847,5.0,Harvard Avenue
2026-08-17,Green,place-hwsst,234,0.5,297.5,Hawes Street
2026-08-17,Green,place-hymnl,643,0.343701399688958,185.0,Hynes Convention Center
2026-08-17,Green,place-kencl,646,0.32972136222910214,176.5,Kenmore
2026-08-17,Green,place-kntst,234,0.4829059829059829,295.0,Kent Street
2026-08-17,Green,place-lech,463,0.20518358531317496,75.0,Lechmere
2026-08-17,Green,place-lngmd,243,0.18930041152263374,1.0,Longwood Medical Area
2026-08-17,Green,place-longw,212,0.330188679245283,185.5,Longwood
2026-08-17,Green,place-mfa,242,0.2066115702479339,14.0,Museum of Fine Arts
2026-08-17,Green,place-mgngl,252,0.14285714285714285,49.0,Magoun Square
2026-08-17,Green,place-mispk,235,0.17872340425531916,-20.0,Mission Park
2026-08-17,Green,place-newtn,207,0.2898550724637681,162.0,Newton Highlands
2026-08-17,Green,place-newto,207,0.27053140096618356,157.0,Newton Centre
2026-08-17,Green,place-north,449,0.22939866369710468,102.0,North Station
2026-08-17,Green,place-nuniv,242,0.2024793388429752,-12.5,Northeastern University
2026-08-17,Green,place-pktrm,840,0.29285714285714287,144.0,Park Street
2026-08-17,Green,place-prmnl,242,0.21074380165289255,10.0,Prudential
2026-08-17,Green,place-rsmnl,208,0.2644230769230769,146.0,Reservoir
2026-08-17,Green,place-rvrwy,234,0.18803418803418803,-26.0,Riverway
2026-08-17,Green,place-smary,235,0.48936170212765956,286.0,Saint Marys Street
2026-08-17,Green,place-sougr,190,0.12105263157894737,-28.0,South Street
2026-08-17,Green,place-spmnl,447,0.22818791946308725,91.0,Science Park
2026-08-17,Green,place-sthld,195,0.14871794871794872,4.0,Sutherland Road
2026-08-17,Green,place-stpul,235,0.451063829787234,282.0,Saint Paul Street
2026-08-17,Green,place-sumav,231,0.37662337662337664,201.0,Summit Avenue
2026-08-17,Green,place-tapst,230,0.3695652173913043,204.0,Tappan Street
2026-08-17,Green,place-waban,206,0.21844660194174756,113.0,Waban
2026-08-17,Green,place-wascm,195,0.14871794871794872,9.0,Washington Street
2026-08-17,Green,place-woodl,207,0.23671497584541062,115.0,Woodland
2026-08-17,Green,place-wrnst,194,0.14948453608247422,-15.0,Warren Street
2026-08-17,Mattapan,place-butlr,249,0.0,-79.0,Butler
2026-08-17,Mattapan,place-capst,247,0.004048582995951417,-25.0,Capen Street
2026-08-17,Mattapan,place-cedgr,250,0.004,-91.5,Cedar Grove
2026-08-17,Mattapan,place-cenav,249,0.0,-49.0,Central Avenue
2026-08-17,Mattapan,place-miltt,250,0.0,-87.0,Milton
2026-08-17,Mattapan,place-valrd,248,0.008064516129032258,-26.5,Valley Road
2026-08-17,Orange,place-astao,367,0.2125340599455041,40.0,Assembly
2026-08-17,Orange,place-bbsta,367,0.2125340599455041,30.0,Back Bay
2026-08-17,Orange,place-ccmnl,367,0.20708446866485014,38.0,Community College
2026-08-17,Orange,place-chncl,366,0.21311475409836064,37.5,Chinatown
2026-08-17,Orange,place-dwnxg,367,0.21525885558583105,29.0,Downtown Crossing
2026-08-17,Orange,place-grnst,365,0.1863013698630137,46.0,Green Street
2026-08-17,Orange,place-haecl,367,0.20708446866485014,37.0,Haymarket
2026-08-17,Orange,place-jaksn,367,0.1989100817438692,31.0,Jackson Square
2026-08-17,Orange,place-masta,367,0.2125340599455041,38.0,Massachusetts Avenue
2026-08-17,Orange,place-mlmnl,365,0.23835616438356164,60.0,Malden Center
2026-08-17,Orange,place-north,365,0.20821917808219179,30.0,North Station
2026-08-17,Orange,place-rcmnl,366,0.20765027322404372,25.0,Roxbury Crossing
2026-08-17,Orange,place-rugg,367,0.2098092643051771,54.0,Ruggles
2026-08-17,Orange,place-sbmnl,367,0.19346049046321526,33.0,Stony Brook
2026-08-17,Orange,place-state,367,0.20708446866485014,7.0,State
2026-08-17,Orange,place-sull,367,0.20708446866485014,39.0,Sullivan Square
2026-08-17,Orange,place-tumnl,367,0.21798365122615804,38.0,Tufts Medical Center
2026-08-17,Orange,place-welln,366,0.21584699453551912,53.0,Wellington
2026-08-17,Red,place-andrw,331,0.43202416918429004,259.0,Andrew
2026-08-17,Red,place-brdwy,333,0.43843843843843844,256.0,Broadway
2026-08-17,Red,place-chmnl,332,0.41566265060240964,246.5,Charles/MGH
2026-08-17,Red,place-cntsq,333,0.40540540540540543,229.0,Central
2026-08-17,Red,place-davis,332,0.4036144578313253,230.0,Davis
2026-08-17,Red,place-dwnxg,150,0.29333333333333333,199.5,Downtown Crossing
2026-08-17,Red,place-fldcr,159,0.36477987421383645,175.0,Fields Corner
2026-08-17,Red,place-harsq,334,0.39520958083832336,232.0,Harvard
2026-08-17,Red,place-jfk,331,0.4108761329305136,229.0,JFK/UMass
2026-08-17,Red,place-knncl,332,0.41566265060240964,248.0,Kendall/MIT
2026-08-17,Red,place-nqncy,171,0.40350877192982454,235.0,North Quincy
2026-08-17,Red,place-pktrm,151,0.25165562913907286,173.0,Park Street
2026-08-17,Red,place-portr,332,0.4246987951807229,250.0,Porter
2026-08-17,Red,place-qamnl,172,0.36627906976744184,211.5,Quincy Adams
2026-08-17,Red,place-qnctr,170,0.36470588235294116,217.0,Quincy Center
2026-08-17,Red,place-shmnl,159,0.39622641509433965,189.0,Savin Hill
2026-08-17,Red,place-smmnl,159,0.36477987421383645,172.0,Shawmut
2026-08-17,Red,place-sstat,333,0.4444444444444444,247.0,South Station
2026-08-17,Red,place-wlsta,170,0.38235294117647056,238.5,Wollaston
2026-08-18,Blue,place-aport,356,0.40168539325842695,178.0,Airport
2026-08-18,Blue,place-aqucl,354,0.4378531073446328,191.0,Aquarium
2026-08-18,Blue,place-bmmnl,352,0.39488636363636365,203.5,Beachmont
2026-08-18,Blue,place-gover,357,0.40336134453781514,167.0,Government Center
2026-08-18,Blue,place-mvbcl,357,0.40896358543417366,176.0,Maverick
2026-08-18,Blue,place-orhte,352,0.4090909090909091,207.5,Orient Heights
2026-08-18,Blue,place-rbmnl,347,0.39481268011527376,185.0,Revere Beach
2026-08-18,Blue,place-sdmnl,349,0.4326647564469914,232.0,Suffolk Downs
2026-08-18,Blue,place-state,353,0.42492917847025496,190.0,State
2026-08-18,Blue,place-wimnl,355,0.4084507042253521,183.0,Wood Island
2026-08-18,Green,place-alsgr,201,0.25870646766169153,91.0,Allston Street
2026-08-18,Green,place-amory,203,0.32019704433497537,125.0,Amory Street
2026-08-18,Green,place-armnl,880,0.27386363636363636,106.5,Arlington
2026-08-18,Green,place-babck,202,0.29207920792079206,121.5,Babcock Street
2026-08-18,Green,place-balsq,269,0.08550185873605948,-1.0,Ball Square
2026-08-18,Green,place-bckhl,241,0.21991701244813278,-14.0,Back of the Hill
2026-08-18,Green,place-bcnfd,195,0.37435897435897436,158.0,Beaconsfield
2026-08-18,Green,place-bcnwa,218,0.2018348623853211,116.0,Washington Square
2026-08-18,Green,place-bland,205,0.35609756097560974,124.0,Blandford Street
2026-08-18,Green,place-boyls,883,0.26840317100792754,105.0,Boylston
2026-08-18,Green,place-brico,202,0.30198019801980197,114.5,Packards Corner
2026-08-18,Green,place-brkhl,192,0.3541666666666667,170.0,Brookline Hills
2026-08-18,Green,place-brmnl,240,0.18333333333333332,-19.0,Brigham Circle
2026-08-18,Green,place-bucen,201,0.3333333333333333,127.0,Boston University Central
2026-08-18,Green,place-buest,203,0.33004926108374383,126.0,Boston University East
2026-08-18,Green,place-bvmnl,193,0.3626943005181347,152.0,Brookline Village
2026-08-18,Green,place-chhil,191,0.34554973821989526,186.0,Chestnut Hill
2026-08-18,Green,place-chill,199,0.2613065326633166,82.0,Chestnut Hill Avenue
2026-08-18,Green,place-chswk,200,0.255,94.5,Chiswick Road
2026-08-18,Green,place-coecl,881,0.282633371169126,104.0,Copley
2026-08-18,Green,place-cool,220,0.21363636363636362,122.5,Coolidge Corner
2026-08-18,Green,place-denrd,218,0.19724770642201836,67.5,Dean Road
2026-08-18,Green,place-eliot,190,0.3736842105263158,173.0,Eliot
2026-08-18,Green,place-engav,217,0.23963133640552994,96.0,Englewood Avenue
2026-08-18,Green,place-esomr,259,0.11196911196911197,28.0,East Somerville
2026-08-18,Green,place-fbkst,219,0.2237442922374429,134.0,Fairbanks Street
2026-08-18,Green,place-fenwd,241,0.2157676348547718,-10.0,Fenwood Road
2026-08-18,Green,place-fenwy,190,0.3631578947368421,168.0,Fenway
2026-08-18,Green,place-gilmn,270,0.11481481481481481,32.0,Gilman Square
2026-08-18,Green,place-gover,450,0.24888888888888888,92.5,Government Center
2026-08-18,Green,place-grigg,201,0.2736318407960199,104.0,Griggs Street
2026-08-18,Green,place-haecl,452,0.22566371681415928,66.5,Haymarket
2026-08-18,Green,place-harvd,202,0.2623762376237624,79.0,Harvard Avenue
2026-08-18,Green,place-hwsst,218,0.26146788990825687,150.0,Hawes Street
2026-08-18,Green,place-hymnl,619,0.32310177705977383,150.0,Hynes Convention Center
2026-08-18,Green,place-kencl,618,0.3155339805825243,133.5,Kenmore
2026-08-18,Green,place-kntst,218,0.25229357798165136,150.0,Kent Street
2026-08-18,Green,place-lech,442,0.19683257918552036,31.5,Lechmere
2026-08-18,Green,place-lngmd,252,0.19047619047619047,-30.0,Longwood Medical Area
2026-08-18,Green,place-longw,192,0.3645833333333333,176.0,Longwood
2026-08-18,Green,place-mfa,255,0.18823529411764706,-27.0,Museum of Fine Arts
2026-08-18,Green,place-mgngl,268,0.11194029850746269,39.0,Magoun Square
2026-08-18,Green,place-mispk,242,0.16942148760330578,-44.0,Mission Park
2026-08-18,Green,place-newtn,190,0.3894736842105263,207.5,Newton Highlands
2026-08-18,Green,place-newto,192,0.3697916666666667,206.0,Newton Centre
2026-08-18,Green,place-north,448,0.20982142857142858,47.5,North Station
2026-08-18,Green,place-nuniv,256,0.1875,-22.5,Northeastern University
2026-08-18,Green,place-pktrm,823,0.25880923450789795,109.0,Park Street
2026-08-18,Green,place-prmnl,258,0.20930232558139536,-9.0,Prudential
2026-08-18,Green,place-rsmnl,192,0.3541666666666667,162.0,Reservoir
2026-08-18,Green,place-rvrwy,241,0.21161825726141079,-19.0,Riverway
2026-08-18,Green,place-smary,222,0.26576576576576577,144.0,Saint Marys Street
2026-08-18,Green,place-sougr,198,0.21717171717171718,50.0,South Street
2026-08-18,Green,place-spmnl,442,0.2149321266968326,59.0,Science Park
2026-08-18,Green,place-sthld,198,0.2676767676767677,61.0,Sutherland Road
2026-08-18,Green,place-stpul,220,0.2409090909090909,149.0,Saint Paul Street
2026-08-18,Green,place-sumav,221,0.21266968325791855,114.0,Summit Avenue
2026-08-18,Green,place-tapst,219,0.2100456621004566,106.0,Tappan Street
2026-08-18,Green,place-waban,189,0.3544973544973545,162.0,Waban
2026-08-18,Green,place-wascm,201,0.25870646766169153,107.0,Washington Street
2026-08-18,Green,place-woodl,186,0.3548387096774194,151.0,Woodland
2026-08-18,Green,place-wrnst,201,0.23880597014925373,91.0,Warren Street
2026-08-18,Mattapan,place-butlr,258,0.0,-62.0,Butler
2026-08-18,Mattapan,place-capst,259,0.003861003861003861,-21.0,Capen Street
2026-08-18,Mattapan,place-cedgr,257,0.0038910505836575876,-65.0,Cedar Grove
2026-08-18,Mattapan,place-cenav,259,0.003861003861003861,-40.0,Central Avenue
2026-08-18,Mattapan,place-miltt,258,0.0,-74.5,Milton
2026-08-18,Mattapan,place-valrd,259,0.003861003861003861,-19.0,Valley Road
2026-08-18,Orange,place-astao,159,0.15723270440251572,54.0,Assembly
2026-08-18,Orange,place-bbsta,170,0.21764705882352942,42.0,Back Bay
2026-08-18,Orange,place-ccmnl,159,0.16981132075471697,46.0,Community College
2026-08-18,Orange,place-chncl,162,0.21604938271604937,58.5,Chinatown
2026-08-18,Orange,place-dwnxg,159,0.20754716981132076,48.0,Downtown Crossing
2026-08-18,Orange,place-grnst,179,0.25139664804469275,71.0,Green Street
2026-08-18,Orange,place-haecl,157,0.16560509554140126,56.0,Haymarket
2026-08-18,Orange,place-jaksn,179,0.24581005586592178,75.0,Jackson Square
2026-08-18,Orange,place-masta,174,0.22988505747126436,62.0,Massachusetts Avenue
2026-08-18,Orange,place-mlmnl,156,0.21153846153846154,93.0,Malden Center
2026-08-18,Orange,place-north,159,0.1761006289308176,47.0,North Station
2026-08-18,Orange,place-rcmnl,179,0.22346368715083798,55.0,Roxbury Crossing
2026-08-18,Orange,place-rugg,178,0.24157303370786518,79.5,Ruggles
2026-08-18,Orange,place-sbmnl,178,0.24157303370786518,58.0,Stony Brook
2026-08-18,Orange,place-state,158,0.17088607594936708,31.5,State
2026-08-18,Orange,place-sull,158,0.16455696202531644,45.0,Sullivan Square
2026-08-18,Orange,place-tumnl,164,0.2073170731707317,51.0,Tufts Medical Center
2026-08-18,Orange,place-welln,156,0.16666666666666666,66.5,Wellington
2026-08-18,Red,place-andrw,326,0.38650306748466257,203.0,Andrew
2026-08-18,Red,place-brdwy,326,0.39263803680981596,193.0,Broadway
2026-08-18,Red,place-chmnl,325,0.38461538461538464,184.0,Charles/MGH
2026-08-18,Red,place-cntsq,327,0.37003058103975534,183.0,Central
2026-08-18,Red,place-davis,328,0.40853658536585363,195.5,Davis
2026-08-18,Red,place-dwnxg,135,0.2222222222222222,102.0,Downtown Crossing
2026-08-18,Red,place-fldcr,160,0.4125,176.0,Fields Corner
2026-08-18,Red,place-harsq,328,0.3902439024390244,193.5,Harvard
2026-08-18,Red,place-jfk,324,0.37962962962962965,193.0,JFK/UMass
2026-08-18,Red,place-knncl,325,0.38461538461538464,185.0,Kendall/MIT
2026-08-18,Red,place-nqncy,163,0.34355828220858897,165.0,North Quincy
2026-08-18,Red,place-pktrm,137,0.21897810218978103,74.0,Park Street
2026-08-18,Red,place-portr,329,0.4194528875379939,214.0,Porter
2026-08-18,Red,place-qamnl,158,0.34177215189873417,136.0,Quincy Adams
2026-08-18,Red,place-qnctr,161,0.34782608695652173,138.0,Quincy Center
2026-08-18,Red,place-shmnl,159,0.41509433962264153,217.0,Savin Hill
2026-08-18,Red,place-smmnl,161,0.422360248447205,198.0,Shawmut
2026-08-18,Red,place-sstat,325,0.38769230769230767,192.0,South Station
2026-08-18,Red,place-wlsta,162,0.345679012345679,167.0,Wollaston
2026-08-19,Blue,place-aport,283,0.5936395759717314,452.0,Airport
2026-08-19,Blue,place-aqucl,283,0.6148409893992933,501.0,Aquarium
2026-08-19,Blue,place-bmmnl,281,0.594306049822064,499.0,Beachmont
2026-08-19,Blue,place-gover,285,0.6,471.0,Government Center
2026-08-19,Blue,place-mvbcl,282,0.5921985815602837,460.0,Maverick
2026-08-19,Blue,place-orhte,280,0.6285714285714286,537.0,Orient Heights
2026-08-19,Blue,place-rbmnl,281,0.594306049822064,484.0,Revere Beach
2026-08-19,Blue,place-sdmnl,278,0.6294964028776978,528.5,Suffolk Downs
2026-08-19,Blue,place-state,282,0.6170212765957447,518.5,State
2026-08-19,Blue,place-wimnl,283,0.6007067137809188,495.0,Wood Island
2026-08-19,Green,place-alsgr,196,0.14795918367346939,11.5,Allston Street
2026-08-19,Green,place-amory,194,0.17010309278350516,7.0,Amory Street
2026-08-19,Green,place-armnl,924,0.19264069264069264,40.5,Arlington
2026-08-19,Green,place-babck,194,0.16494845360824742,1.5,Babcock Street
2026-08-19,Green,place-balsq,255,0.06666666666666667,-142.0,Ball Square
2026-08-19,Green,place-bckhl,242,0.11570247933884298,-119.0,Back of the Hill
2026-08-19,Green,place-bcnfd,237,0.27848101265822783,137.0,Beaconsfield
2026-08-19,Green,place-bcnwa,241,0.2033195020746888,115.0,Washington Square
2026-08-19,Green,place-bland,193,0.15025906735751296,5.0,Blandford Street
2026-08-19,Green,place-boyls,917,0.1984732824427481,46.0,Boylston
2026-08-19,Green,place-brico,196,0.15306122448979592,10.5,Packards Corner
2026-08-19,Green,place-brkhl,236,0.2796610169491525,131.0,Brookline Hills
2026-08-19,Green,place-brmnl,243,0.09876543209876543,-134.0,Brigham Circle
2026-08-19,Green,place-bucen,193,0.16062176165803108,-20.0,Boston University Central
2026-08-19,Green,place-buest,192,0.14583333333333334,-11.5,Boston University East
2026-08-19,Green,place-bvmnl,237,0.270042194092827,125.0,Brookline Village
2026-08-19,Green,place-chhil,233,0.2532188841201717,119.0,Chestnut Hill
2026-08-19,Green,place-chill,193,0.12953367875647667,-1.0,Chestnut Hill Avenue
2026-08-19,Green,place-chswk,195,0.1282051282051282,-12.0,Chiswick Road
2026-08-19,Green,place-coecl,924,0.19264069264069264,40.0,Copley
2026-08-19,Green,place-cool,243,0.2139917695473251,122.0,Coolidge Corner
2026-08-19,Green,place-denrd,239,0.19246861924686193,69.0,Dean Road
2026-08-19,Green,place-eliot,230,0.29130434782608694,150.0,Eliot
2026-08-19,Green,place-engav,234,0.21794871794871795,92.0,Englewood Avenue
2026-08-19,Green,place-esomr,248,0.07661290322580645,-26.0,East Somerville
2026-08-19,Green,place-fbkst,241,0.22406639004149378,139.0,Fairbanks Street
2026-08-19,Green,place-fenwd,246,0.13008130081300814,-86.0,Fenwood Road
2026-08-19,Green,place-fenwy,238,0.24369747899159663,112.0,Fenway
2026-08-19,Green,place-gilmn,259,0.07722007722007722,-26.0,Gilman Square
2026-08-19,Green,place-gover,484,0.1859504132231405,35.5,Government Center
2026-08-19,Green,place-grigg,196,0.14285714285714285,11.0,Griggs Street
2026-08-19,Green,place-haecl,484,0.16115702479338842,-3.0,Haymarket
2026-08-19,Green,place-harvd,196,0.1377551020408163,-15.0,Harvard Avenue
2026-08-19,Green,place-hwsst,240,0.2625,150.5,Hawes Street
2026-08-19,Green,place-hymnl,670,0.2253731343283582,94.5,Hynes Convention Center
2026-08-19,Green,place-kencl,674,0.21068249258160238,85.0,Kenmore
2026-08-19,Green,place-kntst,240,0.25,151.0,Kent Street
2026-08-19,Green,place-lech,481,0.1496881496881497,-6.0,Lechmere
2026-08-19,Green,place-lngmd,256,0.09765625,-128.0,Longwood Medical Area
2026-08-19,Green,place-longw,237,0.2616033755274262,130.0,Longwood
2026-08-19,Green,place-mfa,256,0.12109375,-101.0,Museum of Fine Arts
2026-08-19,Green,place-mgngl,257,0.08171206225680934,-58.0,Magoun Square
2026-08-19,Green,place-mispk,245,0.09795918367346938,-145.0,Mission Park
2026-08-19,Green,place-newtn,232,0.3103448275862069,152.5,Newton Highlands
2026-08-19,Green,place-newto,232,0.3017241379310345,162.0,Newton Centre
2026-08-19,Green,place-north,476,0.16176470588235295,-1.0,North Station
2026-08-19,Green,place-nuniv,255,0.11372549019607843,-111.0,Northeastern University
2026-08-19,Green,place-pktrm,877,0.18814139110604333,49.0,Park Street
2026-08-19,Green,place-prmnl,253,0.1225296442687747,-95.0,Prudential
2026-08-19,Green,place-rsmnl,233,0.2575107296137339,106.0,Reservoir
2026-08-19,Green,place-rvrwy,243,0.11522633744855967,-121.0,Riverway
2026-08-19,Green,place-smary,241,0.24896265560165975,141.0,Saint Marys Street
2026-08-19,Green,place-sougr,195,0.10256410256410256,-48.0,South Street
2026-08-19,Green,place-spmnl,474,0.16033755274261605,9.0,Science Park
2026-08-19,Green,place-sthld,196,0.12244897959183673,-23.5,Sutherland Road
2026-08-19,Green,place-stpul,243,0.2222222222222222,145.0,Saint Paul Street
2026-08-19,Green,place-sumav,243,0.23045267489711935,107.0,Summit Avenue
2026-08-19,Green,place-tapst,240,0.2125,96.5,Tappan Street
2026-08-19,Green,place-waban,227,0.2775330396475771,116.0,Waban
2026-08-19,Green,place-wascm,197,0.13705583756345177,-6.0,Washington Street
2026-08-19,Green,place-woodl,223,0.2825112107623318,112.0,Woodland
2026-08-19,Green,place-wrnst,195,0.13846153846153847,-36.0,Warren Street
2026-08-19,Mattapan,place-asmnl,5,0.2,-37.0,Ashmont
2026-08-19,Mattapan,place-butlr,237,0.029535864978902954,-62.0,Butler
2026-08-19,Mattapan,place-capst,241,0.04149377593360996,-17.0,Capen Street
2026-08-19,Mattapan,place-cedgr,241,0.029045643153526972,-75.0,Cedar Grove
2026-08-19,Mattapan,place-cenav,240,0.0375,-40.0,Central Avenue
2026-08-19,Mattapan,place-miltt,241,0.04149377593360996,-73.0,Milton
2026-08-19,Mattapan,place-valrd,241,0.04564315352697095,-15.0,Valley Road
2026-08-19,Orange,place-astao,372,0.3064516129032258,181.5,Assembly
2026-08-19,Orange,place-bbsta,371,0.477088948787062,288.0,Back Bay
2026-08-19,Orange,place-ccmnl,372,0.4596774193548387,273.0,Community College
2026-08-19,Orange,place-chncl,370,0.4972972972972973,300.0,Chinatown
2026-08-19,Orange,place-dwnxg,370,0.4918918918918919,297.5,Downtown Crossing
2026-08-19,Orange,place-grnst,372,0.4650537634408602,284.5,Green Street
2026-08-19,Orange,place-haecl,372,0.5026881720430108,301.0,Haymarket
2026-08-19,Orange,place-jaksn,371,0.46900269541778977,287.0,Jackson Square
2026-08-19,Orange,place-masta,370,0.4864864864864865,289.5,Massachusetts Avenue
2026-08-19,Orange,place-mlmnl,373,0.3351206434316354,193.0,Malden Center
2026-08-19,Orange,place-north,372,0.48655913978494625,293.0,North Station
2026-08-19,Orange,place-rcmnl,372,0.45698924731182794,281.0,Roxbury Crossing
2026-08-19,Orange,place-rugg,371,0.522911051212938,312.0,Ruggles
2026-08-19,Orange,place-sbmnl,370,0.47297297297297297,280.5,Stony Brook
2026-08-19,Orange,place-state,371,0.4609164420485175,279.0,State
2026-08-19,Orange,place-sull,372,0.2956989247311828,175.5,Sullivan Square
2026-08-19,Orange,place-tumnl,371,0.48787061994609165,289.0,Tufts Medical Center
2026-08-19,Orange,place-welln,373,0.3136729222520107,182.0,Wellington
2026-08-19,Red,place-andrw,336,0.48214285714285715,289.0,Andrew
2026-08-19,Red,place-brdwy,335,0.4716417910447761,284.0,Broadway
2026-08-19,Red,place-chmnl,341,0.4750733137829912,269.0,Charles/MGH
2026-08-19,Red,place-cntsq,337,0.34124629080118696,190.0,Central
2026-08-19,Red,place-davis,336,0.34523809523809523,184.5,Davis
2026-08-19,Red,place-dwnxg,151,0.25165562913907286,142.0,Downtown Crossing
2026-08-19,Red,place-fldcr,177,0.3615819209039548,189.0,Fields Corner
2026-08-19,Red,place-harsq,341,0.36363636363636365,199.0,Harvard
2026-08-19,Red,place-jfk,337,0.45103857566765576,264.0,JFK/UMass
2026-08-19,Red,place-knncl,339,0.4424778761061947,243.0,Kendall/MIT
2026-08-19,Red,place-nqncy,160,0.51875,325.5,North Quincy
2026-08-19,Red,place-pktrm,152,0.23684210526315788,119.5,Park Street
2026-08-19,Red,place-portr,336,0.38392857142857145,206.0,Porter
2026-08-19,Red,place-qamnl,157,0.4968152866242038,268.0,Quincy Adams
2026-08-19,Red,place-qnctr,157,0.47770700636942676,280.0,Quincy Center
2026-08-19,Red,place-shmnl,175,0.38857142857142857,220.0,Savin Hill
2026-08-19,Red,place-smmnl,178,0.3539325842696629,188.5,Shawmut
2026-08-19,Red,place-sstat,337,0.4599406528189911,271.0,South Station
2026-08-19,Red,place-wlsta,159,0.5157232704402516,309.0,Wollaston
2026-08-20,Blue,place-aport,381,0.28346456692913385,120.0,Airport
2026-08-20,Blue,place-aqucl,382,0.29842931937172773,142.0,Aquarium
2026-08-20,Blue,place-bmmnl,374,0.2807486631016043,113.0,Beachmont
2026-08-20,Blue,place-gover,381,0.29396325459317585,120.0,Government Center
2026-08-20,Blue,place-mvbcl,381,0.29133858267716534,136.0,Maverick
2026-08-20,Blue,place-orhte,377,0.30238726790450926,124.0,Orient Heights
2026-08-20,Blue,place-rbmnl,374,0.27807486631016043,110.0,Revere Beach
2026-08-20,Blue,place-sdmnl,375,0.29333333333333333,141.0,Suffolk Downs
2026-08-20,Blue,place-state,381,0.30971128608923887,142.0,State
2026-08-20,Blue,place-wimnl,381,0.2887139107611549,133.0,Wood Island
2026-08-20,Green,place-alsgr,210,0.21428571428571427,76.5,Allston Street
2026-08-20,Green,place-amory,209,0.24880382775119617,130.0,Amory Street
2026-08-20,Green,place-armnl,916,0.3406113537117904,159.0,Arlington
2026-08-20,Green,place-babck,208,0.23557692307692307,116.0,Babcock Street
2026-08-20,Green,place-balsq,233,0.296137339055794,87.0,Ball Square
2026-08-20,Green,place-bckhl,220,0.39090909090909093,227.0,Back of the Hill
2026-08-20,Green,place-bcnfd,235,0.35319148936170214,198.0,Beaconsfield
2026-08-20,Green,place-bcnwa,239,0.3305439330543933,182.0,Washington Square
2026-08-20,Green,place-bland,207,0.2560386473429952,85.0,Blandford Street
2026-08-20,Green,place-boyls,915,0.33224043715846996,159.0,Boylston
2026-08-20,Green,place-brico,208,0.22115384615384615,103.0,Packards Corner
2026-08-20,Green,place-brkhl,237,0.34177215189873417,190.0,Brookline Hills
2026-08-20,Green,place-brmnl,223,0.37668161434977576,178.0,Brigham Circle
2026-08-20,Green,place-bucen,209,0.2535885167464115,70.0,Boston University Central
2026-08-20,Green,place-buest,208,0.25961538461538464,79.5,Boston University East
2026-08-20,Green,place-bvmnl,237,0.35443037974683544,190.0,Brookline Village
2026-08-20,Green,place-chhil,234,0.3162393162393162,164.0,Chestnut Hill
2026-08-20,Green,place-chill,208,0.23557692307692307,95.0,Chestnut Hill Avenue
2026-08-20,Green,place-chswk,208,0.21153846153846154,77.0,Chiswick Road
2026-08-20,Green,place-coecl,919,0.35473340587595215,182.0,Copley
2026-08-20,Green,place-cool,240,0.3375,202.0,Coolidge Corner
2026-08-20,Green,place-denrd,239,0.3054393305439331,126.0,Dean Road
2026-08-20,Green,place-eliot,233,0.27896995708154504,155.0,Eliot
2026-08-20,Green,place-engav,239,0.3263598326359833,174.0,Englewood Avenue
2026-08-20,Green,place-esomr,228,0.32894736842105265,131.5,East Somerville
2026-08-20,Green,place-fbkst,241,0.34854771784232363,201.0,Fairbanks Street
2026-08-20,Green,place-fenwd,223,0.4304932735426009,218.0,Fenwood Road
2026-08-20,Green,place-fenwy,235,0.3702127659574468,188.0,Fenway
2026-08-20,Green,place-gilmn,242,0.32644628099173556,122.0,Gilman Square
2026-08-20,Green,place-gover,456,0.3399122807017544,169.0,Government Center
2026-08-20,Green,place-grigg,208,0.22115384615384615,83.0,Griggs Street
2026-08-20,Green,place-haecl,456,0.32894736842105265,144.0,Haymarket
2026-08-20,Green,place-harvd,209,0.20574162679425836,75.0,Harvard Avenue
2026-08-20,Green,place-hwsst,240,0.3875,230.0,Hawes Street
2026-08-20,Green,place-hymnl,692,0.33959537572254334,184.5,Hynes Convention Center
2026-08-20,Green,place-kencl,688,0.32703488372093026,165.5,Kenmore
2026-08-20,Green,place-kntst,240,0.37916666666666665,223.0,Kent Street
2026-08-20,Green,place-lech,466,0.3090128755364807,110.0,Lechmere
2026-08-20,Green,place-lngmd,231,0.3939393939393939,183.0,Longwood Medical Area
2026-08-20,Green,place-longw,237,0.37130801687763715,179.0,Longwood
2026-08-20,Green,place-mfa,231,0.36363636363636365,195.0,Museum of Fine Arts
2026-08-20,Green,place-mgngl,240,0.32083333333333336,127.0,Magoun Square
2026-08-20,Green,place-mispk,222,0.38738738738738737,179.0,Mission Park
2026-08-20,Green,place-newtn,235,0.2936170212765957,159.0,Newton Highlands
2026-08-20,Green,place-newto,236,0.3177966101694915,164.5,Newton Centre
2026-08-20,Green,place-north,464,0.3254310344827586,128.0,North Station
2026-08-20,Green,place-nuniv,230,0.36086956521739133,193.0,Northeastern University
2026-08-20,Green,place-pktrm,825,0.3624242424242424,181.0,Park Street
2026-08-20,Green,place-prmnl,230,0.4217391304347826,212.5,Prudential
2026-08-20,Green,place-rsmnl,234,0.31196581196581197,151.5,Reservoir
2026-08-20,Green,place-rvrwy,223,0.37668161434977576,212.0,Riverway
2026-08-20,Green,place-smary,240,0.3541666666666667,210.5,Saint Marys Street
2026-08-20,Green,place-sougr,206,0.19902912621359223,31.0,South Street
2026-08-20,Green,place-spmnl,461,0.3188720173535792,141.0,Science Park
2026-08-20,Green,place-sthld,208,0.22596153846153846,87.0,Sutherland Road
2026-08-20,Green,place-stpul,240,0.3875,222.0,Saint Paul Street
2026-08-20,Green,place-sumav,241,0.3278008298755187,181.0,Summit Avenue
2026-08-20,Green,place-tapst,240,0.3375,156.0,Tappan Street
2026-08-20,Green,place-waban,232,0.25862068965517243,140.5,Waban
2026-08-20,Green,place-wascm,209,0.22966507177033493,89.0,Washington Street
2026-08-20,Green,place-woodl,228,0.23684210526315788,113.0,Woodland
2026-08-20,Green,place-wrnst,210,0.20952380952380953,70.0,Warren Street
2026-08-20,Mattapan,place-asmnl,4,0.0,50.0,Ashmont
2026-08-20,Mattapan,place-butlr,244,0.05737704918032787,-49.5,Butler
2026-08-20,Mattapan,place-capst,250,0.1,1.0,Capen Street
2026-08-20,Mattapan,place-cedgr,253,0.05138339920948617,-57.0,Cedar Grove
2026-08-20,Mattapan,place-cenav,251,0.09561752988047809,-22.0,Central Avenue
2026-08-20,Mattapan,place-miltt,248,0.08064516129032258,-53.0,Milton
2026-08-20,Mattapan,place-valrd,255,0.10588235294117647,-4.0,Valley Road
2026-08-20,Orange,place-grnst,215,0.3302325581395349,132.0,Green Street
2026-08-20,Orange,place-jaksn,220,0.3409090909090909,154.5,Jackson Square
2026-08-20,Orange,place-masta,221,0.37104072398190047,164.0,Massachusetts Avenue
2026-08-20,Orange,place-rcmnl,220,0.33181818181818185,133.5,Roxbury Crossing
2026-08-20,Orange,place-rugg,220,0.3409090909090909,137.5,Ruggles
2026-08-20,Orange,place-sbmnl,220,0.34545454545454546,161.5,Stony Brook
2026-08-20,Red,place-andrw,338,0.5502958579881657,352.5,Andrew
2026-08-20,Red,place-brdwy,338,0.5473372781065089,345.5,Broadway
2026-08-20,Red,place-chmnl,341,0.5513196480938416,338.0,Charles/MGH
2026-08-20,Red,place-cntsq,341,0.41348973607038125,239.0,Central
2026-08-20,Red,place-davis,343,0.42857142857142855,238.0,Davis
2026-08-20,Red,place-dwnxg,152,0.27631578947368424,161.0,Downtown Crossing
2026-08-20,Red,place-fldcr,173,0.43352601156069365,247.0,Fields Corner
2026-08-20,Red,place-harsq,342,0.4239766081871345,237.5,Harvard
2026-08-20,Red,place-jfk,339,0.5368731563421829,332.0,JFK/UMass
2026-08-20,Red,place-knncl,342,0.52046783625731,320.5,Kendall/MIT
2026-08-20,Red,place-nqncy,163,0.588957055214724,369.0,North Quincy
2026-08-20,Red,place-pktrm,155,0.2709677419354839,131.0,Park Street
2026-08-20,Red,place-portr,342,0.45321637426900585,266.0,Porter
2026-08-20,Red,place-qamnl,163,0.5828220858895705,366.0,Quincy Adams
2026-08-20,Red,place-qnctr,162,0.5679012345679012,373.0,Quincy Center
2026-08-20,Red,place-shmnl,170,0.4647058823529412,287.0,Savin Hill
2026-08-20,Red,place-smmnl,173,0.4393063583815029,238.0,Shawmut
2026-08-20,Red,place-sstat,337,0.5519287833827893,334.0,South Station
2026-08-20,Red,place-wlsta,163,0.5705521472392638,367.0,Wollaston
2026-08-21,Blue,place-aport,382,0.2905759162303665,96.0,Airport
2026-08-21,Blue,place-aqucl,381,0.30708661417322836,124.0,Aquarium
2026-08-21,Blue,place-bmmnl,379,0.3007915567282322,87.0,Beachmont
2026-08-21,Blue,place-gover,381,0.30183727034120733,110.0,Government Center
2026-08-21,Blue,place-mvbcl,381,0.30183727034120733,101.0,Maverick
2026-08-21,Blue,place-orhte,382,0.3010471204188482,92.0,Orient Heights
2026-08-21,Blue,place-rbmnl,378,0.30952380952380953,94.5,Revere Beach
2026-08-21,Blue,place-sdmnl,377,0.30238726790450926,115.0,Suffolk Downs
2026-08-21,Blue,place-state,381,0.30971128608923887,138.0,State
2026-08-21,Blue,place-wimnl,382,0.2931937172774869,102.5,Wood Island
2026-08-21,Green,place-alsgr,239,0.18410041841004185,43.0,Allston Street
2026-08-21,Green,place-amory,241,0.1908713692946058,61.0,Amory Street
2026-08-21,Green,place-armnl,956,0.2907949790794979,126.0,Arlington
2026-08-21,Green,place-babck,240,0.175,65.0,Babcock Street
2026-08-21,Green,place-balsq,262,0.16030534351145037,25.0,Ball Square
2026-08-21,Green,place-bckhl,240,0.225,35.0,Back of the Hill
2026-08-21,Green,place-bcnfd,236,0.288135593220339,127.0,Beaconsfield
2026-08-21,Green,place-bcnwa,223,0.38565022421524664,234.0,Washington Square
2026-08-21,Green,place-bland,241,0.21161825726141079,45.0,Blandford Street
2026-08-21,Green,place-boyls,945,0.2878306878306878,125.0,Boylston
2026-08-21,Green,place-brico,238,0.18487394957983194,46.0,Packards Corner
2026-08-21,Green,place-brkhl,236,0.288135593220339,108.0,Brookline Hills
2026-08-21,Green,place-brmnl,238,0.226890756302521,29.0,Brigham Circle
2026-08-21,Green,place-bucen,240,0.2,41.0,Boston University Central
2026-08-21,Green,place-buest,241,0.21161825726141079,28.0,Boston University East
2026-08-21,Green,place-bvmnl,237,0.2742616033755274,109.0,Brookline Village
2026-08-21,Green,place-chhil,233,0.24034334763948498,108.0,Chestnut Hill
2026-08-21,Green,place-chill,235,0.1702127659574468,30.0,Chestnut Hill Avenue
2026-08-21,Green,place-chswk,236,0.1694915254237288,16.0,Chiswick Road
2026-08-21,Green,place-coecl,946,0.29704016913319237,118.0,Copley
2026-08-21,Green,place-cool,224,0.39732142857142855,218.0,Coolidge Corner
2026-08-21,Green,place-denrd,224,0.3392857142857143,179.0,Dean Road
2026-08-21,Green,place-eliot,234,0.2264957264957265,105.5,Eliot
2026-08-21,Green,place-engav,224,0.375,217.5,Englewood Avenue
2026-08-21,Green,place-esomr,254,0.17716535433070865,53.0,East Somerville
2026-08-21,Green,place-fbkst,223,0.42152466367713004,244.0,Fairbanks Street
2026-08-21,Green,place-fenwd,240,0.26666666666666666,64.0,Fenwood Road
2026-08-21,Green,place-fenwy,235,0.28085106382978725,112.0,Fenway
2026-08-21,Green,place-gilmn,261,0.1839080459770115,54.0,Gilman Square
2026-08-21,Green,place-gover,482,0.3008298755186722,129.0,Government Center
2026-08-21,Green,place-grigg,240,0.1875,47.0,Griggs Street
2026-08-21,Green,place-haecl,484,0.2830578512396694,104.0,Haymarket
2026-08-21,Green,place-harvd,239,0.16736401673640167,46.0,Harvard Avenue
2026-08-21,Green,place-hwsst,224,0.42857142857142855,242.5,Hawes Street
2026-08-21,Green,place-hymnl,692,0.3106936416184971,124.5,Hynes Convention Center
2026-08-21,Green,place-kencl,696,0.28160919540229884,115.0,Kenmore
2026-08-21,Green,place-kntst,224,0.42857142857142855,248.0,Kent Street
2026-08-21,Green,place-lech,479,0.23799582463465555,54.0,Lechmere
2026-08-21,Green,place-lngmd,248,0.2217741935483871,28.5,Longwood Medical Area
2026-08-21,Green,place-longw,237,0.29535864978902954,121.0,Longwood
2026-08-21,Green,place-mfa,250,0.256,23.0,Museum of Fine Arts
2026-08-21,Green,place-mgngl,264,0.18181818181818182,60.5,Magoun Square
2026-08-21,Green,place-mispk,241,0.2033195020746888,1.0,Mission Park
2026-08-21,Green,place-newtn,233,0.2446351931330472,113.0,Newton Highlands
2026-08-21,Green,place-newto,233,0.24892703862660945,119.0,Newton Centre
2026-08-21,Green,place-north,483,0.2587991718426501,83.0,North Station
2026-08-21,Green,place-nuniv,252,0.24206349206349206,16.0,Northeastern University
2026-08-21,Green,place-pktrm,911,0.29088913282107576,134.0,Park Street
2026-08-21,Green,place-prmnl,253,0.25296442687747034,52.0,Prudential
2026-08-21,Green,place-rsmnl,233,0.2532188841201717,104.0,Reservoir
2026-08-21,Green,place-rvrwy,242,0.2190082644628099,52.5,Riverway
2026-08-21,Green,place-smary,226,0.42035398230088494,238.0,Saint Marys Street
2026-08-21,Green,place-sougr,235,0.15319148936170213,-7.0,South Street
2026-08-21,Green,place-spmnl,471,0.25477707006369427,87.0,Science Park
2026-08-21,Green,place-sthld,236,0.17796610169491525,29.5,Sutherland Road
2026-08-21,Green,place-stpul,224,0.42857142857142855,243.5,Saint Paul Street
2026-08-21,Green,place-sumav,224,0.39732142857142855,197.0,Summit Avenue
2026-08-21,Green,place-tapst,225,0.37333333333333335,206.0,Tappan Street
2026-08-21,Green,place-waban,231,0.20346320346320346,80.0,Waban
2026-08-21,Green,place-wascm,238,0.1722689075630252,32.5,Washington Street
2026-08-21,Green,place-woodl,232,0.22413793103448276,83.5,Woodland
2026-08-21,Green,place-wrnst,239,0.17154811715481172,9.0,Warren Street
2026-08-21,Mattapan,place-asmnl,1,1.0,470.0,Ashmont
2026-08-21,Mattapan,place-butlr,259,0.03088803088803089,-68.0,Butler
2026-08-21,Mattapan,place-capst,257,0.038910505836575876,-14.0,Capen Street
2026-08-21,Mattapan,place-cedgr,260,0.026923076923076925,-72.5,Cedar Grove
2026-08-21,Mattapan,place-cenav,259,0.03474903474903475,-44.0,Central Avenue
2026-08-21,Mattapan,place-miltt,259,0.03088803088803089,-79.0,Milton
2026-08-21,Mattapan,place-valrd,258,0.046511627906976744,-17.5,Valley Road
2026-08-21,Orange,place-grnst,205,0.43902439024390244,226.0,Green Street
2026-08-21,Orange,place-jaksn,209,0.430622009569378,192.0,Jackson Square
2026-08-21,Orange,place-masta,210,0.44285714285714284,209.0,Massachusetts Avenue
2026-08-21,Orange,place-rcmnl,211,0.4312796208530806,181.0,Roxbury Crossing
2026-08-21,Orange,place-rugg,211,0.44549763033175355,199.0,Ruggles
2026-08-21,Orange,place-sbmnl,208,0.4423076923076923,220.5,Stony Brook
2026-08-21,Red,place-andrw,377,0.5437665782493368,345.0,Andrew
2026-08-21,Red,place-brdwy,377,0.5517241379310345,346.0,Broadway
2026-08-21,Red,place-chmnl,377,0.5517241379310345,351.0,Charles/MGH
2026-08-21,Red,place-cntsq,377,0.47745358090185674,289.0,Central
2026-08-21,Red,place-davis,377,0.46949602122015915,273.0,Davis
2026-08-21,Red,place-dwnxg,175,0.3657142857142857,195.0,Downtown Crossing
2026-08-21,Red,place-fldcr,186,0.5053763440860215,307.5,Fields Corner
2026-08-21,Red,place-harsq,376,0.48936170212765956,289.0,Harvard
2026-08-21,Red,place-jfk,379,0.5461741424802111,339.0,JFK/UMass
2026-08-21,Red,place-knncl,377,0.5384615384615384,337.0,Kendall/MIT
2026-08-21,Red,place-nqncy,194,0.5463917525773195,343.0,North Quincy
2026-08-21,Red,place-pktrm,176,0.3409090909090909,193.0,Park Street
2026-08-21,Red,place-portr,377,0.5145888594164456,315.0,Porter
2026-08-21,Red,place-qamnl,195,0.5076923076923077,307.0,Quincy Adams
2026-08-21,Red,place-qnctr,193,0.5492227979274611,327.0,Quincy Center
2026-08-21,Red,place-shmnl,185,0.518918918918919,331.0,Savin Hill
2026-08-21,Red,place-smmnl,186,0.5268817204301075,315.5,Shawmut
2026-08-21,Red,place-sstat,377,0.5623342175066313,351.0,South Station
2026-08-21,Red,place-wlsta,194,0.5463917525773195,342.0,Wollaston
2026-08-22,Blue,place-aport,270,0.34814814814814815,134.5,Airport
2026-08-22,Blue,place-aqucl,269,0.3420074349442379,126.0,Aquarium
2026-08-22,Blue,place-bmmnl,270,0.3296296296296296,125.5,Beachmont
2026-08-22,Blue,place-gover,268,0.33955223880597013,127.5,Government Center
2026-08-22,Blue,place-mvbcl,269,0.35315985130111527,135.0,Maverick
2026-08-22,Blue,place-orhte,271,0.33948339483394835,143.0,Orient Heights
2026-08-22,Blue,place-rbmnl,271,0.33579335793357934,128.0,Revere Beach
2026-08-22,Blue,place-sdmnl,270,0.34444444444444444,138.5,Suffolk Downs
2026-08-22,Blue,place-state,269,0.34572490706319703,126.0,State
2026-08-22,Blue,place-wimnl,271,0.34317343173431736,138.0,Wood Island
2026-08-22,Green,place-alsgr,20,0.25,-335.5,Allston Street
2026-08-22,Green,place-amory,21,0.19047619047619047,-290.0,Amory Street
2026-08-22,Green,place-armnl,98,0.21428571428571427,-295.0,Arlington
2026-08-22,Green,place-babck,22,0.22727272727272727,-356.0,Babcock Street
2026-08-22,Green,place-balsq,16,0.3125,-70.0,Ball Square
2026-08-22,Green,place-bckhl,14,0.2857142857142857,-336.0,Back of the Hill
2026-08-22,Green,place-bcnfd,22,0.18181818181818182,-336.5,Beaconsfield
2026-08-22,Green,place-bcnwa,44,0.20454545454545456,-458.0,Washington Square
2026-08-22,Green,place-bland,22,0.22727272727272727,-264.5,Blandford Street
2026-08-22,Green,place-boyls,98,0.23469387755102042,-305.0,Boylston
2026-08-22,Green,place-brico,19,0.2631578947368421,-197.0,Packards Corner
2026-08-22,Green,place-brkhl,22,0.22727272727272727,-332.0,Brookline Hills
2026-08-22,Green,place-brmnl,16,0.3125,-301.0,Brigham Circle
2026-08-22,Green,place-bucen,20,0.25,-216.0,Boston University Central
2026-08-22,Green,place-buest,20,0.25,-200.5,Boston University East
2026-08-22,Green,place-bvmnl,21,0.19047619047619047,-288.0,Brookline Village
2026-08-22,Green,place-chhil,22,0.22727272727272727,-174.0,Chestnut Hill
2026-08-22,Green,place-chill,19,0.2631578947368421,-316.0,Chestnut Hill Avenue
2026-08-22,Green,place-chswk,19,0.2631578947368421,-291.0,Chiswick Road
2026-08-22,Green,place-coecl,96,0.22916666666666666,-291.0,Copley
2026-08-22,Green,place-cool,44,0.22727272727272727,-423.5,Coolidge Corner
2026-08-22,Green,place-denrd,43,0.16279069767441862,-429.0,Dean Road
2026-08-22,Green,place-eliot,23,0.21739130434782608,-212.0,Eliot
2026-08-22,Green,place-engav,43,0.18604651162790697,-403.0,Englewood Avenue
2026-08-22,Green,place-esomr,16,0.3125,-398.0,East Somerville
2026-08-22,Green,place-fbkst,44,0.22727272727272727,-425.0,Fairbanks Street
2026-08-22,Green,place-fenwd,16,0.3125,-301.5,Fenwood Road
2026-08-22,Green,place-fenwy,21,0.19047619047619047,-342.0,Fenway
2026-08-22,Green,place-gilmn,15,0.3333333333333333,-101.0,Gilman Square
2026-08-22,Green,place-gover,36,0.3333333333333333,-144.0,Government Center
2026-08-22,Green,place-grigg,20,0.25,-329.5,Griggs Street
2026-08-22,Green,place-haecl,35,0.34285714285714286,-231.0,Haymarket
2026-08-22,Green,place-harvd,17,0.29411764705882354,-51.0,Harvard Avenue
2026-08-22,Green,place-hwsst,44,0.22727272727272727,-306.0,Hawes Street
2026-08-22,Green,place-hymnl,82,0.2073170731707317,-306.0,Hynes Convention Center
2026-08-22,Green,place-kencl,82,0.2073170731707317,-301.5,Kenmore
2026-08-22,Green,place-kntst,44,0.22727272727272727,-307.5,Kent Street
2026-08-22,Green,place-lech,35,0.34285714285714286,-235.0,Lechmere
2026-08-22,Green,place-lngmd,16,0.3125,-310.0,Longwood Medical Area
2026-08-22,Green,place-longw,22,0.18181818181818182,-358.5,Longwood
2026-08-22,Green,place-mfa,16,0.3125,-336.0,Museum of Fine Arts
2026-08-22,Green,place-mgngl,16,0.3125,-375.5,Magoun Square
2026-08-22,Green,place-mispk,16,0.3125,-349.5,Mission Park
2026-08-22,Green,place-newtn,23,0.21739130434782608,-212.0,Newton Highlands
2026-08-22,Green,place-newto,24,0.20833333333333334,-271.0,Newton Centre
2026-08-22,Green,place-north,41,0.3170731707317073,-241.0,North Station
2026-08-22,Green,place-nuniv,16,0.3125,-330.0,Northeastern University
2026-08-22,Green,place-pktrm,99,0.24242424242424243,-249.0,Park Street
2026-08-22,Green,place-prmnl,15,0.3333333333333333,18.0,Prudential
2026-08-22,Green,place-rsmnl,21,0.19047619047619047,-302.0,Reservoir
2026-08-22,Green,place-rvrwy,15,0.26666666666666666,-609.0,Riverway
2026-08-22,Green,place-smary,44,0.22727272727272727,-352.0,Saint Marys Street
2026-08-22,Green,place-sougr,20,0.25,-365.5,South Street
2026-08-22,Green,place-spmnl,37,0.2972972972972973,-226.0,Science Park
2026-08-22,Green,place-sthld,18,0.2777777777777778,-166.5,Sutherland Road
2026-08-22,Green,place-stpul,45,0.2,-347.0,Saint Paul Street
2026-08-22,Green,place-sumav,45,0.2222222222222222,-425.0,Summit Avenue
2026-08-22,Green,place-tapst,44,0.20454545454545456,-448.0,Tappan Street
2026-08-22,Green,place-waban,23,0.21739130434782608,-197.0,Waban
2026-08-22,Green,place-wascm,18,0.2777777777777778,-176.0,Washington Street
2026-08-22,Green,place-woodl,23,0.21739130434782608,-205.0,Woodland
2026-08-22,Green,place-wrnst,18,0.2777777777777778,-184.0,Warren Street
2026-08-22,Mattapan,place-butlr,185,0.0,-7.0,Butler
2026-08-22,Mattapan,place-capst,185,0.0,-6.0,Capen Street
2026-08-22,Mattapan,place-cedgr,186,0.0,-14.0,Cedar Grove
2026-08-22,Mattapan,place-cenav,185,0.0,-35.0,Central Avenue
2026-08-22,Mattapan,place-miltt,185,0.0,-19.0,Milton
2026-08-22,Mattapan,place-valrd,185,0.0,-5.0,Valley Road
2026-08-22,Orange,place-grnst,227,0.04405286343612335,32.0,Green Street
2026-08-22,Orange,place-jaksn,228,0.04824561403508772,-28.5,Jackson Square
2026-08-22,Orange,place-masta,228,0.06578947368421052,-23.0,Massachusetts Avenue
2026-08-22,Orange,place-rcmnl,228,0.05263157894736842,-54.5,Roxbury Crossing
2026-08-22,Orange,place-rugg,230,0.06956521739130435,-42.5,Ruggles
2026-08-22,Orange,place-sbmnl,228,0.03508771929824561,1.0,Stony Brook
2026-08-22,Red,place-andrw,285,0.4631578947368421,282.0,Andrew
2026-08-22,Red,place-brdwy,283,0.3674911660777385,232.0,Broadway
2026-08-22,Red,place-chmnl,284,0.4014084507042254,258.0,Charles/MGH
2026-08-22,Red,place-cntsq,285,0.2912280701754386,199.0,Central
2026-08-22,Red,place-davis,283,0.31802120141342755,206.0,Davis
2026-08-22,Red,place-dwnxg,137,0.2846715328467153,208.0,Downtown Crossing
2026-08-22,Red,place-fldcr,170,0.4588235294117647,273.0,Fields Corner
2026-08-22,Red,place-harsq,283,0.2862190812720848,193.0,Harvard
2026-08-22,Red,place-jfk,285,0.45614035087719296,257.0,JFK/UMass
2026-08-22,Red,place-knncl,283,0.37809187279151946,240.0,Kendall/MIT
2026-08-22,Red,place-nqncy,115,0.41739130434782606,196.0,North Quincy
2026-08-22,Red,place-pktrm,137,0.26277372262773724,172.0,Park Street
2026-08-22,Red,place-portr,283,0.3215547703180212,212.0,Porter
2026-08-22,Red,place-qamnl,118,0.3644067796610169,216.0,Quincy Adams
2026-08-22,Red,place-qnctr,116,0.4051724137931034,212.0,Quincy Center
2026-08-22,Red,place-shmnl,170,0.45294117647058824,262.5,Savin Hill
2026-08-22,Red,place-smmnl,170,0.47058823529411764,276.0,Shawmut
2026-08-22,Red,place-sstat,283,0.392226148409894,249.0,South Station
2026-08-22,Red,place-wlsta,115,0.4260869565217391,194.0,Wollaston
2026-08-23,Blue,place-aport,285,0.10877192982456141,47.0,Airport
2026-08-23,Blue,place-aqucl,287,0.10452961672473868,51.0,Aquarium
2026-08-23,Blue,place-bmmnl,287,0.09407665505226481,45.0,Beachmont
2026-08-23,Blue,place-gover,287,0.09059233449477352,50.0,Government Center
2026-08-23,Blue,place-mvbcl,288,0.1111111111111111,58.0,Maverick
2026-08-23,Blue,place-orhte,286,0.1048951048951049,52.5,Orient Heights
2026-08-23,Blue,place-rbmnl,286,0.0944055944055944,45.5,Revere Beach
2026-08-23,Blue,place-sdmnl,286,0.12237762237762238,59.0,Suffolk Downs
2026-08-23,Blue,place-state,286,0.0979020979020979,46.5,State
2026-08-23,Blue,place-wimnl,287,0.11149825783972125,58.0,Wood Island
2026-08-23,Green,place-alsgr,21,0.23809523809523808,-177.0,Allston Street
2026-08-23,Green,place-amory,24,0.16666666666666666,-314.5,Amory Street
2026-08-23,Green,place-armnl,99,0.24242424242424243,-465.0,Arlington
2026-08-23,Green,place-babck,25,0.16,-332.0,Babcock Street
2026-08-23,Green,place-balsq,22,0.3181818181818182,-376.5,Ball Square
2026-08-23,Green,place-bckhl,19,0.3684210526315789,-393.0,Back of the Hill
2026-08-23,Green,place-bcnfd,38,0.2894736842105263,-483.5,Beaconsfield
2026-08-23,Green,place-bcnwa,20,0.15,-675.0,Washington Square
2026-08-23,Green,place-bland,21,0.19047619047619047,-247.0,Blandford Street
2026-08-23,Green,place-boyls,96,0.23958333333333334,-461.0,Boylston
2026-08-23,Green,place-brico,25,0.16,-301.0,Packards Corner
2026-08-23,Green,place-brkhl,37,0.2972972972972973,-449.0,Brookline Hills
2026-08-23,Green,place-brmnl,21,0.2857142857142857,-422.0,Brigham Circle
2026-08-23,Green,place-bucen,22,0.22727272727272727,-273.0,Boston University Central
2026-08-23,Green,place-buest,21,0.19047619047619047,-260.0,Boston University East
2026-08-23,Green,place-bvmnl,37,0.2972972972972973,-457.0,Brookline Village
2026-08-23,Green,place-chhil,39,0.28205128205128205,-500.0,Chestnut Hill
2026-08-23,Green,place-chill,20,0.2,-158.5,Chestnut Hill Avenue
2026-08-23,Green,place-chswk,20,0.2,-199.0,Chiswick Road
2026-08-23,Green,place-coecl,95,0.25263157894736843,-460.0,Copley
2026-08-23,Green,place-cool,18,0.16666666666666666,-791.0,Coolidge Corner
2026-08-23,Green,place-denrd,20,0.15,-723.0,Dean Road
2026-08-23,Green,place-eliot,38,0.2631578947368421,-557.5,Eliot
2026-08-23,Green,place-engav,22,0.13636363636363635,-761.5,Englewood Avenue
2026-08-23,Green,place-esomr,21,0.3333333333333333,-298.0,East Somerville
2026-08-23,Green,place-fbkst,21,0.14285714285714285,-716.0,Fairbanks Street
2026-08-23,Green,place-fenwd,21,0.2857142857142857,-388.0,Fenwood Road
2026-08-23,Green,place-fenwy,37,0.2972972972972973,-477.0,Fenway
2026-08-23,Green,place-gilmn,22,0.3181818181818182,-342.5,Gilman Square
2026-08-23,Green,place-gover,55,0.23636363636363636,-473.0,Government Center
2026-08-23,Green,place-grigg,21,0.23809523809523808,-171.0,Griggs Street
2026-08-23,Green,place-haecl,52,0.25,-470.5,Haymarket
2026-08-23,Green,place-harvd,22,0.18181818181818182,-238.5,Harvard Avenue
2026-08-23,Green,place-hwsst,19,0.15789473684210525,-813.0,Hawes Street
2026-08-23,Green,place-hymnl,76,0.23684210526315788,-430.5,Hynes Convention Center
2026-08-23,Green,place-kencl,78,0.23076923076923078,-474.0,Kenmore
2026-08-23,Green,place-kntst,18,0.16666666666666666,-689.5,Kent Street
2026-08-23,Green,place-lech,55,0.2545454545454545,-504.0,Lechmere
2026-08-23,Green,place-lngmd,22,0.2727272727272727,-402.5,Longwood Medical Area
2026-08-23,Green,place-longw,37,0.2972972972972973,-470.0,Longwood
2026-08-23,Green,place-mfa,22,0.2727272727272727,-372.0,Museum of Fine Arts
2026-08-23,Green,place-mgngl,22,0.3181818181818182,-364.0,Magoun Square
2026-08-23,Green,place-mispk,18,0.3333333333333333,-347.0,Mission Park
2026-08-23,Green,place-newtn,38,0.2631578947368421,-543.5,Newton Highlands
2026-08-23,Green,place-newto,39,0.2564102564102564,-502.0,Newton Centre
2026-08-23,Green,place-north,51,0.21568627450980393,-500.0,North Station
2026-08-23,Green,place-nuniv,21,0.3333333333333333,-313.0,Northeastern University
2026-08-23,Green,place-pktrm,94,0.22340425531914893,-446.0,Park Street
2026-08-23,Green,place-prmnl,20,0.3,-430.5,Prudential
2026-08-23,Green,place-rsmnl,40,0.275,-541.0,Reservoir
2026-08-23,Green,place-rvrwy,18,0.3888888888888889,-284.5,Riverway
2026-08-23,Green,place-smary,19,0.15789473684210525,-863.0,Saint Marys Street
2026-08-23,Green,place-sougr,19,0.15789473684210525,-134.0,South Street
2026-08-23,Green,place-spmnl,50,0.22,-502.0,Science Park
2026-08-23,Green,place-sthld,19,0.15789473684210525,-188.0,Sutherland Road
2026-08-23,Green,place-stpul,19,0.15789473684210525,-791.0,Saint Paul Street
2026-08-23,Green,place-sumav,22,0.13636363636363635,-766.0,Summit Avenue
2026-08-23,Green,place-tapst,21,0.14285714285714285,-747.0,Tappan Street
2026-08-23,Green,place-waban,39,0.2564102564102564,-551.0,Waban
2026-08-23,Green,place-wascm,20,0.15,-188.5,Washington Street
2026-08-23,Green,place-woodl,36,0.25,-583.0,Woodland
2026-08-23,Green,place-wrnst,21,0.19047619047619047,-197.0,Warren Street
2026-08-23,Mattapan,place-asmnl,5,0.0,-54.0,Ashmont
2026-08-23,Mattapan,place-butlr,166,0.006024096385542169,-44.0,Butler
2026-08-23,Mattapan,place-capst,170,0.041176470588235294,-34.0,Capen Street
2026-08-23,Mattapan,place-cedgr,170,0.0,-57.5,Cedar Grove
2026-08-23,Mattapan,place-cenav,170,0.029411764705882353,-67.0,Central Avenue
2026-08-23,Mattapan,place-miltt,169,0.023668639053254437,-48.0,Milton
2026-08-23,Mattapan,place-valrd,171,0.029239766081871343,-41.0,Valley Road
2026-08-23,Orange,place-grnst,243,0.1934156378600823,52.0,Green Street
2026-08-23,Orange,place-jaksn,243,0.17695473251028807,19.0,Jackson Square
2026-08-23,Orange,place-masta,239,0.17573221757322174,36.0,Massachusetts Avenue
2026-08-23,Orange,place-rcmnl,242,0.1487603305785124,15.0,Roxbury Crossing
2026-08-23,Orange,place-rugg,242,0.16115702479338842,21.5,Ruggles
2026-08-23,Orange,place-sbmnl,244,0.18032786885245902,42.0,Stony Brook
2026-08-23,Red,place-andrw,309,0.4563106796116505,271.0,Andrew
2026-08-23,Red,place-brdwy,308,0.36038961038961037,224.5,Broadway
2026-08-23,Red,place-chmnl,306,0.4215686274509804,254.5,Charles/MGH
2026-08-23,Red,place-cntsq,305,0.2786885245901639,181.0,Central
2026-08-23,Red,place-davis,307,0.30944625407166126,185.0,Davis
2026-08-23,Red,place-dwnxg,146,0.2465753424657534,159.5,Downtown Crossing
2026-08-23,Red,place-fldcr,147,0.43537414965986393,272.0,Fields Corner
2026-08-23,Red,place-harsq,308,0.30844155844155846,207.0,Harvard
2026-08-23,Red,place-jfk,308,0.4383116883116883,263.0,JFK/UMass
2026-08-23,Red,place-knncl,308,0.36688311688311687,241.0,Kendall/MIT
2026-08-23,Red,place-nqncy,162,0.41358024691358025,229.0,North Quincy
2026-08-23,Red,place-pktrm,147,0.16326530612244897,122.0,Park Street
2026-08-23,Red,place-portr,307,0.34201954397394135,212.0,Porter
2026-08-23,Red,place-qamnl,160,0.4,224.0,Quincy Adams
2026-08-23,Red,place-qnctr,161,0.39751552795031053,211.0,Quincy Center
2026-08-23,Red,place-shmnl,148,0.44594594594594594,268.0,Savin Hill
2026-08-23,Red,place-smmnl,146,0.4589041095890411,270.5,Shawmut
2026-08-23,Red,place-sstat,307,0.36156351791530944,246.0,South Station
2026-08-23,Red,place-wlsta,161,0.4161490683229814,228.0,Wollaston
2026-08-24,Blue,place-aport,372,0.5456989247311828,489.0,Airport
2026-08-24,Blue,place-aqucl,371,0.5525606469002695,523.0,Aquarium
2026-08-24,Blue,place-bmmnl,369,0.5609756097560976,428.0,Beachmont
2026-08-24,Blue,place-gover,372,0.5591397849462365,502.5,Government Center
2026-08-24,Blue,place-mvbcl,372,0.553763440860215,496.0,Maverick
2026-08-24,Blue,place-orhte,371,0.5606469002695418,486.0,Orient Heights
2026-08-24,Blue,place-rbmnl,367,0.5667574931880109,436.0,Revere Beach
2026-08-24,Blue,place-sdmnl,370,0.5756756756756757,460.5,Suffolk Downs
2026-08-24,Blue,place-state,372,0.5591397849462365,534.5,State
2026-08-24,Blue,place-wimnl,372,0.553763440860215,497.0,Wood Island
2026-08-24,Green,place-alsgr,222,0.26576576576576577,96.0,Allston Street
2026-08-24,Green,place-amory,220,0.3181818181818182,161.0,Amory Street
2026-08-24,Green,place-armnl,957,0.30303030303030304,134.0,Arlington
2026-08-24,Green,place-babck,219,0.3242009132420091,135.0,Babcock Street
2026-08-24,Green,place-balsq,279,0.12186379928315412,25.0,Ball Square
2026-08-24,Green,place-bckhl,269,0.22304832713754646,63.0,Back of the Hill
2026-08-24,Green,place-bcnfd,235,0.3276595744680851,196.0,Beaconsfield
2026-08-24,Green,place-bcnwa,243,0.2757201646090535,120.0,Washington Square
2026-08-24,Green,place-bland,220,0.33636363636363636,141.5,Blandford Street
2026-08-24,Green,place-boyls,948,0.3111814345991561,145.0,Boylston
2026-08-24,Green,place-brico,221,0.2895927601809955,111.0,Packards Corner
2026-08-24,Green,place-brkhl,233,0.3261802575107296,182.0,Brookline Hills
2026-08-24,Green,place-brmnl,271,0.2029520295202952,45.0,Brigham Circle
2026-08-24,Green,place-bucen,220,0.3181818181818182,117.5,Boston University Central
2026-08-24,Green,place-buest,220,0.32272727272727275,122.0,Boston University East
2026-08-24,Green,place-bvmnl,233,0.3218884120171674,179.0,Brookline Village
2026-08-24,Green,place-chhil,230,0.3130434782608696,161.5,Chestnut Hill
2026-08-24,Green,place-chill,223,0.24663677130044842,90.0,Chestnut Hill Avenue
2026-08-24,Green,place-chswk,223,0.23766816143497757,75.0,Chiswick Road
2026-08-24,Green,place-coecl,957,0.29780564263322884,136.0,Copley
2026-08-24,Green,place-cool,244,0.2786885245901639,110.5,Coolidge Corner
2026-08-24,Green,place-denrd,239,0.23430962343096234,73.0,Dean Road
2026-08-24,Green,place-eliot,227,0.29955947136563876,145.0,Eliot
2026-08-24,Green,place-engav,237,0.2489451476793249,82.0,Englewood Avenue
2026-08-24,Green,place-esomr,273,0.1391941391941392,51.0,East Somerville
2026-08-24,Green,place-fbkst,243,0.3004115226337449,131.0,Fairbanks Street
2026-08-24,Green,place-fenwd,271,0.26199261992619927,96.0,Fenwood Road
2026-08-24,Green,place-fenwy,232,0.34913793103448276,187.0,Fenway
2026-08-24,Green,place-gilmn,284,0.14084507042253522,56.0,Gilman Square
2026-08-24,Green,place-gover,500,0.292,148.5,Government Center
2026-08-24,Green,place-grigg,222,0.27927927927927926,90.5,Griggs Street
2026-08-24,Green,place-haecl,506,0.26877470355731226,118.0,Haymarket
2026-08-24,Green,place-harvd,222,0.2702702702702703,84.0,Harvard Avenue
2026-08-24,Green,place-hwsst,242,0.34710743801652894,163.5,Hawes Street
2026-08-24,Green,place-hymnl,681,0.32599118942731276,164.0,Hynes Convention Center
2026-08-24,Green,place-kencl,694,0.329971181556196,151.5,Kenmore
2026-08-24,Green,place-kntst,242,0.33884297520661155,166.0,Kent Street
2026-08-24,Green,place-lech,505,0.21782178217821782,77.0,Lechmere
2026-08-24,Green,place-lngmd,276,0.21739130434782608,53.0,Longwood Medical Area
2026-08-24,Green,place-longw,233,0.34334763948497854,191.0,Longwood
2026-08-24,Green,place-mfa,278,0.23381294964028776,63.5,Museum of Fine Arts
2026-08-24,Green,place-mgngl,284,0.12323943661971831,61.5,Magoun Square
2026-08-24,Green,place-mispk,270,0.2037037037037037,42.0,Mission Park
2026-08-24,Green,place-newtn,230,0.2956521739130435,155.0,Newton Highlands
2026-08-24,Green,place-newto,230,0.3217391304347826,159.5,Newton Centre
2026-08-24,Green,place-north,503,0.2544731610337972,100.0,North Station
2026-08-24,Green,place-nuniv,276,0.2246376811594203,33.5,Northeastern University
2026-08-24,Green,place-pktrm,879,0.3003412969283277,149.0,Park Street
2026-08-24,Green,place-prmnl,277,0.24187725631768953,65.0,Prudential
2026-08-24,Green,place-rsmnl,230,0.30869565217391304,156.5,Reservoir
2026-08-24,Green,place-rvrwy,272,0.22794117647058823,62.5,Riverway
2026-08-24,Green,place-smary,244,0.319672131147541,153.0,Saint Marys Street
2026-08-24,Green,place-sougr,221,0.23076923076923078,25.0,South Street
2026-08-24,Green,place-spmnl,503,0.2544731610337972,99.0,Science Park
2026-08-24,Green,place-sthld,223,0.25112107623318386,74.0,Sutherland Road
2026-08-24,Green,place-stpul,245,0.34285714285714286,163.0,Saint Paul Street
2026-08-24,Green,place-sumav,245,0.2693877551020408,100.0,Summit Avenue
2026-08-24,Green,place-tapst,240,0.2708333333333333,100.5,Tappan Street
2026-08-24,Green,place-waban,228,0.2412280701754386,121.0,Waban
2026-08-24,Green,place-wascm,222,0.24324324324324326,77.0,Washington Street
2026-08-24,Green,place-woodl,220,0.2636363636363636,102.0,Woodland
2026-08-24,Green,place-wrnst,222,0.23423423423423423,61.0,Warren Street
2026-08-24,Mattapan,place-butlr,216,0.009259259259259259,-70.0,Butler
2026-08-24,Mattapan,place-capst,215,0.018604651162790697,-22.0,Capen Street
2026-08-24,Mattapan,place-cedgr,217,0.004608294930875576,-88.0,Cedar Grove
2026-08-24,Mattapan,place-cenav,213,0.0,-45.0,Central Avenue
2026-08-24,Mattapan,place-miltt,215,0.004651162790697674,-82.0,Milton
2026-08-24,Mattapan,place-valrd,215,0.013953488372093023,-24.0,Valley Road
2026-08-24,Orange,place-grnst,206,0.2621359223300971,110.5,Green Street
2026-08-24,Orange,place-jaksn,207,0.27053140096618356,117.0,Jackson Square
2026-08-24,Orange,place-masta,206,0.28640776699029125,121.5,Massachusetts Avenue
2026-08-24,Orange,place-rcmnl,206,0.25728155339805825,103.5,Roxbury Crossing
2026-08-24,Orange,place-rugg,206,0.25728155339805825,94.5,Ruggles
2026-08-24,Orange,place-sbmnl,208,0.2644230769230769,129.0,Stony Brook
2026-08-24,Red,place-andrw,348,0.5459770114942529,337.0,Andrew
2026-08-24,Red,place-brdwy,348,0.5459770114942529,345.0,Broadway
2026-08-24,Red,place-chmnl,347,0.5648414985590778,352.0,Charles/MGH
2026-08-24,Red,place-cntsq,346,0.5346820809248555,343.0,Central
2026-08-24,Red,place-davis,346,0.5549132947976878,343.0,Davis
2026-08-24,Red,place-dwnxg,152,0.48026315789473684,280.5,Downtown Crossing
2026-08-24,Red,place-fldcr,175,0.45714285714285713,278.0,Fields Corner
2026-08-24,Red,place-harsq,346,0.5491329479768786,353.5,Harvard
2026-08-24,Red,place-jfk,347,0.5360230547550432,338.0,JFK/UMass
2026-08-24,Red,place-knncl,346,0.5635838150289018,359.5,Kendall/MIT
2026-08-24,Red,place-nqncy,171,0.5614035087719298,402.0,North Quincy
2026-08-24,Red,place-pktrm,153,0.4444444444444444,257.0,Park Street
2026-08-24,Red,place-portr,346,0.5982658959537572,361.0,Porter
2026-08-24,Red,place-qamnl,170,0.5470588235294118,371.0,Quincy Adams
2026-08-24,Red,place-qnctr,170,0.5470588235294118,380.0,Quincy Center
2026-08-24,Red,place-shmnl,175,0.48,283.0,Savin Hill
2026-08-24,Red,place-smmnl,174,0.47126436781609193,272.0,Shawmut
2026-08-24,Red,place-sstat,347,0.5590778097982709,361.0,South Station
2026-08-24,Red,place-wlsta,171,0.5555555555555556,394.0,Wollaston
2026-08-25,Blue,place-aport,341,0.39296187683284456,163.0,Airport
2026-08-25,Blue,place-aqucl,339,0.40117994100294985,183.0,Aquarium
2026-08-25,Blue,place-bmmnl,338,0.378698224852071,165.5,Beachmont
2026-08-25,Blue,place-gover,339,0.3864306784660767,172.0,Government Center
2026-08-25,Blue,place-mvbcl,340,0.38823529411764707,178.5,Maverick
2026-08-25,Blue,place-orhte,337,0.3887240356083086,164.0,Orient Heights
2026-08-25,Blue,place-rbmnl,338,0.3727810650887574,160.0,Revere Beach
2026-08-25,Blue,place-sdmnl,337,0.4065281899109792,203.0,Suffolk Downs
2026-08-25,Blue,place-state,338,0.3994082840236686,196.5,State
2026-08-25,Blue,place-wimnl,341,0.39882697947214074,190.0,Wood Island
2026-08-25,Green,place-alsgr,231,0.16017316017316016,39.0,Allston Street
2026-08-25,Green,place-amory,232,0.1853448275862069,62.5,Amory Street
2026-08-25,Green,place-armnl,978,0.2147239263803681,74.5,Arlington
2026-08-25,Green,place-babck,231,0.18614718614718614,59.0,Babcock Street
2026-08-25,Green,place-balsq,284,0.06338028169014084,4.5,Ball Square
2026-08-25,Green,place-bckhl,266,0.12030075187969924,-74.5,Back of the Hill
2026-08-25,Green,place-bcnfd,230,0.3,178.5,Beaconsfield
2026-08-25,Green,place-bcnwa,254,0.2047244094488189,72.0,Washington Square
2026-08-25,Green,place-bland,231,0.18181818181818182,66.0,Blandford Street
2026-08-25,Green,place-boyls,968,0.2128099173553719,78.0,Boylston
2026-08-25,Green,place-brico,232,0.17672413793103448,53.5,Packards Corner
2026-08-25,Green,place-brkhl,226,0.3141592920353982,152.5,Brookline Hills
2026-08-25,Green,place-brmnl,267,0.11235955056179775,-68.0,Brigham Circle
2026-08-25,Green,place-bucen,229,0.18340611353711792,52.0,Boston University Central
2026-08-25,Green,place-buest,229,0.1703056768558952,53.0,Boston University East
2026-08-25,Green,place-bvmnl,228,0.2894736842105263,153.0,Brookline Village
2026-08-25,Green,place-chhil,221,0.3076923076923077,155.0,Chestnut Hill
2026-08-25,Green,place-chill,228,0.17543859649122806,48.5,Chestnut Hill Avenue
2026-08-25,Green,place-chswk,228,0.17105263157894737,27.5,Chiswick Road
2026-08-25,Green,place-coecl,972,0.2109053497942387,69.0,Copley
2026-08-25,Green,place-cool,256,0.203125,82.0,Coolidge Corner
2026-08-25,Green,place-denrd,253,0.17391304347826086,18.0,Dean Road
2026-08-25,Green,place-eliot,220,0.2545454545454545,137.0,Eliot
2026-08-25,Green,place-engav,250,0.204,34.0,Englewood Avenue
2026-08-25,Green,place-esomr,275,0.07272727272727272,14.0,East Somerville
2026-08-25,Green,place-fbkst,255,0.22745098039215686,89.0,Fairbanks Street
2026-08-25,Green,place-fenwd,266,0.13157894736842105,-35.0,Fenwood Road
2026-08-25,Green,place-fenwy,225,0.3022222222222222,164.0,Fenway
2026-08-25,Green,place-gilmn,285,0.07017543859649122,32.0,Gilman Square
2026-08-25,Green,place-gover,490,0.23877551020408164,99.0,Government Center
2026-08-25,Green,place-grigg,231,0.16883116883116883,44.0,Griggs Street
2026-08-25,Green,place-haecl,489,0.19631901840490798,69.0,Haymarket
2026-08-25,Green,place-harvd,232,0.15517241379310345,35.5,Harvard Avenue
2026-08-25,Green,place-hwsst,256,0.22265625,97.5,Hawes Street
2026-08-25,Green,place-hymnl,700,0.23857142857142857,100.0,Hynes Convention Center
2026-08-25,Green,place-kencl,717,0.22594142259414227,84.0,Kenmore
2026-08-25,Green,place-kntst,256,0.2109375,98.5,Kent Street
2026-08-25,Green,place-lech,492,0.16056910569105692,34.5,Lechmere
2026-08-25,Green,place-lngmd,272,0.125,-55.0,Longwood Medical Area
2026-08-25,Green,place-longw,229,0.3056768558951965,155.0,Longwood
2026-08-25,Green,place-mfa,271,0.13653136531365315,-42.0,Museum of Fine Arts
2026-08-25,Green,place-mgngl,284,0.07746478873239436,41.0,Magoun Square
2026-08-25,Green,place-mispk,266,0.10150375939849623,-93.5,Mission Park
2026-08-25,Green,place-newtn,220,0.2681818181818182,149.0,Newton Highlands
2026-08-25,Green,place-newto,222,0.2882882882882883,152.5,Newton Centre
2026-08-25,Green,place-north,486,0.17695473251028807,49.5,North Station
2026-08-25,Green,place-nuniv,272,0.125,-43.5,Northeastern University
2026-08-25,Green,place-pktrm,919,0.22306855277475518,82.0,Park Street
2026-08-25,Green,place-prmnl,271,0.15867158671586715,-30.0,Prudential
2026-08-25,Green,place-rsmnl,220,0.3181818181818182,173.5,Reservoir
2026-08-25,Green,place-rvrwy,267,0.11610486891385768,-68.0,Riverway
2026-08-25,Green,place-smary,257,0.19455252918287938,78.0,Saint Marys Street
2026-08-25,Green,place-sougr,228,0.15789473684210525,-12.5,South Street
2026-08-25,Green,place-spmnl,485,0.18969072164948453,59.0,Science Park
2026-08-25,Green,place-sthld,230,0.16956521739130434,32.5,Sutherland Road
2026-08-25,Green,place-stpul,256,0.203125,104.0,Saint Paul Street
2026-08-25,Green,place-sumav,256,0.19921875,68.5,Summit Avenue
2026-08-25,Green,place-tapst,255,0.19607843137254902,47.0,Tappan Street
2026-08-25,Green,place-waban,218,0.23853211009174313,110.5,Waban
2026-08-25,Green,place-wascm,232,0.15517241379310345,30.0,Washington Street
2026-08-25,Green,place-woodl,212,0.2358490566037736,86.0,Woodland
2026-08-25,Green,place-wrnst,231,0.1471861471861472,-5.0,Warren Street
2026-08-25,Mattapan,place-asmnl,4,0.25,-86.0,Ashmont
2026-08-25,Mattapan,place-butlr,252,0.01984126984126984,-59.5,Butler
2026-08-25,Mattapan,place-capst,255,0.043137254901960784,-9.0,Capen Street
2026-08-25,Mattapan,place-cedgr,254,0.011811023622047244,-74.0,Cedar Grove
2026-08-25,Mattapan,place-cenav,255,0.043137254901960784,-32.0,Central Avenue
2026-08-25,Mattapan,place-miltt,254,0.031496062992125984,-68.5,Milton
2026-08-25,Mattapan,place-valrd,255,0.043137254901960784,-6.0,Valley Road
2026-08-25,Orange,place-grnst,190,0.26842105263157895,142.5,Green Street
2026-08-25,Orange,place-jaksn,186,0.27419354838709675,139.5,Jackson Square
2026-08-25,Orange,place-masta,175,0.2914285714285714,149.0,Massachusetts Avenue
2026-08-25,Orange,place-rcmnl,186,0.26881720430107525,122.0,Roxbury Crossing
2026-08-25,Orange,place-rugg,183,0.2568306010928962,144.0,Ruggles
2026-08-25,Orange,place-sbmnl,186,0.3118279569892473,166.5,Stony Brook
2026-08-25,Red,place-andrw,381,0.43832020997375326,232.0,Andrew
2026-08-25,Red,place-brdwy,382,0.44502617801047123,236.0,Broadway
2026-08-25,Red,place-chmnl,382,0.4397905759162304,243.0,Charles/MGH
2026-08-25,Red,place-cntsq,381,0.4409448818897638,250.0,Central
2026-08-25,Red,place-davis,380,0.4263157894736842,246.5,Davis
2026-08-25,Red,place-dwnxg,177,0.3107344632768362,142.0,Downtown Crossing
2026-08-25,Red,place-fldcr,190,0.3894736842105263,203.0,Fields Corner
2026-08-25,Red,place-harsq,380,0.4368421052631579,256.0,Harvard
2026-08-25,Red,place-jfk,382,0.418848167539267,215.5,JFK/UMass
2026-08-25,Red,place-knncl,382,0.45287958115183247,244.5,Kendall/MIT
2026-08-25,Red,place-nqncy,192,0.3697916666666667,209.0,North Quincy
2026-08-25,Red,place-pktrm,177,0.2824858757062147,102.0,Park Street
2026-08-25,Red,place-portr,381,0.46981627296587924,276.0,Porter
2026-08-25,Red,place-qamnl,191,0.387434554973822,204.0,Quincy Adams
2026-08-25,Red,place-qnctr,192,0.375,199.0,Quincy Center
2026-08-25,Red,place-shmnl,190,0.4421052631578947,217.0,Savin Hill
2026-08-25,Red,place-smmnl,190,0.38421052631578945,209.0,Shawmut
2026-08-25,Red,place-sstat,381,0.4645669291338583,254.0,South Station
2026-08-25,Red,place-wlsta,192,0.359375,206.0,Wollaston
2026-08-26,Blue,place-aport,355,0.22816901408450704,62.0,Airport
2026-08-26,Blue,place-aqucl,352,0.23863636363636365,78.0,Aquarium
2026-08-26,Blue,place-bmmnl,354,0.2231638418079096,50.0,Beachmont
2026-08-26,Blue,place-gover,354,0.2288135593220339,54.0,Government Center
2026-08-26,Blue,place-mvbcl,353,0.23796033994334279,70.0,Maverick
2026-08-26,Blue,place-orhte,355,0.23380281690140844,58.0,Orient Heights
2026-08-26,Blue,place-rbmnl,352,0.2215909090909091,48.5,Revere Beach
2026-08-26,Blue,place-sdmnl,354,0.23728813559322035,80.0,Suffolk Downs
2026-08-26,Blue,place-state,354,0.2457627118644068,87.5,State
2026-08-26,Blue,place-wimnl,357,0.23249299719887956,78.0,Wood Island
2026-08-26,Green,place-alsgr,226,0.24778761061946902,90.5,Allston Street
2026-08-26,Green,place-amory,226,0.2920353982300885,136.5,Amory Street
2026-08-26,Green,place-armnl,936,0.280982905982906,118.5,Arlington
2026-08-26,Green,place-babck,223,0.27802690582959644,126.0,Babcock Street
2026-08-26,Green,place-balsq,275,0.10545454545454545,1.0,Ball Square
2026-08-26,Green,place-bckhl,258,0.22093023255813954,22.5,Back of the Hill
2026-08-26,Green,place-bcnfd,197,0.4720812182741117,284.0,Beaconsfield
2026-08-26,Green,place-bcnwa,256,0.12890625,58.0,Washington Square
2026-08-26,Green,place-bland,220,0.2909090909090909,125.0,Blandford Street
2026-08-26,Green,place-boyls,932,0.27896995708154504,132.0,Boylston
2026-08-26,Green,place-brico,227,0.2599118942731278,111.0,Packards Corner
2026-08-26,Green,place-brkhl,196,0.46938775510204084,276.5,Brookline Hills
2026-08-26,Green,place-brmnl,259,0.21235521235521235,18.0,Brigham Circle
2026-08-26,Green,place-bucen,225,0.29777777777777775,113.0,Boston University Central
2026-08-26,Green,place-buest,221,0.2850678733031674,114.0,Boston University East
2026-08-26,Green,place-bvmnl,196,0.4642857142857143,276.0,Brookline Village
2026-08-26,Green,place-chhil,190,0.4473684210526316,266.5,Chestnut Hill
2026-08-26,Green,place-chill,224,0.25892857142857145,92.0,Chestnut Hill Avenue
2026-08-26,Green,place-chswk,225,0.24888888888888888,85.0,Chiswick Road
2026-08-26,Green,place-coecl,935,0.2877005347593583,120.0,Copley
2026-08-26,Green,place-cool,256,0.14453125,40.0,Coolidge Corner
2026-08-26,Green,place-denrd,253,0.12648221343873517,-10.0,Dean Road
2026-08-26,Green,place-eliot,192,0.484375,277.5,Eliot
2026-08-26,Green,place-engav,254,0.14566929133858267,18.5,Englewood Avenue
2026-08-26,Green,place-esomr,270,0.12962962962962962,23.5,East Somerville
2026-08-26,Green,place-fbkst,257,0.16731517509727625,75.0,Fairbanks Street
2026-08-26,Green,place-fenwd,261,0.2413793103448276,37.0,Fenwood Road
2026-08-26,Green,place-fenwy,196,0.4846938775510204,280.0,Fenway
2026-08-26,Green,place-gilmn,282,0.12411347517730496,42.5,Gilman Square
2026-08-26,Green,place-gover,455,0.31868131868131866,161.0,Government Center
2026-08-26,Green,place-grigg,227,0.2643171806167401,92.0,Griggs Street
2026-08-26,Green,place-haecl,459,0.29411764705882354,136.0,Haymarket
2026-08-26,Green,place-harvd,226,0.23893805309734514,67.0,Harvard Avenue
2026-08-26,Green,place-hwsst,256,0.1484375,53.5,Hawes Street
2026-08-26,Green,place-hymnl,664,0.29668674698795183,137.5,Hynes Convention Center
2026-08-26,Green,place-kencl,672,0.29017857142857145,125.0,Kenmore
2026-08-26,Green,place-kntst,255,0.14901960784313725,54.0,Kent Street
2026-08-26,Green,place-lech,468,0.25854700854700857,86.0,Lechmere
2026-08-26,Green,place-lngmd,272,0.19852941176470587,14.0,Longwood Medical Area
2026-08-26,Green,place-longw,197,0.467005076142132,274.0,Longwood
2026-08-26,Green,place-mfa,273,0.1978021978021978,31.0,Museum of Fine Arts
2026-08-26,Green,place-mgngl,280,0.125,41.0,Magoun Square
2026-08-26,Green,place-mispk,261,0.20306513409961685,7.0,Mission Park
2026-08-26,Green,place-newtn,193,0.48704663212435234,288.0,Newton Highlands
2026-08-26,Green,place-newto,192,0.5,300.5,Newton Centre
2026-08-26,Green,place-north,465,0.2838709677419355,113.0,North Station
2026-08-26,Green,place-nuniv,272,0.19852941176470587,7.5,Northeastern University
2026-08-26,Green,place-pktrm,878,0.2744874715261959,125.5,Park Street
2026-08-26,Green,place-prmnl,271,0.2177121771217712,13.0,Prudential
2026-08-26,Green,place-rsmnl,192,0.4427083333333333,261.5,Reservoir
2026-08-26,Green,place-rvrwy,261,0.2222222222222222,17.0,Riverway
2026-08-26,Green,place-smary,256,0.1640625,36.0,Saint Marys Street
2026-08-26,Green,place-sougr,225,0.23555555555555555,52.0,South Street
2026-08-26,Green,place-spmnl,460,0.2826086956521739,115.5,Science Park
2026-08-26,Green,place-sthld,224,0.25892857142857145,94.5,Sutherland Road
2026-08-26,Green,place-stpul,256,0.15625,53.0,Saint Paul Street
2026-08-26,Green,place-sumav,257,0.17120622568093385,34.0,Summit Avenue
2026-08-26,Green,place-tapst,254,0.15748031496062992,26.0,Tappan Street
2026-08-26,Green,place-waban,189,0.43915343915343913,260.0,Waban
2026-08-26,Green,place-wascm,225,0.24444444444444444,88.0,Washington Street
2026-08-26,Green,place-woodl,184,0.45652173913043476,266.5,Woodland
2026-08-26,Green,place-wrnst,226,0.23893805309734514,66.5,Warren Street
2026-08-26,Mattapan,place-butlr,254,0.003937007874015748,-50.5,Butler
2026-08-26,Mattapan,place-capst,250,0.008,1.0,Capen Street
2026-08-26,Mattapan,place-cedgr,255,0.00392156862745098,-61.0,Cedar Grove
2026-08-26,Mattapan,place-cenav,254,0.003937007874015748,-27.0,Central Avenue
2026-08-26,Mattapan,place-miltt,252,0.0,-61.5,Milton
2026-08-26,Mattapan,place-valrd,249,0.004016064257028112,2.0,Valley Road
2026-08-26,Orange,place-grnst,168,0.3333333333333333,144.0,Green Street
2026-08-26,Orange,place-jaksn,169,0.31952662721893493,160.0,Jackson Square
2026-08-26,Orange,place-masta,170,0.3411764705882353,163.5,Massachusetts Avenue
2026-08-26,Orange,place-rcmnl,170,0.31176470588235294,148.5,Roxbury Crossing
2026-08-26,Orange,place-rugg,170,0.3235294117647059,136.5,Ruggles
2026-08-26,Orange,place-sbmnl,171,0.3333333333333333,167.0,Stony Brook
2026-08-26,Red,place-andrw,303,0.3234323432343234,129.0,Andrew
2026-08-26,Red,place-brdwy,304,0.3157894736842105,130.0,Broadway
2026-08-26,Red,place-chmnl,301,0.32558139534883723,147.0,Charles/MGH
2026-08-26,Red,place-cntsq,302,0.31456953642384106,156.5,Central
2026-08-26,Red,place-davis,301,0.3521594684385382,175.0,Davis
2026-08-26,Red,place-dwnxg,137,0.16058394160583941,57.0,Downtown Crossing
2026-08-26,Red,place-fldcr,150,0.24666666666666667,53.5,Fields Corner
2026-08-26,Red,place-harsq,301,0.34219269102990035,168.0,Harvard
2026-08-26,Red,place-jfk,304,0.3157894736842105,128.5,JFK/UMass
2026-08-26,Red,place-knncl,302,0.33112582781456956,153.5,Kendall/MIT
2026-08-26,Red,place-nqncy,154,0.37012987012987014,134.0,North Quincy
2026-08-26,Red,place-pktrm,137,0.15328467153284672,32.0,Park Street
2026-08-26,Red,place-portr,301,0.3654485049833887,196.0,Porter
2026-08-26,Red,place-qamnl,156,0.34615384615384615,123.0,Quincy Adams
2026-08-26,Red,place-qnctr,154,0.35064935064935066,127.5,Quincy Center
2026-08-26,Red,place-shmnl,149,0.2751677852348993,84.0,Savin Hill
2026-08-26,Red,place-smmnl,150,0.26,62.5,Shawmut
2026-08-26,Red,place-sstat,302,0.32450331125827814,147.0,South Station
2026-08-26,Red,place-wlsta,154,0.37012987012987014,139.0,Wollaston
2026-08-27,Blue,place-aport,368,0.23097826086956522,92.0,Airport
2026-08-27,Blue,place-aqucl,369,0.27371273712737126,120.0,Aquarium
2026-08-27,Blue,place-bmmnl,366,0.22950819672131148,94.0,Beachmont
2026-08-27,Blue,place-gover,370,0.24324324324324326,100.0,Government Center
2026-08-27,Blue,place-mvbcl,369,0.25474254742547425,105.0,Maverick
2026-08-27,Blue,place-orhte,366,0.23770491803278687,103.0,Orient Heights
2026-08-27,Blue,place-rbmnl,366,0.22404371584699453,99.5,Revere Beach
2026-08-27,Blue,place-sdmnl,366,0.25956284153005466,131.5,Suffolk Downs
2026-08-27,Blue,place-state,368,0.26902173913043476,129.5,State
2026-08-27,Blue,place-wimnl,370,0.24054054054054055,93.5,Wood Island
2026-08-27,Green,place-alsgr,226,0.2079646017699115,56.0,Allston Street
2026-08-27,Green,place-amory,227,0.2422907488986784,107.0,Amory Street
2026-08-27,Green,place-armnl,940,0.2776595744680851,109.0,Arlington
2026-08-27,Green,place-babck,226,0.23893805309734514,93.5,Babcock Street
2026-08-27,Green,place-balsq,270,0.15555555555555556,13.0,Ball Square
2026-08-27,Green,place-bckhl,264,0.26136363636363635,7.0,Back of the Hill
2026-08-27,Green,place-bcnfd,211,0.2890995260663507,131.0,Beaconsfield
2026-08-27,Green,place-bcnwa,242,0.22727272727272727,109.0,Washington Square
2026-08-27,Green,place-bland,225,0.26222222222222225,118.0,Blandford Street
2026-08-27,Green,place-boyls,939,0.29073482428115016,114.0,Boylston
2026-08-27,Green,place-brico,227,0.21585903083700442,81.0,Packards Corner
2026-08-27,Green,place-brkhl,211,0.2796208530805687,110.0,Brookline Hills
2026-08-27,Green,place-brmnl,262,0.25190839694656486,-7.0,Brigham Circle
2026-08-27,Green,place-bucen,226,0.24778761061946902,93.5,Boston University Central
2026-08-27,Green,place-buest,226,0.24336283185840707,91.5,Boston University East
2026-08-27,Green,place-bvmnl,214,0.2850467289719626,95.5,Brookline Village
2026-08-27,Green,place-chhil,210,0.2571428571428571,128.5,Chestnut Hill
2026-08-27,Green,place-chill,219,0.2511415525114155,66.0,Chestnut Hill Avenue
2026-08-27,Green,place-chswk,220,0.22727272727272727,49.0,Chiswick Road
2026-08-27,Green,place-coecl,935,0.279144385026738,105.0,Copley
2026-08-27,Green,place-cool,243,0.20164609053497942,105.0,Coolidge Corner
2026-08-27,Green,place-denrd,241,0.2157676348547718,73.0,Dean Road
2026-08-27,Green,place-eliot,206,0.2621359223300971,120.5,Eliot
2026-08-27,Green,place-engav,239,0.2301255230125523,94.0,Englewood Avenue
2026-08-27,Green,place-esomr,269,0.16728624535315986,48.0,East Somerville
2026-08-27,Green,place-fbkst,243,0.23868312757201646,122.0,Fairbanks Street
2026-08-27,Green,place-fenwd,263,0.30038022813688214,25.0,Fenwood Road
2026-08-27,Green,place-fenwy,212,0.2830188679245283,121.0,Fenway
2026-08-27,Green,place-gilmn,277,0.16606498194945848,49.0,Gilman Square
2026-08-27,Green,place-gover,473,0.28118393234672306,114.0,Government Center
2026-08-27,Green,place-grigg,227,0.22026431718061673,60.0,Griggs Street
2026-08-27,Green,place-haecl,474,0.24472573839662448,76.0,Haymarket
2026-08-27,Green,place-harvd,225,0.2,56.0,Harvard Avenue
2026-08-27,Green,place-hwsst,246,0.23577235772357724,123.0,Hawes Street
2026-08-27,Green,place-hymnl,668,0.2754491017964072,122.5,Hynes Convention Center
2026-08-27,Green,place-kencl,676,0.2692307692307692,116.5,Kenmore
2026-08-27,Green,place-kntst,245,0.22857142857142856,133.0,Kent Street
2026-08-27,Green,place-lech,479,0.22129436325678498,43.0,Lechmere
2026-08-27,Green,place-lngmd,268,0.24253731343283583,5.5,Longwood Medical Area
2026-08-27,Green,place-longw,214,0.2803738317757009,116.5,Longwood
2026-08-27,Green,place-mfa,269,0.24535315985130113,7.0,Museum of Fine Arts
2026-08-27,Green,place-mgngl,272,0.1801470588235294,60.5,Magoun Square
2026-08-27,Green,place-mispk,263,0.23574144486692014,-28.0,Mission Park
2026-08-27,Green,place-newtn,207,0.26570048309178745,142.0,Newton Highlands
2026-08-27,Green,place-newto,207,0.2560386473429952,128.0,Newton Centre
2026-08-27,Green,place-north,474,0.23839662447257384,60.0,North Station
2026-08-27,Green,place-nuniv,268,0.23134328358208955,-10.0,Northeastern University
2026-08-27,Green,place-pktrm,897,0.2809364548494983,115.0,Park Street
2026-08-27,Green,place-prmnl,269,0.26394052044609667,51.0,Prudential
2026-08-27,Green,place-rsmnl,211,0.27488151658767773,135.0,Reservoir
2026-08-27,Green,place-rvrwy,263,0.2585551330798479,-3.0,Riverway
2026-08-27,Green,place-smary,247,0.2388663967611336,105.0,Saint Marys Street
2026-08-27,Green,place-sougr,216,0.21296296296296297,-14.0,South Street
2026-08-27,Green,place-spmnl,476,0.23949579831932774,69.5,Science Park
2026-08-27,Green,place-sthld,222,0.23873873873873874,62.0,Sutherland Road
2026-08-27,Green,place-stpul,243,0.22633744855967078,125.0,Saint Paul Street
2026-08-27,Green,place-sumav,244,0.24180327868852458,100.0,Summit Avenue
2026-08-27,Green,place-tapst,242,0.23140495867768596,88.0,Tappan Street
2026-08-27,Green,place-waban,204,0.23039215686274508,102.0,Waban
2026-08-27,Green,place-wascm,223,0.21524663677130046,64.0,Washington Street
2026-08-27,Green,place-woodl,203,0.2315270935960591,98.0,Woodland
2026-08-27,Green,place-wrnst,225,0.19555555555555557,14.0,Warren Street
2026-08-27,Mattapan,place-butlr,250,0.008,-70.5,Butler
2026-08-27,Mattapan,place-capst,250,0.008,-17.0,Capen Street
2026-08-27,Mattapan,place-cedgr,251,0.00796812749003984,-73.0,Cedar Grove
2026-08-27,Mattapan,place-cenav,251,0.01195219123505976,-41.0,Central Avenue
2026-08-27,Mattapan,place-miltt,250,0.008,-82.0,Milton
2026-08-27,Mattapan,place-valrd,251,0.01195219123505976,-17.0,Valley Road
2026-08-27,Orange,place-grnst,262,0.019083969465648856,34.0,Green Street
2026-08-27,Orange,place-jaksn,262,0.026717557251908396,29.5,Jackson Square
2026-08-27,Orange,place-masta,262,0.03435114503816794,22.0,Massachusetts Avenue
2026-08-27,Orange,place-rcmnl,262,0.022900763358778626,8.0,Roxbury Crossing
2026-08-27,Orange,place-rugg,262,0.019083969465648856,3.0,Ruggles
2026-08-27,Orange,place-sbmnl,261,0.03065134099616858,60.0,Stony Brook
2026-08-27,Red,place-andrw,390,0.3871794871794872,222.0,Andrew
2026-08-27,Red,place-brdwy,392,0.3622448979591837,212.5,Broadway
2026-08-27,Red,place-chmnl,392,0.36989795918367346,208.5,Charles/MGH
2026-08-27,Red,place-cntsq,389,0.37532133676092544,194.0,Central
2026-08-27,Red,place-davis,392,0.34183673469387754,174.0,Davis
2026-08-27,Red,place-dwnxg,183,0.3224043715846995,160.0,Downtown Crossing
2026-08-27,Red,place-fldcr,191,0.2617801047120419,118.0,Fields Corner
2026-08-27,Red,place-harsq,390,0.36923076923076925,173.5,Harvard
2026-08-27,Red,place-jfk,392,0.35714285714285715,204.0,JFK/UMass
2026-08-27,Red,place-knncl,391,0.37084398976982097,208.0,Kendall/MIT
2026-08-27,Red,place-nqncy,201,0.43283582089552236,255.0,North Quincy
2026-08-27,Red,place-pktrm,185,0.2648648648648649,125.0,Park Street
2026-08-27,Red,place-portr,392,0.36989795918367346,205.5,Porter
2026-08-27,Red,place-qamnl,200,0.465,260.0,Quincy Adams
2026-08-27,Red,place-qnctr,201,0.4527363184079602,273.0,Quincy Center
2026-08-27,Red,place-shmnl,190,0.3,155.0,Savin Hill
2026-08-27,Red,place-smmnl,191,0.2670157068062827,129.0,Shawmut
2026-08-27,Red,place-sstat,390,0.36923076923076925,212.5,South Station
2026-08-27,Red,place-wlsta,201,0.4427860696517413,263.0,Wollaston
2026-08-28,Blue,place-aport,280,0.2785714285714286,124.5,Airport
2026-08-28,Blue,place-aqucl,278,0.2949640287769784,143.5,Aquarium
2026-08-28,Blue,place-bmmnl,273,0.27472527472527475,115.0,Beachmont
2026-08-28,Blue,place-gover,266,0.2556390977443609,125.0,Government Center
2026-08-28,Blue,place-mvbcl,279,0.2867383512544803,138.0,Maverick
2026-08-28,Blue,place-orhte,275,0.28363636363636363,138.0,Orient Heights
2026-08-28,Blue,place-rbmnl,274,0.2846715328467153,112.5,Revere Beach
2026-08-28,Blue,place-sdmnl,274,0.28832116788321166,147.5,Suffolk Downs
2026-08-28,Blue,place-state,270,0.28888888888888886,143.0,State
2026-08-28,Blue,place-wimnl,278,0.2841726618705036,134.0,Wood Island
2026-08-28,Green,place-alsgr,230,0.3782608695652174,179.0,Allston Street
2026-08-28,Green,place-amory,242,0.384297520661157,186.5,Amory Street
2026-08-28,Green,place-armnl,887,0.41488162344983087,211.0,Arlington
2026-08-28,Green,place-babck,242,0.3760330578512397,190.0,Babcock Street
2026-08-28,Green,place-balsq,265,0.2792452830188679,116.0,Ball Square
2026-08-28,Green,place-bckhl,246,0.37398373983739835,197.0,Back of the Hill
2026-08-28,Green,place-bcnfd,197,0.4517766497461929,258.0,Beaconsfield
2026-08-28,Green,place-bcnwa,222,0.32432432432432434,116.5,Washington Square
2026-08-28,Green,place-bland,234,0.34615384615384615,174.0,Blandford Street
2026-08-28,Green,place-boyls,895,0.423463687150838,227.0,Boylston
2026-08-28,Green,place-brico,237,0.35443037974683544,183.0,Packards Corner
2026-08-28,Green,place-brkhl,202,0.44554455445544555,229.0,Brookline Hills
2026-08-28,Green,place-brmnl,246,0.3902439024390244,219.5,Brigham Circle
2026-08-28,Green,place-bucen,236,0.3474576271186441,179.0,Boston University Central
2026-08-28,Green,place-buest,233,0.34763948497854075,168.0,Boston University East
2026-08-28,Green,place-bvmnl,202,0.4504950495049505,221.0,Brookline Village
2026-08-28,Green,place-chhil,196,0.4336734693877551,223.5,Chestnut Hill
2026-08-28,Green,place-chill,228,0.37719298245614036,187.5,Chestnut Hill Avenue
2026-08-28,Green,place-chswk,226,0.37168141592920356,177.5,Chiswick Road
2026-08-28,Green,place-coecl,883,0.40090600226500567,206.0,Copley
2026-08-28,Green,place-cool,224,0.3169642857142857,146.0,Coolidge Corner
2026-08-28,Green,place-denrd,209,0.291866028708134,68.0,Dean Road
2026-08-28,Green,place-eliot,196,0.42346938775510207,219.5,Eliot
2026-08-28,Green,place-engav,214,0.3177570093457944,94.0,Englewood Avenue
2026-08-28,Green,place-esomr,258,0.35658914728682173,173.5,East Somerville
2026-08-28,Green,place-fbkst,224,0.32142857142857145,142.5,Fairbanks Street
2026-08-28,Green,place-fenwd,248,0.40725806451612906,218.5,Fenwood Road
2026-08-28,Green,place-fenwy,202,0.4207920792079208,232.5,Fenway
2026-08-28,Green,place-gilmn,268,0.33955223880597013,163.5,Gilman Square
2026-08-28,Green,place-gover,428,0.4649532710280374,270.5,Government Center
2026-08-28,Green,place-grigg,233,0.37339055793991416,180.0,Griggs Street
2026-08-28,Green,place-haecl,435,0.41839080459770117,230.0,Haymarket
2026-08-28,Green,place-harvd,234,0.34615384615384615,169.5,Harvard Avenue
2026-08-28,Green,place-hwsst,223,0.3094170403587444,154.0,Hawes Street
2026-08-28,Green,place-hymnl,637,0.37676609105180536,190.0,Hynes Convention Center
2026-08-28,Green,place-kencl,655,0.35572519083969467,177.0,Kenmore
2026-08-28,Green,place-kntst,218,0.3119266055045872,159.0,Kent Street
2026-08-28,Green,place-lech,452,0.37168141592920356,174.0,Lechmere
2026-08-28,Green,place-lngmd,254,0.40551181102362205,226.0,Longwood Medical Area
2026-08-28,Green,place-longw,203,0.4482758620689655,240.0,Longwood
2026-08-28,Green,place-mfa,254,0.4015748031496063,232.0,Museum of Fine Arts
2026-08-28,Green,place-mgngl,267,0.3295880149812734,151.0,Magoun Square
2026-08-28,Green,place-mispk,251,0.3386454183266932,171.0,Mission Park
2026-08-28,Green,place-newtn,198,0.4090909090909091,239.5,Newton Highlands
2026-08-28,Green,place-newto,196,0.42346938775510207,226.0,Newton Centre
2026-08-28,Green,place-north,446,0.3968609865470852,204.0,North Station
2026-08-28,Green,place-nuniv,252,0.38095238095238093,200.5,Northeastern University
2026-08-28,Green,place-pktrm,825,0.4254545454545455,233.0,Park Street
2026-08-28,Green,place-prmnl,248,0.39919354838709675,199.0,Prudential
2026-08-28,Green,place-rsmnl,194,0.4484536082474227,238.0,Reservoir
2026-08-28,Green,place-rvrwy,248,0.36693548387096775,193.0,Riverway
2026-08-28,Green,place-smary,222,0.3108108108108108,135.5,Saint Marys Street
2026-08-28,Green,place-sougr,225,0.3466666666666667,164.0,South Street
2026-08-28,Green,place-spmnl,449,0.40757238307349664,213.0,Science Park
2026-08-28,Green,place-sthld,227,0.3568281938325991,173.0,Sutherland Road
2026-08-28,Green,place-stpul,220,0.32727272727272727,161.5,Saint Paul Street
2026-08-28,Green,place-sumav,224,0.33035714285714285,126.5,Summit Avenue
2026-08-28,Green,place-tapst,216,0.3055555555555556,83.0,Tappan Street
2026-08-28,Green,place-waban,198,0.37373737373737376,180.0,Waban
2026-08-28,Green,place-wascm,234,0.3717948717948718,180.5,Washington Street
2026-08-28,Green,place-woodl,197,0.39086294416243655,196.0,Woodland
2026-08-28,Green,place-wrnst,234,0.3504273504273504,152.0,Warren Street
2026-08-28,Mattapan,place-butlr,250,0.084,-22.5,Butler
2026-08-28,Mattapan,place-capst,246,0.08130081300813008,12.5,Capen Street
2026-08-28,Mattapan,place-cedgr,249,0.10040160642570281,-22.0,Cedar Grove
2026-08-28,Mattapan,place-cenav,250,0.068,1.0,Central Avenue
2026-08-28,Mattapan,place-miltt,249,0.0642570281124498,-29.0,Milton
2026-08-28,Mattapan,place-valrd,248,0.07258064516129033,18.0,Valley Road
2026-08-28,Orange,place-grnst,264,0.1893939393939394,66.0,Green Street
2026-08-28,Orange,place-jaksn,262,0.1984732824427481,70.5,Jackson Square
2026-08-28,Orange,place-masta,264,0.20833333333333334,80.0,Massachusetts Avenue
2026-08-28,Orange,place-rcmnl,268,0.17537313432835822,50.5,Roxbury Crossing
2026-08-28,Orange,place-rugg,265,0.17735849056603772,64.0,Ruggles
2026-08-28,Orange,place-sbmnl,265,0.2188679245283019,89.0,Stony Brook
2026-08-28,Red,place-andrw,423,0.2718676122931442,153.0,Andrew
2026-08-28,Red,place-brdwy,419,0.2649164677804296,156.0,Broadway
2026-08-28,Red,place-chmnl,414,0.2632850241545894,164.5,Charles/MGH
2026-08-28,Red,place-cntsq,417,0.2182254196642686,154.0,Central
2026-08-28,Red,place-davis,412,0.20631067961165048,127.5,Davis
2026-08-28,Red,place-dwnxg,197,0.16751269035532995,140.0,Downtown Crossing
2026-08-28,Red,place-fldcr,212,0.24056603773584906,93.5,Fields Corner
2026-08-28,Red,place-harsq,415,0.2216867469879518,153.0,Harvard
2026-08-28,Red,place-jfk,421,0.25415676959619954,139.0,JFK/UMass
2026-08-28,Red,place-knncl,415,0.25060240963855424,165.0,Kendall/MIT
2026-08-28,Red,place-nqncy,207,0.26570048309178745,170.0,North Quincy
2026-08-28,Red,place-pktrm,202,0.15346534653465346,105.0,Park Street
2026-08-28,Red,place-portr,413,0.24939467312348668,164.0,Porter
2026-08-28,Red,place-qamnl,207,0.2560386473429952,162.0,Quincy Adams
2026-08-28,Red,place-qnctr,206,0.28640776699029125,159.0,Quincy Center
2026-08-28,Red,place-shmnl,214,0.2523364485981308,91.0,Savin Hill
2026-08-28,Red,place-smmnl,214,0.2336448598130841,103.5,Shawmut
2026-08-28,Red,place-sstat,411,0.26277372262773724,174.0,South Station
2026-08-28,Red,place-wlsta,206,0.27184466019417475,167.5,Wollaston
2026-08-29,Blue,place-aport,294,0.09523809523809523,35.0,Airport
2026-08-29,Blue,place-aqucl,294,0.09183673469387756,30.5,Aquarium
2026-08-29,Blue,place-bmmnl,295,0.07457627118644068,5.0,Beachmont
2026-08-29,Blue,place-gover,293,0.09556313993174062,41.0,Government Center
2026-08-29,Blue,place-mvbcl,294,0.09183673469387756,50.5,Maverick
2026-08-29,Blue,place-orhte,296,0.06756756756756757,36.5,Orient Heights
2026-08-29,Blue,place-rbmnl,295,0.0711864406779661,3.0,Revere Beach
2026-08-29,Blue,place-sdmnl,295,0.06779661016949153,27.0,Suffolk Downs
2026-08-29,Blue,place-state,293,0.09215017064846416,40.0,State
2026-08-29,Blue,place-wimnl,296,0.0945945945945946,53.5,Wood Island
2026-08-29,Green,place-alsgr,13,0.15384615384615385,-520.0,Allston Street
2026-08-29,Green,place-amory,14,0.14285714285714285,-657.5,Amory Street
2026-08-29,Green,place-armnl,86,0.26744186046511625,-462.5,Arlington
2026-08-29,Green,place-babck,14,0.14285714285714285,-699.5,Babcock Street
2026-08-29,Green,place-balsq,23,0.34782608695652173,7.0,Ball Square
2026-08-29,Green,place-bckhl,19,0.3157894736842105,-312.0,Back of the Hill
2026-08-29,Green,place-bcnfd,23,0.30434782608695654,-476.0,Beaconsfield
2026-08-29,Green,place-bcnwa,24,0.20833333333333334,-553.0,Washington Square
2026-08-29,Green,place-bland,14,0.14285714285714285,-639.0,Blandford Street
2026-08-29,Green,place-boyls,83,0.27710843373493976,-450.0,Boylston
2026-08-29,Green,place-brico,14,0.14285714285714285,-639.0,Packards Corner
2026-08-29,Green,place-brkhl,23,0.30434782608695654,-452.0,Brookline Hills
2026-08-29,Green,place-brmnl,20,0.35,-271.5,Brigham Circle
2026-08-29,Green,place-bucen,14,0.14285714285714285,-635.0,Boston University Central
2026-08-29,Green,place-buest,14,0.14285714285714285,-633.5,Boston University East
2026-08-29,Green,place-bvmnl,25,0.28,-491.0,Brookline Village
2026-08-29,Green,place-chhil,24,0.3333333333333333,-433.5,Chestnut Hill
2026-08-29,Green,place-chill,13,0.15384615384615385,-354.0,Chestnut Hill Avenue
2026-08-29,Green,place-chswk,13,0.15384615384615385,-360.0,Chiswick Road
2026-08-29,Green,place-coecl,82,0.2682926829268293,-481.5,Copley
2026-08-29,Green,place-cool,24,0.25,-454.0,Coolidge Corner
2026-08-29,Green,place-denrd,21,0.23809523809523808,-474.0,Dean Road
2026-08-29,Green,place-eliot,23,0.30434782608695654,-433.0,Eliot
2026-08-29,Green,place-engav,19,0.2631578947368421,-467.0,Englewood Avenue
2026-08-29,Green,place-esomr,22,0.36363636363636365,50.5,East Somerville
2026-08-29,Green,place-fbkst,23,0.21739130434782608,-460.0,Fairbanks Street
2026-08-29,Green,place-fenwd,20,0.35,-263.0,Fenwood Road
2026-08-29,Green,place-fenwy,26,0.3076923076923077,-538.0,Fenway
2026-08-29,Green,place-gilmn,23,0.34782608695652173,4.0,Gilman Square
2026-08-29,Green,place-gover,48,0.2916666666666667,-479.5,Government Center
2026-08-29,Green,place-grigg,13,0.15384615384615385,-521.0,Griggs Street
2026-08-29,Green,place-haecl,46,0.2608695652173913,-492.0,Haymarket
2026-08-29,Green,place-harvd,14,0.14285714285714285,-679.0,Harvard Avenue
2026-08-29,Green,place-hwsst,26,0.23076923076923078,-585.5,Hawes Street
2026-08-29,Green,place-hymnl,61,0.26229508196721313,-616.0,Hynes Convention Center
2026-08-29,Green,place-kencl,63,0.23809523809523808,-634.0,Kenmore
2026-08-29,Green,place-kntst,26,0.23076923076923078,-527.0,Kent Street
2026-08-29,Green,place-lech,44,0.29545454545454547,-388.5,Lechmere
2026-08-29,Green,place-lngmd,20,0.35,-296.0,Longwood Medical Area
2026-08-29,Green,place-longw,24,0.2916666666666667,-470.0,Longwood
2026-08-29,Green,place-mfa,19,0.3684210526315789,-158.0,Museum of Fine Arts
2026-08-29,Green,place-mgngl,23,0.34782608695652173,29.0,Magoun Square
2026-08-29,Green,place-mispk,20,0.3,-290.5,Mission Park
2026-08-29,Green,place-newtn,23,0.30434782608695654,-473.0,Newton Highlands
2026-08-29,Green,place-newto,22,0.3181818181818182,-432.5,Newton Centre
2026-08-29,Green,place-north,47,0.2765957446808511,-460.0,North Station
2026-08-29,Green,place-nuniv,20,0.35,-94.5,Northeastern University
2026-08-29,Green,place-pktrm,84,0.27380952380952384,-485.0,Park Street
2026-08-29,Green,place-prmnl,22,0.3181818181818182,-200.0,Prudential
2026-08-29,Green,place-rsmnl,24,0.3333333333333333,-431.0,Reservoir
2026-08-29,Green,place-rvrwy,19,0.3157894736842105,-331.0,Riverway
2026-08-29,Green,place-smary,24,0.25,-584.0,Saint Marys Street
2026-08-29,Green,place-sougr,12,0.16666666666666666,-198.5,South Street
2026-08-29,Green,place-spmnl,44,0.29545454545454547,-390.0,Science Park
2026-08-29,Green,place-sthld,13,0.23076923076923078,-355.0,Sutherland Road
2026-08-29,Green,place-stpul,25,0.28,-477.0,Saint Paul Street
2026-08-29,Green,place-sumav,24,0.20833333333333334,-488.5,Summit Avenue
2026-08-29,Green,place-tapst,24,0.25,-455.5,Tappan Street
2026-08-29,Green,place-waban,23,0.2608695652173913,-449.0,Waban
2026-08-29,Green,place-wascm,13,0.15384615384615385,-424.0,Washington Street
2026-08-29,Green,place-woodl,23,0.21739130434782608,-516.0,Woodland
2026-08-29,Green,place-wrnst,13,0.15384615384615385,-472.0,Warren Street
2026-08-29,Mattapan,place-asmnl,8,0.25,-19.5,Ashmont
2026-08-29,Mattapan,place-butlr,181,0.016574585635359115,-28.0,Butler
2026-08-29,Mattapan,place-capst,183,0.03825136612021858,-28.0,Capen Street
2026-08-29,Mattapan,place-cedgr,184,0.0,-28.5,Cedar Grove
2026-08-29,Mattapan,place-cenav,184,0.03804347826086957,-63.0,Central Avenue
2026-08-29,Mattapan,place-miltt,183,0.03278688524590164,-37.0,Milton
2026-08-29,Mattapan,place-valrd,184,0.03804347826086957,-30.0,Valley Road
2026-08-29,Orange,place-grnst,194,0.005154639175257732,29.0,Green Street
2026-08-29,Orange,place-jaksn,201,0.009950248756218905,-34.0,Jackson Square
2026-08-29,Orange,place-masta,201,0.009950248756218905,-40.0,Massachusetts Avenue
2026-08-29,Orange,place-rcmnl,200,0.01,-57.0,Roxbury Crossing
2026-08-29,Orange,place-rugg,201,0.009950248756218905,-57.0,Ruggles
2026-08-29,Orange,place-sbmnl,194,0.005154639175257732,-4.5,Stony Brook
2026-08-29,Red,place-andrw,318,0.18238993710691823,85.0,Andrew
2026-08-29,Red,place-brdwy,318,0.16981132075471697,86.5,Broadway
2026-08-29,Red,place-chmnl,316,0.1518987341772152,95.0,Charles/MGH
2026-08-29,Red,place-cntsq,316,0.14556962025316456,94.0,Central
2026-08-29,Red,place-davis,316,0.14873417721518986,101.5,Davis
2026-08-29,Red,place-dwnxg,155,0.1032258064516129,57.0,Downtown Crossing
2026-08-29,Red,place-fldcr,166,0.1566265060240964,44.0,Fields Corner
2026-08-29,Red,place-harsq,316,0.14240506329113925,94.0,Harvard
2026-08-29,Red,place-jfk,317,0.17034700315457413,87.0,JFK/UMass
2026-08-29,Red,place-knncl,315,0.1492063492063492,92.0,Kendall/MIT
2026-08-29,Red,place-nqncy,151,0.17880794701986755,106.0,North Quincy
2026-08-29,Red,place-pktrm,155,0.08387096774193549,40.0,Park Street
2026-08-29,Red,place-portr,316,0.1518987341772152,110.5,Porter
2026-08-29,Red,place-qamnl,149,0.1610738255033557,100.0,Quincy Adams
2026-08-29,Red,place-qnctr,151,0.17218543046357615,102.0,Quincy Center
2026-08-29,Red,place-shmnl,165,0.15151515151515152,28.0,Savin Hill
2026-08-29,Red,place-smmnl,166,0.1566265060240964,53.0,Shawmut
2026-08-29,Red,place-sstat,316,0.17405063291139242,87.0,South Station
2026-08-29,Red,place-wlsta,151,0.17880794701986755,100.0,Wollaston
2026-08-30,Blue,place-aport,288,0.020833333333333332,24.0,Airport
2026-08-30,Blue,place-aqucl,288,0.024305555555555556,24.0,Aquarium
2026-08-30,Blue,place-bmmnl,288,0.010416666666666666,-9.0,Beachmont
2026-08-30,Blue,place-gover,287,0.027874564459930314,26.0,Government Center
2026-08-30,Blue,place-mvbcl,288,0.024305555555555556,34.0,Maverick
2026-08-30,Blue,place-orhte,288,0.013888888888888888,20.5,Orient Heights
2026-08-30,Blue,place-rbmnl,288,0.013888888888888888,-5.5,Revere Beach
2026-08-30,Blue,place-sdmnl,288,0.013888888888888888,13.0,Suffolk Downs
2026-08-30,Blue,place-state,288,0.024305555555555556,23.0,State
2026-08-30,Blue,place-wimnl,288,0.017361111111111112,38.0,Wood Island
2026-08-30,Green,place-alsgr,34,0.17647058823529413,-609.0,Allston Street
2026-08-30,Green,place-amory,32,0.21875,-495.5,Amory Street
2026-08-30,Green,place-armnl,94,0.1702127659574468,-612.5,Arlington
2026-08-30,Green,place-babck,32,0.1875,-543.5,Babcock Street
2026-08-30,Green,place-balsq,9,0.1111111111111111,-841.0,Ball Square
2026-08-30,Green,place-bckhl,11,0.09090909090909091,-655.0,Back of the Hill
2026-08-30,Green,place-bcnfd,37,0.21621621621621623,-565.0,Beaconsfield
2026-08-30,Green,place-bcnwa,20,0.1,-604.5,Washington Square
2026-08-30,Green,place-bland,30,0.16666666666666666,-508.0,Blandford Street
2026-08-30,Green,place-boyls,99,0.18181818181818182,-602.0,Boylston
2026-08-30,Green,place-brico,32,0.1875,-488.5,Packards Corner
2026-08-30,Green,place-brkhl,36,0.19444444444444445,-652.0,Brookline Hills
2026-08-30,Green,place-brmnl,11,0.18181818181818182,-567.0,Brigham Circle
2026-08-30,Green,place-bucen,30,0.2,-461.0,Boston University Central
2026-08-30,Green,place-buest,30,0.2,-478.5,Boston University East
2026-08-30,Green,place-bvmnl,36,0.2222222222222222,-498.5,Brookline Village
2026-08-30,Green,place-chhil,34,0.23529411764705882,-544.5,Chestnut Hill
2026-08-30,Green,place-chill,36,0.19444444444444445,-626.0,Chestnut Hill Avenue
2026-08-30,Green,place-chswk,34,0.20588235294117646,-538.5,Chiswick Road
2026-08-30,Green,place-coecl,93,0.1827956989247312,-555.0,Copley
2026-08-30,Green,place-cool,20,0.1,-665.0,Coolidge Corner
2026-08-30,Green,place-denrd,20,0.1,-660.0,Dean Road
2026-08-30,Green,place-eliot,34,0.14705882352941177,-541.0,Eliot
2026-08-30,Green,place-engav,20,0.1,-648.5,Englewood Avenue
2026-08-30,Green,place-esomr,9,0.1111111111111111,-851.0,East Somerville
2026-08-30,Green,place-fbkst,21,0.09523809523809523,-673.0,Fairbanks Street
2026-08-30,Green,place-fenwd,11,0.18181818181818182,-576.0,Fenwood Road
2026-08-30,Green,place-fenwy,35,0.2,-490.0,Fenway
2026-08-30,Green,place-gilmn,9,0.1111111111111111,-846.0,Gilman Square
2026-08-30,Green,place-gover,44,0.20454545454545456,-471.5,Government Center
2026-08-30,Green,place-grigg,33,0.18181818181818182,-591.0,Griggs Street
2026-08-30,Green,place-haecl,41,0.24390243902439024,-443.0,Haymarket
2026-08-30,Green,place-harvd,34,0.17647058823529413,-604.0,Harvard Avenue
2026-08-30,Green,place-hwsst,21,0.09523809523809523,-738.0,Hawes Street
2026-08-30,Green,place-hymnl,82,0.17073170731707318,-625.0,Hynes Convention Center
2026-08-30,Green,place-kencl,86,0.16279069767441862,-537.0,Kenmore
2026-08-30,Green,place-kntst,21,0.09523809523809523,-655.0,Kent Street
2026-08-30,Green,place-lech,41,0.17073170731707318,-449.0,Lechmere
2026-08-30,Green,place-lngmd,12,0.16666666666666666,-631.0,Longwood Medical Area
2026-08-30,Green,place-longw,35,0.17142857142857143,-504.0,Longwood
2026-08-30,Green,place-mfa,11,0.18181818181818182,-648.0,Museum of Fine Arts
2026-08-30,Green,place-mgngl,9,0.1111111111111111,-824.0,Magoun Square
2026-08-30,Green,place-mispk,11,0.18181818181818182,-590.0,Mission Park
2026-08-30,Green,place-newtn,34,0.23529411764705882,-479.5,Newton Highlands
2026-08-30,Green,place-newto,35,0.2571428571428571,-458.0,Newton Centre
2026-08-30,Green,place-north,41,0.1951219512195122,-469.0,North Station
2026-08-30,Green,place-nuniv,11,0.18181818181818182,-680.0,Northeastern University
2026-08-30,Green,place-pktrm,99,0.16161616161616163,-669.0,Park Street
2026-08-30,Green,place-prmnl,10,0.2,-343.0,Prudential
2026-08-30,Green,place-rsmnl,33,0.21212121212121213,-573.0,Reservoir
2026-08-30,Green,place-rvrwy,10,0.1,-618.5,Riverway
2026-08-30,Green,place-smary,21,0.14285714285714285,-756.0,Saint Marys Street
2026-08-30,Green,place-sougr,34,0.20588235294117646,-569.5,South Street
2026-08-30,Green,place-spmnl,42,0.19047619047619047,-399.5,Science Park
2026-08-30,Green,place-sthld,34,0.20588235294117646,-539.5,Sutherland Road
2026-08-30,Green,place-stpul,21,0.14285714285714285,-605.0,Saint Paul Street
2026-08-30,Green,place-sumav,21,0.09523809523809523,-782.0,Summit Avenue
2026-08-30,Green,place-tapst,20,0.1,-656.0,Tappan Street
2026-08-30,Green,place-waban,33,0.12121212121212122,-572.0,Waban
2026-08-30,Green,place-wascm,35,0.2,-540.0,Washington Street
2026-08-30,Green,place-woodl,33,0.12121212121212122,-561.0,Woodland
2026-08-30,Green,place-wrnst,35,0.2,-599.0,Warren Street
2026-08-30,Mattapan,place-butlr,175,0.03428571428571429,7.0,Butler
2026-08-30,Mattapan,place-capst,174,0.034482758620689655,-3.0,Capen Street
2026-08-30,Mattapan,place-cedgr,175,0.04,-4.0,Cedar Grove
2026-08-30,Mattapan,place-cenav,175,0.02857142857142857,-29.0,Central Avenue
2026-08-30,Mattapan,place-miltt,174,0.040229885057471264,-1.5,Milton
2026-08-30,Mattapan,place-valrd,175,0.03428571428571429,-4.0,Valley Road
2026-08-30,Orange,place-grnst,229,0.021834061135371178,30.0,Green Street
2026-08-30,Orange,place-jaksn,228,0.021929824561403508,-34.5,Jackson Square
2026-08-30,Orange,place-masta,230,0.021739130434782608,-40.0,Massachusetts Avenue
2026-08-30,Orange,place-rcmnl,230,0.021739130434782608,-49.5,Roxbury Crossing
2026-08-30,Orange,place-rugg,230,0.021739130434782608,-48.5,Ruggles
2026-08-30,Orange,place-sbmnl,229,0.021834061135371178,-3.0,Stony Brook
2026-08-30,Red,place-andrw,333,0.08108108108108109,41.0,Andrew
2026-08-30,Red,place-brdwy,332,0.0783132530120482,44.5,Broadway
2026-08-30,Red,place-chmnl,333,0.0990990990990991,59.0,Charles/MGH
2026-08-30,Red,place-cntsq,333,0.0990990990990991,49.0,Central
2026-08-30,Red,place-davis,334,0.09580838323353294,75.0,Davis
2026-08-30,Red,place-dwnxg,167,0.059880239520958084,19.0,Downtown Crossing
2026-08-30,Red,place-fldcr,164,0.10365853658536585,14.5,Fields Corner
2026-08-30,Red,place-harsq,334,0.11976047904191617,77.5,Harvard
2026-08-30,Red,place-jfk,334,0.08083832335329341,51.5,JFK/UMass
2026-08-30,Red,place-knncl,333,0.09309309309309309,55.0,Kendall/MIT
2026-08-30,Red,place-nqncy,168,0.05952380952380952,54.0,North Quincy
2026-08-30,Red,place-pktrm,167,0.0718562874251497,-2.0,Park Street
2026-08-30,Red,place-portr,333,0.11411411411411411,99.0,Porter
2026-08-30,Red,place-qamnl,168,0.05357142857142857,72.0,Quincy Adams
2026-08-30,Red,place-qnctr,168,0.05952380952380952,53.5,Quincy Center
2026-08-30,Red,place-shmnl,164,0.0975609756097561,5.5,Savin Hill
2026-08-30,Red,place-smmnl,164,0.0975609756097561,26.5,Shawmut
2026-08-30,Red,place-sstat,333,0.08108108108108109,45.0,South Station
2026-08-30,Red,place-wlsta,168,0.05952380952380952,46.0,Wollaston
2026-08-31,Blue,place-aport,362,0.3314917127071823,127.0,Airport
2026-08-31,Blue,place-aqucl,360,0.3638888888888889,164.5,Aquarium
2026-08-31,Blue,place-bmmnl,358,0.3128491620111732,125.5,Beachmont
2026-08-31,Blue,place-gover,362,0.356353591160221,140.5,Government Center
2026-08-31,Blue,place-mvbcl,362,0.3314917127071823,146.5,Maverick
2026-08-31,Blue,place-orhte,359,0.31754874651810583,123.0,Orient Heights
2026-08-31,Blue,place-rbmnl,356,0.32865168539325845,136.0,Revere Beach
2026-08-31,Blue,place-sdmnl,357,0.3333333333333333,158.0,Suffolk Downs
2026-08-31,Blue,place-state,360,0.35833333333333334,162.0,State
2026-08-31,Blue,place-wimnl,361,0.33240997229916897,137.0,Wood Island
2026-08-31,Green,place-alsgr,228,0.18421052631578946,39.5,Allston Street
2026-08-31,Green,place-amory,236,0.21610169491525424,76.0,Amory Street
2026-08-31,Green,place-armnl,970,0.2752577319587629,125.0,Arlington
2026-08-31,Green,place-babck,237,0.21940928270042195,65.0,Babcock Street
2026-08-31,Green,place-balsq,265,0.10566037735849057,20.0,Ball Square
2026-08-31,Green,place-bckhl,246,0.17479674796747968,23.0,Back of the Hill
2026-08-31,Green,place-bcnfd,223,0.45739910313901344,275.0,Beaconsfield
2026-08-31,Green,place-bcnwa,240,0.20833333333333334,111.0,Washington Square
2026-08-31,Green,place-bland,228,0.2149122807017544,52.5,Blandford Street
2026-08-31,Green,place-boyls,963,0.2782969885773624,135.0,Boylston
2026-08-31,Green,place-brico,237,0.21518987341772153,36.0,Packards Corner
2026-08-31,Green,place-brkhl,225,0.4666666666666667,258.0,Brookline Hills
2026-08-31,Green,place-brmnl,247,0.14979757085020243,6.0,Brigham Circle
2026-08-31,Green,place-bucen,233,0.2145922746781116,36.0,Boston University Central
2026-08-31,Green,place-buest,232,0.1939655172413793,33.0,Boston University East
2026-08-31,Green,place-bvmnl,227,0.46255506607929514,264.0,Brookline Village
2026-08-31,Green,place-chhil,225,0.39555555555555555,200.0,Chestnut Hill
2026-08-31,Green,place-chill,217,0.21658986175115208,41.0,Chestnut Hill Avenue
2026-08-31,Green,place-chswk,218,0.21559633027522937,16.0,Chiswick Road
2026-08-31,Green,place-coecl,930,0.26881720430107525,116.0,Copley
2026-08-31,Green,place-cool,243,0.18930041152263374,117.0,Coolidge Corner
2026-08-31,Green,place-denrd,232,0.21120689655172414,63.0,Dean Road
2026-08-31,Green,place-eliot,224,0.4107142857142857,202.0,Eliot
2026-08-31,Green,place-engav,224,0.24107142857142858,97.0,Englewood Avenue
2026-08-31,Green,place-esomr,262,0.13740458015267176,50.0,East Somerville
2026-08-31,Green,place-fbkst,243,0.22633744855967078,127.0,Fairbanks Street
2026-08-31,Green,place-fenwd,249,0.19678714859437751,43.0,Fenwood Road
2026-08-31,Green,place-fenwy,224,0.44642857142857145,255.5,Fenway
2026-08-31,Green,place-gilmn,267,0.1348314606741573,38.0,Gilman Square
2026-08-31,Green,place-gover,483,0.3146997929606625,155.0,Government Center
2026-08-31,Green,place-grigg,230,0.19130434782608696,38.0,Griggs Street
2026-08-31,Green,place-haecl,486,0.28600823045267487,131.5,Haymarket
2026-08-31,Green,place-harvd,237,0.1940928270042194,47.0,Harvard Avenue
2026-08-31,Green,place-hwsst,252,0.2261904761904762,168.5,Hawes Street
2026-08-31,Green,place-hymnl,674,0.3026706231454006,148.0,Hynes Convention Center
2026-08-31,Green,place-kencl,697,0.2855093256814921,137.0,Kenmore
2026-08-31,Green,place-kntst,252,0.24206349206349206,158.0,Kent Street
2026-08-31,Green,place-lech,490,0.2653061224489796,85.5,Lechmere
2026-08-31,Green,place-lngmd,250,0.156,18.5,Longwood Medical Area
2026-08-31,Green,place-longw,224,0.45089285714285715,258.0,Longwood
2026-08-31,Green,place-mfa,253,0.18181818181818182,4.0,Museum of Fine Arts
2026-08-31,Green,place-mgngl,269,0.13382899628252787,53.0,Magoun Square
2026-08-31,Green,place-mispk,248,0.16532258064516128,-14.5,Mission Park
2026-08-31,Green,place-newtn,223,0.3991031390134529,217.0,Newton Highlands
2026-08-31,Green,place-newto,222,0.40540540540540543,200.5,Newton Centre
2026-08-31,Green,place-north,491,0.285132382892057,120.0,North Station
2026-08-31,Green,place-nuniv,253,0.16205533596837945,-10.0,Northeastern University
2026-08-31,Green,place-pktrm,914,0.2811816192560175,124.0,Park Street
2026-08-31,Green,place-prmnl,255,0.1843137254901961,18.0,Prudential
2026-08-31,Green,place-rsmnl,226,0.415929203539823,213.0,Reservoir
2026-08-31,Green,place-rvrwy,247,0.1862348178137652,25.0,Riverway
2026-08-31,Green,place-smary,251,0.22310756972111553,156.0,Saint Marys Street
2026-08-31,Green,place-sougr,223,0.20179372197309417,-16.0,South Street
2026-08-31,Green,place-spmnl,487,0.29568788501026694,116.0,Science Park
2026-08-31,Green,place-sthld,220,0.21363636363636362,31.5,Sutherland Road
2026-08-31,Green,place-stpul,249,0.23293172690763053,151.0,Saint Paul Street
2026-08-31,Green,place-sumav,245,0.23265306122448978,103.0,Summit Avenue
2026-08-31,Green,place-tapst,237,0.22784810126582278,89.0,Tappan Street
2026-08-31,Green,place-waban,220,0.4,184.5,Waban
2026-08-31,Green,place-wascm,228,0.19298245614035087,42.0,Washington Street
2026-08-31,Green,place-woodl,213,0.38967136150234744,198.0,Woodland
2026-08-31,Green,place-wrnst,227,0.17180616740088106,12.0,Warren Street
2026-08-31,Mattapan,place-asmnl,4,0.0,-570.5,Ashmont
2026-08-31,Mattapan,place-butlr,226,0.06637168141592921,-31.5,Butler
2026-08-31,Mattapan,place-capst,226,0.084070796460177,1.0,Capen Street
2026-08-31,Mattapan,place-cedgr,230,0.07391304347826087,-44.5,Cedar Grove
2026-08-31,Mattapan,place-cenav,229,0.07423580786026202,-13.0,Central Avenue
2026-08-31,Mattapan,place-miltt,228,0.06578947368421052,-47.0,Milton
2026-08-31,Mattapan,place-valrd,224,0.07589285714285714,0.0,Valley Road
2026-08-31,Orange,place-astao,372,0.27956989247311825,96.5,Assembly
2026-08-31,Orange,place-bbsta,374,0.24064171122994651,66.0,Back Bay
2026-08-31,Orange,place-ccmnl,375,0.2826666666666667,80.0,Community College
2026-08-31,Orange,place-chncl,374,0.24598930481283424,72.0,Chinatown
2026-08-31,Orange,place-dwnxg,373,0.24664879356568364,80.0,Downtown Crossing
2026-08-31,Orange,place-grnst,373,0.24932975871313673,83.0,Green Street
2026-08-31,Orange,place-haecl,373,0.24396782841823056,74.0,Haymarket
2026-08-31,Orange,place-jaksn,372,0.25,72.0,Jackson Square
2026-08-31,Orange,place-masta,373,0.24396782841823056,71.0,Massachusetts Avenue
2026-08-31,Orange,place-mlmnl,374,0.30213903743315507,117.5,Malden Center
2026-08-31,Orange,place-north,375,0.24266666666666667,76.0,North Station
2026-08-31,Orange,place-rcmnl,372,0.25268817204301075,58.0,Roxbury Crossing
2026-08-31,Orange,place-rugg,373,0.26005361930294907,88.0,Ruggles
2026-08-31,Orange,place-sbmnl,374,0.24598930481283424,70.0,Stony Brook
2026-08-31,Orange,place-state,371,0.2371967654986523,51.0,State
2026-08-31,Orange,place-sull,374,0.2727272727272727,85.5,Sullivan Square
2026-08-31,Orange,place-tumnl,374,0.24064171122994651,67.0,Tufts Medical Center
2026-08-31,Orange,place-welln,373,0.2868632707774799,100.0,Wellington
2026-08-31,Red,place-andrw,417,0.2517985611510791,145.0,Andrew
2026-08-31,Red,place-brdwy,417,0.2422062350119904,146.0,Broadway
2026-08-31,Red,place-chmnl,416,0.22355769230769232,144.0,Charles/MGH
2026-08-31,Red,place-cntsq,416,0.20673076923076922,129.0,Central
2026-08-31,Red,place-davis,416,0.22596153846153846,118.0,Davis
2026-08-31,Red,place-dwnxg,204,0.1568627450980392,93.0,Downtown Crossing
2026-08-31,Red,place-fldcr,196,0.10714285714285714,68.5,Fields Corner
2026-08-31,Red,place-harsq,416,0.21634615384615385,135.0,Harvard
2026-08-31,Red,place-jfk,417,0.23261390887290168,128.0,JFK/UMass
2026-08-31,Red,place-knncl,416,0.22355769230769232,143.5,Kendall/MIT
2026-08-31,Red,place-nqncy,219,0.2968036529680365,152.0,North Quincy
2026-08-31,Red,place-pktrm,203,0.13793103448275862,63.0,Park Street
2026-08-31,Red,place-portr,416,0.2668269230769231,145.5,Porter
2026-08-31,Red,place-qamnl,220,0.2818181818181818,141.5,Quincy Adams
2026-08-31,Red,place-qnctr,219,0.2922374429223744,150.0,Quincy Center
2026-08-31,Red,place-shmnl,196,0.1326530612244898,87.5,Savin Hill
2026-08-31,Red,place-smmnl,196,0.11224489795918367,74.0,Shawmut
2026-08-31,Red,place-sstat,417,0.2302158273381295,143.0,South Station
2026-08-31,Red,place-wlsta,219,0.3013698630136986,143.0,Wollaston
2026-09-01,Blue,place-aport,261,0.46360153256704983,257.0,Airport
2026-09-01,Blue,place-aqucl,263,0.49429657794676807,285.0,Aquarium
2026-09-01,Blue,place-bmmnl,257,0.4669260700389105,281.0,Beachmont
2026-09-01,Blue,place-gover,267,0.4606741573033708,264.0,Government Center
2026-09-01,Blue,place-mvbcl,267,0.4756554307116105,273.0,Maverick
2026-09-01,Blue,place-orhte,254,0.48031496062992124,264.5,Orient Heights
2026-09-01,Blue,place-rbmnl,257,0.4708171206225681,281.0,Revere Beach
2026-09-01,Blue,place-sdmnl,256,0.51953125,311.5,Suffolk Downs
2026-09-01,Blue,place-state,262,0.4847328244274809,288.0,State
2026-09-01,Blue,place-wimnl,259,0.4555984555984556,250.0,Wood Island
2026-09-01,Green,place-alsgr,215,0.18604651162790697,57.0,Allston Street
2026-09-01,Green,place-amory,217,0.22119815668202766,96.0,Amory Street
2026-09-01,Green,place-armnl,960,0.215625,51.5,Arlington
2026-09-01,Green,place-babck,216,0.21296296296296297,86.0,Babcock Street
2026-09-01,Green,place-balsq,277,0.061371841155234655,-6.0,Ball Square
2026-09-01,Green,place-bckhl,256,0.16015625,-45.5,Back of the Hill
2026-09-01,Green,place-bcnfd,229,0.35807860262008734,184.0,Beaconsfield
2026-09-01,Green,place-bcnwa,260,0.11538461538461539,48.0,Washington Square
2026-09-01,Green,place-bland,214,0.24766355140186916,73.0,Blandford Street
2026-09-01,Green,place-boyls,953,0.22350472193074503,47.0,Boylston
2026-09-01,Green,place-brico,214,0.2102803738317757,78.5,Packards Corner
2026-09-01,Green,place-brkhl,232,0.3232758620689655,178.0,Brookline Hills
2026-09-01,Green,place-brmnl,262,0.14122137404580154,-33.5,Brigham Circle
2026-09-01,Green,place-bucen,217,0.22119815668202766,79.0,Boston University Central
2026-09-01,Green,place-buest,216,0.21296296296296297,59.5,Boston University East
2026-09-01,Green,place-bvmnl,231,0.3116883116883117,181.0,Brookline Village
2026-09-01,Green,place-chhil,228,0.2719298245614035,151.0,Chestnut Hill
2026-09-01,Green,place-chill,207,0.2028985507246377,51.0,Chestnut Hill Avenue
2026-09-01,Green,place-chswk,210,0.21428571428571427,33.0,Chiswick Road
2026-09-01,Green,place-coecl,939,0.2055378061767838,44.0,Copley
2026-09-01,Green,place-cool,261,0.11877394636015326,31.0,Coolidge Corner
2026-09-01,Green,place-denrd,255,0.09411764705882353,-16.0,Dean Road
2026-09-01,Green,place-eliot,230,0.3173913043478261,166.5,Eliot
2026-09-01,Green,place-engav,253,0.10276679841897234,12.0,Englewood Avenue
2026-09-01,Green,place-esomr,267,0.06741573033707865,17.0,East Somerville
2026-09-01,Green,place-fbkst,260,0.12692307692307692,55.0,Fairbanks Street
2026-09-01,Green,place-fenwd,260,0.16538461538461538,-1.5,Fenwood Road
2026-09-01,Green,place-fenwy,229,0.31877729257641924,169.0,Fenway
2026-09-01,Green,place-gilmn,272,0.06985294117647059,13.5,Gilman Square
2026-09-01,Green,place-gover,484,0.23553719008264462,90.5,Government Center
2026-09-01,Green,place-grigg,216,0.20833333333333334,63.0,Griggs Street
2026-09-01,Green,place-haecl,488,0.20081967213114754,69.0,Haymarket
2026-09-01,Green,place-harvd,216,0.18518518518518517,63.0,Harvard Avenue
2026-09-01,Green,place-hwsst,260,0.1346153846153846,45.5,Hawes Street
2026-09-01,Green,place-hymnl,669,0.242152466367713,88.0,Hynes Convention Center
2026-09-01,Green,place-kencl,690,0.23043478260869565,81.0,Kenmore
2026-09-01,Green,place-kntst,259,0.14285714285714285,45.0,Kent Street
2026-09-01,Green,place-lech,485,0.16288659793814433,47.0,Lechmere
2026-09-01,Green,place-lngmd,264,0.13257575757575757,-33.5,Longwood Medical Area
2026-09-01,Green,place-longw,231,0.31601731601731603,178.0,Longwood
2026-09-01,Green,place-mfa,270,0.14444444444444443,-22.5,Museum of Fine Arts
2026-09-01,Green,place-mgngl,274,0.06934306569343066,19.0,Magoun Square
2026-09-01,Green,place-mispk,258,0.12790697674418605,-59.0,Mission Park
2026-09-01,Green,place-newtn,230,0.30869565217391304,176.0,Newton Highlands
2026-09-01,Green,place-newto,229,0.30131004366812225,183.0,Newton Centre
2026-09-01,Green,place-north,487,0.17864476386036962,55.0,North Station
2026-09-01,Green,place-nuniv,265,0.12075471698113208,-36.0,Northeastern University
2026-09-01,Green,place-pktrm,901,0.2142064372918979,49.0,Park Street
2026-09-01,Green,place-prmnl,269,0.1412639405204461,-14.0,Prudential
2026-09-01,Green,place-rsmnl,227,0.29955947136563876,164.0,Reservoir
2026-09-01,Green,place-rvrwy,260,0.15,-22.0,Riverway
2026-09-01,Green,place-smary,261,0.13026819923371646,17.0,Saint Marys Street
2026-09-01,Green,place-sougr,202,0.20297029702970298,7.5,South Street
2026-09-01,Green,place-spmnl,483,0.17391304347826086,64.0,Science Park
2026-09-01,Green,place-sthld,211,0.2037914691943128,29.0,Sutherland Road
2026-09-01,Green,place-stpul,261,0.13409961685823754,45.0,Saint Paul Street
2026-09-01,Green,place-sumav,262,0.12213740458015267,16.0,Summit Avenue
2026-09-01,Green,place-tapst,258,0.11627906976744186,22.0,Tappan Street
2026-09-01,Green,place-waban,228,0.3026315789473684,145.5,Waban
2026-09-01,Green,place-wascm,212,0.2028301886792453,48.0,Washington Street
2026-09-01,Green,place-woodl,224,0.30357142857142855,135.5,Woodland
2026-09-01,Green,place-wrnst,213,0.1784037558685446,32.0,Warren Street
2026-09-01,Mattapan,place-asmnl,1,0.0,-496.0,Ashmont
2026-09-01,Mattapan,place-butlr,258,0.011627906976744186,-56.0,Butler
2026-09-01,Mattapan,place-capst,257,0.023346303501945526,-8.0,Capen Street
2026-09-01,Mattapan,place-cedgr,259,0.015444015444015444,-51.0,Cedar Grove
2026-09-01,Mattapan,place-cenav,258,0.01937984496124031,-33.0,Central Avenue
2026-09-01,Mattapan,place-miltt,258,0.011627906976744186,-69.5,Milton
2026-09-01,Mattapan,place-valrd,259,0.023166023166023165,-7.0,Valley Road
2026-09-01,Orange,place-astao,420,0.1357142857142857,27.0,Assembly
2026-09-01,Orange,place-bbsta,420,0.1261904761904762,19.5,Back Bay
2026-09-01,Orange,place-ccmnl,420,0.13095238095238096,16.5,Community College
2026-09-01,Orange,place-chncl,420,0.1380952380952381,30.0,Chinatown
2026-09-01,Orange,place-dwnxg,419,0.1360381861575179,25.0,Downtown Crossing
2026-09-01,Orange,place-grnst,420,0.13333333333333333,37.0,Green Street
2026-09-01,Orange,place-haecl,420,0.12142857142857143,27.0,Haymarket
2026-09-01,Orange,place-jaksn,420,0.14285714285714285,10.0,Jackson Square
2026-09-01,Orange,place-masta,420,0.12380952380952381,27.0,Massachusetts Avenue
2026-09-01,Orange,place-mlmnl,420,0.15476190476190477,52.0,Malden Center
2026-09-01,Orange,place-north,419,0.1288782816229117,19.0,North Station
2026-09-01,Orange,place-rcmnl,420,0.12380952380952381,12.5,Roxbury Crossing
2026-09-01,Orange,place-rugg,420,0.14047619047619048,41.5,Ruggles
2026-09-01,Orange,place-sbmnl,420,0.1380952380952381,16.5,Stony Brook
2026-09-01,Orange,place-state,419,0.11694510739856802,4.0,State
2026-09-01,Orange,place-sull,420,0.1380952380952381,17.0,Sullivan Square
2026-09-01,Orange,place-tumnl,420,0.12142857142857143,24.0,Tufts Medical Center
2026-09-01,Orange,place-welln,419,0.13365155131264916,42.0,Wellington
2026-09-01,Red,place-andrw,357,0.42016806722689076,237.0,Andrew
2026-09-01,Red,place-brdwy,356,0.4101123595505618,228.5,Broadway
2026-09-01,Red,place-chmnl,357,0.3865546218487395,212.0,Charles/MGH
2026-09-01,Red,place-cntsq,357,0.3865546218487395,197.0,Central
2026-09-01,Red,place-davis,358,0.3994413407821229,187.0,Davis
2026-09-01,Red,place-dwnxg,166,0.30120481927710846,141.0,Downtown Crossing
2026-09-01,Red,place-fldcr,188,0.30319148936170215,145.0,Fields Corner
2026-09-01,Red,place-harsq,357,0.3865546218487395,186.0,Harvard
2026-09-01,Red,place-jfk,358,0.41899441340782123,208.0,JFK/UMass
2026-09-01,Red,place-knncl,356,0.38764044943820225,205.5,Kendall/MIT
2026-09-01,Red,place-nqncy,169,0.47337278106508873,239.0,North Quincy
2026-09-01,Red,place-pktrm,167,0.2994011976047904,120.0,Park Street
2026-09-01,Red,place-portr,357,0.4117647058823529,212.0,Porter
2026-09-01,Red,place-qamnl,172,0.5058139534883721,322.5,Quincy Adams
2026-09-01,Red,place-qnctr,170,0.48823529411764705,282.5,Quincy Center
2026-09-01,Red,place-shmnl,186,0.3548387096774194,194.0,Savin Hill
2026-09-01,Red,place-smmnl,188,0.30851063829787234,146.0,Shawmut
2026-09-01,Red,place-sstat,353,0.40793201133144474,220.0,South Station
2026-09-01,Red,place-wlsta,168,0.47619047619047616,259.0,Wollaston
2026-09-02,Blue,place-aport,336,0.5833333333333334,373.0,Airport
2026-09-02,Blue,place-aqucl,333,0.6126126126126126,395.0,Aquarium
2026-09-02,Blue,place-bmmnl,334,0.5748502994011976,389.5,Beachmont
2026-09-02,Blue,place-gover,340,0.5911764705882353,390.0,Government Center
2026-09-02,Blue,place-mvbcl,336,0.5892857142857143,371.5,Maverick
2026-09-02,Blue,place-orhte,333,0.5765765765765766,369.0,Orient Heights
2026-09-02,Blue,place-rbmnl,334,0.5778443113772455,383.0,Revere Beach
2026-09-02,Blue,place-sdmnl,334,0.6077844311377245,414.0,Suffolk Downs
2026-09-02,Blue,place-state,334,0.6047904191616766,407.0,State
2026-09-02,Blue,place-wimnl,340,0.5882352941176471,368.5,Wood Island
2026-09-02,Green,place-alsgr,257,0.14396887159533073,61.0,Allston Street
2026-09-02,Green,place-amory,258,0.19767441860465115,86.5,Amory Street
2026-09-02,Green,place-armnl,994,0.23138832997987926,90.0,Arlington
2026-09-02,Green,place-babck,259,0.16988416988416988,76.0,Babcock Street
2026-09-02,Green,place-balsq,274,0.10583941605839416,14.5,Ball Square
2026-09-02,Green,place-bckhl,249,0.18875502008032127,-23.0,Back of the Hill
2026-09-02,Green,place-bcnfd,237,0.3037974683544304,136.0,Beaconsfield
2026-09-02,Green,place-bcnwa,232,0.15086206896551724,82.0,Washington Square
2026-09-02,Green,place-bland,258,0.18604651162790697,79.0,Blandford Street
2026-09-02,Green,place-boyls,987,0.23302938196555217,84.0,Boylston
2026-09-02,Green,place-brico,258,0.17054263565891473,73.5,Packards Corner
2026-09-02,Green,place-brkhl,241,0.3070539419087137,137.0,Brookline Hills
2026-09-02,Green,place-brmnl,248,0.16532258064516128,-29.0,Brigham Circle
2026-09-02,Green,place-bucen,259,0.16602316602316602,81.0,Boston University Central
2026-09-02,Green,place-buest,258,0.16279069767441862,67.5,Boston University East
2026-09-02,Green,place-bvmnl,243,0.2880658436213992,119.0,Brookline Village
2026-09-02,Green,place-chhil,235,0.26382978723404255,120.0,Chestnut Hill
2026-09-02,Green,place-chill,255,0.1607843137254902,66.0,Chestnut Hill Avenue
2026-09-02,Green,place-chswk,254,0.17716535433070865,44.0,Chiswick Road
2026-09-02,Green,place-coecl,980,0.22551020408163266,91.0,Copley
2026-09-02,Green,place-cool,235,0.1829787234042553,88.0,Coolidge Corner
2026-09-02,Green,place-denrd,228,0.14912280701754385,16.5,Dean Road
2026-09-02,Green,place-eliot,230,0.2608695652173913,122.0,Eliot
2026-09-02,Green,place-engav,229,0.15283842794759825,43.0,Englewood Avenue
2026-09-02,Green,place-esomr,257,0.13229571984435798,36.0,East Somerville
2026-09-02,Green,place-fbkst,235,0.18723404255319148,103.0,Fairbanks Street
2026-09-02,Green,place-fenwd,249,0.17269076305220885,-6.0,Fenwood Road
2026-09-02,Green,place-fenwy,244,0.3114754098360656,138.0,Fenway
2026-09-02,Green,place-gilmn,274,0.12408759124087591,45.0,Gilman Square
2026-09-02,Green,place-gover,496,0.2540322580645161,80.5,Government Center
2026-09-02,Green,place-grigg,257,0.16342412451361868,67.0,Griggs Street
2026-09-02,Green,place-haecl,500,0.234,64.0,Haymarket
2026-09-02,Green,place-harvd,257,0.1517509727626459,58.0,Harvard Avenue
2026-09-02,Green,place-hwsst,235,0.225531914893617,105.0,Hawes Street
2026-09-02,Green,place-hymnl,717,0.23430962343096234,104.0,Hynes Convention Center
2026-09-02,Green,place-kencl,731,0.22571819425444598,94.0,Kenmore
2026-09-02,Green,place-kntst,235,0.20851063829787234,112.0,Kent Street
2026-09-02,Green,place-lech,499,0.20841683366733466,39.0,Lechmere
2026-09-02,Green,place-lngmd,260,0.17692307692307693,-16.5,Longwood Medical Area
2026-09-02,Green,place-longw,239,0.29707112970711297,134.0,Longwood
2026-09-02,Green,place-mfa,261,0.1724137931034483,-19.0,Museum of Fine Arts
2026-09-02,Green,place-mgngl,270,0.1111111111111111,50.5,Magoun Square
2026-09-02,Green,place-mispk,249,0.17269076305220885,-50.0,Mission Park
2026-09-02,Green,place-newtn,233,0.26180257510729615,136.0,Newton Highlands
2026-09-02,Green,place-newto,234,0.24786324786324787,148.5,Newton Centre
2026-09-02,Green,place-north,501,0.2275449101796407,58.0,North Station
2026-09-02,Green,place-nuniv,260,0.17307692307692307,-53.0,Northeastern University
2026-09-02,Green,place-pktrm,933,0.22186495176848875,75.0,Park Street
2026-09-02,Green,place-prmnl,260,0.20384615384615384,-4.5,Prudential
2026-09-02,Green,place-rsmnl,232,0.2543103448275862,122.0,Reservoir
2026-09-02,Green,place-rvrwy,249,0.18473895582329317,-39.0,Riverway
2026-09-02,Green,place-smary,239,0.20502092050209206,83.0,Saint Marys Street
2026-09-02,Green,place-sougr,253,0.15810276679841898,6.0,South Street
2026-09-02,Green,place-spmnl,499,0.22845691382765532,58.0,Science Park
2026-09-02,Green,place-sthld,255,0.16862745098039217,62.0,Sutherland Road
2026-09-02,Green,place-stpul,233,0.19742489270386265,100.0,Saint Paul Street
2026-09-02,Green,place-sumav,236,0.19491525423728814,67.0,Summit Avenue
2026-09-02,Green,place-tapst,231,0.16017316017316016,57.0,Tappan Street
2026-09-02,Green,place-waban,232,0.22413793103448276,115.0,Waban
2026-09-02,Green,place-wascm,257,0.16342412451361868,67.0,Washington Street
2026-09-02,Green,place-woodl,224,0.21875,94.0,Woodland
2026-09-02,Green,place-wrnst,257,0.1517509727626459,29.0,Warren Street
2026-09-02,Mattapan,place-asmnl,1,0.0,-56.0,Ashmont
2026-09-02,Mattapan,place-butlr,246,0.032520325203252036,-56.5,Butler
2026-09-02,Mattapan,place-capst,248,0.056451612903225805,2.5,Capen Street
2026-09-02,Mattapan,place-cedgr,245,0.02857142857142857,-65.0,Cedar Grove
2026-09-02,Mattapan,place-cenav,247,0.032388663967611336,-32.0,Central Avenue
2026-09-02,Mattapan,place-miltt,245,0.02857142857142857,-65.0,Milton
2026-09-02,Mattapan,place-valrd,250,0.056,3.0,Valley Road
2026-09-02,Orange,place-astao,423,0.04491725768321513,35.0,Assembly
2026-09-02,Orange,place-bbsta,422,0.045023696682464455,17.0,Back Bay
2026-09-02,Orange,place-ccmnl,422,0.037914691943127965,20.0,Community College
2026-09-02,Orange,place-chncl,421,0.052256532066508314,30.0,Chinatown
2026-09-02,Orange,place-dwnxg,422,0.054502369668246446,32.5,Downtown Crossing
2026-09-02,Orange,place-grnst,422,0.04976303317535545,37.5,Green Street
2026-09-02,Orange,place-haecl,422,0.052132701421800945,31.0,Haymarket
2026-09-02,Orange,place-jaksn,422,0.04976303317535545,22.5,Jackson Square
2026-09-02,Orange,place-masta,422,0.04739336492890995,28.5,Massachusetts Avenue
2026-09-02,Orange,place-mlmnl,422,0.05687203791469194,56.0,Malden Center
2026-09-02,Orange,place-north,423,0.04491725768321513,24.0,North Station
2026-09-02,Orange,place-rcmnl,422,0.04739336492890995,20.5,Roxbury Crossing
2026-09-02,Orange,place-rugg,422,0.052132701421800945,47.0,Ruggles
2026-09-02,Orange,place-sbmnl,422,0.052132701421800945,21.5,Stony Brook
2026-09-02,Orange,place-state,421,0.04275534441805225,6.0,State
2026-09-02,Orange,place-sull,423,0.04018912529550828,25.0,Sullivan Square
2026-09-02,Orange,place-tumnl,422,0.04739336492890995,26.0,Tufts Medical Center
2026-09-02,Orange,place-welln,423,0.04728132387706856,44.0,Wellington
2026-09-02,Red,place-andrw,357,0.6022408963585434,432.0,Andrew
2026-09-02,Red,place-brdwy,359,0.6016713091922006,420.0,Broadway
2026-09-02,Red,place-chmnl,360,0.575,366.5,Charles/MGH
2026-09-02,Red,place-cntsq,358,0.5726256983240223,354.0,Central
2026-09-02,Red,place-davis,359,0.5905292479108635,377.0,Davis
2026-09-02,Red,place-dwnxg,159,0.3836477987421384,188.0,Downtown Crossing
2026-09-02,Red,place-fldcr,174,0.4885057471264368,288.5,Fields Corner
2026-09-02,Red,place-harsq,359,0.5933147632311978,365.0,Harvard
2026-09-02,Red,place-jfk,360,0.6027777777777777,407.5,JFK/UMass
2026-09-02,Red,place-knncl,360,0.5666666666666667,359.0,Kendall/MIT
2026-09-02,Red,place-nqncy,180,0.6166666666666667,462.5,North Quincy
2026-09-02,Red,place-pktrm,160,0.3625,180.0,Park Street
2026-09-02,Red,place-portr,359,0.6155988857938719,397.0,Porter
2026-09-02,Red,place-qamnl,180,0.6166666666666667,429.5,Quincy Adams
2026-09-02,Red,place-qnctr,181,0.6243093922651933,444.0,Quincy Center
2026-09-02,Red,place-shmnl,172,0.5116279069767442,322.5,Savin Hill
2026-09-02,Red,place-smmnl,174,0.4942528735632184,286.5,Shawmut
2026-09-02,Red,place-sstat,359,0.6072423398328691,411.0,South Station
2026-09-02,Red,place-wlsta,181,0.6187845303867403,463.0,Wollaston
2026-09-03,Blue,place-aport,369,0.23848238482384823,54.0,Airport
2026-09-03,Blue,place-aqucl,368,0.2418478260869565,80.5,Aquarium
2026-09-03,Blue,place-bmmnl,369,0.25745257452574527,40.0,Beachmont
2026-09-03,Blue,place-gover,369,0.22764227642276422,56.0,Government Center
2026-09-03,Blue,place-mvbcl,367,0.22615803814713897,58.0,Maverick
2026-09-03,Blue,place-orhte,369,0.24661246612466126,55.0,Orient Heights
2026-09-03,Blue,place-rbmnl,369,0.26287262872628725,44.0,Revere Beach
2026-09-03,Blue,place-sdmnl,369,0.26287262872628725,71.0,Suffolk Downs
2026-09-03,Blue,place-state,369,0.24390243902439024,87.0,State
2026-09-03,Blue,place-wimnl,369,0.23577235772357724,66.0,Wood Island
2026-09-03,Green,place-alsgr,258,0.17054263565891473,51.0,Allston Street
2026-09-03,Green,place-amory,260,0.2,88.0,Amory Street
2026-09-03,Green,place-armnl,985,0.21116751269035533,52.0,Arlington
2026-09-03,Green,place-babck,259,0.18532818532818532,78.0,Babcock Street
2026-09-03,Green,place-balsq,254,0.16535433070866143,-0.5,Ball Square
2026-09-03,Green,place-bckhl,235,0.26382978723404255,12.0,Back of the Hill
2026-09-03,Green,place-bcnfd,240,0.18333333333333332,63.0,Beaconsfield
2026-09-03,Green,place-bcnwa,258,0.10465116279069768,33.5,Washington Square
2026-09-03,Green,place-bland,259,0.22007722007722008,86.0,Blandford Street
2026-09-03,Green,place-boyls,984,0.20833333333333334,51.0,Boylston
2026-09-03,Green,place-brico,260,0.17307692307692307,60.0,Packards Corner
2026-09-03,Green,place-brkhl,237,0.19831223628691982,51.0,Brookline Hills
2026-09-03,Green,place-brmnl,234,0.25213675213675213,2.5,Brigham Circle
2026-09-03,Green,place-bucen,260,0.2,82.0,Boston University Central
2026-09-03,Green,place-buest,259,0.20463320463320464,78.0,Boston University East
2026-09-03,Green,place-bvmnl,241,0.1991701244813278,45.0,Brookline Village
2026-09-03,Green,place-chhil,239,0.16317991631799164,64.0,Chestnut Hill
2026-09-03,Green,place-chill,250,0.172,47.5,Chestnut Hill Avenue
2026-09-03,Green,place-chswk,252,0.1746031746031746,29.0,Chiswick Road
2026-09-03,Green,place-coecl,985,0.20812182741116753,45.0,Copley
2026-09-03,Green,place-cool,259,0.12355212355212356,26.0,Coolidge Corner
2026-09-03,Green,place-denrd,255,0.09803921568627451,-21.0,Dean Road
2026-09-03,Green,place-eliot,234,0.1282051282051282,62.5,Eliot
2026-09-03,Green,place-engav,255,0.09803921568627451,-5.0,Englewood Avenue
2026-09-03,Green,place-esomr,244,0.20491803278688525,37.0,East Somerville
2026-09-03,Green,place-fbkst,259,0.12355212355212356,47.0,Fairbanks Street
2026-09-03,Green,place-fenwd,234,0.2863247863247863,37.0,Fenwood Road
2026-09-03,Green,place-fenwy,242,0.19834710743801653,64.0,Fenway
2026-09-03,Green,place-gilmn,257,0.1867704280155642,31.0,Gilman Square
2026-09-03,Green,place-gover,482,0.21369294605809128,56.5,Government Center
2026-09-03,Green,place-grigg,259,0.1776061776061776,51.0,Griggs Street
2026-09-03,Green,place-haecl,487,0.18480492813141683,35.0,Haymarket
2026-09-03,Green,place-harvd,258,0.1434108527131783,57.0,Harvard Avenue
2026-09-03,Green,place-hwsst,258,0.13565891472868216,57.5,Hawes Street
2026-09-03,Green,place-hymnl,743,0.1816958277254374,56.0,Hynes Convention Center
2026-09-03,Green,place-kencl,757,0.17173051519154559,43.0,Kenmore
2026-09-03,Green,place-kntst,257,0.12840466926070038,56.0,Kent Street
2026-09-03,Green,place-lech,493,0.1744421906693712,23.0,Lechmere
2026-09-03,Green,place-lngmd,241,0.2697095435684647,18.0,Longwood Medical Area
2026-09-03,Green,place-longw,242,0.19834710743801653,68.0,Longwood
2026-09-03,Green,place-mfa,241,0.26556016597510373,15.0,Museum of Fine Arts
2026-09-03,Green,place-mgngl,255,0.19215686274509805,43.0,Magoun Square
2026-09-03,Green,place-mispk,235,0.2425531914893617,-12.0,Mission Park
2026-09-03,Green,place-newtn,238,0.15126050420168066,81.0,Newton Highlands
2026-09-03,Green,place-newto,241,0.16182572614107885,86.0,Newton Centre
2026-09-03,Green,place-north,490,0.18775510204081633,41.5,North Station
2026-09-03,Green,place-nuniv,242,0.24380165289256198,-1.0,Northeastern University
2026-09-03,Green,place-pktrm,948,0.20780590717299577,45.0,Park Street
2026-09-03,Green,place-prmnl,242,0.2644628099173554,24.0,Prudential
2026-09-03,Green,place-rsmnl,240,0.15833333333333333,55.0,Reservoir
2026-09-03,Green,place-rvrwy,235,0.26382978723404255,1.0,Riverway
2026-09-03,Green,place-smary,261,0.13026819923371646,32.0,Saint Marys Street
2026-09-03,Green,place-sougr,247,0.17408906882591094,-8.0,South Street
2026-09-03,Green,place-spmnl,488,0.19057377049180327,40.0,Science Park
2026-09-03,Green,place-sthld,255,0.18823529411764706,30.0,Sutherland Road
2026-09-03,Green,place-stpul,260,0.12307692307692308,45.0,Saint Paul Street
2026-09-03,Green,place-sumav,260,0.11923076923076924,8.0,Summit Avenue
2026-09-03,Green,place-tapst,256,0.1015625,9.0,Tappan Street
2026-09-03,Green,place-waban,227,0.13215859030837004,59.0,Waban
2026-09-03,Green,place-wascm,256,0.16015625,35.0,Washington Street
2026-09-03,Green,place-woodl,217,0.14746543778801843,53.0,Woodland
2026-09-03,Green,place-wrnst,258,0.15891472868217055,23.5,Warren Street
2026-09-03,Mattapan,place-butlr,254,0.047244094488188976,-51.0,Butler
2026-09-03,Mattapan,place-capst,254,0.047244094488188976,1.0,Capen Street
2026-09-03,Mattapan,place-cedgr,252,0.03968253968253968,-54.5,Cedar Grove
2026-09-03,Mattapan,place-cenav,253,0.04743083003952569,-25.0,Central Avenue
2026-09-03,Mattapan,place-miltt,254,0.04330708661417323,-67.0,Milton
2026-09-03,Mattapan,place-valrd,253,0.04743083003952569,1.0,Valley Road
2026-09-03,Orange,place-astao,443,0.03611738148984198,36.0,Assembly
2026-09-03,Orange,place-bbsta,443,0.029345372460496615,27.0,Back Bay
2026-09-03,Orange,place-ccmnl,442,0.029411764705882353,26.0,Community College
2026-09-03,Orange,place-chncl,443,0.033860045146726865,34.0,Chinatown
2026-09-03,Orange,place-dwnxg,443,0.029345372460496615,31.0,Downtown Crossing
2026-09-03,Orange,place-grnst,442,0.03619909502262444,39.0,Green Street
2026-09-03,Orange,place-haecl,443,0.02708803611738149,37.0,Haymarket
2026-09-03,Orange,place-jaksn,443,0.04288939051918736,27.0,Jackson Square
2026-09-03,Orange,place-masta,443,0.040632054176072234,35.0,Massachusetts Avenue
2026-09-03,Orange,place-mlmnl,442,0.038461538461538464,57.0,Malden Center
2026-09-03,Orange,place-north,443,0.029345372460496615,27.0,North Station
2026-09-03,Orange,place-rcmnl,443,0.045146726862302484,26.0,Roxbury Crossing
2026-09-03,Orange,place-rugg,443,0.05191873589164785,56.0,Ruggles
2026-09-03,Orange,place-sbmnl,442,0.038461538461538464,25.0,Stony Brook
2026-09-03,Orange,place-state,443,0.020316027088036117,11.0,State
2026-09-03,Orange,place-sull,443,0.02708803611738149,29.0,Sullivan Square
2026-09-03,Orange,place-tumnl,443,0.029345372460496615,32.0,Tufts Medical Center
2026-09-03,Orange,place-welln,442,0.03167420814479638,47.0,Wellington
2026-09-03,Red,place-andrw,419,0.2171837708830549,107.0,Andrew
2026-09-03,Red,place-brdwy,421,0.21377672209026127,107.0,Broadway
2026-09-03,Red,place-chmnl,421,0.1876484560570071,105.0,Charles/MGH
2026-09-03,Red,place-cntsq,420,0.16428571428571428,84.5,Central
2026-09-03,Red,place-davis,421,0.16389548693586697,90.0,Davis
2026-09-03,Red,place-dwnxg,199,0.10050251256281408,37.0,Downtown Crossing
2026-09-03,Red,place-fldcr,209,0.15789473684210525,56.0,Fields Corner
2026-09-03,Red,place-harsq,421,0.15914489311163896,90.0,Harvard
2026-09-03,Red,place-jfk,421,0.1995249406175772,99.0,JFK/UMass
2026-09-03,Red,place-knncl,421,0.1828978622327791,99.0,Kendall/MIT
2026-09-03,Red,place-nqncy,213,0.2347417840375587,104.0,North Quincy
2026-09-03,Red,place-pktrm,202,0.0891089108910891,11.0,Park Street
2026-09-03,Red,place-portr,421,0.1828978622327791,111.0,Porter
2026-09-03,Red,place-qamnl,213,0.22065727699530516,104.0,Quincy Adams
2026-09-03,Red,place-qnctr,212,0.2358490566037736,94.0,Quincy Center
2026-09-03,Red,place-shmnl,208,0.1971153846153846,73.5,Savin Hill
2026-09-03,Red,place-smmnl,209,0.1674641148325359,64.0,Shawmut
2026-09-03,Red,place-sstat,421,0.19002375296912113,106.0,South Station
2026-09-03,Red,place-wlsta,212,0.2358490566037736,98.0,Wollaston
2026-09-04,Blue,place-aport,366,0.15027322404371585,44.5,Airport
2026-09-04,Blue,place-aqucl,365,0.15342465753424658,69.0,Aquarium
2026-09-04,Blue,place-bmmnl,360,0.16944444444444445,30.0,Beachmont
2026-09-04,Blue,place-gover,367,0.1444141689373297,41.0,Government Center
2026-09-04,Blue,place-mvbcl,366,0.14207650273224043,56.0,Maverick
2026-09-04,Blue,place-orhte,360,0.16944444444444445,45.5,Orient Heights
2026-09-04,Blue,place-rbmnl,359,0.1671309192200557,27.0,Revere Beach
2026-09-04,Blue,place-sdmnl,361,0.1745152354570637,61.0,Suffolk Downs
2026-09-04,Blue,place-state,366,0.15846994535519127,67.5,State
2026-09-04,Blue,place-wimnl,365,0.1506849315068493,55.0,Wood Island
2026-09-04,Green,place-alsgr,251,0.2549800796812749,145.0,Allston Street
2026-09-04,Green,place-amory,251,0.2749003984063745,162.0,Amory Street
2026-09-04,Green,place-armnl,978,0.24130879345603273,94.0,Arlington
2026-09-04,Green,place-babck,250,0.292,148.0,Babcock Street
2026-09-04,Green,place-balsq,258,0.13565891472868216,12.5,Ball Square
2026-09-04,Green,place-bckhl,241,0.23651452282157676,41.0,Back of the Hill
2026-09-04,Green,place-bcnfd,231,0.23809523809523808,91.0,Beaconsfield
2026-09-04,Green,place-bcnwa,256,0.13671875,68.0,Washington Square
2026-09-04,Green,place-bland,249,0.27710843373493976,152.0,Blandford Street
2026-09-04,Green,place-boyls,978,0.24539877300613497,96.0,Boylston
2026-09-04,Green,place-brico,251,0.2868525896414343,129.0,Packards Corner
2026-09-04,Green,place-brkhl,226,0.2345132743362832,86.5,Brookline Hills
2026-09-04,Green,place-brmnl,241,0.2033195020746888,50.0,Brigham Circle
2026-09-04,Green,place-bucen,250,0.272,117.0,Boston University Central
2026-09-04,Green,place-buest,250,0.272,129.0,Boston University East
2026-09-04,Green,place-bvmnl,228,0.2324561403508772,86.0,Brookline Village
2026-09-04,Green,place-chhil,231,0.23809523809523808,86.0,Chestnut Hill
2026-09-04,Green,place-chill,244,0.26639344262295084,97.0,Chestnut Hill Avenue
2026-09-04,Green,place-chswk,245,0.2857142857142857,69.0,Chiswick Road
2026-09-04,Green,place-coecl,979,0.23084780388151174,86.0,Copley
2026-09-04,Green,place-cool,258,0.13565891472868216,55.5,Coolidge Corner
2026-09-04,Green,place-denrd,257,0.10894941634241245,9.0,Dean Road
2026-09-04,Green,place-eliot,230,0.23043478260869565,97.0,Eliot
2026-09-04,Green,place-engav,255,0.12549019607843137,32.0,Englewood Avenue
2026-09-04,Green,place-esomr,248,0.14516129032258066,39.0,East Somerville
2026-09-04,Green,place-fbkst,256,0.16015625,83.0,Fairbanks Street
2026-09-04,Green,place-fenwd,241,0.23236514522821577,72.0,Fenwood Road
2026-09-04,Green,place-fenwy,231,0.22943722943722944,81.0,Fenway
2026-09-04,Green,place-gilmn,259,0.138996138996139,37.0,Gilman Square
2026-09-04,Green,place-gover,479,0.24843423799582465,81.0,Government Center
2026-09-04,Green,place-grigg,253,0.2727272727272727,153.0,Griggs Street
2026-09-04,Green,place-haecl,479,0.22129436325678498,59.0,Haymarket
2026-09-04,Green,place-harvd,252,0.25396825396825395,109.5,Harvard Avenue
2026-09-04,Green,place-hwsst,258,0.15891472868217055,88.5,Hawes Street
2026-09-04,Green,place-hymnl,731,0.23255813953488372,91.0,Hynes Convention Center
2026-09-04,Green,place-kencl,739,0.2178619756427605,90.0,Kenmore
2026-09-04,Green,place-kntst,258,0.15891472868217055,86.0,Kent Street
2026-09-04,Green,place-lech,481,0.18295218295218296,37.0,Lechmere
2026-09-04,Green,place-lngmd,248,0.2217741935483871,64.0,Longwood Medical Area
2026-09-04,Green,place-longw,229,0.2314410480349345,96.0,Longwood
2026-09-04,Green,place-mfa,249,0.24096385542168675,74.0,Museum of Fine Arts
2026-09-04,Green,place-mgngl,256,0.15234375,46.0,Magoun Square
2026-09-04,Green,place-mispk,241,0.22406639004149378,32.0,Mission Park
2026-09-04,Green,place-newtn,228,0.23684210526315788,117.5,Newton Highlands
2026-09-04,Green,place-newto,229,0.2445414847161572,113.0,Newton Centre
2026-09-04,Green,place-north,480,0.21875,58.5,North Station
2026-09-04,Green,place-nuniv,248,0.1935483870967742,38.5,Northeastern University
2026-09-04,Green,place-pktrm,911,0.23929747530186607,93.0,Park Street
2026-09-04,Green,place-prmnl,246,0.2073170731707317,47.0,Prudential
2026-09-04,Green,place-rsmnl,229,0.22270742358078602,84.0,Reservoir
2026-09-04,Green,place-rvrwy,242,0.22727272727272727,37.5,Riverway
2026-09-04,Green,place-smary,259,0.13127413127413126,63.0,Saint Marys Street
2026-09-04,Green,place-sougr,244,0.26639344262295084,30.0,South Street
2026-09-04,Green,place-spmnl,472,0.19915254237288135,54.0,Science Park
2026-09-04,Green,place-sthld,246,0.2682926829268293,78.0,Sutherland Road
2026-09-04,Green,place-stpul,257,0.16342412451361868,80.0,Saint Paul Street
2026-09-04,Green,place-sumav,258,0.13178294573643412,53.5,Summit Avenue
2026-09-04,Green,place-tapst,257,0.11673151750972763,43.0,Tappan Street
2026-09-04,Green,place-waban,224,0.20982142857142858,84.5,Waban
2026-09-04,Green,place-wascm,250,0.256,110.5,Washington Street
2026-09-04,Green,place-woodl,221,0.22171945701357465,85.0,Woodland
2026-09-04,Green,place-wrnst,249,0.24497991967871485,81.0,Warren Street
2026-09-04,Mattapan,place-asmnl,7,0.0,-110.0,Ashmont
2026-09-04,Mattapan,place-butlr,218,0.15137614678899083,15.0,Butler
2026-09-04,Mattapan,place-capst,225,0.2088888888888889,51.0,Capen Street
2026-09-04,Mattapan,place-cedgr,223,0.14798206278026907,-6.0,Cedar Grove
2026-09-04,Mattapan,place-cenav,222,0.17567567567567569,23.0,Central Avenue
2026-09-04,Mattapan,place-miltt,220,0.1590909090909091,-5.5,Milton
2026-09-04,Mattapan,place-valrd,226,0.19911504424778761,48.0,Valley Road
2026-09-04,Orange,place-astao,410,0.12195121951219512,53.5,Assembly
2026-09-04,Orange,place-bbsta,404,0.13613861386138615,59.5,Back Bay
2026-09-04,Orange,place-ccmnl,408,0.1053921568627451,45.0,Community College
2026-09-04,Orange,place-chncl,399,0.13283208020050125,71.0,Chinatown
2026-09-04,Orange,place-dwnxg,399,0.11779448621553884,77.0,Downtown Crossing
2026-09-04,Orange,place-grnst,396,0.11616161616161616,78.5,Green Street
2026-09-04,Orange,place-haecl,401,0.14214463840399003,72.0,Haymarket
2026-09-04,Orange,place-jaksn,395,0.13670886075949368,50.0,Jackson Square
2026-09-04,Orange,place-masta,404,0.14603960396039603,64.0,Massachusetts Avenue
2026-09-04,Orange,place-mlmnl,408,0.13970588235294118,66.0,Malden Center
2026-09-04,Orange,place-north,405,0.11358024691358025,53.0,North Station
2026-09-04,Orange,place-rcmnl,399,0.14035087719298245,53.0,Roxbury Crossing
2026-09-04,Orange,place-rugg,400,0.155,76.5,Ruggles
2026-09-04,Orange,place-sbmnl,396,0.13131313131313133,62.5,Stony Brook
2026-09-04,Orange,place-state,402,0.11691542288557213,50.5,State
2026-09-04,Orange,place-sull,409,0.11246943765281174,49.0,Sullivan Square
2026-09-04,Orange,place-tumnl,400,0.1375,67.5,Tufts Medical Center
2026-09-04,Orange,place-welln,411,0.12652068126520682,62.0,Wellington
2026-09-04,Red,place-andrw,438,0.1415525114155251,80.0,Andrew
2026-09-04,Red,place-brdwy,439,0.13895216400911162,82.0,Broadway
2026-09-04,Red,place-chmnl,438,0.1141552511415525,73.5,Charles/MGH
2026-09-04,Red,place-cntsq,440,0.10909090909090909,69.0,Central
2026-09-04,Red,place-davis,440,0.07727272727272727,68.0,Davis
2026-09-04,Red,place-dwnxg,212,0.08962264150943396,44.0,Downtown Crossing
2026-09-04,Red,place-fldcr,216,0.09259259259259259,14.5,Fields Corner
2026-09-04,Red,place-harsq,440,0.09318181818181819,68.0,Harvard
2026-09-04,Red,place-jfk,438,0.136986301369863,72.0,JFK/UMass
2026-09-04,Red,place-knncl,437,0.10755148741418764,76.0,Kendall/MIT
2026-09-04,Red,place-nqncy,222,0.15765765765765766,98.5,North Quincy
2026-09-04,Red,place-pktrm,213,0.06572769953051644,21.0,Park Street
2026-09-04,Red,place-portr,440,0.1,92.5,Porter
2026-09-04,Red,place-qamnl,223,0.17040358744394618,94.0,Quincy Adams
2026-09-04,Red,place-qnctr,222,0.16216216216216217,94.0,Quincy Center
2026-09-04,Red,place-shmnl,216,0.10648148148148148,29.5,Savin Hill
2026-09-04,Red,place-smmnl,215,0.09767441860465116,24.0,Shawmut
2026-09-04,Red,place-sstat,437,0.13958810068649885,84.0,South Station
2026-09-04,Red,place-wlsta,222,0.15765765765765766,96.0,Wollaston
2026-09-05,Blue,place-aport,292,0.2191780821917808,60.5,Airport
2026-09-05,Blue,place-aqucl,291,0.22336769759450173,63.0,Aquarium
2026-09-05,Blue,place-bmmnl,287,0.21951219512195122,59.0,Beachmont
2026-09-05,Blue,place-gover,293,0.22184300341296928,79.0,Government Center
2026-09-05,Blue,place-mvbcl,293,0.22525597269624573,63.0,Maverick
2026-09-05,Blue,place-orhte,290,0.23103448275862068,64.5,Orient Heights
2026-09-05,Blue,place-rbmnl,287,0.2229965156794425,56.0,Revere Beach
2026-09-05,Blue,place-sdmnl,286,0.23776223776223776,66.0,Suffolk Downs
2026-09-05,Blue,place-state,292,0.2191780821917808,62.5,State
2026-09-05,Blue,place-wimnl,292,0.2191780821917808,65.0,Wood Island
2026-09-05,Green,place-alsgr,146,0.2054794520547945,73.5,Allston Street
2026-09-05,Green,place-amory,157,0.2356687898089172,82.0,Amory Street
2026-09-05,Green,place-armnl,739,0.2530446549391069,90.0,Arlington
2026-09-05,Green,place-babck,151,0.2052980132450331,71.0,Babcock Street
2026-09-05,Green,place-balsq,190,0.12631578947368421,-9.5,Ball Square
2026-09-05,Green,place-bckhl,187,0.23529411764705882,-42.0,Back of the Hill
2026-09-05,Green,place-bcnfd,174,0.3390804597701149,162.5,Beaconsfield
2026-09-05,Green,place-bcnwa,214,0.2102803738317757,77.5,Washington Square
2026-09-05,Green,place-bland,157,0.17197452229299362,30.0,Blandford Street
2026-09-05,Green,place-boyls,735,0.2503401360544218,90.0,Boylston
2026-09-05,Green,place-brico,149,0.21476510067114093,62.0,Packards Corner
2026-09-05,Green,place-brkhl,175,0.33714285714285713,165.0,Brookline Hills
2026-09-05,Green,place-brmnl,190,0.20526315789473684,-45.5,Brigham Circle
2026-09-05,Green,place-bucen,157,0.1910828025477707,41.0,Boston University Central
2026-09-05,Green,place-buest,157,0.17834394904458598,20.0,Boston University East
2026-09-05,Green,place-bvmnl,176,0.3409090909090909,155.5,Brookline Village
2026-09-05,Green,place-chhil,171,0.34502923976608185,138.0,Chestnut Hill
2026-09-05,Green,place-chill,147,0.21768707482993196,79.0,Chestnut Hill Avenue
2026-09-05,Green,place-chswk,147,0.22448979591836735,62.0,Chiswick Road
2026-09-05,Green,place-coecl,732,0.2568306010928962,82.0,Copley
2026-09-05,Green,place-cool,213,0.22065727699530516,68.0,Coolidge Corner
2026-09-05,Green,place-denrd,210,0.19047619047619047,17.5,Dean Road
2026-09-05,Green,place-eliot,172,0.36627906976744184,171.0,Eliot
2026-09-05,Green,place-engav,205,0.2146341463414634,48.0,Englewood Avenue
2026-09-05,Green,place-esomr,189,0.13227513227513227,-17.0,East Somerville
2026-09-05,Green,place-fbkst,214,0.22429906542056074,77.5,Fairbanks Street
2026-09-05,Green,place-fenwd,189,0.2328042328042328,-28.0,Fenwood Road
2026-09-05,Green,place-fenwy,175,0.3314285714285714,157.0,Fenway
2026-09-05,Green,place-gilmn,189,0.12698412698412698,-21.0,Gilman Square
2026-09-05,Green,place-gover,366,0.2459016393442623,46.0,Government Center
2026-09-05,Green,place-grigg,146,0.2191780821917808,84.5,Griggs Street
2026-09-05,Green,place-haecl,364,0.22527472527472528,26.5,Haymarket
2026-09-05,Green,place-harvd,147,0.19047619047619047,64.0,Harvard Avenue
2026-09-05,Green,place-hwsst,214,0.2757009345794392,98.5,Hawes Street
2026-09-05,Green,place-hymnl,540,0.2814814814814815,107.5,Hynes Convention Center
2026-09-05,Green,place-kencl,546,0.2692307692307692,91.5,Kenmore
2026-09-05,Green,place-kntst,214,0.2850467289719626,107.0,Kent Street
2026-09-05,Green,place-lech,361,0.22160664819944598,20.0,Lechmere
2026-09-05,Green,place-lngmd,195,0.2,-49.0,Longwood Medical Area
2026-09-05,Green,place-longw,175,0.3485714285714286,179.0,Longwood
2026-09-05,Green,place-mfa,194,0.21649484536082475,-35.0,Museum of Fine Arts
2026-09-05,Green,place-mgngl,196,0.1326530612244898,-15.5,Magoun Square
2026-09-05,Green,place-mispk,191,0.2094240837696335,-62.0,Mission Park
2026-09-05,Green,place-newtn,172,0.36046511627906974,187.0,Newton Highlands
2026-09-05,Green,place-newto,171,0.36257309941520466,160.0,Newton Centre
2026-09-05,Green,place-north,364,0.21978021978021978,28.0,North Station
2026-09-05,Green,place-nuniv,195,0.19487179487179487,-40.0,Northeastern University
2026-09-05,Green,place-pktrm,707,0.2531824611032532,85.0,Park Street
2026-09-05,Green,place-prmnl,195,0.2,-33.0,Prudential
2026-09-05,Green,place-rsmnl,171,0.3333333333333333,150.0,Reservoir
2026-09-05,Green,place-rvrwy,188,0.2127659574468085,-76.5,Riverway
2026-09-05,Green,place-smary,213,0.24413145539906103,75.0,Saint Marys Street
2026-09-05,Green,place-sougr,147,0.19727891156462585,29.0,South Street
2026-09-05,Green,place-spmnl,359,0.233983286908078,40.0,Science Park
2026-09-05,Green,place-sthld,148,0.21621621621621623,73.0,Sutherland Road
2026-09-05,Green,place-stpul,213,0.2676056338028169,101.0,Saint Paul Street
2026-09-05,Green,place-sumav,213,0.2347417840375587,72.0,Summit Avenue
2026-09-05,Green,place-tapst,212,0.21226415094339623,50.5,Tappan Street
2026-09-05,Green,place-waban,171,0.34502923976608185,162.0,Waban
2026-09-05,Green,place-wascm,147,0.21768707482993196,80.0,Washington Street
2026-09-05,Green,place-woodl,171,0.30994152046783624,128.0,Woodland
2026-09-05,Green,place-wrnst,146,0.19863013698630136,60.0,Warren Street
2026-09-05,Mattapan,place-butlr,186,0.0,-9.5,Butler
2026-09-05,Mattapan,place-capst,185,0.005405405405405406,-10.0,Capen Street
2026-09-05,Mattapan,place-cedgr,188,0.0,-19.5,Cedar Grove
2026-09-05,Mattapan,place-cenav,186,0.005376344086021506,-34.5,Central Avenue
2026-09-05,Mattapan,place-miltt,186,0.005376344086021506,-13.5,Milton
2026-09-05,Mattapan,place-valrd,186,0.005376344086021506,-20.0,Valley Road
2026-09-05,Orange,place-astao,339,0.035398230088495575,31.0,Assembly
2026-09-05,Orange,place-bbsta,339,0.035398230088495575,19.0,Back Bay
2026-09-05,Orange,place-ccmnl,339,0.035398230088495575,25.0,Community College
2026-09-05,Orange,place-chncl,339,0.04129793510324484,25.0,Chinatown
2026-09-05,Orange,place-dwnxg,337,0.032640949554896145,25.0,Downtown Crossing
2026-09-05,Orange,place-grnst,339,0.029498525073746312,36.0,Green Street
2026-09-05,Orange,place-haecl,339,0.035398230088495575,34.0,Haymarket
2026-09-05,Orange,place-jaksn,339,0.038348082595870206,5.0,Jackson Square
2026-09-05,Orange,place-masta,339,0.04424778761061947,26.0,Massachusetts Avenue
2026-09-05,Orange,place-mlmnl,338,0.03550295857988166,54.0,Malden Center
2026-09-05,Orange,place-north,339,0.038348082595870206,27.0,North Station
2026-09-05,Orange,place-rcmnl,339,0.04129793510324484,5.0,Roxbury Crossing
2026-09-05,Orange,place-rugg,337,0.050445103857566766,27.0,Ruggles
2026-09-05,Orange,place-sbmnl,339,0.04129793510324484,12.0,Stony Brook
2026-09-05,Orange,place-state,339,0.032448377581120944,9.0,State
2026-09-05,Orange,place-sull,339,0.035398230088495575,25.0,Sullivan Square
2026-09-05,Orange,place-tumnl,339,0.038348082595870206,17.0,Tufts Medical Center
2026-09-05,Orange,place-welln,339,0.038348082595870206,44.0,Wellington
2026-09-05,Red,place-andrw,325,0.06153846153846154,31.0,Andrew
2026-09-05,Red,place-brdwy,324,0.05246913580246913,31.0,Broadway
2026-09-05,Red,place-chmnl,324,0.07407407407407407,52.0,Charles/MGH
2026-09-05,Red,place-cntsq,324,0.07098765432098765,53.5,Central
2026-09-05,Red,place-davis,325,0.07384615384615385,74.0,Davis
2026-09-05,Red,place-dwnxg,160,0.05,-9.5,Downtown Crossing
2026-09-05,Red,place-fldcr,171,0.07602339181286549,7.0,Fields Corner
2026-09-05,Red,place-harsq,324,0.06481481481481481,55.5,Harvard
2026-09-05,Red,place-jfk,325,0.05846153846153846,33.0,JFK/UMass
2026-09-05,Red,place-knncl,324,0.06790123456790123,55.0,Kendall/MIT
2026-09-05,Red,place-nqncy,153,0.0392156862745098,39.0,North Quincy
2026-09-05,Red,place-pktrm,159,0.03773584905660377,-20.0,Park Street
2026-09-05,Red,place-portr,324,0.07407407407407407,81.0,Porter
2026-09-05,Red,place-qamnl,153,0.06535947712418301,75.0,Quincy Adams
2026-09-05,Red,place-qnctr,153,0.0457516339869281,49.0,Quincy Center
2026-09-05,Red,place-shmnl,171,0.07017543859649122,-7.0,Savin Hill
2026-09-05,Red,place-smmnl,171,0.07602339181286549,21.0,Shawmut
2026-09-05,Red,place-sstat,323,0.04953560371517028,36.0,South Station
2026-09-05,Red,place-wlsta,153,0.0392156862745098,42.0,Wollaston
2026-09-06,Blue,place-aport,288,0.1076388888888889,24.0,Airport
2026-09-06,Blue,place-aqucl,288,0.1076388888888889,27.0,Aquarium
2026-09-06,Blue,place-bmmnl,287,0.14285714285714285,9.0,Beachmont
2026-09-06,Blue,place-gover,287,0.10801393728222997,26.0,Government Center
2026-09-06,Blue,place-mvbcl,288,0.1076388888888889,36.0,Maverick
2026-09-06,Blue,place-orhte,288,0.13541666666666666,28.0,Orient Heights
2026-09-06,Blue,place-rbmnl,288,0.1388888888888889,4.5,Revere Beach
2026-09-06,Blue,place-sdmnl,288,0.13541666666666666,24.0,Suffolk Downs
2026-09-06,Blue,place-state,287,0.11149825783972125,25.0,State
2026-09-06,Blue,place-wimnl,287,0.12195121951219512,46.0,Wood Island
2026-09-06,Green,place-alsgr,182,0.18681318681318682,-1.0,Allston Street
2026-09-06,Green,place-amory,183,0.20218579234972678,31.0,Amory Street
2026-09-06,Green,place-armnl,751,0.1677762982689747,20.0,Arlington
2026-09-06,Green,place-babck,183,0.1912568306010929,2.0,Babcock Street
2026-09-06,Green,place-balsq,196,0.061224489795918366,-72.5,Ball Square
2026-09-06,Green,place-bckhl,180,0.1111111111111111,-178.0,Back of the Hill
2026-09-06,Green,place-bcnfd,178,0.21910112359550563,110.0,Beaconsfield
2026-09-06,Green,place-bcnwa,208,0.1201923076923077,77.5,Washington Square
2026-09-06,Green,place-bland,183,0.17486338797814208,-3.0,Blandford Street
2026-09-06,Green,place-boyls,747,0.1713520749665328,25.0,Boylston
2026-09-06,Green,place-brico,184,0.20108695652173914,17.0,Packards Corner
2026-09-06,Green,place-brkhl,180,0.22777777777777777,120.0,Brookline Hills
2026-09-06,Green,place-brmnl,183,0.08196721311475409,-191.0,Brigham Circle
2026-09-06,Green,place-bucen,182,0.19230769230769232,-39.0,Boston University Central
2026-09-06,Green,place-buest,182,0.19230769230769232,-26.5,Boston University East
2026-09-06,Green,place-bvmnl,180,0.2111111111111111,105.5,Brookline Village
2026-09-06,Green,place-chhil,179,0.17318435754189945,80.0,Chestnut Hill
2026-09-06,Green,place-chill,183,0.18579234972677597,26.0,Chestnut Hill Avenue
2026-09-06,Green,place-chswk,183,0.18032786885245902,8.0,Chiswick Road
2026-09-06,Green,place-coecl,723,0.16182572614107885,12.0,Copley
2026-09-06,Green,place-cool,210,0.13333333333333333,73.0,Coolidge Corner
2026-09-06,Green,place-denrd,207,0.11594202898550725,4.0,Dean Road
2026-09-06,Green,place-eliot,179,0.2122905027932961,121.0,Eliot
2026-09-06,Green,place-engav,204,0.12254901960784313,33.5,Englewood Avenue
2026-09-06,Green,place-esomr,189,0.0582010582010582,-75.0,East Somerville
2026-09-06,Green,place-fbkst,209,0.14832535885167464,86.0,Fairbanks Street
2026-09-06,Green,place-fenwd,180,0.12777777777777777,-150.5,Fenwood Road
2026-09-06,Green,place-fenwy,180,0.2222222222222222,111.5,Fenway
2026-09-06,Green,place-gilmn,199,0.06532663316582915,-71.0,Gilman Square
2026-09-06,Green,place-gover,361,0.12465373961218837,-21.0,Government Center
2026-09-06,Green,place-grigg,183,0.1912568306010929,19.0,Griggs Street
2026-09-06,Green,place-haecl,358,0.11173184357541899,-36.0,Haymarket
2026-09-06,Green,place-harvd,184,0.18478260869565216,-23.0,Harvard Avenue
2026-09-06,Green,place-hwsst,210,0.1380952380952381,56.0,Hawes Street
2026-09-06,Green,place-hymnl,539,0.18181818181818182,47.0,Hynes Convention Center
2026-09-06,Green,place-kencl,571,0.17688266199649738,43.0,Kenmore
2026-09-06,Green,place-kntst,210,0.12380952380952381,73.5,Kent Street
2026-09-06,Green,place-lech,368,0.11956521739130435,-21.0,Lechmere
2026-09-06,Green,place-lngmd,183,0.08743169398907104,-167.0,Longwood Medical Area
2026-09-06,Green,place-longw,180,0.24444444444444444,128.0,Longwood
2026-09-06,Green,place-mfa,182,0.07692307692307693,-160.5,Museum of Fine Arts
2026-09-06,Green,place-mgngl,198,0.06060606060606061,-88.0,Magoun Square
2026-09-06,Green,place-mispk,181,0.09944751381215469,-192.0,Mission Park
2026-09-06,Green,place-newtn,179,0.20670391061452514,135.0,Newton Highlands
2026-09-06,Green,place-newto,179,0.17318435754189945,104.0,Newton Centre
2026-09-06,Green,place-north,364,0.10989010989010989,-30.5,North Station
2026-09-06,Green,place-nuniv,185,0.07567567567567568,-169.0,Northeastern University
2026-09-06,Green,place-pktrm,730,0.15616438356164383,20.0,Park Street
2026-09-06,Green,place-prmnl,185,0.08648648648648649,-174.0,Prudential
2026-09-06,Green,place-rsmnl,179,0.16759776536312848,85.0,Reservoir
2026-09-06,Green,place-rvrwy,180,0.1111111111111111,-176.0,Riverway
2026-09-06,Green,place-smary,210,0.12857142857142856,33.5,Saint Marys Street
2026-09-06,Green,place-sougr,184,0.16304347826086957,-14.0,South Street
2026-09-06,Green,place-spmnl,362,0.13259668508287292,-8.0,Science Park
2026-09-06,Green,place-sthld,183,0.16939890710382513,-17.0,Sutherland Road
2026-09-06,Green,place-stpul,210,0.14285714285714285,65.0,Saint Paul Street
2026-09-06,Green,place-sumav,208,0.14903846153846154,72.0,Summit Avenue
2026-09-06,Green,place-tapst,207,0.12077294685990338,44.0,Tappan Street
2026-09-06,Green,place-unsqu,1,1.0,1003.0,Union Square
2026-09-06,Green,place-waban,179,0.16201117318435754,105.0,Waban
2026-09-06,Green,place-wascm,183,0.15846994535519127,-2.0,Washington Street
2026-09-06,Green,place-woodl,171,0.14035087719298245,86.0,Woodland
2026-09-06,Green,place-wrnst,183,0.15846994535519127,-30.0,Warren Street
2026-09-06,Mattapan,place-asmnl,5,0.2,-66.0,Ashmont
2026-09-06,Mattapan,place-butlr,170,0.011764705882352941,-24.0,Butler
2026-09-06,Mattapan,place-capst,172,0.040697674418604654,-25.0,Capen Street
2026-09-06,Mattapan,place-cedgr,175,0.011428571428571429,-32.0,Cedar Grove
2026-09-06,Mattapan,place-cenav,174,0.040229885057471264,-51.5,Central Avenue
2026-09-06,Mattapan,place-miltt,174,0.040229885057471264,-30.0,Milton
2026-09-06,Mattapan,place-valrd,174,0.040229885057471264,-21.5,Valley Road
2026-09-06,Orange,place-astao,276,0.06159420289855073,34.0,Assembly
2026-09-06,Orange,place-bbsta,276,0.050724637681159424,14.0,Back Bay
2026-09-06,Orange,place-ccmnl,276,0.050724637681159424,26.5,Community College
2026-09-06,Orange,place-chncl,276,0.057971014492753624,22.0,Chinatown
2026-09-06,Orange,place-dwnxg,276,0.043478260869565216,19.0,Downtown Crossing
2026-09-06,Orange,place-grnst,276,0.05434782608695652,36.5,Green Street
2026-09-06,Orange,place-haecl,275,0.04727272727272727,27.0,Haymarket
2026-09-06,Orange,place-jaksn,276,0.057971014492753624,4.5,Jackson Square
2026-09-06,Orange,place-masta,276,0.06159420289855073,22.5,Massachusetts Avenue
2026-09-06,Orange,place-mlmnl,274,0.06204379562043796,48.0,Malden Center
2026-09-06,Orange,place-north,276,0.04710144927536232,24.5,North Station
2026-09-06,Orange,place-rcmnl,276,0.057971014492753624,13.0,Roxbury Crossing
2026-09-06,Orange,place-rugg,276,0.057971014492753624,32.0,Ruggles
2026-09-06,Orange,place-sbmnl,276,0.050724637681159424,10.0,Stony Brook
2026-09-06,Orange,place-state,276,0.03985507246376811,1.5,State
2026-09-06,Orange,place-sull,275,0.06181818181818182,29.0,Sullivan Square
2026-09-06,Orange,place-tumnl,276,0.050724637681159424,17.0,Tufts Medical Center
2026-09-06,Orange,place-welln,274,0.058394160583941604,38.5,Wellington
2026-09-06,Red,place-andrw,329,0.17933130699088146,118.0,Andrew
2026-09-06,Red,place-brdwy,329,0.1641337386018237,117.0,Broadway
2026-09-06,Red,place-chmnl,328,0.19207317073170732,133.5,Charles/MGH
2026-09-06,Red,place-cntsq,328,0.17682926829268292,136.5,Central
2026-09-06,Red,place-davis,329,0.2006079027355623,142.0,Davis
2026-09-06,Red,place-dwnxg,161,0.13043478260869565,90.0,Downtown Crossing
2026-09-06,Red,place-fldcr,161,0.19875776397515527,87.0,Fields Corner
2026-09-06,Red,place-harsq,330,0.18484848484848485,133.0,Harvard
2026-09-06,Red,place-jfk,328,0.1676829268292683,117.5,JFK/UMass
2026-09-06,Red,place-knncl,328,0.18597560975609756,132.0,Kendall/MIT
2026-09-06,Red,place-nqncy,166,0.12048192771084337,72.5,North Quincy
2026-09-06,Red,place-pktrm,160,0.1875,124.5,Park Street
2026-09-06,Red,place-portr,329,0.20972644376899696,145.0,Porter
2026-09-06,Red,place-qamnl,166,0.12048192771084337,79.5,Quincy Adams
2026-09-06,Red,place-qnctr,165,0.11515151515151516,75.0,Quincy Center
2026-09-06,Red,place-shmnl,161,0.18633540372670807,85.0,Savin Hill
2026-09-06,Red,place-smmnl,162,0.19135802469135801,95.5,Shawmut
2026-09-06,Red,place-sstat,329,0.1762917933130699,116.0,South Station
2026-09-06,Red,place-wlsta,166,0.10843373493975904,74.0,Wollaston
2026-09-07,Blue,place-aport,276,0.13768115942028986,23.5,Airport
2026-09-07,Blue,place-aqucl,273,0.1391941391941392,24.0,Aquarium
2026-09-07,Blue,place-bmmnl,274,0.14963503649635038,-6.0,Beachmont
2026-09-07,Blue,place-gover,275,0.13818181818181818,11.0,Government Center
2026-09-07,Blue,place-mvbcl,274,0.1386861313868613,31.0,Maverick
2026-09-07,Blue,place-orhte,275,0.15272727272727274,24.0,Orient Heights
2026-09-07,Blue,place-rbmnl,273,0.16483516483516483,-6.0,Revere Beach
2026-09-07,Blue,place-sdmnl,275,0.16363636363636364,18.0,Suffolk Downs
2026-09-07,Blue,place-state,275,0.13818181818181818,18.0,State
2026-09-07,Blue,place-wimnl,275,0.14545454545454545,39.0,Wood Island
2026-09-07,Green,place-alsgr,194,0.19072164948453607,41.5,Allston Street
2026-09-07,Green,place-amory,192,0.203125,40.0,Amory Street
2026-09-07,Green,place-armnl,765,0.1503267973856209,-18.0,Arlington
2026-09-07,Green,place-babck,192,0.17708333333333334,49.0,Babcock Street
2026-09-07,Green,place-balsq,187,0.09090909090909091,-73.0,Ball Square
2026-09-07,Green,place-bckhl,165,0.10909090909090909,-206.0,Back of the Hill
2026-09-07,Green,place-bcnfd,193,0.24870466321243523,116.0,Beaconsfield
2026-09-07,Green,place-bcnwa,199,0.06532663316582915,-19.0,Washington Square
2026-09-07,Green,place-bland,193,0.18134715025906736,0.0,Blandford Street
2026-09-07,Green,place-boyls,762,0.15485564304461943,-17.0,Boylston
2026-09-07,Green,place-brico,192,0.1875,36.0,Packards Corner
2026-09-07,Green,place-brkhl,191,0.21465968586387435,111.0,Brookline Hills
2026-09-07,Green,place-brmnl,169,0.08875739644970414,-219.0,Brigham Circle
2026-09-07,Green,place-bucen,192,0.19791666666666666,12.5,Boston University Central
2026-09-07,Green,place-buest,192,0.17708333333333334,2.0,Boston University East
2026-09-07,Green,place-bvmnl,193,0.21761658031088082,101.0,Brookline Village
2026-09-07,Green,place-chhil,189,0.19576719576719576,75.0,Chestnut Hill
2026-09-07,Green,place-chill,189,0.20105820105820105,34.0,Chestnut Hill Avenue
2026-09-07,Green,place-chswk,190,0.22105263157894736,2.0,Chiswick Road
2026-09-07,Green,place-coecl,736,0.16032608695652173,-17.0,Copley
2026-09-07,Green,place-cool,200,0.055,-22.5,Coolidge Corner
2026-09-07,Green,place-denrd,197,0.07106598984771574,-61.0,Dean Road
2026-09-07,Green,place-eliot,185,0.23783783783783785,103.0,Eliot
2026-09-07,Green,place-engav,192,0.08333333333333333,-18.5,Englewood Avenue
2026-09-07,Green,place-esomr,179,0.08379888268156424,-98.0,East Somerville
2026-09-07,Green,place-fbkst,200,0.08,-7.5,Fairbanks Street
2026-09-07,Green,place-fenwd,169,0.10059171597633136,-198.0,Fenwood Road
2026-09-07,Green,place-fenwy,192,0.19270833333333334,98.5,Fenway
2026-09-07,Green,place-gilmn,185,0.08108108108108109,-85.0,Gilman Square
2026-09-07,Green,place-gover,367,0.14986376021798364,-35.0,Government Center
2026-09-07,Green,place-grigg,194,0.18556701030927836,25.5,Griggs Street
2026-09-07,Green,place-haecl,367,0.1362397820163488,-51.0,Haymarket
2026-09-07,Green,place-harvd,193,0.15544041450777202,-2.0,Harvard Avenue
2026-09-07,Green,place-hwsst,201,0.07960199004975124,-23.0,Hawes Street
2026-09-07,Green,place-hymnl,561,0.16755793226381463,15.0,Hynes Convention Center
2026-09-07,Green,place-kencl,593,0.15682967959527824,11.0,Kenmore
2026-09-07,Green,place-kntst,201,0.0845771144278607,0.0,Kent Street
2026-09-07,Green,place-lech,365,0.11232876712328767,-41.0,Lechmere
2026-09-07,Green,place-lngmd,178,0.10112359550561797,-177.5,Longwood Medical Area
2026-09-07,Green,place-longw,193,0.21761658031088082,116.0,Longwood
2026-09-07,Green,place-mfa,179,0.10614525139664804,-147.0,Museum of Fine Arts
2026-09-07,Green,place-mgngl,186,0.08064516129032258,-91.0,Magoun Square
2026-09-07,Green,place-mispk,170,0.09411764705882353,-223.5,Mission Park
2026-09-07,Green,place-newtn,186,0.23118279569892472,117.5,Newton Highlands
2026-09-07,Green,place-newto,189,0.23809523809523808,96.0,Newton Centre
2026-09-07,Green,place-north,368,0.12771739130434784,-47.0,North Station
2026-09-07,Green,place-nuniv,179,0.11731843575418995,-179.0,Northeastern University
2026-09-07,Green,place-pktrm,740,0.13513513513513514,-23.0,Park Street
2026-09-07,Green,place-prmnl,178,0.12921348314606743,-165.5,Prudential
2026-09-07,Green,place-rsmnl,190,0.20526315789473684,74.0,Reservoir
2026-09-07,Green,place-rvrwy,168,0.10714285714285714,-229.0,Riverway
2026-09-07,Green,place-smary,202,0.07425742574257425,-57.0,Saint Marys Street
2026-09-07,Green,place-sougr,188,0.21808510638297873,-22.5,South Street
2026-09-07,Green,place-spmnl,365,0.1232876712328767,-25.0,Science Park
2026-09-07,Green,place-sthld,191,0.21465968586387435,-17.0,Sutherland Road
2026-09-07,Green,place-stpul,202,0.06930693069306931,2.5,Saint Paul Street
2026-09-07,Green,place-sumav,199,0.09045226130653267,-21.0,Summit Avenue
2026-09-07,Green,place-tapst,199,0.08040201005025126,-34.0,Tappan Street
2026-09-07,Green,place-waban,182,0.2032967032967033,88.5,Waban
2026-09-07,Green,place-wascm,193,0.18134715025906736,23.0,Washington Street
2026-09-07,Green,place-woodl,182,0.1978021978021978,68.5,Woodland
2026-09-07,Green,place-wrnst,193,0.19689119170984457,-2.0,Warren Street
2026-09-07,Mattapan,place-butlr,174,0.10344827586206896,12.0,Butler
2026-09-07,Mattapan,place-capst,169,0.10059171597633136,-1.0,Capen Street
2026-09-07,Mattapan,place-cedgr,174,0.10919540229885058,13.0,Cedar Grove
2026-09-07,Mattapan,place-cenav,174,0.07471264367816093,-23.5,Central Avenue
2026-09-07,Mattapan,place-miltt,174,0.10919540229885058,2.5,Milton
2026-09-07,Mattapan,place-valrd,173,0.08670520231213873,3.0,Valley Road
2026-09-07,Orange,place-astao,259,0.07335907335907337,27.0,Assembly
2026-09-07,Orange,place-bbsta,260,0.08461538461538462,-5.0,Back Bay
2026-09-07,Orange,place-ccmnl,259,0.07722007722007722,14.0,Community College
2026-09-07,Orange,place-chncl,259,0.08108108108108109,10.0,Chinatown
2026-09-07,Orange,place-dwnxg,260,0.07692307692307693,10.0,Downtown Crossing
2026-09-07,Orange,place-grnst,254,0.07480314960629922,32.0,Green Street
2026-09-07,Orange,place-haecl,261,0.07662835249042145,26.0,Haymarket
2026-09-07,Orange,place-jaksn,256,0.07421875,-10.0,Jackson Square
2026-09-07,Orange,place-masta,255,0.08627450980392157,1.0,Massachusetts Avenue
2026-09-07,Orange,place-mlmnl,255,0.0784313725490196,47.0,Malden Center
2026-09-07,Orange,place-north,261,0.08045977011494253,21.0,North Station
2026-09-07,Orange,place-rcmnl,254,0.07874015748031496,-5.0,Roxbury Crossing
2026-09-07,Orange,place-rugg,256,0.08203125,3.0,Ruggles
2026-09-07,Orange,place-sbmnl,255,0.07058823529411765,7.0,Stony Brook
2026-09-07,Orange,place-state,260,0.06538461538461539,0.5,State
2026-09-07,Orange,place-sull,259,0.07722007722007722,14.0,Sullivan Square
2026-09-07,Orange,place-tumnl,259,0.08494208494208494,2.0,Tufts Medical Center
2026-09-07,Orange,place-welln,259,0.0694980694980695,37.0,Wellington
2026-09-07,Red,place-andrw,327,0.43730886850152906,272.0,Andrew
2026-09-07,Red,place-brdwy,325,0.44,266.0,Broadway
2026-09-07,Red,place-chmnl,324,0.4660493827160494,277.5,Charles/MGH
2026-09-07,Red,place-cntsq,324,0.46296296296296297,279.0,Central
2026-09-07,Red,place-davis,323,0.4582043343653251,278.0,Davis
2026-09-07,Red,place-dwnxg,149,0.40268456375838924,265.0,Downtown Crossing
2026-09-07,Red,place-fldcr,153,0.40522875816993464,244.0,Fields Corner
2026-09-07,Red,place-harsq,324,0.44135802469135804,274.5,Harvard
2026-09-07,Red,place-jfk,327,0.4434250764525994,261.0,JFK/UMass
2026-09-07,Red,place-knncl,323,0.4520123839009288,279.0,Kendall/MIT
2026-09-07,Red,place-nqncy,173,0.2658959537572254,127.0,North Quincy
2026-09-07,Red,place-pktrm,155,0.49032258064516127,297.0,Park Street
2026-09-07,Red,place-portr,324,0.4722222222222222,286.0,Porter
2026-09-07,Red,place-qamnl,171,0.21052631578947367,105.0,Quincy Adams
2026-09-07,Red,place-qnctr,171,0.22807017543859648,100.0,Quincy Center
2026-09-07,Red,place-shmnl,154,0.4025974025974026,244.0,Savin Hill
2026-09-07,Red,place-smmnl,155,0.4129032258064516,251.0,Shawmut
2026-09-07,Red,place-sstat,320,0.45625,275.0,South Station
2026-09-07,Red,place-wlsta,172,0.25,110.0,Wollaston
2026-09-08,Blue,place-aport,273,0.4249084249084249,218.0,Airport
2026-09-08,Blue,place-aqucl,267,0.48314606741573035,284.0,Aquarium
2026-09-08,Blue,place-bmmnl,281,0.4199288256227758,191.0,Beachmont
2026-09-08,Blue,place-gover,267,0.48314606741573035,263.0,Government Center
2026-09-08,Blue,place-mvbcl,269,0.45353159851301117,222.0,Maverick
2026-09-08,Blue,place-orhte,279,0.4229390681003584,199.0,Orient Heights
2026-09-08,Blue,place-rbmnl,280,0.42142857142857143,189.5,Revere Beach
2026-09-08,Blue,place-sdmnl,279,0.4336917562724014,228.0,Suffolk Downs
2026-09-08,Blue,place-state,267,0.49063670411985016,292.0,State
2026-09-08,Blue,place-wimnl,277,0.4368231046931408,204.0,Wood Island
2026-09-08,Green,place-alsgr,254,0.1968503937007874,44.0,Allston Street
2026-09-08,Green,place-amory,253,0.2015810276679842,88.0,Amory Street
2026-09-08,Green,place-armnl,1049,0.1534795042897998,37.0,Arlington
2026-09-08,Green,place-babck,252,0.20238095238095238,70.5,Babcock Street
2026-09-08,Green,place-balsq,279,0.03942652329749104,-17.0,Ball Square
2026-09-08,Green,place-bckhl,254,0.09448818897637795,-91.0,Back of the Hill
2026-09-08,Green,place-bcnfd,257,0.19066147859922178,70.0,Beaconsfield
2026-09-08,Green,place-bcnwa,260,0.10384615384615385,39.0,Washington Square
2026-09-08,Green,place-bland,253,0.20948616600790515,74.0,Blandford Street
2026-09-08,Green,place-boyls,1052,0.1720532319391635,46.5,Boylston
2026-09-08,Green,place-brico,253,0.1976284584980237,56.0,Packards Corner
2026-09-08,Green,place-brkhl,260,0.18846153846153846,62.0,Brookline Hills
2026-09-08,Green,place-brmnl,255,0.08235294117647059,-86.0,Brigham Circle
2026-09-08,Green,place-bucen,253,0.20948616600790515,86.0,Boston University Central
2026-09-08,Green,place-buest,254,0.19291338582677164,72.0,Boston University East
2026-09-08,Green,place-bvmnl,261,0.18773946360153257,58.0,Brookline Village
2026-09-08,Green,place-chhil,258,0.16666666666666666,55.5,Chestnut Hill
2026-09-08,Green,place-chill,253,0.17391304347826086,63.0,Chestnut Hill Avenue
2026-09-08,Green,place-chswk,254,0.1968503937007874,36.0,Chiswick Road
2026-09-08,Green,place-coecl,1028,0.1566147859922179,36.0,Copley
2026-09-08,Green,place-cool,263,0.11026615969581749,42.0,Coolidge Corner
2026-09-08,Green,place-denrd,256,0.109375,-13.0,Dean Road
2026-09-08,Green,place-eliot,258,0.17054263565891473,73.0,Eliot
2026-09-08,Green,place-engav,256,0.1015625,12.5,Englewood Avenue
2026-09-08,Green,place-esomr,272,0.05514705882352941,15.0,East Somerville
2026-09-08,Green,place-fbkst,260,0.13076923076923078,52.5,Fairbanks Street
2026-09-08,Green,place-fenwd,259,0.10038610038610038,-44.0,Fenwood Road
2026-09-08,Green,place-fenwy,253,0.19367588932806323,71.0,Fenway
2026-09-08,Green,place-gilmn,277,0.05054151624548736,17.0,Gilman Square
2026-09-08,Green,place-gover,530,0.15283018867924528,38.5,Government Center
2026-09-08,Green,place-grigg,254,0.1968503937007874,45.0,Griggs Street
2026-09-08,Green,place-haecl,528,0.14772727272727273,18.0,Haymarket
2026-09-08,Green,place-harvd,254,0.1732283464566929,42.5,Harvard Avenue
2026-09-08,Green,place-hwsst,262,0.1297709923664122,83.0,Hawes Street
2026-09-08,Green,place-hymnl,749,0.1802403204272363,73.0,Hynes Convention Center
2026-09-08,Green,place-kencl,773,0.16946959896507116,59.0,Kenmore
2026-09-08,Green,place-kntst,262,0.11068702290076336,79.5,Kent Street
2026-09-08,Green,place-lech,528,0.11931818181818182,13.0,Lechmere
2026-09-08,Green,place-lngmd,266,0.08270676691729323,-81.5,Longwood Medical Area
2026-09-08,Green,place-longw,261,0.19540229885057472,84.0,Longwood
2026-09-08,Green,place-mfa,272,0.08823529411764706,-61.0,Museum of Fine Arts
2026-09-08,Green,place-mgngl,277,0.05054151624548736,18.0,Magoun Square
2026-09-08,Green,place-mispk,257,0.08949416342412451,-102.0,Mission Park
2026-09-08,Green,place-newtn,257,0.1828793774319066,96.0,Newton Highlands
2026-09-08,Green,place-newto,257,0.17120622568093385,80.0,Newton Centre
2026-09-08,Green,place-north,526,0.14068441064638784,20.0,North Station
2026-09-08,Green,place-nuniv,272,0.08088235294117647,-76.0,Northeastern University
2026-09-08,Green,place-pktrm,993,0.16414904330312186,45.0,Park Street
2026-09-08,Green,place-prmnl,274,0.10948905109489052,-67.5,Prudential
2026-09-08,Green,place-rsmnl,257,0.16342412451361868,60.0,Reservoir
2026-09-08,Green,place-rvrwy,261,0.09578544061302682,-86.0,Riverway
2026-09-08,Green,place-smary,263,0.11026615969581749,63.0,Saint Marys Street
2026-09-08,Green,place-sougr,250,0.168,-7.0,South Street
2026-09-08,Green,place-spmnl,520,0.12884615384615383,23.5,Science Park
2026-09-08,Green,place-sthld,254,0.20866141732283464,38.0,Sutherland Road
2026-09-08,Green,place-stpul,262,0.11068702290076336,72.5,Saint Paul Street
2026-09-08,Green,place-sumav,261,0.11877394636015326,27.0,Summit Avenue
2026-09-08,Green,place-tapst,259,0.11583011583011583,18.0,Tappan Street
2026-09-08,Green,place-waban,252,0.1626984126984127,71.0,Waban
2026-09-08,Green,place-wascm,254,0.1889763779527559,41.5,Washington Street
2026-09-08,Green,place-woodl,251,0.16334661354581673,73.0,Woodland
2026-09-08,Green,place-wrnst,253,0.18972332015810275,15.0,Warren Street
2026-09-08,Mattapan,place-asmnl,8,0.625,322.5,Ashmont
2026-09-08,Mattapan,place-butlr,237,0.05063291139240506,-49.0,Butler
2026-09-08,Mattapan,place-capst,245,0.08571428571428572,7.0,Capen Street
2026-09-08,Mattapan,place-cedgr,244,0.04918032786885246,-51.0,Cedar Grove
2026-09-08,Mattapan,place-cenav,244,0.0860655737704918,-23.0,Central Avenue
2026-09-08,Mattapan,place-miltt,239,0.06276150627615062,-59.0,Milton
2026-09-08,Mattapan,place-valrd,244,0.09016393442622951,6.0,Valley Road
2026-09-08,Orange,place-astao,431,0.04408352668213457,43.0,Assembly
2026-09-08,Orange,place-bbsta,432,0.03935185185185185,39.0,Back Bay
2026-09-08,Orange,place-ccmnl,432,0.041666666666666664,36.0,Community College
2026-09-08,Orange,place-chncl,432,0.041666666666666664,47.5,Chinatown
2026-09-08,Orange,place-dwnxg,430,0.037209302325581395,38.5,Downtown Crossing
2026-09-08,Orange,place-grnst,431,0.037122969837587005,34.0,Green Street
2026-09-08,Orange,place-haecl,432,0.034722222222222224,42.5,Haymarket
2026-09-08,Orange,place-jaksn,432,0.037037037037037035,34.0,Jackson Square
2026-09-08,Orange,place-masta,432,0.03935185185185185,46.5,Massachusetts Avenue
2026-09-08,Orange,place-mlmnl,433,0.050808314087759814,57.0,Malden Center
2026-09-08,Orange,place-north,432,0.03935185185185185,40.0,North Station
2026-09-08,Orange,place-rcmnl,432,0.034722222222222224,30.0,Roxbury Crossing
2026-09-08,Orange,place-rugg,432,0.041666666666666664,37.5,Ruggles
2026-09-08,Orange,place-sbmnl,432,0.03935185185185185,56.0,Stony Brook
2026-09-08,Orange,place-state,431,0.03480278422273782,25.0,State
2026-09-08,Orange,place-sull,432,0.046296296296296294,36.0,Sullivan Square
2026-09-08,Orange,place-tumnl,432,0.041666666666666664,39.0,Tufts Medical Center
2026-09-08,Orange,place-welln,433,0.04387990762124711,47.0,Wellington
2026-09-08,Red,place-andrw,378,0.5343915343915344,330.5,Andrew
2026-09-08,Red,place-brdwy,378,0.5423280423280423,335.0,Broadway
2026-09-08,Red,place-chmnl,378,0.5714285714285714,373.5,Charles/MGH
2026-09-08,Red,place-cntsq,379,0.5725593667546174,362.0,Central
2026-09-08,Red,place-davis,378,0.582010582010582,355.0,Davis
2026-09-08,Red,place-dwnxg,160,0.41875,234.0,Downtown Crossing
2026-09-08,Red,place-fldcr,180,0.4777777777777778,280.5,Fields Corner
2026-09-08,Red,place-harsq,377,0.5570291777188329,354.0,Harvard
2026-09-08,Red,place-jfk,378,0.5264550264550265,317.5,JFK/UMass
2026-09-08,Red,place-knncl,378,0.5714285714285714,370.0,Kendall/MIT
2026-09-08,Red,place-nqncy,198,0.4393939393939394,240.5,North Quincy
2026-09-08,Red,place-pktrm,166,0.3795180722891566,195.5,Park Street
2026-09-08,Red,place-portr,379,0.5804749340369393,367.0,Porter
2026-09-08,Red,place-qamnl,193,0.40932642487046633,210.0,Quincy Adams
2026-09-08,Red,place-qnctr,195,0.4153846153846154,224.0,Quincy Center
2026-09-08,Red,place-shmnl,179,0.4692737430167598,284.0,Savin Hill
2026-09-08,Red,place-smmnl,180,0.4722222222222222,286.5,Shawmut
2026-09-08,Red,place-sstat,374,0.553475935828877,344.5,South Station
2026-09-08,Red,place-wlsta,198,0.43434343434343436,249.0,Wollaston
2026-09-09,Blue,place-aport,424,0.0047169811320754715,25.0,Airport
2026-09-09,Blue,place-aqucl,423,0.0070921985815602835,45.0,Aquarium
2026-09-09,Blue,place-bmmnl,421,0.0023752969121140144,-4.0,Beachmont
2026-09-09,Blue,place-gover,424,0.007075471698113208,7.0,Government Center
2026-09-09,Blue,place-mvbcl,423,0.002364066193853428,27.0,Maverick
2026-09-09,Blue,place-orhte,422,0.004739336492890996,28.0,Orient Heights
2026-09-09,Blue,place-rbmnl,420,0.002380952380952381,-4.5,Revere Beach
2026-09-09,Blue,place-sdmnl,421,0.007125890736342043,24.0,Suffolk Downs
2026-09-09,Blue,place-state,425,0.007058823529411765,38.0,State
2026-09-09,Blue,place-wimnl,425,0.004705882352941176,39.0,Wood Island
2026-09-09,Green,place-alsgr,239,0.17154811715481172,90.0,Allston Street
2026-09-09,Green,place-amory,241,0.21991701244813278,113.0,Amory Street
2026-09-09,Green,place-armnl,1042,0.14395393474088292,28.5,Arlington
2026-09-09,Green,place-babck,241,0.18672199170124482,101.0,Babcock Street
2026-09-09,Green,place-balsq,285,0.010526315789473684,-37.0,Ball Square
2026-09-09,Green,place-bckhl,264,0.06818181818181818,-164.5,Back of the Hill
2026-09-09,Green,place-bcnfd,248,0.2217741935483871,92.5,Beaconsfield
2026-09-09,Green,place-bcnwa,273,0.08058608058608059,21.0,Washington Square
2026-09-09,Green,place-bland,241,0.21161825726141079,103.0,Blandford Street
2026-09-09,Green,place-boyls,1037,0.14175506268081003,33.0,Boylston
2026-09-09,Green,place-brico,240,0.18333333333333332,95.0,Packards Corner
2026-09-09,Green,place-brkhl,246,0.22357723577235772,80.0,Brookline Hills
2026-09-09,Green,place-brmnl,263,0.053231939163498096,-144.0,Brigham Circle
2026-09-09,Green,place-bucen,241,0.21161825726141079,80.0,Boston University Central
2026-09-09,Green,place-buest,239,0.20920502092050208,95.0,Boston University East
2026-09-09,Green,place-bvmnl,248,0.20967741935483872,85.0,Brookline Village
2026-09-09,Green,place-chhil,247,0.20242914979757085,84.0,Chestnut Hill
2026-09-09,Green,place-chill,239,0.17154811715481172,57.0,Chestnut Hill Avenue
2026-09-09,Green,place-chswk,239,0.18828451882845187,33.0,Chiswick Road
2026-09-09,Green,place-coecl,1044,0.13793103448275862,29.5,Copley
2026-09-09,Green,place-cool,272,0.08455882352941177,14.5,Coolidge Corner
2026-09-09,Green,place-denrd,268,0.08208955223880597,-19.5,Dean Road
2026-09-09,Green,place-eliot,242,0.18181818181818182,86.5,Eliot
2026-09-09,Green,place-engav,267,0.10861423220973783,-1.0,Englewood Avenue
2026-09-09,Green,place-esomr,283,0.01060070671378092,-35.0,East Somerville
2026-09-09,Green,place-fbkst,275,0.10181818181818182,33.0,Fairbanks Street
2026-09-09,Green,place-fenwd,269,0.07063197026022305,-100.0,Fenwood Road
2026-09-09,Green,place-fenwy,246,0.22764227642276422,95.5,Fenway
2026-09-09,Green,place-gilmn,285,0.007017543859649123,-22.0,Gilman Square
2026-09-09,Green,place-gover,523,0.1147227533460803,17.0,Government Center
2026-09-09,Green,place-grigg,240,0.16666666666666666,85.0,Griggs Street
2026-09-09,Green,place-haecl,525,0.10857142857142857,-1.0,Haymarket
2026-09-09,Green,place-harvd,240,0.15416666666666667,78.0,Harvard Avenue
2026-09-09,Green,place-hwsst,275,0.09818181818181818,23.0,Hawes Street
2026-09-09,Green,place-hymnl,764,0.17277486910994763,67.5,Hynes Convention Center
2026-09-09,Green,place-kencl,764,0.17015706806282724,57.5,Kenmore
2026-09-09,Green,place-kntst,274,0.10583941605839416,31.5,Kent Street
2026-09-09,Green,place-lech,525,0.09714285714285714,-9.0,Lechmere
2026-09-09,Green,place-lngmd,277,0.05776173285198556,-122.0,Longwood Medical Area
2026-09-09,Green,place-longw,248,0.22580645161290322,83.5,Longwood
2026-09-09,Green,place-mfa,275,0.05090909090909091,-125.0,Museum of Fine Arts
2026-09-09,Green,place-mgngl,295,0.006779661016949152,-7.0,Magoun Square
2026-09-09,Green,place-mispk,262,0.05343511450381679,-166.5,Mission Park
2026-09-09,Green,place-newtn,244,0.18032786885245902,98.5,Newton Highlands
2026-09-09,Green,place-newto,244,0.18032786885245902,97.5,Newton Centre
2026-09-09,Green,place-north,529,0.11720226843100189,0.0,North Station
2026-09-09,Green,place-nuniv,281,0.0498220640569395,-132.0,Northeastern University
2026-09-09,Green,place-pktrm,968,0.12190082644628099,23.0,Park Street
2026-09-09,Green,place-prmnl,279,0.05734767025089606,-112.0,Prudential
2026-09-09,Green,place-rsmnl,247,0.20647773279352227,82.0,Reservoir
2026-09-09,Green,place-rvrwy,266,0.05639097744360902,-142.5,Riverway
2026-09-09,Green,place-smary,275,0.10545454545454545,14.0,Saint Marys Street
2026-09-09,Green,place-sougr,238,0.14285714285714285,-3.5,South Street
2026-09-09,Green,place-spmnl,524,0.11450381679389313,6.0,Science Park
2026-09-09,Green,place-sthld,240,0.17083333333333334,44.5,Sutherland Road
2026-09-09,Green,place-stpul,271,0.08856088560885608,23.0,Saint Paul Street
2026-09-09,Green,place-sumav,274,0.08394160583941605,6.0,Summit Avenue
2026-09-09,Green,place-tapst,270,0.09259259259259259,1.5,Tappan Street
2026-09-09,Green,place-waban,237,0.14767932489451477,72.0,Waban
2026-09-09,Green,place-wascm,239,0.17154811715481172,50.0,Washington Street
2026-09-09,Green,place-woodl,237,0.14345991561181434,68.0,Woodland
2026-09-09,Green,place-wrnst,240,0.15416666666666667,51.0,Warren Street
2026-09-09,Mattapan,place-asmnl,3,0.6666666666666666,468.0,Ashmont
2026-09-09,Mattapan,place-butlr,252,0.031746031746031744,-25.5,Butler
2026-09-09,Mattapan,place-capst,254,0.05905511811023622,20.5,Capen Street
2026-09-09,Mattapan,place-cedgr,251,0.035856573705179286,-40.0,Cedar Grove
2026-09-09,Mattapan,place-cenav,251,0.04780876494023904,-2.0,Central Avenue
2026-09-09,Mattapan,place-miltt,253,0.039525691699604744,-31.0,Milton
2026-09-09,Mattapan,place-valrd,253,0.04743083003952569,18.0,Valley Road
2026-09-09,Orange,place-astao,426,0.023474178403755867,42.0,Assembly
2026-09-09,Orange,place-bbsta,427,0.01639344262295082,40.0,Back Bay
2026-09-09,Orange,place-ccmnl,427,0.0234192037470726,36.0,Community College
2026-09-09,Orange,place-chncl,427,0.02107728337236534,50.0,Chinatown
2026-09-09,Orange,place-dwnxg,425,0.018823529411764704,39.0,Downtown Crossing
2026-09-09,Orange,place-grnst,425,0.01411764705882353,35.0,Green Street
2026-09-09,Orange,place-haecl,425,0.018823529411764704,42.0,Haymarket
2026-09-09,Orange,place-jaksn,426,0.009389671361502348,37.5,Jackson Square
2026-09-09,Orange,place-masta,427,0.01873536299765808,47.0,Massachusetts Avenue
2026-09-09,Orange,place-mlmnl,427,0.02576112412177986,55.0,Malden Center
2026-09-09,Orange,place-north,426,0.018779342723004695,39.0,North Station
2026-09-09,Orange,place-rcmnl,427,0.01639344262295082,33.0,Roxbury Crossing
2026-09-09,Orange,place-rugg,427,0.02107728337236534,36.0,Ruggles
2026-09-09,Orange,place-sbmnl,426,0.009389671361502348,58.0,Stony Brook
2026-09-09,Orange,place-state,427,0.01873536299765808,24.0,State
2026-09-09,Orange,place-sull,427,0.0234192037470726,36.0,Sullivan Square
2026-09-09,Orange,place-tumnl,427,0.01873536299765808,42.0,Tufts Medical Center
2026-09-09,Orange,place-welln,427,0.02107728337236534,46.0,Wellington
2026-09-09,Red,place-andrw,362,0.5883977900552486,366.5,Andrew
2026-09-09,Red,place-brdwy,362,0.6022099447513812,370.5,Broadway
2026-09-09,Red,place-chmnl,361,0.6121883656509696,398.0,Charles/MGH
2026-09-09,Red,place-cntsq,361,0.6121883656509696,384.0,Central
2026-09-09,Red,place-davis,359,0.649025069637883,413.0,Davis
2026-09-09,Red,place-dwnxg,159,0.4716981132075472,283.0,Downtown Crossing
2026-09-09,Red,place-fldcr,188,0.46808510638297873,271.0,Fields Corner
2026-09-09,Red,place-harsq,361,0.6204986149584487,379.0,Harvard
2026-09-09,Red,place-jfk,363,0.5647382920110193,341.0,JFK/UMass
2026-09-09,Red,place-knncl,362,0.6077348066298343,392.0,Kendall/MIT
2026-09-09,Red,place-nqncy,173,0.5491329479768786,354.0,North Quincy
2026-09-09,Red,place-pktrm,156,0.44871794871794873,266.0,Park Street
2026-09-09,Red,place-portr,361,0.6454293628808865,414.0,Porter
2026-09-09,Red,place-qamnl,172,0.5116279069767442,310.5,Quincy Adams
2026-09-09,Red,place-qnctr,173,0.5260115606936416,317.0,Quincy Center
2026-09-09,Red,place-shmnl,188,0.4627659574468085,269.5,Savin Hill
2026-09-09,Red,place-smmnl,188,0.48404255319148937,290.0,Shawmut
2026-09-09,Red,place-sstat,363,0.6115702479338843,382.0,South Station
2026-09-09,Red,place-wlsta,173,0.5433526011560693,351.0,Wollaston
2026-09-10,Blue,place-aport,407,0.07125307125307126,23.0,Airport
2026-09-10,Blue,place-aqucl,408,0.0784313725490196,42.0,Aquarium
2026-09-10,Blue,place-bmmnl,405,0.04938271604938271,-7.0,Beachmont
2026-09-10,Blue,place-gover,409,0.07334963325183375,2.0,Government Center
2026-09-10,Blue,place-mvbcl,408,0.07107843137254902,26.0,Maverick
2026-09-10,Blue,place-orhte,405,0.056790123456790124,25.0,Orient Heights
2026-09-10,Blue,place-rbmnl,405,0.05185185185185185,-3.0,Revere Beach
2026-09-10,Blue,place-sdmnl,405,0.056790123456790124,25.0,Suffolk Downs
2026-09-10,Blue,place-state,408,0.07598039215686274,40.0,State
2026-09-10,Blue,place-wimnl,407,0.07125307125307126,35.0,Wood Island
2026-09-10,Green,place-alsgr,252,0.09523809523809523,88.5,Allston Street
2026-09-10,Green,place-amory,253,0.1225296442687747,86.0,Amory Street
2026-09-10,Green,place-armnl,1010,0.14356435643564355,26.5,Arlington
2026-09-10,Green,place-babck,252,0.11507936507936507,82.5,Babcock Street
2026-09-10,Green,place-balsq,276,0.057971014492753624,1.0,Ball Square
2026-09-10,Green,place-bckhl,255,0.12156862745098039,-74.0,Back of the Hill
2026-09-10,Green,place-bcnfd,241,0.2074688796680498,92.0,Beaconsfield
2026-09-10,Green,place-bcnwa,254,0.0984251968503937,40.5,Washington Square
2026-09-10,Green,place-bland,253,0.13438735177865613,72.0,Blandford Street
2026-09-10,Green,place-boyls,1005,0.14925373134328357,36.0,Boylston
2026-09-10,Green,place-brico,252,0.10714285714285714,74.5,Packards Corner
2026-09-10,Green,place-brkhl,240,0.19166666666666668,75.0,Brookline Hills
2026-09-10,Green,place-brmnl,257,0.09727626459143969,-78.0,Brigham Circle
2026-09-10,Green,place-bucen,254,0.12992125984251968,79.5,Boston University Central
2026-09-10,Green,place-buest,253,0.1422924901185771,71.0,Boston University East
2026-09-10,Green,place-bvmnl,241,0.18672199170124482,70.0,Brookline Village
2026-09-10,Green,place-chhil,237,0.1940928270042194,81.0,Chestnut Hill
2026-09-10,Green,place-chill,251,0.10756972111553785,62.0,Chestnut Hill Avenue
2026-09-10,Green,place-chswk,253,0.11857707509881422,27.0,Chiswick Road
2026-09-10,Green,place-coecl,1008,0.14682539682539683,17.5,Copley
2026-09-10,Green,place-cool,255,0.09803921568627451,38.0,Coolidge Corner
2026-09-10,Green,place-denrd,253,0.08695652173913043,-11.0,Dean Road
2026-09-10,Green,place-eliot,236,0.211864406779661,89.0,Eliot
2026-09-10,Green,place-engav,254,0.09448818897637795,20.0,Englewood Avenue
2026-09-10,Green,place-esomr,263,0.053231939163498096,1.0,East Somerville
2026-09-10,Green,place-fbkst,254,0.11023622047244094,56.0,Fairbanks Street
2026-09-10,Green,place-fenwd,260,0.12307692307692308,-46.0,Fenwood Road
2026-09-10,Green,place-fenwy,242,0.2231404958677686,77.0,Fenway
2026-09-10,Green,place-gilmn,273,0.054945054945054944,21.0,Gilman Square
2026-09-10,Green,place-gover,478,0.1401673640167364,14.0,Government Center
2026-09-10,Green,place-grigg,253,0.09881422924901186,83.0,Griggs Street
2026-09-10,Green,place-haecl,477,0.1320754716981132,-6.0,Haymarket
2026-09-10,Green,place-harvd,252,0.09126984126984126,61.5,Harvard Avenue
2026-09-10,Green,place-hwsst,257,0.09727626459143969,44.0,Hawes Street
2026-09-10,Green,place-hymnl,742,0.15902964959568733,59.0,Hynes Convention Center
2026-09-10,Green,place-kencl,747,0.14859437751004015,49.0,Kenmore
2026-09-10,Green,place-kntst,255,0.08627450980392157,46.0,Kent Street
2026-09-10,Green,place-lech,493,0.10141987829614604,-4.0,Lechmere
2026-09-10,Green,place-lngmd,259,0.08494208494208494,-64.0,Longwood Medical Area
2026-09-10,Green,place-longw,243,0.2139917695473251,79.0,Longwood
2026-09-10,Green,place-mfa,264,0.0946969696969697,-64.0,Museum of Fine Arts
2026-09-10,Green,place-mgngl,279,0.05017921146953405,29.0,Magoun Square
2026-09-10,Green,place-mispk,256,0.10546875,-105.0,Mission Park
2026-09-10,Green,place-newtn,237,0.21518987341772153,107.0,Newton Highlands
2026-09-10,Green,place-newto,237,0.22362869198312235,103.0,Newton Centre
2026-09-10,Green,place-north,491,0.12830957230142567,-12.0,North Station
2026-09-10,Green,place-nuniv,264,0.07954545454545454,-77.0,Northeastern University
2026-09-10,Green,place-pktrm,925,0.1318918918918919,26.0,Park Street
2026-09-10,Green,place-prmnl,263,0.09885931558935361,-77.0,Prudential
2026-09-10,Green,place-rsmnl,237,0.19831223628691982,83.0,Reservoir
2026-09-10,Green,place-rvrwy,256,0.12109375,-73.5,Riverway
2026-09-10,Green,place-smary,256,0.08984375,18.0,Saint Marys Street
2026-09-10,Green,place-sougr,253,0.09881422924901186,-9.0,South Street
2026-09-10,Green,place-spmnl,482,0.11825726141078838,7.5,Science Park
2026-09-10,Green,place-sthld,253,0.1225296442687747,36.0,Sutherland Road
2026-09-10,Green,place-stpul,255,0.09019607843137255,36.0,Saint Paul Street
2026-09-10,Green,place-sumav,255,0.10588235294117647,22.0,Summit Avenue
2026-09-10,Green,place-tapst,254,0.1062992125984252,13.0,Tappan Street
2026-09-10,Green,place-waban,234,0.19658119658119658,73.5,Waban
2026-09-10,Green,place-wascm,252,0.11507936507936507,43.5,Washington Street
2026-09-10,Green,place-woodl,233,0.19313304721030042,82.0,Woodland
2026-09-10,Green,place-wrnst,252,0.09523809523809523,44.5,Warren Street
2026-09-10,Mattapan,place-asmnl,8,0.5,106.0,Ashmont
2026-09-10,Mattapan,place-butlr,250,0.02,-38.0,Butler
2026-09-10,Mattapan,place-capst,257,0.042801556420233464,8.0,Capen Street
2026-09-10,Mattapan,place-cedgr,256,0.01953125,-53.0,Cedar Grove
2026-09-10,Mattapan,place-cenav,257,0.042801556420233464,-13.0,Central Avenue
2026-09-10,Mattapan,place-miltt,255,0.03529411764705882,-47.0,Milton
2026-09-10,Mattapan,place-valrd,258,0.046511627906976744,8.0,Valley Road
2026-09-10,Orange,place-astao,6,0.0,-532.5,Assembly
2026-09-10,Orange,place-ccmnl,6,0.0,-519.5,Community College
2026-09-10,Orange,place-chncl,6,0.0,-520.5,Chinatown
2026-09-10,Orange,place-dwnxg,6,0.0,-494.0,Downtown Crossing
2026-09-10,Orange,place-haecl,6,0.0,-538.5,Haymarket
2026-09-10,Orange,place-mlmnl,6,0.0,-544.5,Malden Center
2026-09-10,Orange,place-north,6,0.0,-525.0,North Station
2026-09-10,Orange,place-state,6,0.0,-543.5,State
2026-09-10,Orange,place-sull,6,0.0,-517.5,Sullivan Square
2026-09-10,Orange,place-tumnl,6,0.0,-536.0,Tufts Medical Center
2026-09-10,Orange,place-welln,6,0.0,-546.5,Wellington
2026-09-10,Red,place-andrw,370,0.5324324324324324,336.0,Andrew
2026-09-10,Red,place-brdwy,369,0.5257452574525745,331.0,Broadway
2026-09-10,Red,place-chmnl,369,0.5609756097560976,328.0,Charles/MGH
2026-09-10,Red,place-cntsq,370,0.5432432432432432,330.0,Central
2026-09-10,Red,place-davis,370,0.5378378378378378,328.5,Davis
2026-09-10,Red,place-dwnxg,159,0.389937106918239,247.0,Downtown Crossing
2026-09-10,Red,place-fldcr,192,0.4739583333333333,270.5,Fields Corner
2026-09-10,Red,place-harsq,371,0.5148247978436657,314.0,Harvard
2026-09-10,Red,place-jfk,369,0.5149051490514905,317.0,JFK/UMass
2026-09-10,Red,place-knncl,371,0.555256064690027,328.0,Kendall/MIT
2026-09-10,Red,place-nqncy,177,0.519774011299435,319.0,North Quincy
2026-09-10,Red,place-pktrm,161,0.36645962732919257,222.0,Park Street
2026-09-10,Red,place-portr,370,0.5648648648648649,327.5,Porter
2026-09-10,Red,place-qamnl,175,0.4742857142857143,282.0,Quincy Adams
2026-09-10,Red,place-qnctr,177,0.480225988700565,290.0,Quincy Center
2026-09-10,Red,place-shmnl,193,0.47150259067357514,272.0,Savin Hill
2026-09-10,Red,place-smmnl,192,0.4583333333333333,258.5,Shawmut
2026-09-10,Red,place-sstat,369,0.5365853658536586,328.0,South Station
2026-09-10,Red,place-wlsta,177,0.519774011299435,318.0,Wollaston
2026-09-11,Blue,place-aport,404,0.08415841584158416,28.5,Airport
2026-09-11,Blue,place-aqucl,403,0.09181141439205956,50.0,Aquarium
2026-09-11,Blue,place-bmmnl,402,0.09203980099502487,4.0,Beachmont
2026-09-11,Blue,place-gover,404,0.09653465346534654,19.0,Government Center
2026-09-11,Blue,place-mvbcl,404,0.09405940594059406,40.5,Maverick
2026-09-11,Blue,place-orhte,402,0.08706467661691543,31.0,Orient Heights
2026-09-11,Blue,place-rbmnl,401,0.10224438902743142,5.0,Revere Beach
2026-09-11,Blue,place-sdmnl,402,0.1044776119402985,34.0,Suffolk Downs
2026-09-11,Blue,place-state,404,0.10148514851485149,55.5,State
2026-09-11,Blue,place-wimnl,404,0.09158415841584158,46.5,Wood Island
2026-09-11,Green,place-alsgr,231,0.3593073593073593,145.0,Allston Street
2026-09-11,Green,place-amory,232,0.3706896551724138,180.5,Amory Street
2026-09-11,Green,place-armnl,987,0.2563323201621074,97.0,Arlington
2026-09-11,Green,place-babck,231,0.3593073593073593,175.0,Babcock Street
2026-09-11,Green,place-balsq,283,0.0636042402826855,2.0,Ball Square
2026-09-11,Green,place-bckhl,268,0.17164179104477612,-18.5,Back of the Hill
2026-09-11,Green,place-bcnfd,223,0.34977578475336324,194.0,Beaconsfield
2026-09-11,Green,place-bcnwa,271,0.14760147601476015,45.0,Washington Square
2026-09-11,Green,place-bland,231,0.37662337662337664,189.0,Blandford Street
2026-09-11,Green,place-boyls,979,0.2553626149131767,96.0,Boylston
2026-09-11,Green,place-brico,232,0.3793103448275862,150.5,Packards Corner
2026-09-11,Green,place-brkhl,218,0.3119266055045872,185.0,Brookline Hills
2026-09-11,Green,place-brmnl,267,0.149812734082397,-25.0,Brigham Circle
2026-09-11,Green,place-bucen,232,0.3620689655172414,188.0,Boston University Central
2026-09-11,Green,place-buest,231,0.354978354978355,178.0,Boston University East
2026-09-11,Green,place-bvmnl,218,0.3348623853211009,179.0,Brookline Village
2026-09-11,Green,place-chhil,223,0.27802690582959644,154.0,Chestnut Hill
2026-09-11,Green,place-chill,227,0.3436123348017621,130.0,Chestnut Hill Avenue
2026-09-11,Green,place-chswk,227,0.34801762114537443,116.0,Chiswick Road
2026-09-11,Green,place-coecl,983,0.25737538148524924,99.0,Copley
2026-09-11,Green,place-cool,271,0.15867158671586715,44.0,Coolidge Corner
2026-09-11,Green,place-denrd,270,0.14444444444444443,-11.5,Dean Road
2026-09-11,Green,place-eliot,219,0.273972602739726,149.0,Eliot
2026-09-11,Green,place-engav,268,0.15671641791044777,11.0,Englewood Avenue
2026-09-11,Green,place-esomr,263,0.07604562737642585,15.0,East Somerville
2026-09-11,Green,place-fbkst,271,0.16974169741697417,60.0,Fairbanks Street
2026-09-11,Green,place-fenwd,267,0.18352059925093633,5.0,Fenwood Road
2026-09-11,Green,place-fenwy,222,0.32432432432432434,168.5,Fenway
2026-09-11,Green,place-gilmn,282,0.07446808510638298,25.0,Gilman Square
2026-09-11,Green,place-gover,485,0.24329896907216494,75.0,Government Center
2026-09-11,Green,place-grigg,231,0.3593073593073593,146.0,Griggs Street
2026-09-11,Green,place-haecl,488,0.21721311475409835,53.5,Haymarket
2026-09-11,Green,place-harvd,231,0.341991341991342,141.0,Harvard Avenue
2026-09-11,Green,place-hwsst,271,0.18081180811808117,84.0,Hawes Street
2026-09-11,Green,place-hymnl,723,0.2959889349930844,138.0,Hynes Convention Center
2026-09-11,Green,place-kencl,733,0.27967257844474763,128.0,Kenmore
2026-09-11,Green,place-kntst,271,0.1881918819188192,80.0,Kent Street
2026-09-11,Green,place-lech,485,0.18144329896907216,42.0,Lechmere
2026-09-11,Green,place-lngmd,266,0.13157894736842105,-24.5,Longwood Medical Area
2026-09-11,Green,place-longw,221,0.34841628959276016,173.0,Longwood
2026-09-11,Green,place-mfa,264,0.13636363636363635,-32.5,Museum of Fine Arts
2026-09-11,Green,place-mgngl,280,0.075,35.0,Magoun Square
2026-09-11,Green,place-mispk,268,0.15298507462686567,-47.0,Mission Park
2026-09-11,Green,place-newtn,222,0.2972972972972973,170.5,Newton Highlands
2026-09-11,Green,place-newto,219,0.2876712328767123,163.0,Newton Centre
2026-09-11,Green,place-north,486,0.22016460905349794,51.5,North Station
2026-09-11,Green,place-nuniv,264,0.125,-45.5,Northeastern University
2026-09-11,Green,place-pktrm,945,0.24232804232804234,83.0,Park Street
2026-09-11,Green,place-prmnl,265,0.14339622641509434,-10.0,Prudential
2026-09-11,Green,place-rsmnl,222,0.27927927927927926,150.0,Reservoir
2026-09-11,Green,place-rvrwy,267,0.17228464419475656,-19.0,Riverway
2026-09-11,Green,place-smary,272,0.16544117647058823,61.0,Saint Marys Street
2026-09-11,Green,place-sougr,224,0.3125,75.5,South Street
2026-09-11,Green,place-spmnl,483,0.2111801242236025,61.0,Science Park
2026-09-11,Green,place-sthld,228,0.3508771929824561,115.0,Sutherland Road
2026-09-11,Green,place-stpul,270,0.15925925925925927,84.5,Saint Paul Street
2026-09-11,Green,place-sumav,271,0.16605166051660517,31.0,Summit Avenue
2026-09-11,Green,place-tapst,271,0.16236162361623616,17.0,Tappan Street
2026-09-11,Green,place-waban,217,0.25806451612903225,126.0,Waban
2026-09-11,Green,place-wascm,228,0.3508771929824561,113.0,Washington Street
2026-09-11,Green,place-woodl,210,0.2523809523809524,127.0,Woodland
2026-09-11,Green,place-wrnst,231,0.341991341991342,104.0,Warren Street
2026-09-11,Mattapan,place-asmnl,5,0.0,-50.0,Ashmont
2026-09-11,Mattapan,place-butlr,252,0.07539682539682539,-17.0,Butler
2026-09-11,Mattapan,place-capst,250,0.084,20.5,Capen Street
2026-09-11,Mattapan,place-cedgr,252,0.07936507936507936,-19.0,Cedar Grove
2026-09-11,Mattapan,place-cenav,252,0.07936507936507936,1.0,Central Avenue
2026-09-11,Mattapan,place-miltt,252,0.07539682539682539,-32.0,Milton
2026-09-11,Mattapan,place-valrd,251,0.08366533864541832,23.0,Valley Road
2026-09-11,Orange,place-astao,12,0.0,-1232.0,Assembly
2026-09-11,Orange,place-ccmnl,12,0.0,-1256.5,Community College
2026-09-11,Orange,place-chncl,12,0.0,-1248.0,Chinatown
2026-09-11,Orange,place-dwnxg,12,0.0,-1244.0,Downtown Crossing
2026-09-11,Orange,place-haecl,12,0.0,-1270.0,Haymarket
2026-09-11,Orange,place-mlmnl,12,0.0,-1206.5,Malden Center
2026-09-11,Orange,place-north,12,0.0,-1259.0,North Station
2026-09-11,Orange,place-state,12,0.0,-1265.0,State
2026-09-11,Orange,place-sull,12,0.0,-1246.5,Sullivan Square
2026-09-11,Orange,place-tumnl,11,0.0,-1207.0,Tufts Medical Center
2026-09-11,Orange,place-welln,12,0.0,-1222.0,Wellington
2026-09-11,Red,place-andrw,361,0.5429362880886427,330.0,Andrew
2026-09-11,Red,place-brdwy,360,0.5388888888888889,331.5,Broadway
2026-09-11,Red,place-chmnl,359,0.5710306406685237,343.0,Charles/MGH
2026-09-11,Red,place-cntsq,365,0.5506849315068493,343.0,Central
2026-09-11,Red,place-davis,362,0.56353591160221,346.5,Davis
2026-09-11,Red,place-dwnxg,149,0.44966442953020136,248.0,Downtown Crossing
2026-09-11,Red,place-fldcr,179,0.46368715083798884,282.0,Fields Corner
2026-09-11,Red,place-harsq,364,0.5494505494505495,328.0,Harvard
2026-09-11,Red,place-jfk,363,0.5289256198347108,321.0,JFK/UMass
2026-09-11,Red,place-knncl,364,0.5631868131868132,344.0,Kendall/MIT
2026-09-11,Red,place-nqncy,182,0.43956043956043955,239.0,North Quincy
2026-09-11,Red,place-pktrm,152,0.45394736842105265,237.5,Park Street
2026-09-11,Red,place-portr,362,0.569060773480663,348.0,Porter
2026-09-11,Red,place-qamnl,181,0.43646408839779005,238.0,Quincy Adams
2026-09-11,Red,place-qnctr,181,0.43646408839779005,229.0,Quincy Center
2026-09-11,Red,place-shmnl,179,0.4748603351955307,285.0,Savin Hill
2026-09-11,Red,place-smmnl,179,0.49162011173184356,297.0,Shawmut
2026-09-11,Red,place-sstat,358,0.5586592178770949,337.0,South Station
2026-09-11,Red,place-wlsta,182,0.4340659340659341,241.0,Wollaston
2026-09-12,Blue,place-aport,291,0.08247422680412371,29.0,Airport
2026-09-12,Blue,place-aqucl,292,0.08904109589041095,23.0,Aquarium
2026-09-12,Blue,place-bmmnl,291,0.07903780068728522,13.0,Beachmont
2026-09-12,Blue,place-gover,291,0.07903780068728522,34.0,Government Center
2026-09-12,Blue,place-mvbcl,291,0.08934707903780069,37.0,Maverick
2026-09-12,Blue,place-orhte,292,0.0821917808219178,27.5,Orient Heights
2026-09-12,Blue,place-rbmnl,291,0.07903780068728522,6.0,Revere Beach
2026-09-12,Blue,place-sdmnl,291,0.08247422680412371,21.0,Suffolk Downs
2026-09-12,Blue,place-state,291,0.07560137457044673,28.0,State
2026-09-12,Blue,place-wimnl,291,0.08247422680412371,51.0,Wood Island
2026-09-12,Green,place-alsgr,186,0.3870967741935484,212.5,Allston Street
2026-09-12,Green,place-amory,187,0.40106951871657753,198.0,Amory Street
2026-09-12,Green,place-armnl,757,0.34478203434610305,151.0,Arlington
2026-09-12,Green,place-babck,188,0.3829787234042553,191.5,Babcock Street
2026-09-12,Green,place-balsq,174,0.16091954022988506,12.5,Ball Square
2026-09-12,Green,place-bckhl,149,0.2953020134228188,72.0,Back of the Hill
2026-09-12,Green,place-bcnfd,197,0.39086294416243655,209.0,Beaconsfield
2026-09-12,Green,place-bcnwa,197,0.25888324873096447,84.0,Washington Square
2026-09-12,Green,place-bland,190,0.3526315789473684,159.5,Blandford Street
2026-09-12,Green,place-boyls,753,0.3426294820717131,147.0,Boylston
2026-09-12,Green,place-brico,186,0.3763440860215054,202.0,Packards Corner
2026-09-12,Green,place-brkhl,206,0.39805825242718446,190.0,Brookline Hills
2026-09-12,Green,place-brmnl,151,0.2847682119205298,56.0,Brigham Circle
2026-09-12,Green,place-bucen,188,0.35638297872340424,171.0,Boston University Central
2026-09-12,Green,place-buest,188,0.35106382978723405,154.0,Boston University East
2026-09-12,Green,place-bvmnl,203,0.3842364532019704,191.0,Brookline Village
2026-09-12,Green,place-chhil,203,0.35467980295566504,166.0,Chestnut Hill
2026-09-12,Green,place-chill,186,0.4032258064516129,197.5,Chestnut Hill Avenue
2026-09-12,Green,place-chswk,186,0.3817204301075269,221.5,Chiswick Road
2026-09-12,Green,place-coecl,760,0.34868421052631576,150.0,Copley
2026-09-12,Green,place-cool,201,0.2885572139303483,93.0,Coolidge Corner
2026-09-12,Green,place-denrd,195,0.22564102564102564,28.0,Dean Road
2026-09-12,Green,place-eliot,199,0.36683417085427134,172.0,Eliot
2026-09-12,Green,place-engav,194,0.25257731958762886,65.5,Englewood Avenue
2026-09-12,Green,place-esomr,171,0.1695906432748538,48.0,East Somerville
2026-09-12,Green,place-fbkst,198,0.2828282828282828,95.0,Fairbanks Street
2026-09-12,Green,place-fenwd,149,0.28859060402684567,88.0,Fenwood Road
2026-09-12,Green,place-fenwy,204,0.3872549019607843,197.5,Fenway
2026-09-12,Green,place-gilmn,177,0.1807909604519774,35.0,Gilman Square
2026-09-12,Green,place-gover,368,0.32608695652173914,117.5,Government Center
2026-09-12,Green,place-grigg,186,0.3870967741935484,217.0,Griggs Street
2026-09-12,Green,place-haecl,370,0.3108108108108108,110.5,Haymarket
2026-09-12,Green,place-harvd,185,0.34054054054054056,164.0,Harvard Avenue
2026-09-12,Green,place-hwsst,201,0.3034825870646766,146.0,Hawes Street
2026-09-12,Green,place-hymnl,585,0.3606837606837607,177.0,Hynes Convention Center
2026-09-12,Green,place-kencl,592,0.34966216216216217,169.5,Kenmore
2026-09-12,Green,place-kntst,200,0.32,159.0,Kent Street
2026-09-12,Green,place-lech,372,0.27419354838709675,69.5,Lechmere
2026-09-12,Green,place-lngmd,175,0.28,78.0,Longwood Medical Area
2026-09-12,Green,place-longw,204,0.4117647058823529,205.0,Longwood
2026-09-12,Green,place-mfa,175,0.26857142857142857,59.0,Museum of Fine Arts
2026-09-12,Green,place-mgngl,176,0.19318181818181818,46.5,Magoun Square
2026-09-12,Green,place-mispk,148,0.28378378378378377,59.0,Mission Park
2026-09-12,Green,place-newtn,198,0.3787878787878788,189.0,Newton Highlands
2026-09-12,Green,place-newto,201,0.34328358208955223,170.0,Newton Centre
2026-09-12,Green,place-north,364,0.2857142857142857,99.5,North Station
2026-09-12,Green,place-nuniv,175,0.2571428571428571,44.0,Northeastern University
2026-09-12,Green,place-pktrm,734,0.3310626702997275,135.0,Park Street
2026-09-12,Green,place-prmnl,175,0.26285714285714284,52.0,Prudential
2026-09-12,Green,place-rsmnl,201,0.36318407960199006,187.0,Reservoir
2026-09-12,Green,place-rvrwy,149,0.2751677852348993,47.0,Riverway
2026-09-12,Green,place-smary,201,0.2885572139303483,126.0,Saint Marys Street
2026-09-12,Green,place-sougr,187,0.37433155080213903,177.0,South Street
2026-09-12,Green,place-spmnl,364,0.29945054945054944,104.0,Science Park
2026-09-12,Green,place-sthld,186,0.3870967741935484,208.0,Sutherland Road
2026-09-12,Green,place-stpul,201,0.29850746268656714,151.0,Saint Paul Street
2026-09-12,Green,place-sumav,200,0.285,99.0,Summit Avenue
2026-09-12,Green,place-tapst,195,0.2358974358974359,54.0,Tappan Street
2026-09-12,Green,place-waban,197,0.3553299492385787,175.0,Waban
2026-09-12,Green,place-wascm,187,0.3850267379679144,203.0,Washington Street
2026-09-12,Green,place-woodl,193,0.32124352331606215,147.0,Woodland
2026-09-12,Green,place-wrnst,186,0.3655913978494624,212.0,Warren Street
2026-09-12,Mattapan,place-butlr,185,0.11351351351351352,-22.0,Butler
2026-09-12,Mattapan,place-capst,184,0.10326086956521739,-18.0,Capen Street
2026-09-12,Mattapan,place-cedgr,186,0.10752688172043011,-35.0,Cedar Grove
2026-09-12,Mattapan,place-cenav,186,0.10215053763440861,-48.5,Central Avenue
2026-09-12,Mattapan,place-miltt,185,0.10810810810810811,-28.0,Milton
2026-09-12,Mattapan,place-valrd,185,0.0972972972972973,-19.0,Valley Road
2026-09-12,Orange,place-astao,30,0.1,-836.5,Assembly
2026-09-12,Orange,place-ccmnl,32,0.125,-814.0,Community College
2026-09-12,Orange,place-chncl,31,0.0967741935483871,-818.0,Chinatown
2026-09-12,Orange,place-dwnxg,31,0.0967741935483871,-833.0,Downtown Crossing
2026-09-12,Orange,place-haecl,31,0.0967741935483871,-829.0,Haymarket
2026-09-12,Orange,place-mlmnl,31,0.0967741935483871,-845.0,Malden Center
2026-09-12,Orange,place-north,32,0.125,-825.5,North Station
2026-09-12,Orange,place-state,30,0.1,-850.5,State
2026-09-12,Orange,place-sull,32,0.125,-813.0,Sullivan Square
2026-09-12,Orange,place-tumnl,30,0.1,-798.5,Tufts Medical Center
2026-09-12,Orange,place-welln,31,0.0967741935483871,-845.0,Wellington
2026-09-12,Red,place-andrw,347,0.3227665706051873,193.0,Andrew
2026-09-12,Red,place-brdwy,347,0.33429394812680113,197.0,Broadway
2026-09-12,Red,place-chmnl,346,0.31213872832369943,196.5,Charles/MGH
2026-09-12,Red,place-cntsq,346,0.30346820809248554,197.0,Central
2026-09-12,Red,place-davis,348,0.3448275862068966,214.5,Davis
2026-09-12,Red,place-dwnxg,161,0.18012422360248448,143.0,Downtown Crossing
2026-09-12,Red,place-fldcr,159,0.2641509433962264,157.0,Fields Corner
2026-09-12,Red,place-harsq,347,0.29971181556195964,195.0,Harvard
2026-09-12,Red,place-jfk,346,0.2832369942196532,176.0,JFK/UMass
2026-09-12,Red,place-knncl,347,0.3025936599423631,195.0,Kendall/MIT
2026-09-12,Red,place-nqncy,184,0.28804347826086957,135.5,North Quincy
2026-09-12,Red,place-pktrm,163,0.22699386503067484,167.0,Park Street
2026-09-12,Red,place-portr,348,0.33045977011494254,216.0,Porter
2026-09-12,Red,place-qamnl,184,0.2717391304347826,136.5,Quincy Adams
2026-09-12,Red,place-qnctr,184,0.2826086956521739,139.5,Quincy Center
2026-09-12,Red,place-shmnl,159,0.2641509433962264,149.0,Savin Hill
2026-09-12,Red,place-smmnl,159,0.27672955974842767,164.0,Shawmut
2026-09-12,Red,place-sstat,346,0.315028901734104,194.0,South Station
2026-09-12,Red,place-wlsta,185,0.2918918918918919,129.0,Wollaston
2026-09-13,Blue,place-aport,288,0.017361111111111112,10.0,Airport
2026-09-13,Blue,place-aqucl,288,0.020833333333333332,10.5,Aquarium
2026-09-13,Blue,place-bmmnl,288,0.013888888888888888,-15.0,Beachmont
2026-09-13,Blue,place-gover,288,0.020833333333333332,5.0,Government Center
2026-09-13,Blue,place-mvbcl,288,0.013888888888888888,16.5,Maverick
2026-09-13,Blue,place-orhte,288,0.017361111111111112,15.0,Orient Heights
2026-09-13,Blue,place-rbmnl,288,0.013888888888888888,-9.0,Revere Beach
2026-09-13,Blue,place-sdmnl,288,0.017361111111111112,8.0,Suffolk Downs
2026-09-13,Blue,place-state,288,0.020833333333333332,4.5,State
2026-09-13,Blue,place-wimnl,288,0.013888888888888888,28.0,Wood Island
2026-09-13,Green,place-alsgr,188,0.10638297872340426,-16.0,Allston Street
2026-09-13,Green,place-amory,190,0.1,-49.0,Amory Street
2026-09-13,Green,place-armnl,755,0.11390728476821192,-42.0,Arlington
2026-09-13,Green,place-babck,189,0.07936507936507936,-38.0,Babcock Street
2026-09-13,Green,place-balsq,188,0.05319148936170213,-156.0,Ball Square
2026-09-13,Green,place-bckhl,177,0.096045197740113,-253.0,Back of the Hill
2026-09-13,Green,place-bcnfd,183,0.19672131147540983,96.0,Beaconsfield
2026-09-13,Green,place-bcnwa,203,0.04926108374384237,9.0,Washington Square
2026-09-13,Green,place-bland,188,0.07446808510638298,-79.5,Blandford Street
2026-09-13,Green,place-boyls,756,0.12169312169312169,-36.0,Boylston
2026-09-13,Green,place-brico,190,0.1,-37.0,Packards Corner
2026-09-13,Green,place-brkhl,184,0.20108695652173914,85.5,Brookline Hills
2026-09-13,Green,place-brmnl,177,0.06779661016949153,-251.0,Brigham Circle
2026-09-13,Green,place-bucen,189,0.09523809523809523,-79.0,Boston University Central
2026-09-13,Green,place-buest,189,0.08465608465608465,-90.0,Boston University East
2026-09-13,Green,place-bvmnl,184,0.1956521739130435,86.0,Brookline Village
2026-09-13,Green,place-chhil,181,0.14917127071823205,57.0,Chestnut Hill
2026-09-13,Green,place-chill,188,0.10638297872340426,11.0,Chestnut Hill Avenue
2026-09-13,Green,place-chswk,189,0.1111111111111111,-10.0,Chiswick Road
2026-09-13,Green,place-coecl,754,0.11273209549071618,-44.5,Copley
2026-09-13,Green,place-cool,202,0.0891089108910891,-10.0,Coolidge Corner
2026-09-13,Green,place-denrd,199,0.04522613065326633,-50.0,Dean Road
2026-09-13,Green,place-eliot,178,0.16292134831460675,90.0,Eliot
2026-09-13,Green,place-engav,194,0.061855670103092786,-7.5,Englewood Avenue
2026-09-13,Green,place-esomr,181,0.049723756906077346,-124.0,East Somerville
2026-09-13,Green,place-fbkst,203,0.08374384236453201,3.0,Fairbanks Street
2026-09-13,Green,place-fenwd,177,0.0903954802259887,-214.0,Fenwood Road
2026-09-13,Green,place-fenwy,184,0.20108695652173914,79.5,Fenway
2026-09-13,Green,place-gilmn,188,0.03723404255319149,-138.5,Gilman Square
2026-09-13,Green,place-gover,361,0.12465373961218837,-40.0,Government Center
2026-09-13,Green,place-grigg,188,0.10638297872340426,-36.5,Griggs Street
2026-09-13,Green,place-haecl,360,0.11388888888888889,-55.5,Haymarket
2026-09-13,Green,place-harvd,188,0.07446808510638298,-63.5,Harvard Avenue
2026-09-13,Green,place-hwsst,203,0.08866995073891626,-19.0,Hawes Street
2026-09-13,Green,place-hymnl,571,0.11208406304728546,-22.0,Hynes Convention Center
2026-09-13,Green,place-kencl,577,0.11785095320623917,-28.0,Kenmore
2026-09-13,Green,place-kntst,203,0.08866995073891626,4.0,Kent Street
2026-09-13,Green,place-lech,362,0.10497237569060773,-41.5,Lechmere
2026-09-13,Green,place-lngmd,179,0.07262569832402235,-224.0,Longwood Medical Area
2026-09-13,Green,place-longw,184,0.1956521739130435,91.5,Longwood
2026-09-13,Green,place-mfa,179,0.07262569832402235,-214.0,Museum of Fine Arts
2026-09-13,Green,place-mgngl,188,0.05319148936170213,-140.5,Magoun Square
2026-09-13,Green,place-mispk,176,0.06818181818181818,-254.0,Mission Park
2026-09-13,Green,place-newtn,180,0.17777777777777778,101.0,Newton Highlands
2026-09-13,Green,place-newto,182,0.16483516483516483,86.0,Newton Centre
2026-09-13,Green,place-north,362,0.11049723756906077,-46.5,North Station
2026-09-13,Green,place-nuniv,179,0.07262569832402235,-227.0,Northeastern University
2026-09-13,Green,place-pktrm,738,0.11653116531165311,-47.5,Park Street
2026-09-13,Green,place-prmnl,178,0.07865168539325842,-203.5,Prudential
2026-09-13,Green,place-rsmnl,182,0.15384615384615385,50.5,Reservoir
2026-09-13,Green,place-rvrwy,176,0.07954545454545454,-253.5,Riverway
2026-09-13,Green,place-smary,202,0.08415841584158416,-48.5,Saint Marys Street
2026-09-13,Green,place-sougr,186,0.08602150537634409,-42.0,South Street
2026-09-13,Green,place-spmnl,362,0.1132596685082873,-30.0,Science Park
2026-09-13,Green,place-sthld,189,0.1111111111111111,-42.0,Sutherland Road
2026-09-13,Green,place-stpul,203,0.07881773399014778,-15.0,Saint Paul Street
2026-09-13,Green,place-sumav,203,0.08866995073891626,-5.0,Summit Avenue
2026-09-13,Green,place-tapst,203,0.06896551724137931,-11.0,Tappan Street
2026-09-13,Green,place-waban,177,0.15819209039548024,83.0,Waban
2026-09-13,Green,place-wascm,189,0.10052910052910052,-24.0,Washington Street
2026-09-13,Green,place-woodl,175,0.13142857142857142,64.0,Woodland
2026-09-13,Green,place-wrnst,189,0.1111111111111111,-55.0,Warren Street
2026-09-13,Mattapan,place-butlr,175,0.017142857142857144,-32.0,Butler
2026-09-13,Mattapan,place-capst,174,0.017241379310344827,-16.0,Capen Street
2026-09-13,Mattapan,place-cedgr,174,0.017241379310344827,-42.5,Cedar Grove
2026-09-13,Mattapan,place-cenav,175,0.011428571428571429,-51.0,Central Avenue
2026-09-13,Mattapan,place-miltt,175,0.011428571428571429,-32.0,Milton
2026-09-13,Mattapan,place-valrd,175,0.017142857142857144,-19.0,Valley Road
2026-09-13,Orange,place-astao,40,0.1,-678.0,Assembly
2026-09-13,Orange,place-ccmnl,42,0.11904761904761904,-645.0,Community College
2026-09-13,Orange,place-chncl,37,0.10810810810810811,-618.0,Chinatown
2026-09-13,Orange,place-dwnxg,37,0.13513513513513514,-613.0,Downtown Crossing
2026-09-13,Orange,place-haecl,37,0.13513513513513514,-573.0,Haymarket
2026-09-13,Orange,place-mlmnl,40,0.1,-663.5,Malden Center
2026-09-13,Orange,place-north,38,0.13157894736842105,-619.0,North Station
2026-09-13,Orange,place-state,37,0.10810810810810811,-609.0,State
2026-09-13,Orange,place-sull,41,0.12195121951219512,-658.0,Sullivan Square
2026-09-13,Orange,place-tumnl,38,0.10526315789473684,-599.0,Tufts Medical Center
2026-09-13,Orange,place-welln,40,0.1,-696.5,Wellington
2026-09-13,Red,place-andrw,330,0.20303030303030303,146.0,Andrew
2026-09-13,Red,place-brdwy,331,0.19637462235649547,147.0,Broadway
2026-09-13,Red,place-chmnl,333,0.24324324324324326,161.0,Charles/MGH
2026-09-13,Red,place-cntsq,334,0.2215568862275449,156.5,Central
2026-09-13,Red,place-davis,333,0.23723723723723725,173.0,Davis
2026-09-13,Red,place-dwnxg,157,0.12738853503184713,124.0,Downtown Crossing
2026-09-13,Red,place-fldcr,157,0.19745222929936307,116.0,Fields Corner
2026-09-13,Red,place-harsq,334,0.2275449101796407,161.5,Harvard
2026-09-13,Red,place-jfk,330,0.20303030303030303,125.0,JFK/UMass
2026-09-13,Red,place-knncl,333,0.24324324324324326,160.0,Kendall/MIT
2026-09-13,Red,place-nqncy,171,0.1695906432748538,63.0,North Quincy
2026-09-13,Red,place-pktrm,159,0.14465408805031446,147.0,Park Street
2026-09-13,Red,place-portr,333,0.24924924924924924,172.0,Porter
2026-09-13,Red,place-qamnl,172,0.14534883720930233,80.0,Quincy Adams
2026-09-13,Red,place-qnctr,171,0.15789473684210525,71.0,Quincy Center
2026-09-13,Red,place-shmnl,157,0.1910828025477707,111.0,Savin Hill
2026-09-13,Red,place-smmnl,158,0.2088607594936709,124.0,Shawmut
2026-09-13,Red,place-sstat,331,0.1903323262839879,156.0,South Station
2026-09-13,Red,place-wlsta,171,0.16374269005847952,56.0,Wollaston
2026-09-14,Blue,place-aport,396,0.39646464646464646,219.5,Airport
2026-09-14,Blue,place-aqucl,395,0.4050632911392405,232.0,Aquarium
2026-09-14,Blue,place-bmmnl,394,0.4086294416243655,232.0,Beachmont
2026-09-14,Blue,place-gover,396,0.3712121212121212,201.0,Government Center
2026-09-14,Blue,place-mvbcl,396,0.4015151515151515,215.0,Maverick
2026-09-14,Blue,place-orhte,394,0.42385786802030456,251.0,Orient Heights
2026-09-14,Blue,place-rbmnl,395,0.3924050632911392,237.0,Revere Beach
2026-09-14,Blue,place-sdmnl,394,0.4593908629441624,263.5,Suffolk Downs
2026-09-14,Blue,place-state,397,0.41309823677581864,229.0,State
2026-09-14,Blue,place-wimnl,396,0.4090909090909091,223.5,Wood Island
2026-09-14,Green,place-alsgr,256,0.13671875,25.0,Allston Street
2026-09-14,Green,place-amory,259,0.1776061776061776,67.0,Amory Street
2026-09-14,Green,place-armnl,1025,0.15024390243902438,34.0,Arlington
2026-09-14,Green,place-babck,258,0.16666666666666666,60.0,Babcock Street
2026-09-14,Green,place-balsq,279,0.05734767025089606,-8.0,Ball Square
2026-09-14,Green,place-bckhl,256,0.15625,-68.5,Back of the Hill
2026-09-14,Green,place-bcnfd,246,0.23577235772357724,102.5,Beaconsfield
2026-09-14,Green,place-bcnwa,265,0.07547169811320754,12.0,Washington Square
2026-09-14,Green,place-bland,257,0.16731517509727625,44.0,Blandford Street
2026-09-14,Green,place-boyls,1027,0.15481986368062317,34.0,Boylston
2026-09-14,Green,place-brico,258,0.15891472868217055,24.5,Packards Corner
2026-09-14,Green,place-brkhl,245,0.22448979591836735,93.0,Brookline Hills
2026-09-14,Green,place-brmnl,259,0.10810810810810811,-70.0,Brigham Circle
2026-09-14,Green,place-bucen,258,0.1744186046511628,3.5,Boston University Central
2026-09-14,Green,place-buest,259,0.15444015444015444,32.0,Boston University East
2026-09-14,Green,place-bvmnl,243,0.23045267489711935,89.0,Brookline Village
2026-09-14,Green,place-chhil,244,0.18442622950819673,76.0,Chestnut Hill
2026-09-14,Green,place-chill,256,0.140625,36.5,Chestnut Hill Avenue
2026-09-14,Green,place-chswk,256,0.1640625,5.0,Chiswick Road
2026-09-14,Green,place-coecl,1024,0.1474609375,24.0,Copley
2026-09-14,Green,place-cool,265,0.09056603773584905,17.0,Coolidge Corner
2026-09-14,Green,place-eliot,243,0.1934156378600823,100.0,Eliot
2026-09-14,Green,place-engav,265,0.09056603773584905,-7.0,Englewood Avenue
2026-09-14,Green,place-esomr,264,0.07954545454545454,11.0,East Somerville
2026-09-14,Green,place-fbkst,265,0.10566037735849057,27.0,Fairbanks Street
2026-09-14,Green,place-fenwd,257,0.1517509727626459,-26.0,Fenwood Road
2026-09-14,Green,place-fenwy,245,0.23265306122448978,93.0,Fenway
2026-09-14,Green,place-gilmn,277,0.07220216606498195,21.0,Gilman Square
2026-09-14,Green,place-gover,504,0.16666666666666666,45.5,Government Center
2026-09-14,Green,place-grigg,256,0.1484375,38.0,Griggs Street
2026-09-14,Green,place-haecl,506,0.15217391304347827,24.0,Haymarket
2026-09-14,Green,place-harvd,258,0.12403100775193798,9.0,Harvard Avenue
2026-09-14,Green,place-hwsst,263,0.11026615969581749,69.0,Hawes Street
2026-09-14,Green,place-hymnl,757,0.17173051519154559,54.0,Hynes Convention Center
2026-09-14,Green,place-kencl,772,0.17357512953367876,53.5,Kenmore
2026-09-14,Green,place-kntst,264,0.11363636363636363,74.5,Kent Street
2026-09-14,Green,place-lech,510,0.12941176470588237,11.5,Lechmere
2026-09-14,Green,place-lngmd,267,0.10861423220973783,-57.0,Longwood Medical Area
2026-09-14,Green,place-longw,246,0.23577235772357724,96.5,Longwood
2026-09-14,Green,place-mfa,267,0.09737827715355805,-40.0,Museum of Fine Arts
2026-09-14,Green,place-mgngl,277,0.06498194945848375,32.0,Magoun Square
2026-09-14,Green,place-mispk,256,0.12109375,-82.0,Mission Park
2026-09-14,Green,place-newtn,244,0.19672131147540983,114.0,Newton Highlands
2026-09-14,Green,place-newto,245,0.2,120.0,Newton Centre
2026-09-14,Green,place-north,511,0.14285714285714285,24.0,North Station
2026-09-14,Green,place-nuniv,266,0.09774436090225563,-62.0,Northeastern University
2026-09-14,Green,place-pktrm,957,0.15047021943573669,30.0,Park Street
2026-09-14,Green,place-prmnl,266,0.11654135338345864,-55.0,Prudential
2026-09-14,Green,place-rsmnl,244,0.20081967213114754,70.0,Reservoir
2026-09-14,Green,place-rvrwy,258,0.1434108527131783,-59.5,Riverway
2026-09-14,Green,place-smary,263,0.11787072243346007,53.0,Saint Marys Street
2026-09-14,Green,place-sougr,257,0.14007782101167315,-20.0,South Street
2026-09-14,Green,place-spmnl,517,0.14119922630560927,23.0,Science Park
2026-09-14,Green,place-sthld,257,0.1556420233463035,22.0,Sutherland Road
2026-09-14,Green,place-stpul,264,0.10227272727272728,75.5,Saint Paul Street
2026-09-14,Green,place-sumav,265,0.09433962264150944,-3.0,Summit Avenue
2026-09-14,Green,place-tapst,264,0.10227272727272728,-20.5,Tappan Street
2026-09-14,Green,place-waban,242,0.1652892561983471,80.0,Waban
2026-09-14,Green,place-wascm,259,0.14285714285714285,26.0,Washington Street
2026-09-14,Green,place-woodl,239,0.1589958158995816,79.0,Woodland
2026-09-14,Green,place-wrnst,258,0.13565891472868216,-6.5,Warren Street
2026-09-14,Mattapan,place-butlr,253,0.03557312252964427,-61.0,Butler
2026-09-14,Mattapan,place-capst,251,0.0398406374501992,-10.0,Capen Street
2026-09-14,Mattapan,place-cedgr,253,0.03557312252964427,-69.0,Cedar Grove
2026-09-14,Mattapan,place-cenav,254,0.031496062992125984,-32.5,Central Avenue
2026-09-14,Mattapan,place-miltt,253,0.03162055335968379,-69.0,Milton
2026-09-14,Mattapan,place-valrd,252,0.027777777777777776,-11.0,Valley Road
2026-09-14,Orange,place-astao,14,0.21428571428571427,-328.0,Assembly
2026-09-14,Orange,place-ccmnl,14,0.21428571428571427,-318.5,Community College
2026-09-14,Orange,place-chncl,13,0.23076923076923078,-254.0,Chinatown
2026-09-14,Orange,place-dwnxg,13,0.23076923076923078,-243.0,Downtown Crossing
2026-09-14,Orange,place-haecl,13,0.23076923076923078,-284.0,Haymarket
2026-09-14,Orange,place-mlmnl,17,0.17647058823529413,-386.0,Malden Center
2026-09-14,Orange,place-north,13,0.23076923076923078,-273.0,North Station
2026-09-14,Orange,place-state,13,0.23076923076923078,-290.0,State
2026-09-14,Orange,place-sull,14,0.21428571428571427,-314.5,Sullivan Square
2026-09-14,Orange,place-tumnl,13,0.23076923076923078,-273.0,Tufts Medical Center
2026-09-14,Orange,place-welln,14,0.21428571428571427,-341.5,Wellington
2026-09-14,Red,place-andrw,412,0.5169902912621359,315.0,Andrew
2026-09-14,Red,place-brdwy,413,0.5108958837772397,309.0,Broadway
2026-09-14,Red,place-chmnl,411,0.5547445255474452,339.0,Charles/MGH
2026-09-14,Red,place-cntsq,414,0.5531400966183575,333.5,Central
2026-09-14,Red,place-davis,411,0.5450121654501217,344.0,Davis
2026-09-14,Red,place-dwnxg,191,0.4293193717277487,240.0,Downtown Crossing
2026-09-14,Red,place-fldcr,206,0.4174757281553398,198.5,Fields Corner
2026-09-14,Red,place-harsq,413,0.5351089588377724,331.0,Harvard
2026-09-14,Red,place-jfk,410,0.5073170731707317,314.0,JFK/UMass
2026-09-14,Red,place-knncl,413,0.5569007263922519,342.0,Kendall/MIT
2026-09-14,Red,place-nqncy,206,0.49514563106796117,294.0,North Quincy
2026-09-14,Red,place-pktrm,196,0.42346938775510207,236.5,Park Street
2026-09-14,Red,place-portr,413,0.549636803874092,340.0,Porter
2026-09-14,Red,place-qamnl,204,0.4852941176470588,293.0,Quincy Adams
2026-09-14,Red,place-qnctr,204,0.4950980392156863,298.5,Quincy Center
2026-09-14,Red,place-shmnl,206,0.4320388349514563,207.5,Savin Hill
2026-09-14,Red,place-smmnl,206,0.4223300970873786,211.5,Shawmut
2026-09-14,Red,place-sstat,409,0.5281173594132029,319.0,South Station
2026-09-14,Red,place-wlsta,207,0.4975845410628019,300.0,Wollaston
2026-09-15,Blue,place-aport,412,0.2669902912621359,114.5,Airport
2026-09-15,Blue,place-aqucl,411,0.291970802919708,133.0,Aquarium
2026-09-15,Blue,place-bmmnl,406,0.2413793103448276,95.0,Beachmont
2026-09-15,Blue,place-gover,400,0.2475,109.5,Government Center
2026-09-15,Blue,place-mvbcl,412,0.2669902912621359,117.5,Maverick
2026-09-15,Blue,place-orhte,406,0.27586206896551724,113.5,Orient Heights
2026-09-15,Blue,place-rbmnl,402,0.2537313432835821,85.0,Revere Beach
2026-09-15,Blue,place-sdmnl,403,0.2803970223325062,131.0,Suffolk Downs
2026-09-15,Blue,place-state,407,0.2727272727272727,134.0,State
2026-09-15,Blue,place-wimnl,301,0.22259136212624583,103.0,Wood Island
2026-09-15,Green,place-alsgr,253,0.16996047430830039,49.0,Allston Street
2026-09-15,Green,place-amory,258,0.19767441860465115,75.5,Amory Street
2026-09-15,Green,place-armnl,1061,0.09142318567389256,-11.0,Arlington
2026-09-15,Green,place-babck,255,0.17647058823529413,86.0,Babcock Street
2026-09-15,Green,place-balsq,289,0.010380622837370242,-62.0,Ball Square
2026-09-15,Green,place-bckhl,255,0.07058823529411765,-172.0,Back of the Hill
2026-09-15,Green,place-bcnfd,263,0.06844106463878327,34.0,Beaconsfield
2026-09-15,Green,place-bcnwa,271,0.07380073800738007,3.0,Washington Square
2026-09-15,Green,place-bland,255,0.18823529411764706,68.0,Blandford Street
2026-09-15,Green,place-boyls,1057,0.08703878902554399,-12.0,Boylston
2026-09-15,Green,place-brico,255,0.17647058823529413,60.0,Packards Corner
2026-09-15,Green,place-brkhl,264,0.06818181818181818,28.5,Brookline Hills
2026-09-15,Green,place-brmnl,263,0.053231939163498096,-149.0,Brigham Circle
2026-09-15,Green,place-bucen,257,0.19066147859922178,75.0,Boston University Central
2026-09-15,Green,place-buest,256,0.16015625,67.5,Boston University East
2026-09-15,Green,place-bvmnl,265,0.06792452830188679,13.0,Brookline Village
2026-09-15,Green,place-chhil,261,0.06513409961685823,5.0,Chestnut Hill
2026-09-15,Green,place-chill,255,0.16862745098039217,46.0,Chestnut Hill Avenue
2026-09-15,Green,place-chswk,254,0.16141732283464566,6.0,Chiswick Road
2026-09-15,Green,place-coecl,1050,0.08952380952380952,-15.5,Copley
2026-09-15,Green,place-cool,273,0.07326007326007326,-12.0,Coolidge Corner
2026-09-15,Green,place-denrd,98,0.061224489795918366,-177.5,Dean Road
2026-09-15,Green,place-eliot,261,0.06513409961685823,33.0,Eliot
2026-09-15,Green,place-engav,273,0.06593406593406594,-16.0,Englewood Avenue
2026-09-15,Green,place-esomr,280,0.017857142857142856,-38.5,East Somerville
2026-09-15,Green,place-fbkst,275,0.09454545454545454,13.0,Fairbanks Street
2026-09-15,Green,place-fenwd,260,0.07307692307692308,-135.0,Fenwood Road
2026-09-15,Green,place-fenwy,265,0.09056603773584905,33.0,Fenway
2026-09-15,Green,place-gilmn,293,0.013651877133105802,-16.0,Gilman Square
2026-09-15,Green,place-gover,531,0.064030131826742,-32.0,Government Center
2026-09-15,Green,place-grigg,254,0.16141732283464566,59.0,Griggs Street
2026-09-15,Green,place-haecl,539,0.06493506493506493,-38.0,Haymarket
2026-09-15,Green,place-harvd,251,0.15139442231075698,56.0,Harvard Avenue
2026-09-15,Green,place-hwsst,270,0.09259259259259259,40.0,Hawes Street
2026-09-15,Green,place-hymnl,786,0.12340966921119594,20.0,Hynes Convention Center
2026-09-15,Green,place-kencl,796,0.11809045226130653,18.5,Kenmore
2026-09-15,Green,place-kntst,269,0.07806691449814127,43.0,Kent Street
2026-09-15,Green,place-lech,545,0.04036697247706422,-41.0,Lechmere
2026-09-15,Green,place-lngmd,273,0.04395604395604396,-152.0,Longwood Medical Area
2026-09-15,Green,place-longw,265,0.0830188679245283,29.0,Longwood
2026-09-15,Green,place-mfa,274,0.043795620437956206,-136.0,Museum of Fine Arts
2026-09-15,Green,place-mgngl,292,0.017123287671232876,-11.0,Magoun Square
2026-09-15,Green,place-mispk,258,0.050387596899224806,-188.0,Mission Park
2026-09-15,Green,place-newtn,260,0.06923076923076923,43.5,Newton Highlands
2026-09-15,Green,place-newto,260,0.07692307692307693,21.0,Newton Centre
2026-09-15,Green,place-north,542,0.06273062730627306,-34.0,North Station
2026-09-15,Green,place-nuniv,274,0.029197080291970802,-147.0,Northeastern University
2026-09-15,Green,place-pktrm,982,0.07433808553971487,-26.0,Park Street
2026-09-15,Green,place-prmnl,271,0.04428044280442804,-119.0,Prudential
2026-09-15,Green,place-rsmnl,262,0.06870229007633588,10.5,Reservoir
2026-09-15,Green,place-rvrwy,262,0.06870229007633588,-159.0,Riverway
2026-09-15,Green,place-smary,275,0.07636363636363637,8.0,Saint Marys Street
2026-09-15,Green,place-sougr,256,0.1484375,-14.0,South Street
2026-09-15,Green,place-spmnl,546,0.05311355311355311,-27.5,Science Park
2026-09-15,Green,place-sthld,255,0.16470588235294117,28.0,Sutherland Road
2026-09-15,Green,place-stpul,273,0.08424908424908426,50.0,Saint Paul Street
2026-09-15,Green,place-sumav,274,0.07664233576642336,-28.5,Summit Avenue
2026-09-15,Green,place-tapst,270,0.07037037037037037,-30.0,Tappan Street
2026-09-15,Green,place-waban,256,0.05859375,11.5,Waban
2026-09-15,Green,place-wascm,255,0.17254901960784313,29.0,Washington Street
2026-09-15,Green,place-woodl,251,0.06374501992031872,29.0,Woodland
2026-09-15,Green,place-wrnst,254,0.14960629921259844,10.0,Warren Street
2026-09-15,Mattapan,place-asmnl,1,0.0,-403.0,Ashmont
2026-09-15,Mattapan,place-butlr,240,0.04583333333333333,-56.0,Butler
2026-09-15,Mattapan,place-capst,235,0.0425531914893617,-9.0,Capen Street
2026-09-15,Mattapan,place-cedgr,239,0.03765690376569038,-66.0,Cedar Grove
2026-09-15,Mattapan,place-cenav,236,0.05084745762711865,-30.5,Central Avenue
2026-09-15,Mattapan,place-miltt,238,0.0546218487394958,-69.0,Milton
2026-09-15,Mattapan,place-valrd,236,0.0423728813559322,-10.0,Valley Road
2026-09-15,Orange,place-astao,417,0.03836930455635491,38.0,Assembly
2026-09-15,Orange,place-bbsta,423,0.03546099290780142,37.0,Back Bay
2026-09-15,Orange,place-ccmnl,422,0.037914691943127965,31.0,Community College
2026-09-15,Orange,place-chncl,409,0.039119804400977995,51.0,Chinatown
2026-09-15,Orange,place-dwnxg,413,0.04600484261501211,36.0,Downtown Crossing
2026-09-15,Orange,place-grnst,417,0.03836930455635491,37.0,Green Street
2026-09-15,Orange,place-haecl,418,0.03588516746411483,34.0,Haymarket
2026-09-15,Orange,place-jaksn,416,0.038461538461538464,35.0,Jackson Square
2026-09-15,Orange,place-masta,413,0.03389830508474576,43.0,Massachusetts Avenue
2026-09-15,Orange,place-mlmnl,423,0.04728132387706856,54.0,Malden Center
2026-09-15,Orange,place-north,419,0.03818615751789976,35.0,North Station
2026-09-15,Orange,place-rcmnl,416,0.038461538461538464,27.5,Roxbury Crossing
2026-09-15,Orange,place-rugg,412,0.03398058252427184,37.0,Ruggles
2026-09-15,Orange,place-sbmnl,415,0.03855421686746988,56.0,Stony Brook
2026-09-15,Orange,place-state,419,0.031026252983293555,20.0,State
2026-09-15,Orange,place-sull,420,0.04285714285714286,31.0,Sullivan Square
2026-09-15,Orange,place-tumnl,413,0.03389830508474576,39.0,Tufts Medical Center
2026-09-15,Orange,place-welln,422,0.04028436018957346,45.5,Wellington
2026-09-15,Red,place-andrw,326,0.6319018404907976,402.5,Andrew
2026-09-15,Red,place-brdwy,324,0.6234567901234568,396.0,Broadway
2026-09-15,Red,place-chmnl,322,0.6739130434782609,400.0,Charles/MGH
2026-09-15,Red,place-cntsq,320,0.675,406.0,Central
2026-09-15,Red,place-davis,319,0.6677115987460815,441.0,Davis
2026-09-15,Red,place-dwnxg,129,0.5736434108527132,337.0,Downtown Crossing
2026-09-15,Red,place-fldcr,171,0.5029239766081871,301.0,Fields Corner
2026-09-15,Red,place-harsq,320,0.65,419.5,Harvard
2026-09-15,Red,place-jfk,327,0.6238532110091743,409.0,JFK/UMass
2026-09-15,Red,place-knncl,322,0.6645962732919255,414.5,Kendall/MIT
2026-09-15,Red,place-nqncy,155,0.6258064516129033,429.0,North Quincy
2026-09-15,Red,place-pktrm,135,0.5333333333333333,316.0,Park Street
2026-09-15,Red,place-portr,320,0.678125,442.0,Porter
2026-09-15,Red,place-qamnl,158,0.6455696202531646,455.0,Quincy Adams
2026-09-15,Red,place-qnctr,155,0.6387096774193548,465.0,Quincy Center
2026-09-15,Red,place-shmnl,173,0.49710982658959535,295.0,Savin Hill
2026-09-15,Red,place-smmnl,169,0.514792899408284,307.0,Shawmut
2026-09-15,Red,place-sstat,313,0.6389776357827476,405.0,South Station
2026-09-15,Red,place-wlsta,154,0.6233766233766234,438.0,Wollaston
2026-09-16,Blue,place-aport,411,0.145985401459854,49.0,Airport
2026-09-16,Blue,place-aqucl,411,0.15815085158150852,75.0,Aquarium
2026-09-16,Blue,place-bmmnl,406,0.14285714285714285,44.0,Beachmont
2026-09-16,Blue,place-gover,404,0.14356435643564355,49.5,Government Center
2026-09-16,Blue,place-mvbcl,412,0.1553398058252427,62.0,Maverick
2026-09-16,Blue,place-orhte,410,0.15365853658536585,49.5,Orient Heights
2026-09-16,Blue,place-rbmnl,407,0.1597051597051597,44.0,Revere Beach
2026-09-16,Blue,place-sdmnl,406,0.15517241379310345,69.5,Suffolk Downs
2026-09-16,Blue,place-state,410,0.16097560975609757,84.0,State
2026-09-16,Blue,place-wimnl,204,0.14705882352941177,77.0,Wood Island
2026-09-16,Green,place-alsgr,233,0.15021459227467812,34.0,Allston Street
2026-09-16,Green,place-amory,238,0.1722689075630252,62.5,Amory Street
2026-09-16,Green,place-armnl,951,0.1398527865404837,-7.0,Arlington
2026-09-16,Green,place-babck,239,0.16736401673640167,74.0,Babcock Street
2026-09-16,Green,place-balsq,275,0.03272727272727273,-114.0,Ball Square
2026-09-16,Green,place-bckhl,254,0.09055118110236221,-146.0,Back of the Hill
2026-09-16,Green,place-bcnfd,220,0.30454545454545456,128.0,Beaconsfield
2026-09-16,Green,place-bcnwa,231,0.05194805194805195,-55.0,Washington Square
2026-09-16,Green,place-bland,235,0.14042553191489363,79.0,Blandford Street
2026-09-16,Green,place-boyls,953,0.1416579223504722,-9.0,Boylston
2026-09-16,Green,place-brico,238,0.15126050420168066,49.5,Packards Corner
2026-09-16,Green,place-brkhl,223,0.2914798206278027,138.0,Brookline Hills
2026-09-16,Green,place-brmnl,258,0.08527131782945736,-137.0,Brigham Circle
2026-09-16,Green,place-bucen,236,0.1652542372881356,58.0,Boston University Central
2026-09-16,Green,place-buest,232,0.15086206896551724,46.5,Boston University East
2026-09-16,Green,place-bvmnl,221,0.29411764705882354,119.0,Brookline Village
2026-09-16,Green,place-chhil,218,0.2706422018348624,98.0,Chestnut Hill
2026-09-16,Green,place-chill,235,0.15319148936170213,19.0,Chestnut Hill Avenue
2026-09-16,Green,place-chswk,236,0.1652542372881356,5.0,Chiswick Road
2026-09-16,Green,place-coecl,944,0.13771186440677965,-19.5,Copley
2026-09-16,Green,place-cool,234,0.0641025641025641,-57.0,Coolidge Corner
2026-09-16,Green,place-denrd,117,0.05982905982905983,-214.0,Dean Road
2026-09-16,Green,place-eliot,216,0.2824074074074074,103.5,Eliot
2026-09-16,Green,place-engav,234,0.05555555555555555,-53.0,Englewood Avenue
2026-09-16,Green,place-esomr,270,0.04814814814814815,-33.5,East Somerville
2026-09-16,Green,place-fbkst,234,0.05555555555555555,-46.5,Fairbanks Street
2026-09-16,Green,place-fenwd,256,0.08984375,-108.0,Fenwood Road
2026-09-16,Green,place-fenwy,218,0.2981651376146789,134.0,Fenway
2026-09-16,Green,place-gilmn,280,0.05357142857142857,-7.5,Gilman Square
2026-09-16,Green,place-gover,480,0.18125,19.0,Government Center
2026-09-16,Green,place-grigg,237,0.13924050632911392,39.0,Griggs Street
2026-09-16,Green,place-haecl,478,0.15690376569037656,-1.0,Haymarket
2026-09-16,Green,place-harvd,238,0.14285714285714285,32.5,Harvard Avenue
2026-09-16,Green,place-hwsst,237,0.06751054852320675,-34.0,Hawes Street
2026-09-16,Green,place-hymnl,690,0.1608695652173913,8.0,Hynes Convention Center
2026-09-16,Green,place-kencl,700,0.16142857142857142,6.0,Kenmore
2026-09-16,Green,place-kntst,239,0.06276150627615062,-25.0,Kent Street
2026-09-16,Green,place-lech,498,0.13253012048192772,-3.5,Lechmere
2026-09-16,Green,place-lngmd,270,0.06666666666666667,-133.0,Longwood Medical Area
2026-09-16,Green,place-longw,221,0.2895927601809955,132.0,Longwood
2026-09-16,Green,place-mfa,271,0.07011070110701106,-124.0,Museum of Fine Arts
2026-09-16,Green,place-mgngl,275,0.05454545454545454,-51.0,Magoun Square
2026-09-16,Green,place-mispk,261,0.07662835249042145,-181.0,Mission Park
2026-09-16,Green,place-newtn,215,0.3023255813953488,109.0,Newton Highlands
2026-09-16,Green,place-newto,217,0.2857142857142857,121.0,Newton Centre
2026-09-16,Green,place-north,480,0.16041666666666668,-1.0,North Station
2026-09-16,Green,place-nuniv,271,0.05904059040590406,-143.0,Northeastern University
2026-09-16,Green,place-pktrm,888,0.13288288288288289,-24.5,Park Street
2026-09-16,Green,place-prmnl,269,0.06691449814126393,-141.0,Prudential
2026-09-16,Green,place-rsmnl,219,0.2785388127853881,105.0,Reservoir
2026-09-16,Green,place-rvrwy,260,0.08076923076923077,-152.0,Riverway
2026-09-16,Green,place-smary,242,0.05785123966942149,-61.0,Saint Marys Street
2026-09-16,Green,place-sougr,235,0.14042553191489363,-21.0,South Street
2026-09-16,Green,place-spmnl,492,0.15040650406504066,7.5,Science Park
2026-09-16,Green,place-sthld,236,0.16101694915254236,1.5,Sutherland Road
2026-09-16,Green,place-stpul,240,0.058333333333333334,-30.0,Saint Paul Street
2026-09-16,Green,place-sumav,234,0.05982905982905983,-72.0,Summit Avenue
2026-09-16,Green,place-tapst,232,0.05172413793103448,-77.5,Tappan Street
2026-09-16,Green,place-waban,212,0.2783018867924528,94.0,Waban
2026-09-16,Green,place-wascm,238,0.13445378151260504,17.0,Washington Street
2026-09-16,Green,place-woodl,207,0.26570048309178745,82.0,Woodland
2026-09-16,Green,place-wrnst,234,0.1452991452991453,-5.0,Warren Street
2026-09-16,Mattapan,place-asmnl,1,0.0,-20.0,Ashmont
2026-09-16,Mattapan,place-butlr,251,0.06374501992031872,-48.0,Butler
2026-09-16,Mattapan,place-capst,243,0.05761316872427984,5.0,Capen Street
2026-09-16,Mattapan,place-cedgr,250,0.052,-52.5,Cedar Grove
2026-09-16,Mattapan,place-cenav,247,0.06477732793522267,-18.0,Central Avenue
2026-09-16,Mattapan,place-miltt,246,0.056910569105691054,-59.0,Milton
2026-09-16,Mattapan,place-valrd,248,0.06048387096774194,3.0,Valley Road
2026-09-16,Orange,place-astao,423,0.13711583924349882,54.0,Assembly
2026-09-16,Orange,place-bbsta,421,0.1187648456057007,47.0,Back Bay
2026-09-16,Orange,place-ccmnl,420,0.13333333333333333,49.0,Community College
2026-09-16,Orange,place-chncl,415,0.13493975903614458,57.0,Chinatown
2026-09-16,Orange,place-dwnxg,416,0.12980769230769232,53.5,Downtown Crossing
2026-09-16,Orange,place-grnst,421,0.10451306413301663,44.0,Green Street
2026-09-16,Orange,place-haecl,421,0.13064133016627077,57.0,Haymarket
2026-09-16,Orange,place-jaksn,417,0.10311750599520383,50.0,Jackson Square
2026-09-16,Orange,place-masta,418,0.11722488038277512,49.0,Massachusetts Avenue
2026-09-16,Orange,place-mlmnl,422,0.14691943127962084,63.0,Malden Center
2026-09-16,Orange,place-north,420,0.13095238095238096,51.5,North Station
2026-09-16,Orange,place-rcmnl,418,0.1076555023923445,45.5,Roxbury Crossing
2026-09-16,Orange,place-rugg,417,0.12470023980815348,42.0,Ruggles
2026-09-16,Orange,place-sbmnl,418,0.09330143540669857,64.0,Stony Brook
2026-09-16,Orange,place-state,419,0.1288782816229117,38.0,State
2026-09-16,Orange,place-sull,422,0.13507109004739337,49.0,Sullivan Square
2026-09-16,Orange,place-tumnl,419,0.1288782816229117,49.0,Tufts Medical Center
2026-09-16,Orange,place-welln,422,0.14454976303317535,60.5,Wellington
2026-09-16,Red,place-andrw,332,0.6746987951807228,501.5,Andrew
2026-09-16,Red,place-brdwy,331,0.6706948640483383,496.0,Broadway
2026-09-16,Red,place-chmnl,331,0.6888217522658611,535.0,Charles/MGH
2026-09-16,Red,place-cntsq,335,0.6895522388059702,515.0,Central
2026-09-16,Red,place-davis,335,0.6925373134328359,511.0,Davis
2026-09-16,Red,place-dwnxg,130,0.5692307692307692,357.0,Downtown Crossing
2026-09-16,Red,place-fldcr,161,0.6335403726708074,462.0,Fields Corner
2026-09-16,Red,place-harsq,335,0.6835820895522388,511.0,Harvard
2026-09-16,Red,place-jfk,334,0.6706586826347305,502.0,JFK/UMass
2026-09-16,Red,place-knncl,334,0.6946107784431138,522.0,Kendall/MIT
2026-09-16,Red,place-nqncy,174,0.6091954022988506,446.0,North Quincy
2026-09-16,Red,place-pktrm,139,0.5467625899280576,352.0,Park Street
2026-09-16,Red,place-portr,334,0.7095808383233533,527.0,Porter
2026-09-16,Red,place-qamnl,167,0.5988023952095808,447.0,Quincy Adams
2026-09-16,Red,place-qnctr,170,0.6235294117647059,457.5,Quincy Center
2026-09-16,Red,place-shmnl,161,0.6335403726708074,474.0,Savin Hill
2026-09-16,Red,place-smmnl,158,0.6392405063291139,467.0,Shawmut
2026-09-16,Red,place-sstat,320,0.690625,513.5,South Station
2026-09-16,Red,place-wlsta,171,0.6198830409356725,449.0,Wollaston
2026-09-17,Blue,place-aport,404,0.18564356435643564,110.0,Airport
2026-09-17,Blue,place-aqucl,399,0.22556390977443608,139.0,Aquarium
2026-09-17,Blue,place-bmmnl,400,0.165,99.5,Beachmont
2026-09-17,Blue,place-gover,397,0.20151133501259447,113.0,Government Center
2026-09-17,Blue,place-mvbcl,403,0.18858560794044665,121.0,Maverick
2026-09-17,Blue,place-orhte,403,0.19602977667493796,125.0,Orient Heights
2026-09-17,Blue,place-rbmnl,398,0.1658291457286432,96.0,Revere Beach
2026-09-17,Blue,place-sdmnl,400,0.2025,131.5,Suffolk Downs
2026-09-17,Blue,place-state,400,0.235,141.0,State
2026-09-17,Blue,place-wimnl,198,0.19696969696969696,159.0,Wood Island
2026-09-17,Green,place-alsgr,217,0.3686635944700461,191.0,Allston Street
2026-09-17,Green,place-amory,220,0.41363636363636364,243.5,Amory Street
2026-09-17,Green,place-armnl,959,0.3034410844629823,111.0,Arlington
2026-09-17,Green,place-babck,222,0.38738738738738737,218.0,Babcock Street
2026-09-17,Green,place-balsq,281,0.06405693950177936,-18.0,Ball Square
2026-09-17,Green,place-bckhl,252,0.19444444444444445,-36.5,Back of the Hill
2026-09-17,Green,place-bcnfd,235,0.3148936170212766,141.0,Beaconsfield
2026-09-17,Green,place-bcnwa,233,0.22746781115879827,35.0,Washington Square
2026-09-17,Green,place-bland,220,0.4318181818181818,233.0,Blandford Street
2026-09-17,Green,place-boyls,956,0.2918410041841004,116.5,Boylston
2026-09-17,Green,place-brico,221,0.3574660633484163,217.0,Packards Corner
2026-09-17,Green,place-brkhl,235,0.32340425531914896,135.0,Brookline Hills
2026-09-17,Green,place-brmnl,257,0.1828793774319066,-23.0,Brigham Circle
2026-09-17,Green,place-bucen,219,0.3972602739726027,212.0,Boston University Central
2026-09-17,Green,place-buest,219,0.4063926940639269,220.0,Boston University East
2026-09-17,Green,place-bvmnl,236,0.3050847457627119,151.5,Brookline Village
2026-09-17,Green,place-chhil,233,0.2832618025751073,107.0,Chestnut Hill
2026-09-17,Green,place-chill,222,0.36036036036036034,152.5,Chestnut Hill Avenue
2026-09-17,Green,place-chswk,221,0.35294117647058826,126.0,Chiswick Road
2026-09-17,Green,place-coecl,942,0.3195329087048832,124.5,Copley
2026-09-17,Green,place-cool,240,0.25833333333333336,50.0,Coolidge Corner
2026-09-17,Green,place-denrd,117,0.36752136752136755,143.0,Dean Road
2026-09-17,Green,place-eliot,233,0.2532188841201717,123.0,Eliot
2026-09-17,Green,place-engav,238,0.23109243697478993,31.5,Englewood Avenue
2026-09-17,Green,place-esomr,270,0.07777777777777778,1.0,East Somerville
2026-09-17,Green,place-fbkst,235,0.25957446808510637,54.0,Fairbanks Street
2026-09-17,Green,place-fenwd,258,0.20155038759689922,-6.5,Fenwood Road
2026-09-17,Green,place-fenwy,235,0.31063829787234043,164.0,Fenway
2026-09-17,Green,place-gilmn,281,0.07473309608540925,-4.0,Gilman Square
2026-09-17,Green,place-gover,504,0.21825396825396826,66.0,Government Center
2026-09-17,Green,place-grigg,220,0.39090909090909093,199.5,Griggs Street
2026-09-17,Green,place-haecl,512,0.19921875,47.5,Haymarket
2026-09-17,Green,place-harvd,221,0.35294117647058826,188.0,Harvard Avenue
2026-09-17,Green,place-hwsst,238,0.25210084033613445,68.5,Hawes Street
2026-09-17,Green,place-hymnl,681,0.3509544787077827,159.0,Hynes Convention Center
2026-09-17,Green,place-kencl,698,0.335243553008596,150.0,Kenmore
2026-09-17,Green,place-kntst,232,0.25,69.0,Kent Street
2026-09-17,Green,place-lech,514,0.1517509727626459,20.5,Lechmere
2026-09-17,Green,place-lngmd,269,0.1970260223048327,-3.0,Longwood Medical Area
2026-09-17,Green,place-longw,237,0.3291139240506329,152.0,Longwood
2026-09-17,Green,place-mfa,272,0.19852941176470587,-7.5,Museum of Fine Arts
2026-09-17,Green,place-mgngl,280,0.075,15.0,Magoun Square
2026-09-17,Green,place-mispk,258,0.16279069767441862,-52.5,Mission Park
2026-09-17,Green,place-newtn,232,0.27586206896551724,124.0,Newton Highlands
2026-09-17,Green,place-newto,233,0.27467811158798283,118.0,Newton Centre
2026-09-17,Green,place-north,503,0.1908548707753479,42.0,North Station
2026-09-17,Green,place-nuniv,271,0.19557195571955718,-16.0,Northeastern University
2026-09-17,Green,place-pktrm,895,0.2569832402234637,98.0,Park Street
2026-09-17,Green,place-prmnl,266,0.20300751879699247,7.0,Prudential
2026-09-17,Green,place-rsmnl,233,0.26609442060085836,102.0,Reservoir
2026-09-17,Green,place-rvrwy,259,0.1776061776061776,-21.0,Riverway
2026-09-17,Green,place-smary,239,0.2510460251046025,26.0,Saint Marys Street
2026-09-17,Green,place-sougr,220,0.32272727272727275,92.5,South Street
2026-09-17,Green,place-spmnl,505,0.18217821782178217,44.0,Science Park
2026-09-17,Green,place-sthld,222,0.35585585585585583,152.5,Sutherland Road
2026-09-17,Green,place-stpul,235,0.2553191489361702,62.0,Saint Paul Street
2026-09-17,Green,place-sumav,240,0.25,25.5,Summit Avenue
2026-09-17,Green,place-tapst,238,0.22268907563025211,19.5,Tappan Street
2026-09-17,Green,place-waban,232,0.22413793103448276,93.0,Waban
2026-09-17,Green,place-wascm,222,0.35585585585585583,154.0,Washington Street
2026-09-17,Green,place-woodl,231,0.22943722943722944,96.0,Woodland
2026-09-17,Green,place-wrnst,221,0.35294117647058826,138.0,Warren Street
2026-09-17,Mattapan,place-asmnl,8,0.25,-68.0,Ashmont
2026-09-17,Mattapan,place-butlr,234,0.0641025641025641,-29.5,Butler
2026-09-17,Mattapan,place-capst,244,0.11475409836065574,23.0,Capen Street
2026-09-17,Mattapan,place-cedgr,246,0.06504065040650407,-44.0,Cedar Grove
2026-09-17,Mattapan,place-cenav,246,0.10569105691056911,-2.5,Central Avenue
2026-09-17,Mattapan,place-miltt,244,0.10245901639344263,-36.5,Milton
2026-09-17,Mattapan,place-valrd,247,0.10931174089068826,17.0,Valley Road
2026-09-17,Orange,place-astao,407,0.11056511056511056,53.0,Assembly
2026-09-17,Orange,place-bbsta,410,0.1024390243902439,55.0,Back Bay
2026-09-17,Orange,place-ccmnl,406,0.10344827586206896,42.5,Community College
2026-09-17,Orange,place-chncl,400,0.0975,64.5,Chinatown
2026-09-17,Orange,place-dwnxg,402,0.09950248756218906,55.0,Downtown Crossing
2026-09-17,Orange,place-grnst,407,0.08108108108108109,48.0,Green Street
2026-09-17,Orange,place-haecl,411,0.0948905109489051,52.0,Haymarket
2026-09-17,Orange,place-jaksn,406,0.08374384236453201,49.5,Jackson Square
2026-09-17,Orange,place-masta,405,0.09876543209876543,61.0,Massachusetts Avenue
2026-09-17,Orange,place-mlmnl,410,0.11463414634146342,60.0,Malden Center
2026-09-17,Orange,place-north,408,0.09558823529411764,48.0,North Station
2026-09-17,Orange,place-rcmnl,408,0.09068627450980392,46.5,Roxbury Crossing
2026-09-17,Orange,place-rugg,406,0.08866995073891626,54.0,Ruggles
2026-09-17,Orange,place-sbmnl,405,0.08395061728395062,61.0,Stony Brook
2026-09-17,Orange,place-state,408,0.09313725490196079,35.5,State
2026-09-17,Orange,place-sull,408,0.11029411764705882,43.5,Sullivan Square
2026-09-17,Orange,place-tumnl,402,0.09203980099502487,51.0,Tufts Medical Center
2026-09-17,Orange,place-welln,409,0.11246943765281174,52.0,Wellington
2026-09-17,Red,place-andrw,328,0.6890243902439024,509.0,Andrew
2026-09-17,Red,place-brdwy,329,0.6899696048632219,505.0,Broadway
2026-09-17,Red,place-chmnl,331,0.7009063444108762,492.0,Charles/MGH
2026-09-17,Red,place-cntsq,330,0.7,476.5,Central
2026-09-17,Red,place-davis,328,0.7134146341463414,473.5,Davis
2026-09-17,Red,place-dwnxg,118,0.5169491525423728,303.5,Downtown Crossing
2026-09-17,Red,place-fldcr,155,0.6193548387096774,446.0,Fields Corner
2026-09-17,Red,place-harsq,330,0.7090909090909091,474.0,Harvard
2026-09-17,Red,place-jfk,330,0.6818181818181818,484.5,JFK/UMass
2026-09-17,Red,place-knncl,330,0.696969696969697,488.5,Kendall/MIT
2026-09-17,Red,place-nqncy,169,0.6272189349112426,476.0,North Quincy
2026-09-17,Red,place-pktrm,125,0.52,314.0,Park Street
2026-09-17,Red,place-portr,329,0.723404255319149,486.0,Porter
2026-09-17,Red,place-qamnl,167,0.6347305389221557,460.0,Quincy Adams
2026-09-17,Red,place-qnctr,168,0.6071428571428571,466.0,Quincy Center
2026-09-17,Red,place-shmnl,158,0.620253164556962,424.5,Savin Hill
2026-09-17,Red,place-smmnl,154,0.6363636363636364,451.0,Shawmut
2026-09-17,Red,place-sstat,327,0.691131498470948,491.0,South Station
2026-09-17,Red,place-wlsta,169,0.6153846153846154,476.0,Wollaston
2026-09-18,Blue,place-aport,288,0.3472222222222222,72.0,Airport
2026-09-18,Blue,place-aqucl,377,0.46949602122015915,265.0,Aquarium
2026-09-18,Blue,place-bmmnl,377,0.4323607427055703,228.0,Beachmont
2026-09-18,Blue,place-gover,376,0.44148936170212766,208.5,Government Center
2026-09-18,Blue,place-mvbcl,379,0.45118733509234826,233.0,Maverick
2026-09-18,Blue,place-orhte,378,0.46296296296296297,256.5,Orient Heights
2026-09-18,Blue,place-rbmnl,377,0.44562334217506633,230.0,Revere Beach
2026-09-18,Blue,place-sdmnl,376,0.45478723404255317,256.0,Suffolk Downs
2026-09-18,Blue,place-state,378,0.46296296296296297,246.5,State
2026-09-18,Blue,place-wimnl,131,0.2595419847328244,79.0,Wood Island
2026-09-18,Green,place-alsgr,251,0.1394422310756972,86.0,Allston Street
2026-09-18,Green,place-amory,255,0.1803921568627451,121.0,Amory Street
2026-09-18,Green,place-armnl,1031,0.14354995150339475,40.0,Arlington
2026-09-18,Green,place-babck,254,0.16141732283464566,107.0,Babcock Street
2026-09-18,Green,place-balsq,280,0.06428571428571428,-6.5,Ball Square
2026-09-18,Green,place-bckhl,259,0.11196911196911197,-79.0,Back of the Hill
2026-09-18,Green,place-bcnfd,258,0.13565891472868216,74.5,Beaconsfield
2026-09-18,Green,place-bcnwa,238,0.08403361344537816,-6.5,Washington Square
2026-09-18,Green,place-bland,254,0.2047244094488189,118.0,Blandford Street
2026-09-18,Green,place-boyls,1024,0.1337890625,45.5,Boylston
2026-09-18,Green,place-brico,255,0.1568627450980392,108.0,Packards Corner
2026-09-18,Green,place-brkhl,256,0.12890625,64.5,Brookline Hills
2026-09-18,Green,place-brmnl,263,0.10266159695817491,-71.0,Brigham Circle
2026-09-18,Green,place-bucen,253,0.18181818181818182,95.0,Boston University Central
2026-09-18,Green,place-buest,253,0.17391304347826086,98.0,Boston University East
2026-09-18,Green,place-bvmnl,257,0.13229571984435798,67.0,Brookline Village
2026-09-18,Green,place-chhil,252,0.11904761904761904,43.0,Chestnut Hill
2026-09-18,Green,place-chill,244,0.1557377049180328,91.0,Chestnut Hill Avenue
2026-09-18,Green,place-chswk,247,0.17813765182186234,61.0,Chiswick Road
2026-09-18,Green,place-coecl,1023,0.13880742913000976,35.0,Copley
2026-09-18,Green,place-cool,245,0.08979591836734693,3.0,Coolidge Corner
2026-09-18,Green,place-denrd,120,0.1,-72.5,Dean Road
2026-09-18,Green,place-eliot,254,0.1220472440944882,59.0,Eliot
2026-09-18,Green,place-engav,240,0.07916666666666666,-17.5,Englewood Avenue
2026-09-18,Green,place-esomr,274,0.07664233576642336,11.0,East Somerville
2026-09-18,Green,place-fbkst,239,0.09623430962343096,13.0,Fairbanks Street
2026-09-18,Green,place-fenwd,262,0.13358778625954199,-51.0,Fenwood Road
2026-09-18,Green,place-fenwy,259,0.13513513513513514,52.0,Fenway
2026-09-18,Green,place-gilmn,283,0.08480565371024736,21.0,Gilman Square
2026-09-18,Green,place-gover,518,0.11583011583011583,19.0,Government Center
2026-09-18,Green,place-grigg,253,0.1422924901185771,91.0,Griggs Street
2026-09-18,Green,place-haecl,521,0.1036468330134357,9.0,Haymarket
2026-09-18,Green,place-harvd,255,0.12549019607843137,74.0,Harvard Avenue
2026-09-18,Green,place-hwsst,245,0.08979591836734693,35.0,Hawes Street
2026-09-18,Green,place-hymnl,763,0.14416775884665792,59.0,Hynes Convention Center
2026-09-18,Green,place-kencl,763,0.1402359108781127,51.0,Kenmore
2026-09-18,Green,place-kntst,244,0.09836065573770492,35.0,Kent Street
2026-09-18,Green,place-lech,531,0.09416195856873823,-1.0,Lechmere
2026-09-18,Green,place-lngmd,275,0.11636363636363636,-66.0,Longwood Medical Area
2026-09-18,Green,place-longw,259,0.14671814671814673,69.0,Longwood
2026-09-18,Green,place-mfa,276,0.10869565217391304,-65.5,Museum of Fine Arts
2026-09-18,Green,place-mgngl,280,0.07857142857142857,28.5,Magoun Square
2026-09-18,Green,place-mispk,264,0.10984848484848485,-100.5,Mission Park
2026-09-18,Green,place-newtn,255,0.12941176470588237,79.0,Newton Highlands
2026-09-18,Green,place-newto,254,0.13385826771653545,72.5,Newton Centre
2026-09-18,Green,place-north,530,0.11132075471698114,6.5,North Station
2026-09-18,Green,place-nuniv,274,0.10583941605839416,-85.5,Northeastern University
2026-09-18,Green,place-pktrm,981,0.12844036697247707,30.0,Park Street
2026-09-18,Green,place-prmnl,270,0.1111111111111111,-72.5,Prudential
2026-09-18,Green,place-rsmnl,253,0.11857707509881422,45.0,Reservoir
2026-09-18,Green,place-rvrwy,262,0.12213740458015267,-75.5,Riverway
2026-09-18,Green,place-smary,247,0.08906882591093117,7.0,Saint Marys Street
2026-09-18,Green,place-sougr,246,0.16666666666666666,21.5,South Street
2026-09-18,Green,place-spmnl,532,0.11090225563909774,23.5,Science Park
2026-09-18,Green,place-sthld,251,0.17928286852589642,74.0,Sutherland Road
2026-09-18,Green,place-stpul,244,0.0860655737704918,35.5,Saint Paul Street
2026-09-18,Green,place-sumav,245,0.09387755102040816,-15.0,Summit Avenue
2026-09-18,Green,place-tapst,244,0.0860655737704918,-31.5,Tappan Street
2026-09-18,Green,place-waban,251,0.099601593625498,44.0,Waban
2026-09-18,Green,place-wascm,253,0.16205533596837945,75.0,Washington Street
2026-09-18,Green,place-woodl,249,0.11244979919678715,49.0,Woodland
2026-09-18,Green,place-wrnst,250,0.132,61.0,Warren Street
2026-09-18,Mattapan,place-butlr,257,0.0038910505836575876,-47.0,Butler
2026-09-18,Mattapan,place-capst,256,0.0078125,2.0,Capen Street
2026-09-18,Mattapan,place-cedgr,260,0.0,-56.5,Cedar Grove
2026-09-18,Mattapan,place-cenav,256,0.00390625,-20.5,Central Avenue
2026-09-18,Mattapan,place-miltt,255,0.00392156862745098,-56.0,Milton
2026-09-18,Mattapan,place-valrd,256,0.00390625,-3.0,Valley Road
2026-09-18,Orange,place-astao,454,0.06167400881057269,44.0,Assembly
2026-09-18,Orange,place-bbsta,456,0.06140350877192982,42.5,Back Bay
2026-09-18,Orange,place-ccmnl,456,0.05701754385964912,35.0,Community College
2026-09-18,Orange,place-chncl,441,0.07256235827664399,55.0,Chinatown
2026-09-18,Orange,place-dwnxg,445,0.058426966292134834,42.0,Downtown Crossing
2026-09-18,Orange,place-grnst,456,0.05482456140350877,41.0,Green Street
2026-09-18,Orange,place-haecl,454,0.05066079295154185,46.0,Haymarket
2026-09-18,Orange,place-jaksn,452,0.05309734513274336,41.5,Jackson Square
2026-09-18,Orange,place-masta,450,0.06444444444444444,47.5,Massachusetts Avenue
2026-09-18,Orange,place-mlmnl,456,0.05701754385964912,59.0,Malden Center
2026-09-18,Orange,place-north,455,0.05054945054945055,40.0,North Station
2026-09-18,Orange,place-rcmnl,454,0.05726872246696035,36.5,Roxbury Crossing
2026-09-18,Orange,place-rugg,449,0.066815144766147,43.0,Ruggles
2026-09-18,Orange,place-sbmnl,455,0.06153846153846154,61.0,Stony Brook
2026-09-18,Orange,place-state,448,0.044642857142857144,24.5,State
2026-09-18,Orange,place-sull,454,0.05726872246696035,37.5,Sullivan Square
2026-09-18,Orange,place-tumnl,447,0.06487695749440715,46.0,Tufts Medical Center
2026-09-18,Orange,place-welln,455,0.054945054945054944,52.0,Wellington
2026-09-18,Red,place-andrw,255,0.5607843137254902,372.0,Andrew
2026-09-18,Red,place-brdwy,258,0.5658914728682171,380.0,Broadway
2026-09-18,Red,place-chmnl,260,0.6115384615384616,390.0,Charles/MGH
2026-09-18,Red,place-cntsq,259,0.5907335907335908,376.0,Central
2026-09-18,Red,place-davis,260,0.6307692307692307,380.5,Davis
2026-09-18,Red,place-dwnxg,104,0.38461538461538464,221.5,Downtown Crossing
2026-09-18,Red,place-fldcr,122,0.5,301.0,Fields Corner
2026-09-18,Red,place-harsq,259,0.5945945945945946,370.0,Harvard
2026-09-18,Red,place-jfk,246,0.524390243902439,311.0,JFK/UMass
2026-09-18,Red,place-knncl,259,0.6061776061776062,384.0,Kendall/MIT
2026-09-18,Red,place-nqncy,121,0.4380165289256198,266.0,North Quincy
2026-09-18,Red,place-pktrm,112,0.39285714285714285,198.0,Park Street
2026-09-18,Red,place-portr,262,0.6259541984732825,379.5,Porter
2026-09-18,Red,place-qamnl,118,0.3983050847457627,258.5,Quincy Adams
2026-09-18,Red,place-qnctr,122,0.4344262295081967,243.5,Quincy Center
2026-09-18,Red,place-shmnl,124,0.5,297.5,Savin Hill
2026-09-18,Red,place-smmnl,121,0.512396694214876,303.0,Shawmut
2026-09-18,Red,place-sstat,256,0.57421875,372.0,South Station
2026-09-18,Red,place-wlsta,122,0.4426229508196721,259.5,Wollaston
2026-09-19,Blue,place-aport,292,0.06164383561643835,20.0,Airport
2026-09-19,Blue,place-aqucl,293,0.05802047781569966,26.0,Aquarium
2026-09-19,Blue,place-bmmnl,290,0.05517241379310345,1.0,Beachmont
2026-09-19,Blue,place-gover,293,0.07508532423208192,23.0,Government Center
2026-09-19,Blue,place-mvbcl,293,0.05802047781569966,28.0,Maverick
2026-09-19,Blue,place-orhte,294,0.05442176870748299,20.5,Orient Heights
2026-09-19,Blue,place-rbmnl,288,0.05555555555555555,-1.0,Revere Beach
2026-09-19,Blue,place-sdmnl,292,0.07876712328767123,20.0,Suffolk Downs
2026-09-19,Blue,place-state,292,0.06506849315068493,14.0,State
2026-09-19,Blue,place-wimnl,293,0.06143344709897611,36.0,Wood Island
2026-09-19,Green,place-alsgr,11,0.18181818181818182,-967.0,Allston Street
2026-09-19,Green,place-balsq,10,0.2,-560.0,Ball Square
2026-09-19,Green,place-bcnfd,8,0.125,-966.5,Beaconsfield
2026-09-19,Green,place-bcnwa,20,0.2,-457.5,Washington Square
2026-09-19,Green,place-brico,11,0.18181818181818182,-1095.0,Packards Corner
2026-09-19,Green,place-brkhl,8,0.125,-844.5,Brookline Hills
2026-09-19,Green,place-bvmnl,8,0.125,-846.0,Brookline Village
2026-09-19,Green,place-chhil,9,0.2222222222222222,-924.0,Chestnut Hill
2026-09-19,Green,place-chill,12,0.16666666666666666,-1016.0,Chestnut Hill Avenue
2026-09-19,Green,place-chswk,12,0.16666666666666666,-1013.5,Chiswick Road
2026-09-19,Green,place-cool,20,0.2,-515.0,Coolidge Corner
2026-09-19,Green,place-denrd,7,0.2857142857142857,-269.0,Dean Road
2026-09-19,Green,place-eliot,9,0.2222222222222222,-866.0,Eliot
2026-09-19,Green,place-engav,19,0.21052631578947367,-505.0,Englewood Avenue
2026-09-19,Green,place-esomr,8,0.25,-551.0,East Somerville
2026-09-19,Green,place-fbkst,20,0.2,-484.0,Fairbanks Street
2026-09-19,Green,place-fenwy,6,0.0,-1040.5,Fenway
2026-09-19,Green,place-gilmn,9,0.2222222222222222,-585.0,Gilman Square
2026-09-19,Green,place-grigg,12,0.16666666666666666,-1032.0,Griggs Street
2026-09-19,Green,place-harvd,11,0.18181818181818182,-916.0,Harvard Avenue
2026-09-19,Green,place-hwsst,20,0.2,-494.5,Hawes Street
2026-09-19,Green,place-kntst,20,0.2,-475.0,Kent Street
2026-09-19,Green,place-lech,20,0.3,-433.5,Lechmere
2026-09-19,Green,place-longw,8,0.125,-812.5,Longwood
2026-09-19,Green,place-mgngl,9,0.2222222222222222,-589.0,Magoun Square
2026-09-19,Green,place-newtn,9,0.2222222222222222,-852.0,Newton Highlands
2026-09-19,Green,place-newto,9,0.2222222222222222,-846.0,Newton Centre
2026-09-19,Green,place-rsmnl,8,0.125,-1023.5,Reservoir
2026-09-19,Green,place-smary,20,0.2,-535.0,Saint Marys Street
2026-09-19,Green,place-sougr,12,0.16666666666666666,-986.0,South Street
2026-09-19,Green,place-spmnl,23,0.2608695652173913,-597.0,Science Park
2026-09-19,Green,place-sthld,12,0.16666666666666666,-979.5,Sutherland Road
2026-09-19,Green,place-stpul,20,0.2,-505.0,Saint Paul Street
2026-09-19,Green,place-sumav,20,0.2,-522.5,Summit Avenue
2026-09-19,Green,place-tapst,20,0.2,-492.0,Tappan Street
2026-09-19,Green,place-waban,9,0.2222222222222222,-850.0,Waban
2026-09-19,Green,place-wascm,12,0.16666666666666666,-986.5,Washington Street
2026-09-19,Green,place-woodl,9,0.2222222222222222,-851.0,Woodland
2026-09-19,Green,place-wrnst,12,0.16666666666666666,-991.5,Warren Street
2026-09-19,Mattapan,place-butlr,175,0.04,4.0,Butler
2026-09-19,Mattapan,place-capst,172,0.05813953488372093,7.5,Capen Street
2026-09-19,Mattapan,place-cedgr,175,0.08,-16.0,Cedar Grove
2026-09-19,Mattapan,place-cenav,174,0.040229885057471264,-25.5,Central Avenue
2026-09-19,Mattapan,place-miltt,174,0.04597701149425287,-5.5,Milton
2026-09-19,Mattapan,place-valrd,174,0.034482758620689655,7.0,Valley Road
2026-09-19,Orange,place-astao,306,0.19934640522875818,64.5,Assembly
2026-09-19,Orange,place-bbsta,311,0.17363344051446947,59.0,Back Bay
2026-09-19,Orange,place-ccmnl,309,0.19093851132686085,66.0,Community College
2026-09-19,Orange,place-chncl,303,0.19801980198019803,68.0,Chinatown
2026-09-19,Orange,place-dwnxg,303,0.2079207920792079,67.0,Downtown Crossing
2026-09-19,Orange,place-grnst,309,0.20064724919093851,70.0,Green Street
2026-09-19,Orange,place-haecl,308,0.18831168831168832,71.5,Haymarket
2026-09-19,Orange,place-jaksn,307,0.16938110749185667,47.0,Jackson Square
2026-09-19,Orange,place-masta,310,0.1870967741935484,65.5,Massachusetts Avenue
2026-09-19,Orange,place-mlmnl,308,0.21753246753246752,70.0,Malden Center
2026-09-19,Orange,place-north,309,0.18770226537216828,61.0,North Station
2026-09-19,Orange,place-rcmnl,309,0.1650485436893204,52.0,Roxbury Crossing
2026-09-19,Orange,place-rugg,307,0.18241042345276873,73.0,Ruggles
2026-09-19,Orange,place-sbmnl,306,0.17973856209150327,50.0,Stony Brook
2026-09-19,Orange,place-state,308,0.17857142857142858,55.0,State
2026-09-19,Orange,place-sull,307,0.20195439739413681,71.0,Sullivan Square
2026-09-19,Orange,place-tumnl,307,0.19218241042345277,63.0,Tufts Medical Center
2026-09-19,Orange,place-welln,307,0.19218241042345277,61.0,Wellington
2026-09-19,Red,place-andrw,187,0.7219251336898396,612.0,Andrew
2026-09-19,Red,place-brdwy,187,0.7165775401069518,606.0,Broadway
2026-09-19,Red,place-chmnl,186,0.6989247311827957,594.0,Charles/MGH
2026-09-19,Red,place-cntsq,187,0.6951871657754011,575.0,Central
2026-09-19,Red,place-davis,190,0.6947368421052632,594.5,Davis
2026-09-19,Red,place-dwnxg,81,0.6790123456790124,526.0,Downtown Crossing
2026-09-19,Red,place-harsq,188,0.6914893617021277,591.0,Harvard
2026-09-19,Red,place-jfk,189,0.7037037037037037,599.0,JFK/UMass
2026-09-19,Red,place-knncl,186,0.6989247311827957,583.0,Kendall/MIT
2026-09-19,Red,place-nqncy,191,0.6858638743455497,535.0,North Quincy
2026-09-19,Red,place-pktrm,80,0.7125,590.5,Park Street
2026-09-19,Red,place-portr,188,0.6968085106382979,594.5,Porter
2026-09-19,Red,place-qamnl,191,0.6963350785340314,561.0,Quincy Adams
2026-09-19,Red,place-qnctr,190,0.6947368421052632,534.5,Quincy Center
2026-09-19,Red,place-sstat,189,0.7195767195767195,617.0,South Station
2026-09-19,Red,place-wlsta,188,0.6861702127659575,536.0,Wollaston
