line,parent_station,service_hour,time_period,comparable_stop_events,share_late_over_5_minutes,median_schedule_difference_seconds,average_delay_when_late_seconds,median_delay_when_late_seconds,station_name
Blue,place-aport,0,Early / night,612,0.1650326797385621,32.0,564.2475247524752,485.0,Airport
Blue,place-aport,1,Early / night,223,0.1031390134529148,49.0,578.6086956521739,514.0,Airport
Blue,place-aport,2,Early / night,20,0.35,214.0,579.4285714285714,485.0,Airport
Blue,place-aport,5,Early / night,740,0.04864864864864865,29.5,644.5833333333334,523.5,Airport
Blue,place-aport,6,Early / night,1664,0.14362980769230768,43.0,645.6359832635983,522.0,Airport
Blue,place-aport,7,Morning peak (7-9 AM),1767,0.23033389926428977,54.0,742.7641277641278,604.0,Airport
Blue,place-aport,8,Morning peak (7-9 AM),1741,0.28891441700172316,71.0,675.0735586481113,538.0,Airport
Blue,place-aport,9,Midday (9 AM-4 PM),1600,0.34625,127.0,828.0595667870036,692.0,Airport
Blue,place-aport,10,Midday (9 AM-4 PM),944,0.5,300.5,855.1970338983051,793.5,Airport
Blue,place-aport,11,Midday (9 AM-4 PM),606,0.5379537953795379,363.5,906.9141104294479,805.5,Airport
Blue,place-aport,12,Midday (9 AM-4 PM),824,0.345873786407767,135.5,773.1333333333333,686.0,Airport
Blue,place-aport,13,Midday (9 AM-4 PM),1183,0.30008453085376163,94.0,733.9633802816901,633.0,Airport
Blue,place-aport,14,Midday (9 AM-4 PM),1395,0.3225806451612903,107.0,783.5511111111111,745.0,Airport
Blue,place-aport,15,Midday (9 AM-4 PM),1466,0.33560709413369716,87.0,772.2052845528456,705.5,Airport
Blue,place-aport,16,Evening peak (4-6 PM),1507,0.40345056403450563,155.0,830.016447368421,699.5,Airport
Blue,place-aport,17,Evening peak (4-6 PM),1478,0.46075778078484436,229.0,880.6857562408223,826.0,Airport
Blue,place-aport,18,Night,1406,0.4779516358463727,265.5,920.4389880952381,898.0,Airport
Blue,place-aport,19,Night,1254,0.45374800637958534,238.5,881.7029876977153,793.0,Airport
Blue,place-aport,20,Night,1163,0.40928632846087704,175.0,817.5168067226891,732.5,Airport
Blue,place-aport,21,Night,959,0.35140771637122004,121.0,714.646884272997,601.0,Airport
Blue,place-aport,22,Night,1104,0.25905797101449274,93.0,712.2902097902098,572.0,Airport
Blue,place-aport,23,Night,987,0.2624113475177305,103.0,640.7606177606177,498.0,Airport
Blue,place-aqucl,0,Early / night,707,0.18246110325318246,60.0,557.4651162790698,485.0,Aquarium
Blue,place-aqucl,1,Early / night,177,0.15254237288135594,55.0,587.1851851851852,513.0,Aquarium
Blue,place-aqucl,2,Early / night,2,1.0,680.5,680.5,680.5,Aquarium
Blue,place-aqucl,5,Early / night,738,0.06504065040650407,32.0,559.6875,507.0,Aquarium
Blue,place-aqucl,6,Early / night,1652,0.137409200968523,41.5,652.2114537444934,533.0,Aquarium
Blue,place-aqucl,7,Morning peak (7-9 AM),1794,0.23690078037904125,58.5,751.3670588235294,613.0,Aquarium
Blue,place-aqucl,8,Morning peak (7-9 AM),1716,0.289044289044289,81.0,674.7520161290323,543.0,Aquarium
Blue,place-aqucl,9,Midday (9 AM-4 PM),1618,0.37082818294190356,156.0,798.865,658.5,Aquarium
Blue,place-aqucl,10,Midday (9 AM-4 PM),943,0.503711558854719,302.0,850.8063157894737,758.0,Aquarium
Blue,place-aqucl,11,Midday (9 AM-4 PM),611,0.5368248772504092,375.0,936.4420731707318,861.5,Aquarium
Blue,place-aqucl,12,Midday (9 AM-4 PM),831,0.37184115523465705,162.0,760.3236245954693,680.0,Aquarium
Blue,place-aqucl,13,Midday (9 AM-4 PM),1176,0.3273809523809524,138.0,725.4051948051948,623.0,Aquarium
Blue,place-aqucl,14,Midday (9 AM-4 PM),1414,0.347949080622348,143.0,788.8780487804878,737.5,Aquarium
Blue,place-aqucl,15,Midday (9 AM-4 PM),1509,0.3373094764744864,115.0,783.7996070726915,713.0,Aquarium
Blue,place-aqucl,16,Evening peak (4-6 PM),1515,0.4158415841584158,177.0,825.9555555555555,702.0,Aquarium
Blue,place-aqucl,17,Evening peak (4-6 PM),1507,0.47113470471134705,249.0,882.056338028169,827.5,Aquarium
Blue,place-aqucl,18,Night,1419,0.4996476391825229,300.0,906.7122708039492,891.0,Aquarium
Blue,place-aqucl,19,Night,1241,0.46172441579371476,251.0,886.7469458987783,786.0,Aquarium
Blue,place-aqucl,20,Night,1171,0.4218616567036721,196.0,832.9372469635628,767.0,Aquarium
Blue,place-aqucl,21,Night,981,0.3720693170234455,153.0,697.7150684931507,564.0,Aquarium
Blue,place-aqucl,22,Night,1098,0.290528233151184,123.5,708.6144200626959,564.0,Aquarium
Blue,place-aqucl,23,Night,945,0.28253968253968254,124.0,645.3595505617977,487.0,Aquarium
Blue,place-bmmnl,0,Early / night,651,0.1858678955453149,42.0,553.4297520661157,462.0,Beachmont
Blue,place-bmmnl,1,Early / night,211,0.16587677725118483,69.0,542.0,516.0,Beachmont
Blue,place-bmmnl,2,Early / night,27,0.4074074074074074,260.0,592.0,619.0,Beachmont
Blue,place-bmmnl,5,Early / night,676,0.06804733727810651,-6.0,564.0652173913044,470.0,Beachmont
Blue,place-bmmnl,6,Early / night,1660,0.1602409638554217,41.0,693.8195488721805,585.5,Beachmont
Blue,place-bmmnl,7,Morning peak (7-9 AM),1753,0.23730747290359383,57.0,722.0168269230769,587.5,Beachmont
Blue,place-bmmnl,8,Morning peak (7-9 AM),1725,0.27768115942028987,82.0,695.2693110647182,550.0,Beachmont
Blue,place-bmmnl,9,Midday (9 AM-4 PM),1504,0.34175531914893614,116.0,833.2937743190662,694.0,Beachmont
Blue,place-bmmnl,10,Midday (9 AM-4 PM),851,0.4888366627497062,276.0,834.6201923076923,774.5,Beachmont
Blue,place-bmmnl,11,Midday (9 AM-4 PM),613,0.499184339314845,297.0,912.3921568627451,843.0,Beachmont
Blue,place-bmmnl,12,Midday (9 AM-4 PM),822,0.3613138686131387,121.5,778.2154882154882,685.0,Beachmont
Blue,place-bmmnl,13,Midday (9 AM-4 PM),1192,0.31543624161073824,94.0,754.625,666.5,Beachmont
Blue,place-bmmnl,14,Midday (9 AM-4 PM),1352,0.3165680473372781,104.0,784.6144859813085,757.5,Beachmont
Blue,place-bmmnl,15,Midday (9 AM-4 PM),1515,0.3234323432343234,79.0,795.2530612244898,719.0,Beachmont
Blue,place-bmmnl,16,Evening peak (4-6 PM),1487,0.3960995292535306,154.0,817.3242784380305,679.0,Beachmont
Blue,place-bmmnl,17,Evening peak (4-6 PM),1490,0.4476510067114094,220.5,876.3913043478261,813.0,Beachmont
Blue,place-bmmnl,18,Night,1431,0.4856743535988819,264.0,928.7007194244604,900.0,Beachmont
Blue,place-bmmnl,19,Night,1254,0.45534290271132377,240.0,894.8896672504378,798.0,Beachmont
Blue,place-bmmnl,20,Night,1156,0.4005190311418685,162.5,849.354211663067,753.0,Beachmont
Blue,place-bmmnl,21,Night,940,0.33404255319148934,80.5,749.3407643312102,667.5,Beachmont
Blue,place-bmmnl,22,Night,1080,0.28055555555555556,100.0,702.5511551155115,570.0,Beachmont
Blue,place-bmmnl,23,Night,946,0.2928118393234672,134.0,658.1335740072202,510.0,Beachmont
Blue,place-bomnl,16,Evening peak (4-6 PM),1,0.0,-352.0,,,Bowdoin
Blue,place-bomnl,19,Night,1,0.0,-957.0,,,Bowdoin
Blue,place-gover,0,Early / night,674,0.19287833827893175,55.0,555.7846153846153,476.5,Government Center
Blue,place-gover,1,Early / night,182,0.15384615384615385,14.0,605.3571428571429,539.0,Government Center
Blue,place-gover,5,Early / night,754,0.0610079575596817,6.0,539.6739130434783,503.5,Government Center
Blue,place-gover,6,Early / night,1631,0.13182096873083998,28.0,657.9906976744186,526.0,Government Center
Blue,place-gover,7,Morning peak (7-9 AM),1778,0.2249718785151856,48.5,759.495,616.5,Government Center
Blue,place-gover,8,Morning peak (7-9 AM),1716,0.28205128205128205,76.5,678.9628099173553,546.0,Government Center
Blue,place-gover,9,Midday (9 AM-4 PM),1632,0.3639705882352941,141.0,802.5218855218856,664.0,Government Center
Blue,place-gover,10,Midday (9 AM-4 PM),930,0.4989247311827957,299.5,848.1961206896551,773.5,Government Center
Blue,place-gover,11,Midday (9 AM-4 PM),621,0.5362318840579711,361.0,941.990990990991,875.0,Government Center
Blue,place-gover,12,Midday (9 AM-4 PM),829,0.36308805790108567,153.0,774.8970099667774,698.0,Government Center
Blue,place-gover,13,Midday (9 AM-4 PM),1182,0.30710659898477155,115.0,738.1487603305785,635.0,Government Center
Blue,place-gover,14,Midday (9 AM-4 PM),1408,0.34517045454545453,129.0,797.1893004115226,754.5,Government Center
Blue,place-gover,15,Midday (9 AM-4 PM),1519,0.31797235023041476,95.0,777.3830227743272,707.0,Government Center
Blue,place-gover,16,Evening peak (4-6 PM),1511,0.40238252812706815,159.0,824.7483552631579,721.0,Government Center
Blue,place-gover,17,Evening peak (4-6 PM),1505,0.4558139534883721,221.0,868.9402332361516,808.0,Government Center
Blue,place-gover,18,Night,1425,0.4968421052631579,295.0,927.6087570621469,896.5,Government Center
Blue,place-gover,19,Night,1236,0.44660194174757284,231.0,893.0960144927536,797.5,Government Center
Blue,place-gover,20,Night,1189,0.4028595458368377,172.0,829.5887265135699,757.0,Government Center
Blue,place-gover,21,Night,975,0.3548717948717949,132.0,703.2832369942197,575.5,Government Center
Blue,place-gover,22,Night,1097,0.28988149498632637,116.0,702.6006289308176,558.5,Government Center
Blue,place-gover,23,Night,994,0.2605633802816901,99.5,653.6833976833976,502.0,Government Center
Blue,place-mvbcl,0,Early / night,665,0.16090225563909774,34.0,561.8504672897196,476.0,Maverick
Blue,place-mvbcl,1,Early / night,182,0.13736263736263737,48.5,615.4,532.0,Maverick
Blue,place-mvbcl,2,Early / night,11,0.6363636363636364,354.0,544.2857142857143,479.0,Maverick
Blue,place-mvbcl,5,Early / night,748,0.05748663101604278,45.0,566.0,489.0,Maverick
Blue,place-mvbcl,6,Early / night,1669,0.1372079089275015,55.0,661.4541484716157,532.0,Maverick
Blue,place-mvbcl,7,Morning peak (7-9 AM),1728,0.23958333333333334,72.5,750.0048309178744,605.5,Maverick
Blue,place-mvbcl,8,Morning peak (7-9 AM),1739,0.2915468660149511,86.0,672.0059171597633,544.0,Maverick
Blue,place-mvbcl,9,Midday (9 AM-4 PM),1628,0.3581081081081081,132.5,801.8747855917667,661.0,Maverick
Blue,place-mvbcl,10,Midday (9 AM-4 PM),933,0.49732047159699894,295.0,856.2262931034483,803.5,Maverick
Blue,place-mvbcl,11,Midday (9 AM-4 PM),612,0.5277777777777778,353.0,928.1671826625387,859.0,Maverick
Blue,place-mvbcl,12,Midday (9 AM-4 PM),831,0.36341756919374246,142.0,760.8973509933775,666.0,Maverick
Blue,place-mvbcl,13,Midday (9 AM-4 PM),1184,0.3091216216216216,112.5,734.6584699453551,628.0,Maverick
Blue,place-mvbcl,14,Midday (9 AM-4 PM),1411,0.3253012048192771,115.0,790.8692810457517,741.0,Maverick
Blue,place-mvbcl,15,Midday (9 AM-4 PM),1490,0.33221476510067116,94.0,772.3757575757576,698.0,Maverick
Blue,place-mvbcl,16,Evening peak (4-6 PM),1509,0.40159045725646125,160.0,822.450495049505,697.0,Maverick
Blue,place-mvbcl,17,Evening peak (4-6 PM),1486,0.4697173620457604,244.5,876.4426934097421,821.0,Maverick
Blue,place-mvbcl,18,Night,1445,0.48581314878892734,281.0,918.3817663817664,904.0,Maverick
Blue,place-mvbcl,19,Night,1254,0.45215311004784686,227.0,892.5097001763669,793.0,Maverick
Blue,place-mvbcl,20,Night,1175,0.4025531914893617,171.0,832.9175475687103,776.0,Maverick
Blue,place-mvbcl,21,Night,974,0.3470225872689938,133.5,713.9556213017752,582.0,Maverick
Blue,place-mvbcl,22,Night,1109,0.27412082957619477,101.0,712.7894736842105,568.5,Maverick
Blue,place-mvbcl,23,Night,962,0.2692307692307692,104.5,639.953667953668,485.0,Maverick
Blue,place-orhte,0,Early / night,609,0.18719211822660098,42.0,541.0350877192982,447.5,Orient Heights
Blue,place-orhte,1,Early / night,214,0.14485981308411214,70.0,572.516129032258,490.0,Orient Heights
Blue,place-orhte,2,Early / night,25,0.32,217.0,571.875,529.5,Orient Heights
Blue,place-orhte,5,Early / night,744,0.053763440860215055,33.0,582.125,477.5,Orient Heights
Blue,place-orhte,6,Early / night,1635,0.1529051987767584,45.0,677.948,564.0,Orient Heights
Blue,place-orhte,7,Morning peak (7-9 AM),1777,0.23522791221159256,55.0,718.6267942583733,576.5,Orient Heights
Blue,place-orhte,8,Morning peak (7-9 AM),1734,0.28604382929642447,70.5,695.3387096774194,537.0,Orient Heights
Blue,place-orhte,9,Midday (9 AM-4 PM),1513,0.3615333773959022,139.0,825.2577696526508,683.0,Orient Heights
Blue,place-orhte,10,Midday (9 AM-4 PM),878,0.49316628701594534,282.5,830.9399538106236,753.0,Orient Heights
Blue,place-orhte,11,Midday (9 AM-4 PM),596,0.5167785234899329,324.5,893.7142857142857,806.0,Orient Heights
Blue,place-orhte,12,Midday (9 AM-4 PM),826,0.37772397094430993,156.5,777.5128205128206,684.5,Orient Heights
Blue,place-orhte,13,Midday (9 AM-4 PM),1190,0.31596638655462184,109.0,752.3404255319149,667.5,Orient Heights
Blue,place-orhte,14,Midday (9 AM-4 PM),1384,0.32442196531791906,110.0,774.7126948775056,741.0,Orient Heights
Blue,place-orhte,15,Midday (9 AM-4 PM),1498,0.3471295060080107,104.5,779.6288461538461,707.0,Orient Heights
Blue,place-orhte,16,Evening peak (4-6 PM),1484,0.408355795148248,174.5,824.5,682.0,Orient Heights
Blue,place-orhte,17,Evening peak (4-6 PM),1495,0.4662207357859532,239.0,875.1276901004304,821.0,Orient Heights
Blue,place-orhte,18,Night,1426,0.4901823281907433,285.0,910.1301859799714,878.0,Orient Heights
Blue,place-orhte,19,Night,1241,0.47058823529411764,256.0,890.5753424657535,795.0,Orient Heights
Blue,place-orhte,20,Night,1158,0.40846286701208984,167.0,819.262156448203,732.0,Orient Heights
Blue,place-orhte,21,Night,962,0.3482328482328482,112.0,740.1373134328359,643.0,Orient Heights
Blue,place-orhte,22,Night,1050,0.2819047619047619,105.5,692.8445945945946,567.5,Orient Heights
Blue,place-orhte,23,Night,984,0.2784552845528455,114.0,659.1861313868613,502.5,Orient Heights
Blue,place-rbmnl,0,Early / night,629,0.1971383147853736,49.0,568.016129032258,482.5,Revere Beach
Blue,place-rbmnl,1,Early / night,207,0.18357487922705315,84.0,580.2368421052631,528.0,Revere Beach
Blue,place-rbmnl,2,Early / night,25,0.48,285.0,581.5833333333334,573.0,Revere Beach
Blue,place-rbmnl,5,Early / night,668,0.06736526946107785,-3.0,558.6222222222223,471.0,Revere Beach
Blue,place-rbmnl,6,Early / night,1661,0.1613485851896448,45.0,728.6716417910447,625.0,Revere Beach
Blue,place-rbmnl,7,Morning peak (7-9 AM),1735,0.24322766570605187,54.0,729.0710900473933,584.5,Revere Beach
Blue,place-rbmnl,8,Morning peak (7-9 AM),1737,0.2740356937248129,77.0,692.1197478991596,547.0,Revere Beach
Blue,place-rbmnl,9,Midday (9 AM-4 PM),1490,0.34496644295302015,120.5,814.7782101167315,683.0,Revere Beach
Blue,place-rbmnl,10,Midday (9 AM-4 PM),866,0.48729792147806006,274.0,846.888625592417,782.5,Revere Beach
Blue,place-rbmnl,11,Midday (9 AM-4 PM),616,0.5194805194805194,332.0,907.775,832.5,Revere Beach
Blue,place-rbmnl,12,Midday (9 AM-4 PM),808,0.3465346534653465,92.5,782.5571428571428,672.5,Revere Beach
Blue,place-rbmnl,13,Midday (9 AM-4 PM),1187,0.3159224936815501,91.0,768.64,676.0,Revere Beach
Blue,place-rbmnl,14,Midday (9 AM-4 PM),1387,0.31074260994953135,96.0,774.5730858468678,751.0,Revere Beach
Blue,place-rbmnl,15,Midday (9 AM-4 PM),1474,0.3419267299864315,87.0,793.7281746031746,718.5,Revere Beach
Blue,place-rbmnl,16,Evening peak (4-6 PM),1497,0.40414161656646624,161.0,815.305785123967,664.0,Revere Beach
Blue,place-rbmnl,17,Evening peak (4-6 PM),1468,0.4536784741144414,231.0,877.4684684684685,822.0,Revere Beach
Blue,place-rbmnl,18,Night,1418,0.4978843441466855,296.0,919.9830028328612,888.5,Revere Beach
Blue,place-rbmnl,19,Night,1262,0.4595879556259905,250.0,891.8758620689655,774.0,Revere Beach
Blue,place-rbmnl,20,Night,1164,0.4072164948453608,161.0,849.8565400843881,773.5,Revere Beach
Blue,place-rbmnl,21,Night,929,0.3326157158234661,72.0,768.3398058252427,702.0,Revere Beach
Blue,place-rbmnl,22,Night,1049,0.2869399428026692,108.0,704.3222591362127,568.0,Revere Beach
Blue,place-rbmnl,23,Night,913,0.30010952902519167,139.0,666.043795620438,523.5,Revere Beach
Blue,place-sdmnl,0,Early / night,657,0.1993911719939117,70.0,558.8931297709923,480.0,Suffolk Downs
Blue,place-sdmnl,1,Early / night,209,0.17703349282296652,106.0,539.1351351351351,503.0,Suffolk Downs
Blue,place-sdmnl,2,Early / night,26,0.4230769230769231,281.0,581.5454545454545,556.0,Suffolk Downs
Blue,place-sdmnl,5,Early / night,667,0.0734632683658171,21.0,550.0816326530612,470.0,Suffolk Downs
Blue,place-sdmnl,6,Early / night,1668,0.1720623501199041,68.5,676.2334494773519,543.0,Suffolk Downs
Blue,place-sdmnl,7,Morning peak (7-9 AM),1740,0.2574712643678161,85.5,713.7678571428571,576.5,Suffolk Downs
Blue,place-sdmnl,8,Morning peak (7-9 AM),1730,0.30115606936416184,102.5,685.0940499040307,544.0,Suffolk Downs
Blue,place-sdmnl,9,Midday (9 AM-4 PM),1502,0.3641810918774967,141.0,816.2595978062158,691.0,Suffolk Downs
Blue,place-sdmnl,10,Midday (9 AM-4 PM),857,0.4935822637106184,295.0,839.6997635933806,771.0,Suffolk Downs
Blue,place-sdmnl,11,Midday (9 AM-4 PM),608,0.5213815789473685,328.0,900.4416403785489,802.0,Suffolk Downs
Blue,place-sdmnl,12,Midday (9 AM-4 PM),816,0.37254901960784315,146.0,784.125,711.0,Suffolk Downs
Blue,place-sdmnl,13,Midday (9 AM-4 PM),1198,0.32637729549248745,113.0,741.5652173913044,662.0,Suffolk Downs
Blue,place-sdmnl,14,Midday (9 AM-4 PM),1364,0.3409090909090909,122.5,780.989247311828,740.0,Suffolk Downs
Blue,place-sdmnl,15,Midday (9 AM-4 PM),1519,0.3423304805793285,102.0,780.0307692307692,706.0,Suffolk Downs
Blue,place-sdmnl,16,Evening peak (4-6 PM),1481,0.4226873733963538,188.0,812.3370607028754,668.5,Suffolk Downs
Blue,place-sdmnl,17,Evening peak (4-6 PM),1488,0.4650537634408602,242.5,873.2528901734104,820.5,Suffolk Downs
Blue,place-sdmnl,18,Night,1412,0.48583569405099153,267.5,921.6836734693877,890.5,Suffolk Downs
Blue,place-sdmnl,19,Night,1253,0.47007182761372707,265.0,888.3005093378608,795.0,Suffolk Downs
Blue,place-sdmnl,20,Night,1167,0.4138817480719794,184.0,848.7577639751553,764.0,Suffolk Downs
Blue,place-sdmnl,21,Night,945,0.3492063492063492,112.0,750.0060606060606,664.5,Suffolk Downs
Blue,place-sdmnl,22,Night,1075,0.3032558139534884,133.0,687.638036809816,546.5,Suffolk Downs
Blue,place-sdmnl,23,Night,939,0.30990415335463256,160.0,671.9003436426117,537.0,Suffolk Downs
Blue,place-state,0,Early / night,678,0.1887905604719764,56.0,553.046875,470.5,State
Blue,place-state,1,Early / night,181,0.16022099447513813,42.0,584.4827586206897,520.0,State
Blue,place-state,2,Early / night,1,1.0,915.0,915.0,915.0,State
Blue,place-state,5,Early / night,759,0.06324110671936758,30.0,539.7916666666666,487.5,State
Blue,place-state,6,Early / night,1638,0.13553113553113552,48.0,657.7342342342342,539.0,State
Blue,place-state,7,Morning peak (7-9 AM),1754,0.24173318129988597,68.0,748.2570754716982,609.0,State
Blue,place-state,8,Morning peak (7-9 AM),1751,0.2884066247858367,90.0,684.4435643564357,554.0,State
Blue,place-state,9,Midday (9 AM-4 PM),1612,0.3784119106699752,161.0,793.0786885245901,635.5,State
Blue,place-state,10,Midday (9 AM-4 PM),935,0.5133689839572193,321.0,855.7,776.0,State
Blue,place-state,11,Midday (9 AM-4 PM),619,0.5379644588045234,368.0,935.2282282282282,837.0,State
Blue,place-state,12,Midday (9 AM-4 PM),833,0.37334933973589435,165.0,757.1736334405144,670.0,State
Blue,place-state,13,Midday (9 AM-4 PM),1171,0.32792485055508114,140.0,732.5989583333334,620.5,State
Blue,place-state,14,Midday (9 AM-4 PM),1420,0.3570422535211268,146.5,785.2169625246548,738.0,State
Blue,place-state,15,Midday (9 AM-4 PM),1510,0.33178807947019867,123.0,784.938123752495,703.0,State
Blue,place-state,16,Evening peak (4-6 PM),1508,0.4104774535809019,180.5,833.43295638126,712.0,State
Blue,place-state,17,Evening peak (4-6 PM),1505,0.4744186046511628,253.0,876.1218487394958,816.5,State
Blue,place-state,18,Night,1426,0.4964936886395512,292.5,921.2528248587571,906.5,State
Blue,place-state,19,Night,1240,0.45645161290322583,247.0,894.7844522968198,804.5,State
Blue,place-state,20,Night,1168,0.4118150684931507,195.5,836.1413721413721,772.0,State
Blue,place-state,21,Night,977,0.368474923234391,155.0,708.2333333333333,576.0,State
Blue,place-state,22,Night,1099,0.28116469517743403,119.0,713.0776699029126,577.0,State
Blue,place-state,23,Night,991,0.27447023208879917,105.0,646.2389705882352,493.0,State
Blue,place-wimnl,0,Early / night,601,0.17304492512479203,47.0,548.5961538461538,467.5,Wood Island
Blue,place-wimnl,1,Early / night,224,0.11160714285714286,47.0,561.68,526.0,Wood Island
Blue,place-wimnl,2,Early / night,25,0.28,186.0,570.1428571428571,490.0,Wood Island
Blue,place-wimnl,5,Early / night,738,0.052845528455284556,51.0,611.6923076923077,486.0,Wood Island
Blue,place-wimnl,6,Early / night,1611,0.15021725636250777,61.0,658.9421487603306,531.0,Wood Island
Blue,place-wimnl,7,Morning peak (7-9 AM),1731,0.24090121317157712,73.0,741.2925659472422,591.0,Wood Island
Blue,place-wimnl,8,Morning peak (7-9 AM),1680,0.30357142857142855,89.0,679.3254901960785,541.5,Wood Island
Blue,place-wimnl,9,Midday (9 AM-4 PM),1576,0.35596446700507617,132.0,818.6969696969697,681.0,Wood Island
Blue,place-wimnl,10,Midday (9 AM-4 PM),909,0.5181518151815182,327.0,860.2972399150743,785.0,Wood Island
Blue,place-wimnl,11,Midday (9 AM-4 PM),590,0.5372881355932203,369.0,932.4984227129338,858.0,Wood Island
Blue,place-wimnl,12,Midday (9 AM-4 PM),801,0.3433208489388265,134.0,775.0581818181818,685.0,Wood Island
Blue,place-wimnl,13,Midday (9 AM-4 PM),1166,0.29588336192109777,101.0,738.8985507246376,635.0,Wood Island
Blue,place-wimnl,14,Midday (9 AM-4 PM),1330,0.32857142857142857,120.0,769.7391304347826,729.0,Wood Island
Blue,place-wimnl,15,Midday (9 AM-4 PM),1457,0.34111187371310914,98.0,782.0764587525151,713.0,Wood Island
Blue,place-wimnl,16,Evening peak (4-6 PM),1432,0.4155027932960894,169.5,840.9966386554622,712.0,Wood Island
Blue,place-wimnl,17,Evening peak (4-6 PM),1428,0.46008403361344535,234.0,901.03500761035,856.0,Wood Island
Blue,place-wimnl,18,Night,1361,0.47979426891991184,275.0,932.6738131699847,911.0,Wood Island
Blue,place-wimnl,19,Night,1197,0.4519632414369256,224.0,890.2772643253235,795.0,Wood Island
Blue,place-wimnl,20,Night,1141,0.4171779141104294,181.0,844.8193277310925,767.5,Wood Island
Blue,place-wimnl,21,Night,937,0.35218783351120597,117.0,712.5939393939394,605.0,Wood Island
Blue,place-wimnl,22,Night,1063,0.2699905926622766,101.0,712.2961672473867,583.0,Wood Island
Blue,place-wimnl,23,Night,965,0.277720207253886,114.0,641.1119402985074,506.5,Wood Island
Blue,place-wondl,0,Early / night,3,0.6666666666666666,372.0,663.0,663.0,Wonderland
Blue,place-wondl,1,Early / night,1,1.0,372.0,372.0,372.0,Wonderland
Blue,place-wondl,2,Early / night,1,0.0,78.0,,,Wonderland
Blue,place-wondl,10,Midday (9 AM-4 PM),1,0.0,284.0,,,Wonderland
Blue,place-wondl,11,Midday (9 AM-4 PM),2,0.0,162.5,,,Wonderland
Blue,place-wondl,15,Midday (9 AM-4 PM),3,0.3333333333333333,257.0,316.0,316.0,Wonderland
Blue,place-wondl,16,Evening peak (4-6 PM),2,0.5,364.0,500.0,500.0,Wonderland
Blue,place-wondl,17,Evening peak (4-6 PM),2,0.0,226.5,,,Wonderland
Blue,place-wondl,18,Night,2,0.0,219.0,,,Wonderland
Blue,place-wondl,19,Night,1,0.0,-626.0,,,Wonderland
Blue,place-wondl,21,Night,1,1.0,361.0,361.0,361.0,Wonderland
Blue,place-wondl,23,Night,2,1.0,371.0,371.0,371.0,Wonderland
Green,place-alsgr,0,Early / night,688,0.15261627906976744,11.5,603.2952380952381,524.0,Allston Street
Green,place-alsgr,1,Early / night,269,0.2379182156133829,-11.0,675.5,569.5,Allston Street
Green,place-alsgr,2,Early / night,28,0.14285714285714285,-260.5,825.25,906.5,Allston Street
Green,place-alsgr,5,Early / night,317,0.03470031545741325,26.0,619.4545454545455,542.0,Allston Street
Green,place-alsgr,6,Early / night,679,0.07363770250368189,33.0,451.32,385.5,Allston Street
Green,place-alsgr,7,Morning peak (7-9 AM),901,0.05549389567147614,17.0,526.76,413.5,Allston Street
Green,place-alsgr,8,Morning peak (7-9 AM),925,0.08864864864864865,34.0,569.5975609756098,421.5,Allston Street
Green,place-alsgr,9,Midday (9 AM-4 PM),923,0.14409534127843987,43.0,544.2406015037594,451.0,Allston Street
Green,place-alsgr,10,Midday (9 AM-4 PM),921,0.19109663409337677,55.0,573.5625,491.5,Allston Street
Green,place-alsgr,11,Midday (9 AM-4 PM),928,0.19935344827586207,47.0,580.2432432432432,455.0,Allston Street
Green,place-alsgr,12,Midday (9 AM-4 PM),852,0.1807511737089202,35.0,535.3636363636364,473.5,Allston Street
Green,place-alsgr,13,Midday (9 AM-4 PM),861,0.1997677119628339,48.0,564.0232558139535,472.0,Allston Street
Green,place-alsgr,14,Midday (9 AM-4 PM),892,0.1647982062780269,41.0,580.7074829931972,526.0,Allston Street
Green,place-alsgr,15,Midday (9 AM-4 PM),902,0.2039911308203991,65.5,575.0869565217391,478.0,Allston Street
Green,place-alsgr,16,Evening peak (4-6 PM),886,0.18961625282167044,53.5,600.1071428571429,506.0,Allston Street
Green,place-alsgr,17,Evening peak (4-6 PM),870,0.22758620689655173,86.0,572.0808080808081,487.0,Allston Street
Green,place-alsgr,18,Night,875,0.2674285714285714,113.0,631.6623931623932,536.5,Allston Street
Green,place-alsgr,19,Night,878,0.2266514806378132,65.5,582.3015075376884,474.0,Allston Street
Green,place-alsgr,20,Night,892,0.21524663677130046,62.5,587.3125,491.5,Allston Street
Green,place-alsgr,21,Night,838,0.1718377088305489,34.5,565.9722222222222,456.5,Allston Street
Green,place-alsgr,22,Night,814,0.18304668304668303,49.0,556.5637583892617,461.0,Allston Street
Green,place-alsgr,23,Night,807,0.2589838909541512,91.0,599.8516746411483,491.0,Allston Street
Green,place-amory,0,Early / night,676,0.1952662721893491,77.0,592.5151515151515,517.0,Amory Street
Green,place-amory,1,Early / night,239,0.21338912133891214,-8.0,649.3921568627451,489.0,Amory Street
Green,place-amory,2,Early / night,23,0.08695652173913043,-274.0,740.0,740.0,Amory Street
Green,place-amory,5,Early / night,265,0.04150943396226415,3.0,463.0,368.0,Amory Street
Green,place-amory,6,Early / night,745,0.11409395973154363,44.0,469.5882352941176,393.0,Amory Street
Green,place-amory,7,Morning peak (7-9 AM),880,0.0875,9.5,471.7012987012987,407.0,Amory Street
Green,place-amory,8,Morning peak (7-9 AM),927,0.14670981661272922,80.0,487.02941176470586,414.5,Amory Street
Green,place-amory,9,Midday (9 AM-4 PM),953,0.22560335781741866,92.0,497.93023255813955,418.0,Amory Street
Green,place-amory,10,Midday (9 AM-4 PM),881,0.2122587968217934,93.0,562.1283422459893,484.0,Amory Street
Green,place-amory,11,Midday (9 AM-4 PM),918,0.20588235294117646,75.0,568.4074074074074,485.0,Amory Street
Green,place-amory,12,Midday (9 AM-4 PM),878,0.2642369020501139,92.0,490.6034482758621,424.0,Amory Street
Green,place-amory,13,Midday (9 AM-4 PM),857,0.20186697782963828,77.0,560.5895953757225,498.0,Amory Street
Green,place-amory,14,Midday (9 AM-4 PM),858,0.1864801864801865,64.0,568.225,495.5,Amory Street
Green,place-amory,15,Midday (9 AM-4 PM),904,0.23008849557522124,63.0,543.2259615384615,457.0,Amory Street
Green,place-amory,16,Evening peak (4-6 PM),864,0.19212962962962962,17.0,577.289156626506,505.0,Amory Street
Green,place-amory,17,Evening peak (4-6 PM),849,0.254416961130742,104.0,593.8611111111111,515.5,Amory Street
Green,place-amory,18,Night,892,0.2556053811659193,83.5,630.6622807017544,526.5,Amory Street
Green,place-amory,19,Night,857,0.24620770128354727,53.0,572.6492890995261,487.0,Amory Street
Green,place-amory,20,Night,865,0.2115606936416185,69.0,562.7923497267759,472.0,Amory Street
Green,place-amory,21,Night,836,0.2284688995215311,142.0,548.4921465968587,456.0,Amory Street
Green,place-amory,22,Night,818,0.3105134474327628,143.5,530.1023622047244,433.0,Amory Street
Green,place-amory,23,Night,814,0.25184275184275184,119.5,608.7219512195122,490.0,Amory Street
Green,place-armnl,0,Early / night,2963,0.22848464394195073,61.0,582.6100443131462,481.0,Arlington
Green,place-armnl,1,Early / night,764,0.22774869109947643,13.5,638.1206896551724,563.5,Arlington
Green,place-armnl,2,Early / night,49,0.22448979591836735,59.0,535.0,517.0,Arlington
Green,place-armnl,5,Early / night,1366,0.0629575402635432,1.5,449.1046511627907,406.5,Arlington
Green,place-armnl,6,Early / night,3315,0.1282051282051282,20.0,473.68470588235294,424.0,Arlington
Green,place-armnl,7,Morning peak (7-9 AM),3468,0.1061130334486736,-33.5,559.6983695652174,472.0,Arlington
Green,place-armnl,8,Morning peak (7-9 AM),3684,0.18023887079261672,66.0,497.34789156626505,425.0,Arlington
Green,place-armnl,9,Midday (9 AM-4 PM),3716,0.20694294940796557,59.0,510.5370611183355,452.0,Arlington
Green,place-armnl,10,Midday (9 AM-4 PM),3620,0.2345303867403315,81.0,587.9835100117785,496.0,Arlington
Green,place-armnl,11,Midday (9 AM-4 PM),3546,0.21799210377890582,49.0,555.8434670116429,483.0,Arlington
Green,place-armnl,12,Midday (9 AM-4 PM),3521,0.2235160465776768,58.0,524.2909783989835,458.0,Arlington
Green,place-armnl,13,Midday (9 AM-4 PM),3512,0.2320615034168565,91.0,538.5509202453987,481.0,Arlington
Green,place-armnl,14,Midday (9 AM-4 PM),3576,0.2262304250559284,83.0,531.0964153275648,453.0,Arlington
Green,place-armnl,15,Midday (9 AM-4 PM),3565,0.26563814866760166,114.0,562.7001055966209,490.0,Arlington
Green,place-armnl,16,Evening peak (4-6 PM),3629,0.2507577845136401,58.0,565.489010989011,492.5,Arlington
Green,place-armnl,17,Evening peak (4-6 PM),3499,0.27807945127179196,117.0,576.4182939362795,500.0,Arlington
Green,place-armnl,18,Night,3646,0.2564454196379594,86.0,598.0021390374332,505.0,Arlington
Green,place-armnl,19,Night,3591,0.2926761347813979,111.0,560.8353948620362,480.0,Arlington
Green,place-armnl,20,Night,3602,0.2348695169350361,79.5,538.7044917257683,479.0,Arlington
Green,place-armnl,21,Night,3592,0.23580178173719377,98.0,541.0141676505312,474.0,Arlington
Green,place-armnl,22,Night,3461,0.3155157468939613,152.0,553.4826007326008,472.0,Arlington
Green,place-armnl,23,Night,3328,0.2824519230769231,119.0,582.5723404255319,496.0,Arlington
Green,place-babck,0,Early / night,620,0.18064516129032257,44.5,594.3035714285714,517.0,Babcock Street
Green,place-babck,1,Early / night,244,0.21721311475409835,29.0,646.433962264151,477.0,Babcock Street
Green,place-babck,2,Early / night,24,0.125,-276.5,719.3333333333334,719.0,Babcock Street
Green,place-babck,5,Early / night,282,0.04609929078014184,29.0,454.3076923076923,340.0,Babcock Street
Green,place-babck,6,Early / night,728,0.08928571428571429,42.0,466.87692307692305,396.0,Babcock Street
Green,place-babck,7,Morning peak (7-9 AM),888,0.10022522522522523,36.0,454.13483146067415,395.0,Babcock Street
Green,place-babck,8,Morning peak (7-9 AM),921,0.16395222584147665,79.0,483.1324503311258,396.0,Babcock Street
Green,place-babck,9,Midday (9 AM-4 PM),944,0.20127118644067796,101.5,493.4526315789474,422.0,Babcock Street
Green,place-babck,10,Midday (9 AM-4 PM),905,0.225414364640884,94.0,539.1078431372549,457.5,Babcock Street
Green,place-babck,11,Midday (9 AM-4 PM),918,0.2047930283224401,78.5,561.3510638297872,460.5,Babcock Street
Green,place-babck,12,Midday (9 AM-4 PM),854,0.2154566744730679,104.0,501.95652173913044,440.0,Babcock Street
Green,place-babck,13,Midday (9 AM-4 PM),870,0.21264367816091953,68.5,544.9351351351352,452.0,Babcock Street
Green,place-babck,14,Midday (9 AM-4 PM),872,0.17775229357798164,62.5,559.0709677419355,487.0,Babcock Street
Green,place-babck,15,Midday (9 AM-4 PM),901,0.19866814650388456,68.0,553.9329608938548,465.0,Babcock Street
Green,place-babck,16,Evening peak (4-6 PM),859,0.1909196740395809,21.0,556.8048780487804,473.0,Babcock Street
Green,place-babck,17,Evening peak (4-6 PM),863,0.23290845886442643,53.0,570.8159203980099,487.0,Babcock Street
Green,place-babck,18,Night,885,0.25536723163841807,98.0,618.3672566371681,532.0,Babcock Street
Green,place-babck,19,Night,863,0.22595596755504055,80.0,587.8153846153846,484.0,Babcock Street
Green,place-babck,20,Night,864,0.20601851851851852,64.5,564.3370786516854,457.0,Babcock Street
Green,place-babck,21,Night,820,0.2048780487804878,91.5,538.8928571428571,469.5,Babcock Street
Green,place-babck,22,Night,813,0.27552275522755226,127.0,515.1964285714286,409.0,Babcock Street
Green,place-babck,23,Night,811,0.22441430332922319,83.0,599.7087912087912,507.0,Babcock Street
Green,place-balsq,0,Early / night,703,0.1251778093883357,-86.0,629.0227272727273,549.0,Ball Square
Green,place-balsq,1,Early / night,389,0.12853470437017994,-285.0,626.6,499.0,Ball Square
Green,place-balsq,2,Early / night,38,0.02631578947368421,-653.5,315.0,315.0,Ball Square
Green,place-balsq,4,Early / night,47,0.0,-554.0,,,Ball Square
Green,place-balsq,5,Early / night,780,0.035897435897435895,-20.5,517.1071428571429,388.5,Ball Square
Green,place-balsq,6,Early / night,1165,0.04291845493562232,-73.0,571.92,444.0,Ball Square
Green,place-balsq,7,Morning peak (7-9 AM),977,0.044012282497441144,-52.0,552.9302325581396,450.0,Ball Square
Green,place-balsq,8,Morning peak (7-9 AM),956,0.058577405857740586,-24.0,547.0,417.0,Ball Square
Green,place-balsq,9,Midday (9 AM-4 PM),930,0.06129032258064516,-40.5,442.63157894736844,394.0,Ball Square
Green,place-balsq,10,Midday (9 AM-4 PM),971,0.07106076210092688,-4.0,559.7971014492754,434.0,Ball Square
Green,place-balsq,11,Midday (9 AM-4 PM),933,0.0857449088960343,-36.0,580.35,469.5,Ball Square
Green,place-balsq,12,Midday (9 AM-4 PM),920,0.075,-2.0,575.5072463768116,433.0,Ball Square
Green,place-balsq,13,Midday (9 AM-4 PM),923,0.07692307692307693,-27.0,574.2535211267606,451.0,Ball Square
Green,place-balsq,14,Midday (9 AM-4 PM),941,0.07545164718384698,-9.0,508.3943661971831,445.0,Ball Square
Green,place-balsq,15,Midday (9 AM-4 PM),917,0.08505997818974918,7.0,531.0384615384615,435.5,Ball Square
Green,place-balsq,16,Evening peak (4-6 PM),944,0.09957627118644068,-4.5,616.0531914893617,526.0,Ball Square
Green,place-balsq,17,Evening peak (4-6 PM),941,0.09458023379383634,13.0,561.0786516853933,492.0,Ball Square
Green,place-balsq,18,Night,949,0.17070600632244468,38.0,621.7901234567901,532.0,Ball Square
Green,place-balsq,19,Night,976,0.1362704918032787,17.0,603.0,509.0,Ball Square
Green,place-balsq,20,Night,992,0.10080645161290322,6.0,546.51,467.0,Ball Square
Green,place-balsq,21,Night,952,0.07563025210084033,-2.5,556.0833333333334,458.0,Ball Square
Green,place-balsq,22,Night,969,0.1001031991744066,0.0,571.5257731958762,475.0,Ball Square
Green,place-balsq,23,Night,969,0.13415892672858618,18.0,601.7384615384616,499.5,Ball Square
Green,place-bckhl,0,Early / night,937,0.16969050160085378,-58.0,533.4088050314465,449.0,Back of the Hill
Green,place-bckhl,1,Early / night,158,0.23417721518987342,14.0,579.7027027027027,508.0,Back of the Hill
Green,place-bckhl,2,Early / night,16,0.1875,235.5,434.0,460.0,Back of the Hill
Green,place-bckhl,5,Early / night,190,0.010526315789473684,-312.0,430.0,430.0,Back of the Hill
Green,place-bckhl,6,Early / night,772,0.07253886010362694,-150.0,501.73214285714283,399.0,Back of the Hill
Green,place-bckhl,7,Morning peak (7-9 AM),916,0.0906113537117904,-179.5,626.9036144578313,482.0,Back of the Hill
Green,place-bckhl,8,Morning peak (7-9 AM),920,0.10108695652173913,-122.5,538.4623655913979,486.0,Back of the Hill
Green,place-bckhl,9,Midday (9 AM-4 PM),948,0.20042194092827004,2.0,495.43684210526317,426.5,Back of the Hill
Green,place-bckhl,10,Midday (9 AM-4 PM),883,0.18459796149490373,-22.0,556.7852760736197,503.0,Back of the Hill
Green,place-bckhl,11,Midday (9 AM-4 PM),896,0.15736607142857142,-68.0,536.2269503546099,446.0,Back of the Hill
Green,place-bckhl,12,Midday (9 AM-4 PM),870,0.14482758620689656,-88.5,560.436507936508,499.0,Back of the Hill
Green,place-bckhl,13,Midday (9 AM-4 PM),942,0.16454352441613587,-42.0,516.5096774193548,456.0,Back of the Hill
Green,place-bckhl,14,Midday (9 AM-4 PM),883,0.17440543601359004,-22.0,514.0974025974026,423.0,Back of the Hill
Green,place-bckhl,15,Midday (9 AM-4 PM),950,0.1568421052631579,-53.5,558.3221476510067,471.0,Back of the Hill
Green,place-bckhl,16,Evening peak (4-6 PM),916,0.1648471615720524,-95.0,529.9006622516556,459.0,Back of the Hill
Green,place-bckhl,17,Evening peak (4-6 PM),904,0.21349557522123894,-10.5,579.3730569948186,494.0,Back of the Hill
Green,place-bckhl,18,Night,954,0.259958071278826,89.5,600.3790322580645,515.5,Back of the Hill
Green,place-bckhl,19,Night,931,0.24812030075187969,34.0,599.1645021645022,529.0,Back of the Hill
Green,place-bckhl,20,Night,951,0.13144058885383805,-137.0,621.688,551.0,Back of the Hill
Green,place-bckhl,21,Night,939,0.14057507987220447,-92.0,594.0530303030303,512.0,Back of the Hill
Green,place-bckhl,22,Night,977,0.21903787103377687,46.0,594.5467289719626,494.5,Back of the Hill
Green,place-bckhl,23,Night,894,0.16778523489932887,-57.5,589.8933333333333,484.5,Back of the Hill
Green,place-bcnfd,0,Early / night,606,0.26897689768976896,119.0,597.5644171779142,500.0,Beaconsfield
Green,place-bcnfd,1,Early / night,373,0.24664879356568364,55.0,639.25,557.0,Beaconsfield
Green,place-bcnfd,2,Early / night,34,0.4411764705882353,222.0,584.2666666666667,553.0,Beaconsfield
Green,place-bcnfd,5,Early / night,356,0.06741573033707865,98.5,450.8333333333333,445.5,Beaconsfield
Green,place-bcnfd,6,Early / night,725,0.16413793103448276,75.0,466.7647058823529,412.0,Beaconsfield
Green,place-bcnfd,7,Morning peak (7-9 AM),796,0.2185929648241206,86.0,562.2183908045977,469.0,Beaconsfield
Green,place-bcnfd,8,Morning peak (7-9 AM),866,0.23787528868360278,108.0,535.8932038834952,464.5,Beaconsfield
Green,place-bcnfd,9,Midday (9 AM-4 PM),871,0.23191733639494833,82.0,563.2425742574258,484.5,Beaconsfield
Green,place-bcnfd,10,Midday (9 AM-4 PM),841,0.2473246135552913,68.0,558.6923076923077,462.5,Beaconsfield
Green,place-bcnfd,11,Midday (9 AM-4 PM),830,0.29156626506024097,123.0,573.702479338843,484.5,Beaconsfield
Green,place-bcnfd,12,Midday (9 AM-4 PM),825,0.2884848484848485,153.0,575.563025210084,492.5,Beaconsfield
Green,place-bcnfd,13,Midday (9 AM-4 PM),857,0.3115519253208868,147.0,582.2059925093633,505.0,Beaconsfield
Green,place-bcnfd,14,Midday (9 AM-4 PM),862,0.3236658932714617,176.0,574.9605734767025,497.0,Beaconsfield
Green,place-bcnfd,15,Midday (9 AM-4 PM),887,0.3506200676437429,171.0,565.8424437299035,486.0,Beaconsfield
Green,place-bcnfd,16,Evening peak (4-6 PM),880,0.3465909090909091,151.5,580.5475409836066,501.0,Beaconsfield
Green,place-bcnfd,17,Evening peak (4-6 PM),845,0.2982248520710059,138.0,577.313492063492,494.0,Beaconsfield
Green,place-bcnfd,18,Night,861,0.3507549361207898,196.0,601.2152317880794,496.0,Beaconsfield
Green,place-bcnfd,19,Night,883,0.3567383918459796,190.0,575.9619047619047,497.0,Beaconsfield
Green,place-bcnfd,20,Night,883,0.30804077010192527,156.0,584.0073529411765,498.0,Beaconsfield
Green,place-bcnfd,21,Night,900,0.2777777777777778,132.5,583.5,475.5,Beaconsfield
Green,place-bcnfd,22,Night,819,0.2796092796092796,147.0,607.8515283842795,518.0,Beaconsfield
Green,place-bcnfd,23,Night,848,0.294811320754717,142.5,583.008,475.5,Beaconsfield
Green,place-bcnwa,0,Early / night,608,0.23026315789473684,35.0,596.3928571428571,513.0,Washington Square
Green,place-bcnwa,1,Early / night,217,0.31336405529953915,108.0,730.0441176470588,635.5,Washington Square
Green,place-bcnwa,2,Early / night,27,0.25925925925925924,-53.0,688.8571428571429,720.0,Washington Square
Green,place-bcnwa,5,Early / night,401,0.04239401496259352,12.0,412.7647058823529,377.0,Washington Square
Green,place-bcnwa,6,Early / night,774,0.13824289405684753,53.5,485.97196261682245,428.0,Washington Square
Green,place-bcnwa,7,Morning peak (7-9 AM),900,0.07333333333333333,27.0,527.2272727272727,430.0,Washington Square
Green,place-bcnwa,8,Morning peak (7-9 AM),974,0.12525667351129363,69.0,502.3114754098361,419.0,Washington Square
Green,place-bcnwa,9,Midday (9 AM-4 PM),986,0.24239350912778904,120.0,492.97907949790795,442.0,Washington Square
Green,place-bcnwa,10,Midday (9 AM-4 PM),929,0.23896663078579117,95.0,554.0540540540541,491.5,Washington Square
Green,place-bcnwa,11,Midday (9 AM-4 PM),933,0.1939978563772776,71.0,542.9779005524862,456.0,Washington Square
Green,place-bcnwa,12,Midday (9 AM-4 PM),893,0.21612541993281076,75.0,534.3367875647668,456.0,Washington Square
Green,place-bcnwa,13,Midday (9 AM-4 PM),911,0.18880351262349068,90.0,531.0581395348837,450.5,Washington Square
Green,place-bcnwa,14,Midday (9 AM-4 PM),923,0.18743228602383533,74.0,529.820809248555,446.0,Washington Square
Green,place-bcnwa,15,Midday (9 AM-4 PM),937,0.19423692636072573,82.0,553.1648351648352,472.5,Washington Square
Green,place-bcnwa,16,Evening peak (4-6 PM),946,0.23890063424947147,122.0,542.9203539823009,457.0,Washington Square
Green,place-bcnwa,17,Evening peak (4-6 PM),884,0.23076923076923078,91.0,541.7254901960785,479.5,Washington Square
Green,place-bcnwa,18,Night,936,0.2692307692307692,115.5,609.3373015873016,501.0,Washington Square
Green,place-bcnwa,19,Night,956,0.1903765690376569,59.5,561.9395604395604,481.0,Washington Square
Green,place-bcnwa,20,Night,922,0.2635574837310195,118.5,547.9876543209876,493.0,Washington Square
Green,place-bcnwa,21,Night,921,0.2258414766558089,67.0,552.8942307692307,482.5,Washington Square
Green,place-bcnwa,22,Night,873,0.18671248568155785,49.0,566.9263803680982,494.0,Washington Square
Green,place-bcnwa,23,Night,796,0.2952261306532663,121.5,672.9191489361702,547.0,Washington Square
Green,place-bland,0,Early / night,669,0.23318385650224216,68.0,573.8333333333334,473.5,Blandford Street
Green,place-bland,1,Early / night,205,0.18048780487804877,-2.0,648.1351351351351,499.0,Blandford Street
Green,place-bland,2,Early / night,22,0.13636363636363635,-163.5,635.0,515.0,Blandford Street
Green,place-bland,5,Early / night,216,0.041666666666666664,-7.5,511.55555555555554,383.0,Blandford Street
Green,place-bland,6,Early / night,781,0.11651728553137004,36.0,473.5824175824176,403.0,Blandford Street
Green,place-bland,7,Morning peak (7-9 AM),879,0.06939704209328783,-41.0,526.5573770491803,435.0,Blandford Street
Green,place-bland,8,Morning peak (7-9 AM),924,0.13203463203463203,43.5,476.3032786885246,422.0,Blandford Street
Green,place-bland,9,Midday (9 AM-4 PM),940,0.2074468085106383,67.5,510.8205128205128,429.0,Blandford Street
Green,place-bland,10,Midday (9 AM-4 PM),918,0.20588235294117646,60.5,562.015873015873,473.0,Blandford Street
Green,place-bland,11,Midday (9 AM-4 PM),908,0.20044052863436124,40.5,556.4560439560439,460.5,Blandford Street
Green,place-bland,12,Midday (9 AM-4 PM),869,0.25431530494821636,90.0,509.14027149321265,432.0,Blandford Street
Green,place-bland,13,Midday (9 AM-4 PM),870,0.18620689655172415,46.5,548.9074074074074,471.0,Blandford Street
Green,place-bland,14,Midday (9 AM-4 PM),866,0.17782909930715934,18.5,574.512987012987,493.5,Blandford Street
Green,place-bland,15,Midday (9 AM-4 PM),878,0.22779043280182232,80.5,547.405,465.0,Blandford Street
Green,place-bland,16,Evening peak (4-6 PM),860,0.18023255813953487,1.0,603.5741935483871,531.0,Blandford Street
Green,place-bland,17,Evening peak (4-6 PM),850,0.2564705882352941,69.0,591.5,529.0,Blandford Street
Green,place-bland,18,Night,887,0.2322435174746336,73.0,627.6262135922331,522.5,Blandford Street
Green,place-bland,19,Night,867,0.2710495963091119,88.0,549.468085106383,470.0,Blandford Street
Green,place-bland,20,Night,859,0.21769499417927823,75.0,588.0,501.0,Blandford Street
Green,place-bland,21,Night,824,0.2645631067961165,124.5,519.8119266055046,443.5,Blandford Street
Green,place-bland,22,Night,809,0.33250927070457353,179.0,525.4386617100372,429.0,Blandford Street
Green,place-bland,23,Night,814,0.22604422604422605,72.0,615.5869565217391,519.0,Blandford Street
Green,place-bndhl,0,Early / night,355,0.28450704225352114,64.0,594.6633663366337,506.0,Brandon Hall
Green,place-bndhl,1,Early / night,128,0.421875,191.0,712.425925925926,609.0,Brandon Hall
Green,place-bndhl,2,Early / night,17,0.29411764705882354,-21.0,706.6,707.0,Brandon Hall
Green,place-bndhl,5,Early / night,229,0.017467248908296942,-1.0,340.0,338.0,Brandon Hall
Green,place-bndhl,6,Early / night,473,0.19238900634249473,81.0,486.24175824175825,418.0,Brandon Hall
Green,place-bndhl,7,Morning peak (7-9 AM),551,0.10344827586206896,46.0,470.0175438596491,419.0,Brandon Hall
Green,place-bndhl,8,Morning peak (7-9 AM),585,0.17435897435897435,111.0,464.4313725490196,416.0,Brandon Hall
Green,place-bndhl,9,Midday (9 AM-4 PM),577,0.3379549393414211,176.0,526.5846153846154,474.0,Brandon Hall
Green,place-bndhl,10,Midday (9 AM-4 PM),576,0.3038194444444444,146.0,594.4742857142858,555.0,Brandon Hall
Green,place-bndhl,11,Midday (9 AM-4 PM),551,0.25045372050816694,123.0,541.8260869565217,445.0,Brandon Hall
Green,place-bndhl,12,Midday (9 AM-4 PM),535,0.24485981308411214,117.0,549.5801526717557,456.0,Brandon Hall
Green,place-bndhl,13,Midday (9 AM-4 PM),542,0.24169741697416974,115.5,518.2977099236641,441.0,Brandon Hall
Green,place-bndhl,14,Midday (9 AM-4 PM),546,0.23626373626373626,113.0,500.06976744186045,430.0,Brandon Hall
Green,place-bndhl,15,Midday (9 AM-4 PM),581,0.23235800344234078,103.0,536.8,448.0,Brandon Hall
Green,place-bndhl,16,Evening peak (4-6 PM),570,0.26842105263157895,135.5,549.7973856209151,481.0,Brandon Hall
Green,place-bndhl,17,Evening peak (4-6 PM),546,0.2765567765567766,122.5,537.5165562913908,494.0,Brandon Hall
Green,place-bndhl,18,Night,562,0.29359430604982206,142.5,586.7515151515152,497.0,Brandon Hall
Green,place-bndhl,19,Night,575,0.2678260869565217,111.0,556.2987012987013,483.0,Brandon Hall
Green,place-bndhl,20,Night,573,0.34904013961605584,171.0,538.71,486.5,Brandon Hall
Green,place-bndhl,21,Night,560,0.29642857142857143,97.5,586.710843373494,527.0,Brandon Hall
Green,place-bndhl,22,Night,508,0.2578740157480315,114.0,580.7938931297709,512.0,Brandon Hall
Green,place-bndhl,23,Night,471,0.3354564755838641,164.0,731.5316455696203,638.0,Brandon Hall
Green,place-boyls,0,Early / night,3034,0.23862887277521425,72.0,584.3080110497237,484.0,Boylston
Green,place-boyls,1,Early / night,764,0.21465968586387435,-13.0,652.2378048780488,583.5,Boylston
Green,place-boyls,2,Early / night,45,0.24444444444444444,43.0,491.0,501.0,Boylston
Green,place-boyls,5,Early / night,1384,0.08092485549132948,25.0,446.2767857142857,412.0,Boylston
Green,place-boyls,6,Early / night,3267,0.13039485766758493,36.0,475.24413145539904,428.5,Boylston
Green,place-boyls,7,Morning peak (7-9 AM),3470,0.10547550432276658,-42.0,561.068306010929,468.0,Boylston
Green,place-boyls,8,Morning peak (7-9 AM),3642,0.17517847336628226,60.0,498.50940438871476,425.5,Boylston
Green,place-boyls,9,Midday (9 AM-4 PM),3705,0.20431848852901485,58.0,515.2060766182299,453.0,Boylston
Green,place-boyls,10,Midday (9 AM-4 PM),3602,0.24125485841199334,79.0,573.3348676639816,486.0,Boylston
Green,place-boyls,11,Midday (9 AM-4 PM),3550,0.2143661971830986,45.5,553.5860709592641,488.0,Boylston
Green,place-boyls,12,Midday (9 AM-4 PM),3510,0.21937321937321938,59.0,521.4467532467532,455.0,Boylston
Green,place-boyls,13,Midday (9 AM-4 PM),3498,0.23041738136077758,96.0,536.4143920595534,479.5,Boylston
Green,place-boyls,14,Midday (9 AM-4 PM),3576,0.23238255033557048,83.0,535.3598074608905,460.0,Boylston
Green,place-boyls,15,Midday (9 AM-4 PM),3552,0.28434684684684686,128.0,561.0990099009902,483.5,Boylston
Green,place-boyls,16,Evening peak (4-6 PM),3600,0.2586111111111111,76.0,574.4457572502686,506.0,Boylston
Green,place-boyls,17,Evening peak (4-6 PM),3488,0.29243119266055045,123.5,584.6421568627451,511.0,Boylston
Green,place-boyls,18,Night,3622,0.26477084483710656,94.5,595.5505735140772,505.0,Boylston
Green,place-boyls,19,Night,3565,0.2917251051893408,119.0,572.9442307692308,500.0,Boylston
Green,place-boyls,20,Night,3567,0.22960470984020184,68.0,527.5775335775336,468.0,Boylston
Green,place-boyls,21,Night,3598,0.22123401889938854,95.0,544.3542713567839,479.0,Boylston
Green,place-boyls,22,Night,3424,0.30490654205607476,136.0,554.1235632183908,468.0,Boylston
Green,place-boyls,23,Night,3285,0.28188736681887366,126.0,580.659827213823,492.5,Boylston
Green,place-brico,0,Early / night,690,0.17971014492753623,38.5,603.4677419354839,540.5,Packards Corner
Green,place-brico,1,Early / night,257,0.24124513618677043,48.0,662.8709677419355,517.0,Packards Corner
Green,place-brico,2,Early / night,27,0.14814814814814814,-221.0,875.5,968.0,Packards Corner
Green,place-brico,5,Early / night,293,0.030716723549488054,8.0,678.0,569.0,Packards Corner
Green,place-brico,6,Early / night,718,0.09192200557103064,12.0,451.72727272727275,378.5,Packards Corner
Green,place-brico,7,Morning peak (7-9 AM),881,0.06923950056753689,7.0,528.8524590163935,448.0,Packards Corner
Green,place-brico,8,Morning peak (7-9 AM),942,0.12101910828025478,32.0,523.7543859649123,399.5,Packards Corner
Green,place-brico,9,Midday (9 AM-4 PM),933,0.17684887459807075,80.0,519.339393939394,449.0,Packards Corner
Green,place-brico,10,Midday (9 AM-4 PM),933,0.2132904608788853,80.0,573.7537688442211,491.0,Packards Corner
Green,place-brico,11,Midday (9 AM-4 PM),916,0.20087336244541484,69.5,576.4836956521739,467.5,Packards Corner
Green,place-brico,12,Midday (9 AM-4 PM),847,0.22904368358913813,77.0,503.75773195876286,441.5,Packards Corner
Green,place-brico,13,Midday (9 AM-4 PM),880,0.2125,61.5,568.2352941176471,475.0,Packards Corner
Green,place-brico,14,Midday (9 AM-4 PM),885,0.17627118644067796,59.0,584.6346153846154,532.5,Packards Corner
Green,place-brico,15,Midday (9 AM-4 PM),903,0.2115171650055371,33.0,553.041884816754,475.0,Packards Corner
Green,place-brico,16,Evening peak (4-6 PM),895,0.18324022346368715,10.0,627.2378048780488,524.0,Packards Corner
Green,place-brico,17,Evening peak (4-6 PM),872,0.25573394495412843,49.0,582.9551569506726,520.0,Packards Corner
Green,place-brico,18,Night,891,0.25813692480359146,80.0,643.7565217391304,540.5,Packards Corner
Green,place-brico,19,Night,890,0.22247191011235956,46.0,624.1919191919192,514.5,Packards Corner
Green,place-brico,20,Night,873,0.21878579610538373,59.0,587.9214659685864,484.0,Packards Corner
Green,place-brico,21,Night,854,0.19437939110070257,83.0,551.1144578313254,458.5,Packards Corner
Green,place-brico,22,Night,803,0.2328767123287671,90.0,547.572192513369,436.0,Packards Corner
Green,place-brico,23,Night,821,0.25213154689403167,88.0,604.7777777777778,489.0,Packards Corner
Green,place-brkhl,0,Early / night,568,0.2676056338028169,108.5,584.171052631579,501.0,Brookline Hills
Green,place-brkhl,1,Early / night,365,0.2684931506849315,78.0,640.9795918367347,550.5,Brookline Hills
Green,place-brkhl,2,Early / night,32,0.4375,269.5,633.5714285714286,589.5,Brookline Hills
Green,place-brkhl,5,Early / night,339,0.05309734513274336,43.0,459.8888888888889,437.0,Brookline Hills
Green,place-brkhl,6,Early / night,743,0.15343203230148048,72.0,474.17543859649123,417.5,Brookline Hills
Green,place-brkhl,7,Morning peak (7-9 AM),825,0.2096969696969697,75.0,556.6820809248555,456.0,Brookline Hills
Green,place-brkhl,8,Morning peak (7-9 AM),861,0.2346109175377468,104.0,529.3564356435644,453.5,Brookline Hills
Green,place-brkhl,9,Midday (9 AM-4 PM),868,0.23617511520737328,85.5,552.9463414634147,484.0,Brookline Hills
Green,place-brkhl,10,Midday (9 AM-4 PM),833,0.24129651860744297,73.0,579.4925373134329,484.0,Brookline Hills
Green,place-brkhl,11,Midday (9 AM-4 PM),825,0.29818181818181816,106.0,579.3536585365854,472.0,Brookline Hills
Green,place-brkhl,12,Midday (9 AM-4 PM),837,0.2807646356033453,143.0,582.3574468085106,512.0,Brookline Hills
Green,place-brkhl,13,Midday (9 AM-4 PM),855,0.3111111111111111,142.0,603.6842105263158,515.0,Brookline Hills
Green,place-brkhl,14,Midday (9 AM-4 PM),869,0.32105868814729577,167.0,582.089605734767,502.0,Brookline Hills
Green,place-brkhl,15,Midday (9 AM-4 PM),878,0.33826879271070615,167.0,585.4781144781144,512.0,Brookline Hills
Green,place-brkhl,16,Evening peak (4-6 PM),880,0.36022727272727273,142.0,585.378548895899,510.0,Brookline Hills
Green,place-brkhl,17,Evening peak (4-6 PM),834,0.302158273381295,146.0,587.2460317460317,507.5,Brookline Hills
Green,place-brkhl,18,Night,863,0.3487833140208575,184.0,614.890365448505,511.0,Brookline Hills
Green,place-brkhl,19,Night,901,0.3462819089900111,181.0,597.8621794871794,521.5,Brookline Hills
Green,place-brkhl,20,Night,879,0.3026166097838453,151.0,578.093984962406,497.0,Brookline Hills
Green,place-brkhl,21,Night,895,0.2681564245810056,131.0,580.4333333333333,470.0,Brookline Hills
Green,place-brkhl,22,Night,830,0.29397590361445786,137.5,596.9180327868852,501.0,Brookline Hills
Green,place-brkhl,23,Night,850,0.29411764705882354,135.0,572.148,479.0,Brookline Hills
Green,place-brmnl,0,Early / night,908,0.1751101321585903,-23.5,548.0817610062893,470.0,Brigham Circle
Green,place-brmnl,1,Early / night,163,0.22085889570552147,-54.0,550.5277777777778,482.0,Brigham Circle
Green,place-brmnl,2,Early / night,12,0.25,112.5,595.3333333333334,533.0,Brigham Circle
Green,place-brmnl,5,Early / night,190,0.031578947368421054,-116.0,542.8333333333334,433.5,Brigham Circle
Green,place-brmnl,6,Early / night,780,0.0782051282051282,-141.0,475.655737704918,406.0,Brigham Circle
Green,place-brmnl,7,Morning peak (7-9 AM),912,0.06578947368421052,-191.0,672.85,565.0,Brigham Circle
Green,place-brmnl,8,Morning peak (7-9 AM),924,0.09090909090909091,-120.0,535.0,441.0,Brigham Circle
Green,place-brmnl,9,Midday (9 AM-4 PM),952,0.17647058823529413,-23.0,478.8809523809524,417.5,Brigham Circle
Green,place-brmnl,10,Midday (9 AM-4 PM),892,0.16367713004484305,-24.0,555.7602739726027,467.5,Brigham Circle
Green,place-brmnl,11,Midday (9 AM-4 PM),890,0.15730337078651685,-49.5,532.9142857142857,464.0,Brigham Circle
Green,place-brmnl,12,Midday (9 AM-4 PM),886,0.13544018058690746,-100.0,539.5416666666666,468.0,Brigham Circle
Green,place-brmnl,13,Midday (9 AM-4 PM),936,0.13141025641025642,-54.0,503.739837398374,420.0,Brigham Circle
Green,place-brmnl,14,Midday (9 AM-4 PM),902,0.13303769401330376,-17.0,506.9916666666667,424.5,Brigham Circle
Green,place-brmnl,15,Midday (9 AM-4 PM),944,0.1504237288135593,-43.5,550.3591549295775,446.0,Brigham Circle
Green,place-brmnl,16,Evening peak (4-6 PM),923,0.1657638136511376,-60.0,552.9803921568628,456.0,Brigham Circle
Green,place-brmnl,17,Evening peak (4-6 PM),890,0.2157303370786517,33.0,600.1666666666666,525.0,Brigham Circle
Green,place-brmnl,18,Night,961,0.24141519250780438,52.0,577.0086206896551,496.5,Brigham Circle
Green,place-brmnl,19,Night,954,0.22536687631027252,26.5,580.293023255814,519.0,Brigham Circle
Green,place-brmnl,20,Night,954,0.11844863731656184,-147.0,610.3097345132743,525.0,Brigham Circle
Green,place-brmnl,21,Night,942,0.11889596602972399,-76.5,579.5803571428571,488.5,Brigham Circle
Green,place-brmnl,22,Night,985,0.20101522842639594,24.0,582.4494949494949,465.0,Brigham Circle
Green,place-brmnl,23,Night,897,0.16499442586399107,-42.0,544.8851351351351,451.0,Brigham Circle
Green,place-bucen,0,Early / night,679,0.20913107511045656,92.0,605.7323943661971,510.0,Boston University Central
Green,place-bucen,1,Early / night,224,0.21875,9.0,637.7142857142857,500.0,Boston University Central
Green,place-bucen,2,Early / night,22,0.13636363636363635,-173.0,657.6666666666666,540.0,Boston University Central
Green,place-bucen,5,Early / night,238,0.02100840336134454,-35.5,567.4,500.0,Boston University Central
Green,place-bucen,6,Early / night,777,0.12355212355212356,3.0,467.6041666666667,413.5,Boston University Central
Green,place-bucen,7,Morning peak (7-9 AM),862,0.07192575406032482,-11.0,520.8064516129032,444.0,Boston University Central
Green,place-bucen,8,Morning peak (7-9 AM),933,0.12218649517684887,17.0,486.7368421052632,412.0,Boston University Central
Green,place-bucen,9,Midday (9 AM-4 PM),951,0.19032597266035753,68.0,523.6850828729282,445.0,Boston University Central
Green,place-bucen,10,Midday (9 AM-4 PM),901,0.20199778024417314,60.0,566.7087912087912,475.5,Boston University Central
Green,place-bucen,11,Midday (9 AM-4 PM),919,0.20783460282916214,34.0,587.062827225131,513.0,Boston University Central
Green,place-bucen,12,Midday (9 AM-4 PM),863,0.2410196987253766,85.0,521.4519230769231,452.5,Boston University Central
Green,place-bucen,13,Midday (9 AM-4 PM),873,0.21305841924398625,45.0,570.0537634408602,475.5,Boston University Central
Green,place-bucen,14,Midday (9 AM-4 PM),866,0.18706697459584296,31.5,574.0617283950618,482.5,Boston University Central
Green,place-bucen,15,Midday (9 AM-4 PM),880,0.23295454545454544,61.0,571.7853658536585,488.0,Boston University Central
Green,place-bucen,16,Evening peak (4-6 PM),864,0.16898148148148148,-8.0,631.5890410958904,540.5,Boston University Central
Green,place-bucen,17,Evening peak (4-6 PM),842,0.25534441805225655,30.5,616.4651162790698,571.0,Boston University Central
Green,place-bucen,18,Night,897,0.2463768115942029,56.0,649.1538461538462,524.0,Boston University Central
Green,place-bucen,19,Night,863,0.2410196987253766,70.0,587.6682692307693,523.5,Boston University Central
Green,place-bucen,20,Night,851,0.2291421856639248,66.0,588.5589743589744,497.0,Boston University Central
Green,place-bucen,21,Night,847,0.2384887839433294,135.0,558.6584158415842,489.0,Boston University Central
Green,place-bucen,22,Night,808,0.30445544554455445,134.5,533.3048780487804,448.5,Boston University Central
Green,place-bucen,23,Night,797,0.24215809284818068,94.0,627.880829015544,515.0,Boston University Central
Green,place-buest,0,Early / night,649,0.2280431432973806,66.0,590.2905405405405,502.5,Boston University East
Green,place-buest,1,Early / night,214,0.22429906542056074,26.0,663.3958333333334,496.5,Boston University East
Green,place-buest,2,Early / night,22,0.13636363636363635,-126.5,691.0,576.0,Boston University East
Green,place-buest,5,Early / night,227,0.022026431718061675,-36.0,581.6,506.0,Boston University East
Green,place-buest,6,Early / night,778,0.11953727506426735,11.0,448.98924731182797,391.0,Boston University East
Green,place-buest,7,Morning peak (7-9 AM),872,0.0676605504587156,-18.5,515.0338983050848,419.0,Boston University East
Green,place-buest,8,Morning peak (7-9 AM),918,0.12418300653594772,25.5,482.64912280701753,409.5,Boston University East
Green,place-buest,9,Midday (9 AM-4 PM),940,0.18936170212765957,66.5,515.2921348314607,444.5,Boston University East
Green,place-buest,10,Midday (9 AM-4 PM),913,0.1949616648411829,53.0,561.1797752808989,478.5,Boston University East
Green,place-buest,11,Midday (9 AM-4 PM),911,0.1986827661909989,38.0,580.5138121546961,494.0,Boston University East
Green,place-buest,12,Midday (9 AM-4 PM),876,0.22945205479452055,89.0,511.44278606965173,437.0,Boston University East
Green,place-buest,13,Midday (9 AM-4 PM),864,0.18981481481481483,32.0,556.969512195122,479.5,Boston University East
Green,place-buest,14,Midday (9 AM-4 PM),861,0.1765389082462253,19.0,567.3421052631579,492.0,Boston University East
Green,place-buest,15,Midday (9 AM-4 PM),883,0.22423556058890148,78.0,553.3737373737374,471.0,Boston University East
Green,place-buest,16,Evening peak (4-6 PM),871,0.17221584385763491,-6.0,613.1266666666667,535.0,Boston University East
Green,place-buest,17,Evening peak (4-6 PM),839,0.2586412395709178,48.0,590.479262672811,534.0,Boston University East
Green,place-buest,18,Night,891,0.23793490460157127,74.0,641.811320754717,534.0,Boston University East
Green,place-buest,19,Night,868,0.2557603686635945,81.0,570.1756756756756,494.0,Boston University East
Green,place-buest,20,Night,861,0.2183507549361208,57.0,586.0691489361702,488.0,Boston University East
Green,place-buest,21,Night,832,0.21514423076923078,99.0,552.4301675977654,481.0,Boston University East
Green,place-buest,22,Night,798,0.29949874686716793,133.0,518.4016736401674,429.0,Boston University East
Green,place-buest,23,Night,823,0.21628189550425272,51.0,630.0955056179776,520.5,Boston University East
Green,place-bvmnl,0,Early / night,638,0.26802507836990597,121.0,599.6432748538011,549.0,Brookline Village
Green,place-bvmnl,1,Early / night,352,0.23579545454545456,33.0,618.710843373494,507.0,Brookline Village
Green,place-bvmnl,2,Early / night,28,0.35714285714285715,147.5,588.5,410.5,Brookline Village
Green,place-bvmnl,5,Early / night,324,0.08024691358024691,90.5,433.7692307692308,427.0,Brookline Village
Green,place-bvmnl,6,Early / night,755,0.17086092715231788,81.0,441.92248062015506,393.0,Brookline Village
Green,place-bvmnl,7,Morning peak (7-9 AM),824,0.19174757281553398,48.0,554.9177215189874,480.5,Brookline Village
Green,place-bvmnl,8,Morning peak (7-9 AM),869,0.20138089758342922,76.0,549.3028571428572,479.0,Brookline Village
Green,place-bvmnl,9,Midday (9 AM-4 PM),854,0.1955503512880562,53.0,566.125748502994,494.0,Brookline Village
Green,place-bvmnl,10,Midday (9 AM-4 PM),846,0.2281323877068558,58.5,578.0621761658031,468.0,Brookline Village
Green,place-bvmnl,11,Midday (9 AM-4 PM),826,0.2639225181598063,70.0,580.5871559633027,479.5,Brookline Village
Green,place-bvmnl,12,Midday (9 AM-4 PM),829,0.2882991556091677,140.0,572.4142259414226,498.0,Brookline Village
Green,place-bvmnl,13,Midday (9 AM-4 PM),869,0.29804372842347526,144.0,602.2123552123552,526.0,Brookline Village
Green,place-bvmnl,14,Midday (9 AM-4 PM),855,0.32514619883040935,157.0,574.7410071942446,475.0,Brookline Village
Green,place-bvmnl,15,Midday (9 AM-4 PM),885,0.3288135593220339,160.0,589.0996563573883,515.0,Brookline Village
Green,place-bvmnl,16,Evening peak (4-6 PM),867,0.36678200692041524,165.0,588.5220125786163,519.0,Brookline Village
Green,place-bvmnl,17,Evening peak (4-6 PM),839,0.3230035756853397,152.0,590.1623616236162,505.0,Brookline Village
Green,place-bvmnl,18,Night,858,0.3682983682983683,197.0,614.9303797468355,504.5,Brookline Village
Green,place-bvmnl,19,Night,900,0.3377777777777778,171.5,600.5921052631579,518.5,Brookline Village
Green,place-bvmnl,20,Night,892,0.29035874439461884,141.5,575.5019305019305,489.0,Brookline Village
Green,place-bvmnl,21,Night,894,0.26286353467561524,125.0,583.8085106382979,457.0,Brookline Village
Green,place-bvmnl,22,Night,837,0.3070489844683393,153.0,578.4046692607004,477.0,Brookline Village
Green,place-bvmnl,23,Night,845,0.29467455621301775,147.0,585.2128514056225,481.0,Brookline Village
Green,place-chhil,0,Early / night,518,0.2335907335907336,74.5,587.396694214876,499.0,Chestnut Hill
Green,place-chhil,1,Early / night,391,0.27621483375959077,71.0,629.8888888888889,546.5,Chestnut Hill
Green,place-chhil,2,Early / night,47,0.3617021276595745,162.0,696.6470588235294,564.0,Chestnut Hill
Green,place-chhil,5,Early / night,355,0.059154929577464786,89.0,417.14285714285717,427.0,Chestnut Hill
Green,place-chhil,6,Early / night,711,0.14627285513361463,85.0,460.5,390.5,Chestnut Hill
Green,place-chhil,7,Morning peak (7-9 AM),763,0.18479685452162517,60.0,574.8014184397163,490.0,Chestnut Hill
Green,place-chhil,8,Morning peak (7-9 AM),858,0.2191142191142191,96.0,538.0372340425532,477.5,Chestnut Hill
Green,place-chhil,9,Midday (9 AM-4 PM),850,0.21411764705882352,71.0,542.3736263736264,457.0,Chestnut Hill
Green,place-chhil,10,Midday (9 AM-4 PM),844,0.2014218009478673,52.0,571.5117647058823,471.5,Chestnut Hill
Green,place-chhil,11,Midday (9 AM-4 PM),807,0.26765799256505574,86.0,577.8518518518518,480.0,Chestnut Hill
Green,place-chhil,12,Midday (9 AM-4 PM),845,0.2816568047337278,133.0,576.8865546218487,494.5,Chestnut Hill
Green,place-chhil,13,Midday (9 AM-4 PM),840,0.2642857142857143,119.5,585.6216216216217,489.5,Chestnut Hill
Green,place-chhil,14,Midday (9 AM-4 PM),863,0.2827346465816918,140.0,610.3811475409836,520.5,Chestnut Hill
Green,place-chhil,15,Midday (9 AM-4 PM),879,0.33560864618885095,152.0,578.7593220338983,503.0,Chestnut Hill
Green,place-chhil,16,Evening peak (4-6 PM),872,0.2993119266055046,114.0,598.8314176245211,516.0,Chestnut Hill
Green,place-chhil,17,Evening peak (4-6 PM),827,0.30713422007255137,138.0,558.2952755905512,484.0,Chestnut Hill
Green,place-chhil,18,Night,850,0.3129411764705882,161.0,625.0977443609023,547.0,Chestnut Hill
Green,place-chhil,19,Night,913,0.3263964950711939,162.0,587.0838926174497,511.0,Chestnut Hill
Green,place-chhil,20,Night,853,0.29308323563892147,151.0,595.444,483.5,Chestnut Hill
Green,place-chhil,21,Night,895,0.2446927374301676,128.0,578.4474885844749,500.0,Chestnut Hill
Green,place-chhil,22,Night,815,0.28343558282208586,140.0,593.7922077922078,510.0,Chestnut Hill
Green,place-chhil,23,Night,853,0.2989449003516999,152.0,582.8862745098039,499.0,Chestnut Hill
Green,place-chill,0,Early / night,636,0.1918238993710692,15.0,587.2868852459017,522.0,Chestnut Hill Avenue
Green,place-chill,1,Early / night,314,0.30254777070063693,50.0,637.7473684210527,538.0,Chestnut Hill Avenue
Green,place-chill,2,Early / night,40,0.15,-176.5,875.6666666666666,929.5,Chestnut Hill Avenue
Green,place-chill,5,Early / night,344,0.029069767441860465,37.0,671.8,607.0,Chestnut Hill Avenue
Green,place-chill,6,Early / night,614,0.09283387622149837,30.0,426.29824561403507,392.0,Chestnut Hill Avenue
Green,place-chill,7,Morning peak (7-9 AM),888,0.07545045045045046,8.0,499.04477611940297,429.0,Chestnut Hill Avenue
Green,place-chill,8,Morning peak (7-9 AM),901,0.10432852386237514,32.0,526.9042553191489,399.0,Chestnut Hill Avenue
Green,place-chill,9,Midday (9 AM-4 PM),922,0.1616052060737527,54.0,551.2147651006711,456.0,Chestnut Hill Avenue
Green,place-chill,10,Midday (9 AM-4 PM),891,0.19304152637485972,40.0,565.9244186046511,460.5,Chestnut Hill Avenue
Green,place-chill,11,Midday (9 AM-4 PM),920,0.1891304347826087,46.0,589.9827586206897,488.0,Chestnut Hill Avenue
Green,place-chill,12,Midday (9 AM-4 PM),844,0.16350710900473933,21.0,550.6811594202899,458.5,Chestnut Hill Avenue
Green,place-chill,13,Midday (9 AM-4 PM),868,0.20161290322580644,56.5,547.2228571428572,468.0,Chestnut Hill Avenue
Green,place-chill,14,Midday (9 AM-4 PM),883,0.16421291053227632,46.0,577.7586206896551,491.0,Chestnut Hill Avenue
Green,place-chill,15,Midday (9 AM-4 PM),879,0.18543799772468714,53.0,592.0920245398773,481.0,Chestnut Hill Avenue
Green,place-chill,16,Evening peak (4-6 PM),889,0.19797525309336333,45.0,602.2727272727273,501.0,Chestnut Hill Avenue
Green,place-chill,17,Evening peak (4-6 PM),854,0.19672131147540983,50.0,563.172619047619,486.5,Chestnut Hill Avenue
Green,place-chill,18,Night,863,0.27925840092699883,94.0,662.5643153526971,549.0,Chestnut Hill Avenue
Green,place-chill,19,Night,867,0.2122260668973472,66.0,624.0380434782609,514.0,Chestnut Hill Avenue
Green,place-chill,20,Night,868,0.23847926267281105,76.0,619.0193236714975,527.0,Chestnut Hill Avenue
Green,place-chill,21,Night,812,0.19704433497536947,57.5,562.21875,474.0,Chestnut Hill Avenue
Green,place-chill,22,Night,821,0.22533495736906212,56.0,552.8216216216216,439.0,Chestnut Hill Avenue
Green,place-chill,23,Night,793,0.27994955863808324,88.0,598.2117117117117,503.5,Chestnut Hill Avenue
Green,place-chswk,0,Early / night,635,0.1921259842519685,11.0,576.9426229508197,510.5,Chiswick Road
Green,place-chswk,1,Early / night,310,0.2838709677419355,57.5,657.5454545454545,546.0,Chiswick Road
Green,place-chswk,2,Early / night,38,0.15789473684210525,-168.5,882.6666666666666,940.0,Chiswick Road
Green,place-chswk,5,Early / night,345,0.02318840579710145,-24.0,627.0,555.5,Chiswick Road
Green,place-chswk,6,Early / night,617,0.06482982171799027,-18.0,475.4,426.0,Chiswick Road
Green,place-chswk,7,Morning peak (7-9 AM),893,0.06159014557670773,-23.0,520.4545454545455,422.0,Chiswick Road
Green,place-chswk,8,Morning peak (7-9 AM),903,0.08305647840531562,-6.0,560.1866666666666,406.0,Chiswick Road
Green,place-chswk,9,Midday (9 AM-4 PM),925,0.15567567567567567,27.0,549.7986111111111,459.5,Chiswick Road
Green,place-chswk,10,Midday (9 AM-4 PM),893,0.1769316909294513,26.0,596.5379746835443,524.5,Chiswick Road
Green,place-chswk,11,Midday (9 AM-4 PM),918,0.1906318082788671,19.0,611.6628571428571,484.0,Chiswick Road
Green,place-chswk,12,Midday (9 AM-4 PM),846,0.16548463356973994,-2.0,564.95,482.5,Chiswick Road
Green,place-chswk,13,Midday (9 AM-4 PM),871,0.208955223880597,52.0,569.8571428571429,481.0,Chiswick Road
Green,place-chswk,14,Midday (9 AM-4 PM),879,0.1751990898748578,28.0,593.2662337662338,539.5,Chiswick Road
Green,place-chswk,15,Midday (9 AM-4 PM),887,0.20067643742953778,30.0,595.7303370786517,496.5,Chiswick Road
Green,place-chswk,16,Evening peak (4-6 PM),877,0.19726339794754846,29.0,631.1329479768787,537.0,Chiswick Road
Green,place-chswk,17,Evening peak (4-6 PM),867,0.20184544405997693,26.0,600.5428571428571,511.0,Chiswick Road
Green,place-chswk,18,Night,874,0.2700228832951945,87.0,666.7033898305085,566.0,Chiswick Road
Green,place-chswk,19,Night,870,0.20689655172413793,52.0,648.2722222222222,543.0,Chiswick Road
Green,place-chswk,20,Night,874,0.2459954233409611,55.0,621.8604651162791,542.0,Chiswick Road
Green,place-chswk,21,Night,810,0.19876543209876543,59.0,576.0683229813665,494.0,Chiswick Road
Green,place-chswk,22,Night,818,0.23838630806845965,47.0,572.8307692307692,480.0,Chiswick Road
Green,place-chswk,23,Night,807,0.29615861214374223,89.0,599.7866108786611,489.0,Chiswick Road
Green,place-clmnl,0,Early / night,8,0.5,464.0,909.25,825.0,Cleveland Circle
Green,place-clmnl,1,Early / night,2,0.0,-32.5,,,Cleveland Circle
Green,place-clmnl,6,Early / night,27,0.37037037037037035,240.0,519.0,393.0,Cleveland Circle
Green,place-clmnl,7,Morning peak (7-9 AM),53,0.16981132075471697,-9.0,485.1111111111111,449.0,Cleveland Circle
Green,place-clmnl,8,Morning peak (7-9 AM),55,0.14545454545454545,26.0,458.875,513.0,Cleveland Circle
Green,place-clmnl,9,Midday (9 AM-4 PM),59,0.5254237288135594,309.0,549.3548387096774,513.0,Cleveland Circle
Green,place-clmnl,10,Midday (9 AM-4 PM),55,0.5818181818181818,370.0,594.40625,554.5,Cleveland Circle
Green,place-clmnl,11,Midday (9 AM-4 PM),59,0.4406779661016949,215.0,677.5769230769231,478.0,Cleveland Circle
Green,place-clmnl,12,Midday (9 AM-4 PM),40,0.475,271.5,650.8421052631579,511.0,Cleveland Circle
Green,place-clmnl,13,Midday (9 AM-4 PM),59,0.3559322033898305,117.0,432.85714285714283,410.0,Cleveland Circle
Green,place-clmnl,14,Midday (9 AM-4 PM),52,0.23076923076923078,35.5,625.8333333333334,485.5,Cleveland Circle
Green,place-clmnl,15,Midday (9 AM-4 PM),48,0.375,177.5,561.3888888888889,453.5,Cleveland Circle
Green,place-clmnl,16,Evening peak (4-6 PM),51,0.3137254901960784,130.0,637.875,572.5,Cleveland Circle
Green,place-clmnl,17,Evening peak (4-6 PM),46,0.30434782608695654,11.0,554.1428571428571,521.5,Cleveland Circle
Green,place-clmnl,18,Night,62,0.3225806451612903,199.0,641.1,508.0,Cleveland Circle
Green,place-clmnl,19,Night,57,0.3508771929824561,96.0,764.75,630.0,Cleveland Circle
Green,place-clmnl,20,Night,68,0.38235294117647056,214.0,544.7307692307693,510.0,Cleveland Circle
Green,place-clmnl,21,Night,49,0.3673469387755102,176.0,601.7777777777778,587.5,Cleveland Circle
Green,place-clmnl,22,Night,49,0.2653061224489796,67.0,634.5384615384615,574.0,Cleveland Circle
Green,place-clmnl,23,Night,36,0.5,300.5,748.2222222222222,606.5,Cleveland Circle
Green,place-coecl,0,Early / night,2955,0.22267343485617597,51.0,587.193009118541,484.5,Copley
Green,place-coecl,1,Early / night,759,0.22134387351778656,15.0,623.547619047619,544.5,Copley
Green,place-coecl,2,Early / night,56,0.19642857142857142,27.5,513.8181818181819,479.0,Copley
Green,place-coecl,5,Early / night,1320,0.06136363636363636,-4.5,454.962962962963,407.0,Copley
Green,place-coecl,6,Early / night,3248,0.12376847290640394,18.0,466.6641791044776,412.5,Copley
Green,place-coecl,7,Morning peak (7-9 AM),3417,0.10213637693883523,-40.0,580.6647564469914,484.0,Copley
Green,place-coecl,8,Morning peak (7-9 AM),3624,0.17025386313465785,58.0,498.9773095623987,427.0,Copley
Green,place-coecl,9,Midday (9 AM-4 PM),3651,0.20788824979457682,59.0,510.90777338603425,447.0,Copley
Green,place-coecl,10,Midday (9 AM-4 PM),3587,0.23083356565374966,69.0,587.8804347826087,492.5,Copley
Green,place-coecl,11,Midday (9 AM-4 PM),3483,0.21734137238013207,43.0,559.3553500660502,481.0,Copley
Green,place-coecl,12,Midday (9 AM-4 PM),3473,0.2191189173625108,59.0,531.8817345597897,467.0,Copley
Green,place-coecl,13,Midday (9 AM-4 PM),3464,0.23008083140877597,79.0,535.3212045169386,476.0,Copley
Green,place-coecl,14,Midday (9 AM-4 PM),3541,0.21801750917819826,74.0,539.5854922279793,459.0,Copley
Green,place-coecl,15,Midday (9 AM-4 PM),3535,0.26308345120226306,111.0,559.1172043010753,484.0,Copley
Green,place-coecl,16,Evening peak (4-6 PM),3566,0.24369040942232192,53.0,570.7249712313004,497.0,Copley
Green,place-coecl,17,Evening peak (4-6 PM),3418,0.2832065535400819,111.0,577.9018595041322,503.5,Copley
Green,place-coecl,18,Night,3590,0.26295264623955433,91.0,595.8728813559322,511.5,Copley
Green,place-coecl,19,Night,3567,0.29044014578076816,105.0,566.4990347490348,487.0,Copley
Green,place-coecl,20,Night,3575,0.233006993006993,69.0,543.6218487394958,474.0,Copley
Green,place-coecl,21,Night,3510,0.2282051282051282,92.5,547.5905118601747,477.0,Copley
Green,place-coecl,22,Night,3414,0.30609256004686586,141.0,563.511004784689,470.0,Copley
Green,place-coecl,23,Night,3362,0.2724568709101725,112.0,590.9748908296943,498.0,Copley
Green,place-cool,0,Early / night,639,0.2269170579029734,24.0,590.2068965517242,519.0,Coolidge Corner
Green,place-cool,1,Early / night,182,0.34065934065934067,159.0,738.8548387096774,626.0,Coolidge Corner
Green,place-cool,2,Early / night,23,0.17391304347826086,-103.0,476.0,435.5,Coolidge Corner
Green,place-cool,5,Early / night,377,0.03713527851458886,22.0,425.42857142857144,352.0,Coolidge Corner
Green,place-cool,6,Early / night,812,0.1354679802955665,51.5,477.3545454545455,413.0,Coolidge Corner
Green,place-cool,7,Morning peak (7-9 AM),905,0.08397790055248619,28.0,495.5,434.0,Coolidge Corner
Green,place-cool,8,Morning peak (7-9 AM),962,0.17671517671517672,93.5,483.8235294117647,400.0,Coolidge Corner
Green,place-cool,9,Midday (9 AM-4 PM),984,0.25914634146341464,142.5,507.67058823529413,455.0,Coolidge Corner
Green,place-cool,10,Midday (9 AM-4 PM),970,0.24329896907216494,102.0,562.9322033898305,493.0,Coolidge Corner
Green,place-cool,11,Midday (9 AM-4 PM),905,0.20994475138121546,82.0,524.7,445.5,Coolidge Corner
Green,place-cool,12,Midday (9 AM-4 PM),907,0.19294377067254687,78.0,559.7885714285715,482.0,Coolidge Corner
Green,place-cool,13,Midday (9 AM-4 PM),908,0.2092511013215859,75.0,543.1526315789474,459.5,Coolidge Corner
Green,place-cool,14,Midday (9 AM-4 PM),954,0.1740041928721174,67.0,541.2590361445783,467.5,Coolidge Corner
Green,place-cool,15,Midday (9 AM-4 PM),945,0.2105820105820106,63.0,532.748743718593,438.0,Coolidge Corner
Green,place-cool,16,Evening peak (4-6 PM),954,0.24528301886792453,100.0,535.6581196581196,462.0,Coolidge Corner
Green,place-cool,17,Evening peak (4-6 PM),894,0.24272930648769575,95.5,558.0552995391705,483.0,Coolidge Corner
Green,place-cool,18,Night,937,0.2518676627534685,101.0,606.2372881355932,495.0,Coolidge Corner
Green,place-cool,19,Night,952,0.21953781512605042,96.0,528.9473684210526,452.0,Coolidge Corner
Green,place-cool,20,Night,945,0.27936507936507937,134.0,547.1780303030303,500.5,Coolidge Corner
Green,place-cool,21,Night,929,0.23896663078579117,90.0,551.2387387387388,486.5,Coolidge Corner
Green,place-cool,22,Night,864,0.2037037037037037,69.5,549.6761363636364,479.0,Coolidge Corner
Green,place-cool,23,Night,806,0.3052109181141439,140.0,663.2113821138212,545.0,Coolidge Corner
Green,place-denrd,0,Early / night,552,0.25,31.0,597.6811594202899,501.5,Dean Road
Green,place-denrd,1,Early / night,226,0.30973451327433627,126.5,727.7285714285714,665.5,Dean Road
Green,place-denrd,2,Early / night,28,0.25,-103.0,708.1428571428571,735.0,Dean Road
Green,place-denrd,5,Early / night,359,0.013927576601671309,-19.0,404.0,371.0,Dean Road
Green,place-denrd,6,Early / night,721,0.13314840499306518,6.0,485.0833333333333,424.5,Dean Road
Green,place-denrd,7,Morning peak (7-9 AM),857,0.06651108518086347,-27.0,543.8245614035088,446.0,Dean Road
Green,place-denrd,8,Morning peak (7-9 AM),896,0.1015625,5.5,551.8461538461538,433.0,Dean Road
Green,place-denrd,9,Midday (9 AM-4 PM),933,0.21436227224008575,74.0,515.37,467.0,Dean Road
Green,place-denrd,10,Midday (9 AM-4 PM),885,0.23728813559322035,48.0,563.6380952380953,520.5,Dean Road
Green,place-denrd,11,Midday (9 AM-4 PM),877,0.18700114025085518,18.0,586.5121951219512,455.0,Dean Road
Green,place-denrd,12,Midday (9 AM-4 PM),866,0.19399538106235567,27.5,576.1488095238095,499.5,Dean Road
Green,place-denrd,13,Midday (9 AM-4 PM),853,0.17233294255568582,34.0,549.7278911564625,458.0,Dean Road
Green,place-denrd,14,Midday (9 AM-4 PM),868,0.14516129032258066,20.5,565.8412698412699,502.0,Dean Road
Green,place-denrd,15,Midday (9 AM-4 PM),877,0.16875712656784492,11.0,581.1756756756756,497.5,Dean Road
Green,place-denrd,16,Evening peak (4-6 PM),898,0.21158129175946547,65.5,551.5894736842105,465.0,Dean Road
Green,place-denrd,17,Evening peak (4-6 PM),853,0.18522860492379836,18.0,566.3037974683544,516.0,Dean Road
Green,place-denrd,18,Night,887,0.24351747463359638,68.0,614.8888888888889,511.5,Dean Road
Green,place-denrd,19,Night,903,0.17054263565891473,10.0,585.5064935064935,498.0,Dean Road
Green,place-denrd,20,Night,889,0.2283464566929134,75.0,554.2758620689655,498.0,Dean Road
Green,place-denrd,21,Night,865,0.21040462427745665,29.0,559.7692307692307,514.0,Dean Road
Green,place-denrd,22,Night,831,0.17328519855595667,8.0,560.7777777777778,490.0,Dean Road
Green,place-denrd,23,Night,740,0.2959459459459459,113.5,679.6027397260274,566.0,Dean Road
Green,place-eliot,0,Early / night,518,0.25675675675675674,95.0,575.1203007518797,492.0,Eliot
Green,place-eliot,1,Early / night,427,0.3044496487119438,80.0,628.123076923077,539.5,Eliot
Green,place-eliot,2,Early / night,56,0.39285714285714285,156.5,763.2727272727273,627.0,Eliot
Green,place-eliot,4,Early / night,2,0.0,-15.5,,,Eliot
Green,place-eliot,5,Early / night,392,0.04846938775510204,76.0,391.4736842105263,371.0,Eliot
Green,place-eliot,6,Early / night,669,0.11958146487294469,77.0,500.9875,434.0,Eliot
Green,place-eliot,7,Morning peak (7-9 AM),769,0.14174252275682706,59.0,547.4220183486239,462.0,Eliot
Green,place-eliot,8,Morning peak (7-9 AM),817,0.18727050183598531,88.0,555.7385620915032,490.0,Eliot
Green,place-eliot,9,Midday (9 AM-4 PM),843,0.2277580071174377,93.0,534.6041666666666,462.0,Eliot
Green,place-eliot,10,Midday (9 AM-4 PM),835,0.19880239520958085,58.0,567.2409638554217,467.0,Eliot
Green,place-eliot,11,Midday (9 AM-4 PM),824,0.2366504854368932,94.0,567.2461538461539,487.0,Eliot
Green,place-eliot,12,Midday (9 AM-4 PM),828,0.2741545893719807,123.5,591.6387665198238,498.0,Eliot
Green,place-eliot,13,Midday (9 AM-4 PM),824,0.25485436893203883,120.0,600.4047619047619,499.0,Eliot
Green,place-eliot,14,Midday (9 AM-4 PM),861,0.2868757259001161,136.0,603.5587044534414,509.0,Eliot
Green,place-eliot,15,Midday (9 AM-4 PM),873,0.3333333333333333,172.0,563.9243986254296,483.0,Eliot
Green,place-eliot,16,Evening peak (4-6 PM),845,0.2863905325443787,118.0,600.6322314049587,514.5,Eliot
Green,place-eliot,17,Evening peak (4-6 PM),846,0.3215130023640662,156.0,597.3492647058823,527.0,Eliot
Green,place-eliot,18,Night,801,0.3333333333333333,177.0,635.1685393258427,537.0,Eliot
Green,place-eliot,19,Night,918,0.3311546840958606,175.0,588.1184210526316,526.0,Eliot
Green,place-eliot,20,Night,831,0.309265944645006,151.0,614.0700389105058,501.0,Eliot
Green,place-eliot,21,Night,893,0.25083986562150057,148.0,582.6919642857143,498.0,Eliot
Green,place-eliot,22,Night,791,0.32616940581542353,161.0,593.5,509.0,Eliot
Green,place-eliot,23,Night,851,0.3008225616921269,169.0,602.69921875,500.0,Eliot
Green,place-engav,0,Early / night,455,0.210989010989011,14.0,614.7916666666666,540.5,Englewood Avenue
Green,place-engav,1,Early / night,158,0.25949367088607594,34.5,726.7560975609756,671.0,Englewood Avenue
Green,place-engav,2,Early / night,17,0.17647058823529413,-168.0,681.6666666666666,689.0,Englewood Avenue
Green,place-engav,5,Early / night,382,0.03664921465968586,11.5,385.7142857142857,349.5,Englewood Avenue
Green,place-engav,6,Early / night,633,0.09162717219589257,21.0,490.6896551724138,442.5,Englewood Avenue
Green,place-engav,7,Morning peak (7-9 AM),751,0.05858854860186418,-3.0,523.8863636363636,442.5,Englewood Avenue
Green,place-engav,8,Morning peak (7-9 AM),796,0.07788944723618091,19.0,558.8387096774194,426.0,Englewood Avenue
Green,place-engav,9,Midday (9 AM-4 PM),789,0.1761723700887199,62.0,484.2158273381295,432.0,Englewood Avenue
Green,place-engav,10,Midday (9 AM-4 PM),754,0.16445623342175067,49.5,534.75,480.5,Englewood Avenue
Green,place-engav,11,Midday (9 AM-4 PM),772,0.16709844559585493,18.5,561.9302325581396,455.0,Englewood Avenue
Green,place-engav,12,Midday (9 AM-4 PM),729,0.16186556927297668,36.0,570.0932203389831,522.0,Englewood Avenue
Green,place-engav,13,Midday (9 AM-4 PM),732,0.17486338797814208,49.0,552.296875,472.5,Englewood Avenue
Green,place-engav,14,Midday (9 AM-4 PM),742,0.1495956873315364,52.0,580.6576576576576,492.0,Englewood Avenue
Green,place-engav,15,Midday (9 AM-4 PM),754,0.16180371352785147,30.5,573.4098360655738,508.0,Englewood Avenue
Green,place-engav,16,Evening peak (4-6 PM),758,0.24010554089709762,95.5,545.3791208791209,459.0,Englewood Avenue
Green,place-engav,17,Evening peak (4-6 PM),716,0.1941340782122905,31.0,589.273381294964,512.0,Englewood Avenue
Green,place-engav,18,Night,768,0.24348958333333334,83.0,599.0320855614973,477.0,Englewood Avenue
Green,place-engav,19,Night,772,0.1567357512953368,34.0,570.1239669421487,495.0,Englewood Avenue
Green,place-engav,20,Night,764,0.225130890052356,81.0,564.8139534883721,494.0,Englewood Avenue
Green,place-engav,21,Night,745,0.19865771812080538,33.0,544.081081081081,514.0,Englewood Avenue
Green,place-engav,22,Night,711,0.1659634317862166,27.0,549.9237288135594,469.0,Englewood Avenue
Green,place-engav,23,Night,666,0.23123123123123124,35.5,633.3766233766233,535.0,Englewood Avenue
Green,place-esomr,0,Early / night,772,0.12046632124352331,-60.0,603.3655913978495,523.0,East Somerville
Green,place-esomr,1,Early / night,350,0.11142857142857143,-314.0,584.7179487179487,459.0,East Somerville
Green,place-esomr,2,Early / night,33,0.030303030303030304,-870.0,380.0,380.0,East Somerville
Green,place-esomr,5,Early / night,366,0.040983606557377046,68.5,455.26666666666665,427.0,East Somerville
Green,place-esomr,6,Early / night,829,0.06875753920386007,26.0,574.1052631578947,430.0,East Somerville
Green,place-esomr,7,Morning peak (7-9 AM),919,0.05005440696409141,-38.0,571.7826086956521,503.0,East Somerville
Green,place-esomr,8,Morning peak (7-9 AM),966,0.08592132505175984,-8.0,494.7710843373494,412.0,East Somerville
Green,place-esomr,9,Midday (9 AM-4 PM),949,0.0821917808219178,-20.0,475.28205128205127,407.0,East Somerville
Green,place-esomr,10,Midday (9 AM-4 PM),961,0.08116545265348596,6.0,539.5769230769231,421.5,East Somerville
Green,place-esomr,11,Midday (9 AM-4 PM),957,0.0877742946708464,-31.0,554.952380952381,441.5,East Somerville
Green,place-esomr,12,Midday (9 AM-4 PM),939,0.10117145899893504,19.0,556.9578947368421,444.0,East Somerville
Green,place-esomr,13,Midday (9 AM-4 PM),944,0.0858050847457627,0.5,569.6666666666666,428.0,East Somerville
Green,place-esomr,14,Midday (9 AM-4 PM),945,0.0761904761904762,9.0,506.4166666666667,448.0,East Somerville
Green,place-esomr,15,Midday (9 AM-4 PM),936,0.10363247863247864,39.0,534.4432989690722,457.0,East Somerville
Green,place-esomr,16,Evening peak (4-6 PM),973,0.11510791366906475,26.0,574.0089285714286,499.0,East Somerville
Green,place-esomr,17,Evening peak (4-6 PM),955,0.1162303664921466,49.0,568.0450450450451,490.0,East Somerville
Green,place-esomr,18,Night,969,0.1826625386996904,71.0,573.5593220338983,478.0,East Somerville
Green,place-esomr,19,Night,972,0.15020576131687244,47.0,595.7945205479452,497.0,East Somerville
Green,place-esomr,20,Night,1005,0.11741293532338308,8.0,516.8050847457627,466.5,East Somerville
Green,place-esomr,21,Night,940,0.1,21.0,539.9893617021277,462.5,East Somerville
Green,place-esomr,22,Night,1006,0.110337972166998,1.0,539.9009009009009,438.0,East Somerville
Green,place-esomr,23,Night,941,0.1381509032943677,19.0,589.0461538461539,508.0,East Somerville
Green,place-fbkst,0,Early / night,614,0.23289902280130292,31.0,594.9230769230769,521.0,Fairbanks Street
Green,place-fbkst,1,Early / night,215,0.3023255813953488,117.0,740.4461538461538,625.0,Fairbanks Street
Green,place-fbkst,2,Early / night,26,0.2692307692307692,-27.5,687.2857142857143,705.0,Fairbanks Street
Green,place-fbkst,5,Early / night,393,0.04071246819338423,14.0,430.1875,379.0,Fairbanks Street
Green,place-fbkst,6,Early / night,774,0.16279069767441862,62.0,480.3968253968254,420.5,Fairbanks Street
Green,place-fbkst,7,Morning peak (7-9 AM),918,0.0860566448801743,39.5,505.0379746835443,442.0,Fairbanks Street
Green,place-fbkst,8,Morning peak (7-9 AM),976,0.16393442622950818,100.0,495.18125,408.0,Fairbanks Street
Green,place-fbkst,9,Midday (9 AM-4 PM),972,0.2932098765432099,141.0,501.47017543859647,442.0,Fairbanks Street
Green,place-fbkst,10,Midday (9 AM-4 PM),942,0.2653927813163482,131.0,567.656,518.0,Fairbanks Street
Green,place-fbkst,11,Midday (9 AM-4 PM),934,0.22162740899357602,93.5,545.1449275362319,462.0,Fairbanks Street
Green,place-fbkst,12,Midday (9 AM-4 PM),887,0.23675310033821872,98.0,555.6619047619048,476.5,Fairbanks Street
Green,place-fbkst,13,Midday (9 AM-4 PM),922,0.20498915401301518,105.0,546.1957671957672,475.0,Fairbanks Street
Green,place-fbkst,14,Midday (9 AM-4 PM),909,0.21012101210121012,98.0,534.2774869109948,454.0,Fairbanks Street
Green,place-fbkst,15,Midday (9 AM-4 PM),953,0.21196222455403987,96.0,553.3019801980198,486.5,Fairbanks Street
Green,place-fbkst,16,Evening peak (4-6 PM),946,0.26109936575052856,133.0,554.8542510121457,478.0,Fairbanks Street
Green,place-fbkst,17,Evening peak (4-6 PM),891,0.25925925925925924,101.0,562.9177489177489,500.0,Fairbanks Street
Green,place-fbkst,18,Night,927,0.284789644012945,132.0,600.3636363636364,503.5,Fairbanks Street
Green,place-fbkst,19,Night,953,0.21720881427072403,86.0,565.3526570048309,477.0,Fairbanks Street
Green,place-fbkst,20,Night,933,0.3011789924973205,143.0,551.626334519573,496.0,Fairbanks Street
Green,place-fbkst,21,Night,926,0.2473002159827214,83.0,567.117903930131,505.0,Fairbanks Street
Green,place-fbkst,22,Night,872,0.2121559633027523,74.0,577.8810810810811,500.0,Fairbanks Street
Green,place-fbkst,23,Night,800,0.2975,129.5,677.3529411764706,577.5,Fairbanks Street
Green,place-fenwd,0,Early / night,940,0.19042553191489361,-28.5,556.4189944134079,470.0,Fenwood Road
Green,place-fenwd,1,Early / night,161,0.22981366459627328,-40.0,569.7027027027027,515.0,Fenwood Road
Green,place-fenwd,2,Early / night,13,0.3076923076923077,156.0,560.0,542.5,Fenwood Road
Green,place-fenwd,5,Early / night,172,0.023255813953488372,-150.0,510.75,468.0,Fenwood Road
Green,place-fenwd,6,Early / night,800,0.09875,-104.0,484.37974683544303,386.0,Fenwood Road
Green,place-fenwd,7,Morning peak (7-9 AM),912,0.07785087719298246,-151.0,655.3380281690141,517.0,Fenwood Road
Green,place-fenwd,8,Morning peak (7-9 AM),917,0.11014176663031625,-98.0,533.5247524752475,464.0,Fenwood Road
Green,place-fenwd,9,Midday (9 AM-4 PM),949,0.19388830347734456,10.0,502.2282608695652,454.5,Fenwood Road
Green,place-fenwd,10,Midday (9 AM-4 PM),904,0.20243362831858408,-17.5,563.1475409836065,484.0,Fenwood Road
Green,place-fenwd,11,Midday (9 AM-4 PM),891,0.18518518518518517,-24.0,528.260606060606,455.0,Fenwood Road
Green,place-fenwd,12,Midday (9 AM-4 PM),878,0.15945330296127563,-44.0,541.0642857142857,458.0,Fenwood Road
Green,place-fenwd,13,Midday (9 AM-4 PM),947,0.16578669482576558,-33.0,511.9936305732484,433.0,Fenwood Road
Green,place-fenwd,14,Midday (9 AM-4 PM),903,0.17386489479512734,1.0,501.6687898089172,447.0,Fenwood Road
Green,place-fenwd,15,Midday (9 AM-4 PM),939,0.17358892438764642,8.0,564.920245398773,473.0,Fenwood Road
Green,place-fenwd,16,Evening peak (4-6 PM),917,0.2093784078516903,-27.0,551.5260416666666,466.5,Fenwood Road
Green,place-fenwd,17,Evening peak (4-6 PM),900,0.2633333333333333,55.0,594.324894514768,506.0,Fenwood Road
Green,place-fenwd,18,Night,960,0.2760416666666667,99.0,592.4150943396227,502.0,Fenwood Road
Green,place-fenwd,19,Night,957,0.23824451410658307,53.0,620.9298245614035,541.5,Fenwood Road
Green,place-fenwd,20,Night,958,0.13778705636743216,-95.5,610.8333333333334,527.5,Fenwood Road
Green,place-fenwd,21,Night,939,0.13099041533546327,-62.0,601.7967479674796,525.0,Fenwood Road
Green,place-fenwd,22,Night,987,0.24012158054711247,53.0,578.8227848101266,484.0,Fenwood Road
Green,place-fenwd,23,Night,872,0.18807339449541285,-27.0,565.2987804878048,461.0,Fenwood Road
Green,place-fenwy,0,Early / night,664,0.25903614457831325,114.0,609.1860465116279,528.5,Fenway
Green,place-fenwy,1,Early / night,318,0.24213836477987422,36.5,607.038961038961,509.0,Fenway
Green,place-fenwy,2,Early / night,24,0.2916666666666667,181.0,512.7142857142857,404.0,Fenway
Green,place-fenwy,5,Early / night,342,0.0847953216374269,72.5,439.0,422.0,Fenway
Green,place-fenwy,6,Early / night,737,0.17503392130257803,80.0,442.68992248062017,393.0,Fenway
Green,place-fenwy,7,Morning peak (7-9 AM),813,0.21894218942189422,78.0,550.0898876404494,476.5,Fenway
Green,place-fenwy,8,Morning peak (7-9 AM),852,0.2147887323943662,71.0,530.0382513661202,451.0,Fenway
Green,place-fenwy,9,Midday (9 AM-4 PM),869,0.2140391254315305,64.0,563.4784946236559,484.5,Fenway
Green,place-fenwy,10,Midday (9 AM-4 PM),831,0.26233453670276774,77.0,571.3715596330276,462.5,Fenway
Green,place-fenwy,11,Midday (9 AM-4 PM),838,0.2613365155131265,75.5,590.7488584474886,508.0,Fenway
Green,place-fenwy,12,Midday (9 AM-4 PM),813,0.2988929889298893,149.0,564.440329218107,489.0,Fenway
Green,place-fenwy,13,Midday (9 AM-4 PM),866,0.3233256351039261,154.5,581.7535714285714,523.0,Fenway
Green,place-fenwy,14,Midday (9 AM-4 PM),849,0.30859835100117783,166.0,567.3282442748092,493.5,Fenway
Green,place-fenwy,15,Midday (9 AM-4 PM),883,0.3567383918459796,181.0,569.2126984126984,500.0,Fenway
Green,place-fenwy,16,Evening peak (4-6 PM),872,0.36123853211009177,174.5,587.415873015873,507.0,Fenway
Green,place-fenwy,17,Evening peak (4-6 PM),828,0.3188405797101449,147.5,575.3977272727273,486.0,Fenway
Green,place-fenwy,18,Night,865,0.3606936416184971,189.0,598.4583333333334,511.5,Fenway
Green,place-fenwy,19,Night,892,0.3508968609865471,182.0,601.2172523961661,517.0,Fenway
Green,place-fenwy,20,Night,892,0.2948430493273543,136.0,563.2357414448669,472.0,Fenway
Green,place-fenwy,21,Night,879,0.2605233219567691,119.0,561.6899563318777,463.0,Fenway
Green,place-fenwy,22,Night,842,0.27315914489311166,131.0,569.204347826087,468.0,Fenway
Green,place-fenwy,23,Night,829,0.28468033775633295,149.0,597.5805084745763,499.5,Fenway
Green,place-gilmn,0,Early / night,767,0.121251629726206,-43.0,625.4408602150538,542.0,Gilman Square
Green,place-gilmn,1,Early / night,365,0.1232876712328767,-317.0,587.7555555555556,463.0,Gilman Square
Green,place-gilmn,2,Early / night,35,0.02857142857142857,-868.0,374.0,374.0,Gilman Square
Green,place-gilmn,4,Early / night,61,0.0,-544.0,,,Gilman Square
Green,place-gilmn,5,Early / night,776,0.041237113402061855,8.0,540.125,442.0,Gilman Square
Green,place-gilmn,6,Early / night,1141,0.05959684487291849,-27.0,540.6764705882352,402.0,Gilman Square
Green,place-gilmn,7,Morning peak (7-9 AM),987,0.0668693009118541,-10.0,539.2121212121212,426.0,Gilman Square
Green,place-gilmn,8,Morning peak (7-9 AM),966,0.09109730848861283,23.0,509.52272727272725,407.5,Gilman Square
Green,place-gilmn,9,Midday (9 AM-4 PM),963,0.08618899273104881,13.0,459.10843373493975,409.0,Gilman Square
Green,place-gilmn,10,Midday (9 AM-4 PM),952,0.09558823529411764,32.0,514.945054945055,417.0,Gilman Square
Green,place-gilmn,11,Midday (9 AM-4 PM),970,0.10721649484536082,-1.5,546.3846153846154,407.5,Gilman Square
Green,place-gilmn,12,Midday (9 AM-4 PM),913,0.10295728368017525,27.0,563.8936170212766,439.0,Gilman Square
Green,place-gilmn,13,Midday (9 AM-4 PM),951,0.08622502628811778,-2.0,564.280487804878,428.0,Gilman Square
Green,place-gilmn,14,Midday (9 AM-4 PM),921,0.0781758957654723,2.0,512.4722222222222,443.0,Gilman Square
Green,place-gilmn,15,Midday (9 AM-4 PM),936,0.09722222222222222,34.5,527.9230769230769,466.0,Gilman Square
Green,place-gilmn,16,Evening peak (4-6 PM),977,0.10440122824974411,26.0,605.9019607843137,516.0,Gilman Square
Green,place-gilmn,17,Evening peak (4-6 PM),928,0.11961206896551724,37.5,557.027027027027,487.0,Gilman Square
Green,place-gilmn,18,Night,982,0.18126272912423624,67.0,598.1797752808989,495.0,Gilman Square
Green,place-gilmn,19,Night,964,0.1566390041493776,41.0,599.158940397351,512.0,Gilman Square
Green,place-gilmn,20,Night,1009,0.10703666997026759,17.0,538.5185185185185,473.0,Gilman Square
Green,place-gilmn,21,Night,929,0.09580193756727665,8.0,552.1011235955057,463.0,Gilman Square
Green,place-gilmn,22,Night,1014,0.10256410256410256,7.0,559.2403846153846,446.5,Gilman Square
Green,place-gilmn,23,Night,905,0.14806629834254142,28.0,596.9776119402985,495.0,Gilman Square
Green,place-gover,0,Early / night,1484,0.20350404312668463,26.5,572.6655629139073,493.5,Government Center
Green,place-gover,1,Early / night,497,0.2193158953722334,-26.0,579.9724770642201,532.0,Government Center
Green,place-gover,2,Early / night,39,0.10256410256410256,-44.0,374.0,350.5,Government Center
Green,place-gover,5,Early / night,726,0.06336088154269973,22.5,460.6521739130435,398.5,Government Center
Green,place-gover,6,Early / night,1619,0.12970969734403953,14.0,478.2809523809524,434.0,Government Center
Green,place-gover,7,Morning peak (7-9 AM),1686,0.12930011862396204,10.0,566.0045871559633,484.0,Government Center
Green,place-gover,8,Morning peak (7-9 AM),1730,0.17167630057803468,40.0,505.8989898989899,443.0,Government Center
Green,place-gover,9,Midday (9 AM-4 PM),1792,0.19140625,38.0,525.8833819241983,458.0,Government Center
Green,place-gover,10,Midday (9 AM-4 PM),1732,0.21420323325635104,58.5,590.6064690026955,504.0,Government Center
Green,place-gover,11,Midday (9 AM-4 PM),1763,0.21213840045377197,29.0,560.524064171123,489.0,Government Center
Green,place-gover,12,Midday (9 AM-4 PM),1708,0.20374707259953162,31.5,541.7672413793103,465.0,Government Center
Green,place-gover,13,Midday (9 AM-4 PM),1743,0.22776821572002295,89.0,552.7027707808564,484.0,Government Center
Green,place-gover,14,Midday (9 AM-4 PM),1757,0.20546385885031304,60.0,530.3019390581718,444.0,Government Center
Green,place-gover,15,Midday (9 AM-4 PM),1788,0.27348993288590606,120.5,560.5766871165645,492.0,Government Center
Green,place-gover,16,Evening peak (4-6 PM),1779,0.28499156829679595,118.0,590.5384615384615,511.0,Government Center
Green,place-gover,17,Evening peak (4-6 PM),1707,0.3110720562390158,140.0,587.6572504708098,504.0,Government Center
Green,place-gover,18,Night,1801,0.2876179900055525,123.0,599.3764478764479,524.5,Government Center
Green,place-gover,19,Night,1763,0.2892796369824163,93.0,589.2117647058824,512.0,Government Center
Green,place-gover,20,Night,1849,0.19740400216333154,49.0,543.1972602739726,485.0,Government Center
Green,place-gover,21,Night,1765,0.21246458923512748,72.0,558.6586666666667,472.0,Government Center
Green,place-gover,22,Night,1780,0.26853932584269663,110.5,563.1276150627615,479.0,Government Center
Green,place-gover,23,Night,1708,0.2611241217798595,88.5,599.9484304932736,521.5,Government Center
Green,place-grigg,0,Early / night,689,0.1567489114658926,19.0,609.2685185185185,525.0,Griggs Street
Green,place-grigg,1,Early / night,269,0.23048327137546468,12.0,677.6290322580645,559.0,Griggs Street
Green,place-grigg,2,Early / night,27,0.14814814814814814,-250.0,822.75,910.5,Griggs Street
Green,place-grigg,5,Early / night,306,0.0392156862745098,48.0,611.0833333333334,541.0,Griggs Street
Green,place-grigg,6,Early / night,701,0.0884450784593438,33.0,431.5483870967742,381.5,Griggs Street
Green,place-grigg,7,Morning peak (7-9 AM),901,0.05993340732519423,22.0,518.0185185185185,418.5,Griggs Street
Green,place-grigg,8,Morning peak (7-9 AM),922,0.10629067245119306,43.0,538.0204081632653,407.5,Griggs Street
Green,place-grigg,9,Midday (9 AM-4 PM),922,0.1540130151843818,47.0,533.8380281690141,426.0,Griggs Street
Green,place-grigg,10,Midday (9 AM-4 PM),916,0.19104803493449782,65.5,581.64,493.0,Griggs Street
Green,place-grigg,11,Midday (9 AM-4 PM),926,0.20302375809935205,52.0,573.6010638297872,447.5,Griggs Street
Green,place-grigg,12,Midday (9 AM-4 PM),875,0.18971428571428572,35.0,535.066265060241,471.0,Griggs Street
Green,place-grigg,13,Midday (9 AM-4 PM),862,0.2111368909512761,61.5,559.6208791208791,473.0,Griggs Street
Green,place-grigg,14,Midday (9 AM-4 PM),878,0.17084282460136674,47.5,570.3333333333334,524.0,Griggs Street
Green,place-grigg,15,Midday (9 AM-4 PM),902,0.20288248337028825,40.0,572.8306010928961,476.0,Griggs Street
Green,place-grigg,16,Evening peak (4-6 PM),906,0.18984547461368653,19.5,618.8604651162791,525.0,Griggs Street
Green,place-grigg,17,Evening peak (4-6 PM),853,0.2391559202813599,62.0,589.4901960784314,509.0,Griggs Street
Green,place-grigg,18,Night,878,0.2642369020501139,84.0,654.6120689655172,553.0,Griggs Street
Green,place-grigg,19,Night,885,0.21242937853107344,61.0,625.1595744680851,509.5,Griggs Street
Green,place-grigg,20,Night,892,0.23430493273542602,57.0,586.1818181818181,478.0,Griggs Street
Green,place-grigg,21,Night,833,0.18607442977190877,66.0,568.5677419354839,465.0,Griggs Street
Green,place-grigg,22,Night,831,0.20216606498194944,51.0,553.9583333333334,458.0,Griggs Street
Green,place-grigg,23,Night,802,0.2543640897755611,100.0,589.4901960784314,491.0,Griggs Street
Green,place-haecl,0,Early / night,1533,0.1943900848010437,12.0,573.5805369127517,496.5,Haymarket
Green,place-haecl,1,Early / night,496,0.21774193548387097,-20.5,596.324074074074,560.5,Haymarket
Green,place-haecl,2,Early / night,38,0.05263157894736842,-103.5,345.0,345.0,Haymarket
Green,place-haecl,5,Early / night,716,0.06005586592178771,6.0,460.06976744186045,389.0,Haymarket
Green,place-haecl,6,Early / night,1612,0.10794044665012408,-8.0,479.6264367816092,427.0,Haymarket
Green,place-haecl,7,Morning peak (7-9 AM),1698,0.12073027090694935,-18.0,546.6341463414634,462.0,Haymarket
Green,place-haecl,8,Morning peak (7-9 AM),1744,0.14506880733944955,16.0,512.5691699604743,439.0,Haymarket
Green,place-haecl,9,Midday (9 AM-4 PM),1766,0.1636466591166478,19.5,540.6989619377163,489.0,Haymarket
Green,place-haecl,10,Midday (9 AM-4 PM),1736,0.19527649769585254,26.0,592.4218289085545,502.0,Haymarket
Green,place-haecl,11,Midday (9 AM-4 PM),1771,0.1880293619424054,10.0,567.6696696696697,482.0,Haymarket
Green,place-haecl,12,Midday (9 AM-4 PM),1716,0.17715617715617715,7.0,538.0065789473684,469.0,Haymarket
Green,place-haecl,13,Midday (9 AM-4 PM),1742,0.2060849598163031,67.5,556.8941504178273,490.0,Haymarket
Green,place-haecl,14,Midday (9 AM-4 PM),1777,0.17557681485649973,35.0,537.775641025641,455.0,Haymarket
Green,place-haecl,15,Midday (9 AM-4 PM),1774,0.23900789177001128,91.0,552.252358490566,482.5,Haymarket
Green,place-haecl,16,Evening peak (4-6 PM),1803,0.2562396006655574,95.0,603.7445887445888,526.0,Haymarket
Green,place-haecl,17,Evening peak (4-6 PM),1714,0.2677946324387398,91.0,592.9564270152506,506.0,Haymarket
Green,place-haecl,18,Night,1799,0.2695942190105614,96.0,589.9567010309279,518.0,Haymarket
Green,place-haecl,19,Night,1761,0.2731402612152186,66.0,602.6216216216217,518.0,Haymarket
Green,place-haecl,20,Night,1850,0.18486486486486486,42.0,541.014619883041,484.5,Haymarket
Green,place-haecl,21,Night,1775,0.19436619718309858,50.0,555.0,470.0,Haymarket
Green,place-haecl,22,Night,1780,0.251685393258427,93.0,569.6785714285714,486.0,Haymarket
Green,place-haecl,23,Night,1648,0.2487864077669903,85.5,598.509756097561,522.0,Haymarket
Green,place-harvd,0,Early / night,687,0.1572052401746725,-7.0,606.2222222222222,520.5,Harvard Avenue
Green,place-harvd,1,Early / night,265,0.23018867924528302,-5.0,659.639344262295,528.0,Harvard Avenue
Green,place-harvd,2,Early / night,27,0.14814814814814814,-239.0,842.25,929.5,Harvard Avenue
Green,place-harvd,5,Early / night,300,0.03333333333333333,-5.5,763.0,562.0,Harvard Avenue
Green,place-harvd,6,Early / night,718,0.0807799442896936,9.5,432.44827586206895,358.5,Harvard Avenue
Green,place-harvd,7,Morning peak (7-9 AM),890,0.0853932584269663,28.5,472.5,396.0,Harvard Avenue
Green,place-harvd,8,Morning peak (7-9 AM),936,0.11858974358974358,62.0,521.0990990990991,412.0,Harvard Avenue
Green,place-harvd,9,Midday (9 AM-4 PM),929,0.18299246501614638,65.0,496.3705882352941,425.0,Harvard Avenue
Green,place-harvd,10,Midday (9 AM-4 PM),915,0.1912568306010929,70.0,568.4457142857143,468.0,Harvard Avenue
Green,place-harvd,11,Midday (9 AM-4 PM),917,0.1766630316248637,48.0,566.0493827160494,438.0,Harvard Avenue
Green,place-harvd,12,Midday (9 AM-4 PM),870,0.1793103448275862,19.5,513.2948717948718,453.0,Harvard Avenue
Green,place-harvd,13,Midday (9 AM-4 PM),872,0.1720183486238532,51.0,553.96,494.5,Harvard Avenue
Green,place-harvd,14,Midday (9 AM-4 PM),878,0.15148063781321183,39.0,558.2330827067669,499.0,Harvard Avenue
Green,place-harvd,15,Midday (9 AM-4 PM),898,0.17260579064587972,20.0,570.5225806451613,463.0,Harvard Avenue
Green,place-harvd,16,Evening peak (4-6 PM),894,0.17225950782997762,12.0,593.525974025974,500.0,Harvard Avenue
Green,place-harvd,17,Evening peak (4-6 PM),866,0.20554272517321015,55.5,573.4157303370787,491.0,Harvard Avenue
Green,place-harvd,18,Night,882,0.24263038548752835,77.0,632.1775700934579,537.0,Harvard Avenue
Green,place-harvd,19,Night,891,0.20875420875420875,54.0,597.2741935483871,465.5,Harvard Avenue
Green,place-harvd,20,Night,882,0.21201814058956917,37.0,559.6096256684492,443.0,Harvard Avenue
Green,place-harvd,21,Night,845,0.16449704142011834,52.0,542.0143884892086,463.0,Harvard Avenue
Green,place-harvd,22,Night,827,0.1825876662636034,20.0,548.682119205298,481.0,Harvard Avenue
Green,place-harvd,23,Night,797,0.19698870765370138,47.0,628.7770700636943,529.0,Harvard Avenue
Green,place-hsmnl,23,Night,1,0.0,284.0,,,Heath Street
Green,place-hwsst,0,Early / night,653,0.222052067381317,52.0,637.2827586206896,554.0,Hawes Street
Green,place-hwsst,1,Early / night,177,0.3559322033898305,211.0,713.3968253968254,605.0,Hawes Street
Green,place-hwsst,2,Early / night,23,0.13043478260869565,-30.0,543.0,478.0,Hawes Street
Green,place-hwsst,5,Early / night,350,0.045714285714285714,43.0,393.0,349.0,Hawes Street
Green,place-hwsst,6,Early / night,798,0.16416040100250626,87.0,468.2977099236641,408.0,Hawes Street
Green,place-hwsst,7,Morning peak (7-9 AM),935,0.09946524064171124,33.0,482.1182795698925,401.0,Hawes Street
Green,place-hwsst,8,Morning peak (7-9 AM),955,0.2031413612565445,118.0,479.80927835051546,410.0,Hawes Street
Green,place-hwsst,9,Midday (9 AM-4 PM),983,0.30010172939979657,160.0,501.95932203389833,451.0,Hawes Street
Green,place-hwsst,10,Midday (9 AM-4 PM),967,0.23888314374353672,100.0,561.7272727272727,479.0,Hawes Street
Green,place-hwsst,11,Midday (9 AM-4 PM),921,0.24538545059717698,122.0,509.53982300884957,431.5,Hawes Street
Green,place-hwsst,12,Midday (9 AM-4 PM),903,0.21705426356589147,108.0,534.5816326530612,445.0,Hawes Street
Green,place-hwsst,13,Midday (9 AM-4 PM),921,0.247557003257329,125.0,543.8991228070175,481.5,Hawes Street
Green,place-hwsst,14,Midday (9 AM-4 PM),967,0.2419855222337125,120.0,518.5940170940171,460.0,Hawes Street
Green,place-hwsst,15,Midday (9 AM-4 PM),961,0.2570239334027055,128.0,534.4696356275304,461.0,Hawes Street
Green,place-hwsst,16,Evening peak (4-6 PM),941,0.2507970244420829,113.0,540.5,465.0,Hawes Street
Green,place-hwsst,17,Evening peak (4-6 PM),906,0.2869757174392936,116.0,552.8230769230769,476.0,Hawes Street
Green,place-hwsst,18,Night,940,0.2648936170212766,106.0,617.1325301204819,516.0,Hawes Street
Green,place-hwsst,19,Night,950,0.27052631578947367,149.0,519.3774319066148,451.0,Hawes Street
Green,place-hwsst,20,Night,944,0.3252118644067797,175.0,523.5993485342019,479.0,Hawes Street
Green,place-hwsst,21,Night,911,0.2502744237102086,123.0,543.390350877193,497.0,Hawes Street
Green,place-hwsst,22,Night,877,0.2633979475484607,136.0,545.08658008658,478.0,Hawes Street
Green,place-hwsst,23,Night,809,0.3720642768850433,203.0,620.6212624584717,516.0,Hawes Street
Green,place-hymnl,0,Early / night,2073,0.2522913651712494,100.0,602.5831739961759,506.0,Hynes Convention Center
Green,place-hymnl,1,Early / night,593,0.2596964586846543,60.0,631.5649350649351,529.5,Hynes Convention Center
Green,place-hymnl,2,Early / night,55,0.16363636363636364,46.0,466.1111111111111,428.0,Hynes Convention Center
Green,place-hymnl,5,Early / night,1032,0.061046511627906974,19.0,437.73015873015873,378.0,Hynes Convention Center
Green,place-hymnl,6,Early / night,2368,0.12880067567567569,50.0,468.04590163934427,422.0,Hynes Convention Center
Green,place-hymnl,7,Morning peak (7-9 AM),2498,0.11529223378702963,-15.0,548.8506944444445,470.0,Hynes Convention Center
Green,place-hymnl,8,Morning peak (7-9 AM),2660,0.17781954887218046,73.0,499.2980972515856,424.0,Hynes Convention Center
Green,place-hymnl,9,Midday (9 AM-4 PM),2711,0.2349686462559941,94.0,515.6436420722135,451.0,Hynes Convention Center
Green,place-hymnl,10,Midday (9 AM-4 PM),2621,0.2533384204502098,95.0,576.152108433735,479.0,Hynes Convention Center
Green,place-hymnl,11,Midday (9 AM-4 PM),2563,0.24541552867733124,82.0,568.0683624801272,483.0,Hynes Convention Center
Green,place-hymnl,12,Midday (9 AM-4 PM),2539,0.25167388735722723,101.0,532.960876369327,469.0,Hynes Convention Center
Green,place-hymnl,13,Midday (9 AM-4 PM),2555,0.2594911937377691,116.0,553.6033182503771,495.0,Hynes Convention Center
Green,place-hymnl,14,Midday (9 AM-4 PM),2620,0.2435114503816794,98.0,554.9529780564263,476.0,Hynes Convention Center
Green,place-hymnl,15,Midday (9 AM-4 PM),2619,0.28751431844215347,129.0,554.6241699867198,488.0,Hynes Convention Center
Green,place-hymnl,16,Evening peak (4-6 PM),2598,0.26520400307929176,88.0,572.0493468795355,501.0,Hynes Convention Center
Green,place-hymnl,17,Evening peak (4-6 PM),2516,0.29252782193958665,119.0,576.5923913043479,501.5,Hynes Convention Center
Green,place-hymnl,18,Night,2601,0.27835447904652055,111.0,606.0303867403314,523.0,Hynes Convention Center
Green,place-hymnl,19,Night,2617,0.30034390523500193,138.0,574.6055979643766,496.5,Hynes Convention Center
Green,place-hymnl,20,Night,2615,0.2780114722753346,127.0,542.5983493810179,475.0,Hynes Convention Center
Green,place-hymnl,21,Night,2555,0.2669275929549902,138.0,536.4941348973607,478.5,Hynes Convention Center
Green,place-hymnl,22,Night,2452,0.3323817292006525,170.5,570.2073619631902,481.0,Hynes Convention Center
Green,place-hymnl,23,Night,2439,0.2956129561295613,140.0,594.5589459084605,487.0,Hynes Convention Center
Green,place-kencl,0,Early / night,2031,0.24421467257508617,91.0,594.6370967741935,507.0,Kenmore
Green,place-kencl,1,Early / night,636,0.24371069182389937,48.0,643.3935483870968,514.0,Kenmore
Green,place-kencl,2,Early / night,62,0.16129032258064516,13.0,511.8,443.0,Kenmore
Green,place-kencl,5,Early / night,1102,0.06352087114337568,12.5,413.54285714285714,367.5,Kenmore
Green,place-kencl,6,Early / night,2380,0.1319327731092437,47.0,456.56050955414014,402.5,Kenmore
Green,place-kencl,7,Morning peak (7-9 AM),2576,0.11684782608695653,-12.0,541.2059800664451,455.0,Kenmore
Green,place-kencl,8,Morning peak (7-9 AM),2737,0.17500913408841798,74.0,504.0814196242171,435.0,Kenmore
Green,place-kencl,9,Midday (9 AM-4 PM),2758,0.22951414068165338,85.0,508.44391785150077,441.0,Kenmore
Green,place-kencl,10,Midday (9 AM-4 PM),2700,0.2388888888888889,81.0,572.6573643410853,480.0,Kenmore
Green,place-kencl,11,Midday (9 AM-4 PM),2627,0.23905595736581653,79.0,561.0828025477707,467.5,Kenmore
Green,place-kencl,12,Midday (9 AM-4 PM),2602,0.24327440430438124,84.0,535.5766192733017,464.0,Kenmore
Green,place-kencl,13,Midday (9 AM-4 PM),2605,0.2476007677543186,112.0,560.2418604651162,505.0,Kenmore
Green,place-kencl,14,Midday (9 AM-4 PM),2676,0.23766816143497757,90.5,545.4575471698113,469.0,Kenmore
Green,place-kencl,15,Midday (9 AM-4 PM),2688,0.2700892857142857,117.0,557.1928374655647,495.0,Kenmore
Green,place-kencl,16,Evening peak (4-6 PM),2651,0.25952470765748775,75.0,580.1002906976744,510.0,Kenmore
Green,place-kencl,17,Evening peak (4-6 PM),2573,0.28177225029148856,107.0,574.5862068965517,510.0,Kenmore
Green,place-kencl,18,Night,2675,0.2758878504672897,106.0,604.3577235772358,510.0,Kenmore
Green,place-kencl,19,Night,2672,0.2870508982035928,117.0,566.4524119947848,485.0,Kenmore
Green,place-kencl,20,Night,2680,0.26417910447761195,124.0,554.4152542372881,484.0,Kenmore
Green,place-kencl,21,Night,2619,0.2596410843833524,116.0,532.375,465.5,Kenmore
Green,place-kencl,22,Night,2502,0.2973621103117506,151.0,556.9905913978495,468.5,Kenmore
Green,place-kencl,23,Night,2414,0.28541839270919633,127.0,596.2046444121916,484.0,Kenmore
Green,place-kntst,0,Early / night,648,0.2175925925925926,38.5,628.886524822695,538.0,Kent Street
Green,place-kntst,1,Early / night,177,0.3389830508474576,187.0,738.9833333333333,645.0,Kent Street
Green,place-kntst,2,Early / night,23,0.13043478260869565,-56.0,514.6666666666666,451.0,Kent Street
Green,place-kntst,5,Early / night,359,0.03899721448467967,47.0,405.92857142857144,352.5,Kent Street
Green,place-kntst,6,Early / night,789,0.15082382762991128,85.0,468.672268907563,413.0,Kent Street
Green,place-kntst,7,Morning peak (7-9 AM),939,0.09371671991480299,48.0,494.8181818181818,430.0,Kent Street
Green,place-kntst,8,Morning peak (7-9 AM),960,0.203125,122.0,484.84615384615387,420.0,Kent Street
Green,place-kntst,9,Midday (9 AM-4 PM),977,0.3111566018423746,171.0,493.24013157894734,433.0,Kent Street
Green,place-kntst,10,Midday (9 AM-4 PM),969,0.2518059855521156,130.0,555.6311475409836,479.5,Kent Street
Green,place-kntst,11,Midday (9 AM-4 PM),924,0.22835497835497837,117.0,511.8483412322275,451.0,Kent Street
Green,place-kntst,12,Midday (9 AM-4 PM),896,0.21316964285714285,93.5,530.0994764397906,446.0,Kent Street
Green,place-kntst,13,Midday (9 AM-4 PM),927,0.2308522114347357,113.0,542.5093457943925,476.0,Kent Street
Green,place-kntst,14,Midday (9 AM-4 PM),955,0.2324607329842932,101.0,514.9099099099099,434.0,Kent Street
Green,place-kntst,15,Midday (9 AM-4 PM),956,0.23117154811715482,112.0,545.393665158371,484.0,Kent Street
Green,place-kntst,16,Evening peak (4-6 PM),937,0.2742796157950907,142.0,531.0544747081713,452.0,Kent Street
Green,place-kntst,17,Evening peak (4-6 PM),909,0.3047304730473047,140.0,544.1371841155235,466.0,Kent Street
Green,place-kntst,18,Night,936,0.2841880341880342,133.0,607.3834586466165,513.0,Kent Street
Green,place-kntst,19,Night,954,0.24528301886792453,130.0,530.5854700854701,468.0,Kent Street
Green,place-kntst,20,Night,927,0.2988133764832794,170.0,536.5595667870036,497.0,Kent Street
Green,place-kntst,21,Night,915,0.2502732240437158,127.0,541.5414847161572,491.0,Kent Street
Green,place-kntst,22,Night,873,0.2611683848797251,136.0,540.9078947368421,477.0,Kent Street
Green,place-kntst,23,Night,804,0.3582089552238806,201.0,622.9583333333334,513.5,Kent Street
Green,place-lech,0,Early / night,1568,0.16964285714285715,-14.0,576.9774436090225,499.0,Lechmere
Green,place-lech,1,Early / night,558,0.1935483870967742,-75.5,610.5648148148148,530.5,Lechmere
Green,place-lech,2,Early / night,58,0.06896551724137931,-224.5,564.0,560.5,Lechmere
Green,place-lech,5,Early / night,793,0.06557377049180328,14.0,468.15384615384613,425.0,Lechmere
Green,place-lech,6,Early / night,1655,0.07854984894259819,-15.0,537.0846153846154,444.5,Lechmere
Green,place-lech,7,Morning peak (7-9 AM),1730,0.09190751445086705,-28.0,540.8553459119497,457.0,Lechmere
Green,place-lech,8,Morning peak (7-9 AM),1774,0.12570462232243518,-18.0,506.0,427.0,Lechmere
Green,place-lech,9,Midday (9 AM-4 PM),1815,0.1371900826446281,-6.0,542.9759036144578,472.0,Lechmere
Green,place-lech,10,Midday (9 AM-4 PM),1732,0.16859122401847576,11.5,583.3424657534247,485.0,Lechmere
Green,place-lech,11,Midday (9 AM-4 PM),1805,0.15124653739612187,-15.0,594.7326007326008,510.0,Lechmere
Green,place-lech,12,Midday (9 AM-4 PM),1762,0.16912599318955732,5.5,559.7852348993289,477.5,Lechmere
Green,place-lech,13,Midday (9 AM-4 PM),1797,0.1880912632164719,44.0,549.1331360946746,460.0,Lechmere
Green,place-lech,14,Midday (9 AM-4 PM),1815,0.14820936639118457,20.0,553.6468401486989,475.0,Lechmere
Green,place-lech,15,Midday (9 AM-4 PM),1776,0.18806306306306306,59.0,563.0958083832336,484.0,Lechmere
Green,place-lech,16,Evening peak (4-6 PM),1823,0.21777290181020295,70.0,600.3879093198992,537.0,Lechmere
Green,place-lech,17,Evening peak (4-6 PM),1769,0.22781232334652346,56.0,599.0173697270471,508.0,Lechmere
Green,place-lech,18,Night,1839,0.24469820554649266,83.0,599.0266666666666,500.0,Lechmere
Green,place-lech,19,Night,1823,0.23148656061437192,49.0,596.9478672985782,523.0,Lechmere
Green,place-lech,20,Night,1886,0.16383881230116648,34.0,542.6084142394822,478.0,Lechmere
Green,place-lech,21,Night,1787,0.16116396194739788,20.0,563.8715277777778,469.5,Lechmere
Green,place-lech,22,Night,1839,0.19249592169657423,39.0,601.6638418079096,494.5,Lechmere
Green,place-lech,23,Night,1709,0.21533060269163254,46.0,622.2961956521739,531.5,Lechmere
Green,place-lngmd,0,Early / night,929,0.1797631862217438,-34.0,557.0419161676647,483.0,Longwood Medical Area
Green,place-lngmd,1,Early / night,174,0.1839080459770115,-56.0,566.875,493.0,Longwood Medical Area
Green,place-lngmd,2,Early / night,11,0.18181818181818182,70.0,626.5,626.5,Longwood Medical Area
Green,place-lngmd,5,Early / night,200,0.035,-113.5,529.5714285714286,397.0,Longwood Medical Area
Green,place-lngmd,6,Early / night,804,0.07835820895522388,-138.5,484.57142857142856,437.0,Longwood Medical Area
Green,place-lngmd,7,Morning peak (7-9 AM),961,0.07180020811654526,-183.0,682.6086956521739,573.0,Longwood Medical Area
Green,place-lngmd,8,Morning peak (7-9 AM),944,0.10063559322033898,-100.0,538.2526315789473,434.0,Longwood Medical Area
Green,place-lngmd,9,Midday (9 AM-4 PM),983,0.17293997965412003,-18.0,479.29411764705884,430.5,Longwood Medical Area
Green,place-lngmd,10,Midday (9 AM-4 PM),979,0.17058222676200205,-23.0,586.1017964071856,508.0,Longwood Medical Area
Green,place-lngmd,11,Midday (9 AM-4 PM),927,0.15318230852211434,-42.0,537.3380281690141,468.0,Longwood Medical Area
Green,place-lngmd,12,Midday (9 AM-4 PM),931,0.14930182599355532,-73.0,547.1654676258993,449.0,Longwood Medical Area
Green,place-lngmd,13,Midday (9 AM-4 PM),950,0.12736842105263158,-43.5,524.6198347107438,435.0,Longwood Medical Area
Green,place-lngmd,14,Midday (9 AM-4 PM),928,0.1497844827586207,1.5,511.8201438848921,433.0,Longwood Medical Area
Green,place-lngmd,15,Midday (9 AM-4 PM),965,0.14404145077720207,-22.0,571.4892086330935,468.0,Longwood Medical Area
Green,place-lngmd,16,Evening peak (4-6 PM),975,0.16307692307692306,-63.0,563.3647798742138,465.0,Longwood Medical Area
Green,place-lngmd,17,Evening peak (4-6 PM),906,0.23730684326710816,31.5,578.5906976744186,513.0,Longwood Medical Area
Green,place-lngmd,18,Night,983,0.25127161749745675,86.0,581.744939271255,500.0,Longwood Medical Area
Green,place-lngmd,19,Night,986,0.23935091277890466,36.0,572.6652542372881,500.0,Longwood Medical Area
Green,place-lngmd,20,Night,954,0.12054507337526206,-115.5,607.5565217391304,512.0,Longwood Medical Area
Green,place-lngmd,21,Night,967,0.1282316442605998,-60.0,583.6854838709677,488.5,Longwood Medical Area
Green,place-lngmd,22,Night,995,0.207035175879397,32.0,585.2864077669902,468.0,Longwood Medical Area
Green,place-lngmd,23,Night,907,0.1631753031973539,-31.0,551.0540540540541,465.0,Longwood Medical Area
Green,place-longw,0,Early / night,649,0.2773497688751926,134.0,589.9666666666667,511.0,Longwood
Green,place-longw,1,Early / night,342,0.2719298245614035,71.5,632.7311827956989,529.0,Longwood
Green,place-longw,2,Early / night,27,0.37037037037037035,240.0,644.7,471.0,Longwood
Green,place-longw,5,Early / night,324,0.05246913580246913,46.0,457.0,442.0,Longwood
Green,place-longw,6,Early / night,757,0.14134742404227213,65.0,481.7196261682243,429.0,Longwood
Green,place-longw,7,Morning peak (7-9 AM),815,0.22208588957055214,71.0,544.8342541436464,461.0,Longwood
Green,place-longw,8,Morning peak (7-9 AM),860,0.2058139534883721,74.0,548.5593220338983,467.0,Longwood
Green,place-longw,9,Midday (9 AM-4 PM),872,0.21444954128440366,75.0,563.6096256684492,481.0,Longwood
Green,place-longw,10,Midday (9 AM-4 PM),836,0.25717703349282295,73.5,564.8,456.0,Longwood
Green,place-longw,11,Midday (9 AM-4 PM),833,0.27490996398559425,89.0,584.296943231441,498.0,Longwood
Green,place-longw,12,Midday (9 AM-4 PM),820,0.31341463414634146,162.5,561.1945525291828,477.0,Longwood
Green,place-longw,13,Midday (9 AM-4 PM),875,0.3211428571428571,159.0,584.7508896797153,521.0,Longwood
Green,place-longw,14,Midday (9 AM-4 PM),856,0.3341121495327103,177.5,558.9615384615385,472.0,Longwood
Green,place-longw,15,Midday (9 AM-4 PM),884,0.35294117647058826,177.0,583.2339743589744,508.5,Longwood
Green,place-longw,16,Evening peak (4-6 PM),866,0.37759815242494227,187.5,589.3149847094801,516.0,Longwood
Green,place-longw,17,Evening peak (4-6 PM),837,0.3333333333333333,165.0,574.1720430107526,502.0,Longwood
Green,place-longw,18,Night,868,0.3882488479262673,206.0,603.2818991097923,504.0,Longwood
Green,place-longw,19,Night,897,0.3600891861761427,188.0,598.9164086687307,511.0,Longwood
Green,place-longw,20,Night,894,0.3053691275167785,146.5,566.040293040293,485.0,Longwood
Green,place-longw,21,Night,883,0.2853907134767837,134.0,563.25,459.5,Longwood
Green,place-longw,22,Night,849,0.2850412249705536,138.0,572.305785123967,478.0,Longwood
Green,place-longw,23,Night,848,0.2794811320754717,144.0,592.8902953586498,479.0,Longwood
Green,place-mfa,0,Early / night,936,0.1623931623931624,-23.0,553.8815789473684,480.5,Museum of Fine Arts
Green,place-mfa,1,Early / night,180,0.17777777777777778,-92.0,540.1875,466.0,Museum of Fine Arts
Green,place-mfa,2,Early / night,10,0.2,153.5,577.0,577.0,Museum of Fine Arts
Green,place-mfa,5,Early / night,194,0.020618556701030927,-96.0,639.0,612.0,Museum of Fine Arts
Green,place-mfa,6,Early / night,809,0.07045735475896168,-158.0,484.12280701754383,422.0,Museum of Fine Arts
Green,place-mfa,7,Morning peak (7-9 AM),963,0.07580477673935618,-163.0,669.1506849315068,574.0,Museum of Fine Arts
Green,place-mfa,8,Morning peak (7-9 AM),941,0.09564293304994687,-116.0,551.3555555555556,472.5,Museum of Fine Arts
Green,place-mfa,9,Midday (9 AM-4 PM),982,0.17209775967413443,-12.5,486.2603550295858,442.0,Museum of Fine Arts
Green,place-mfa,10,Midday (9 AM-4 PM),968,0.17665289256198347,-25.0,582.0409356725146,508.0,Museum of Fine Arts
Green,place-mfa,11,Midday (9 AM-4 PM),931,0.15574650912996776,-49.0,541.5034482758621,469.0,Museum of Fine Arts
Green,place-mfa,12,Midday (9 AM-4 PM),929,0.155005382131324,-56.0,548.2847222222222,455.0,Museum of Fine Arts
Green,place-mfa,13,Midday (9 AM-4 PM),962,0.12162162162162163,-57.0,512.4786324786324,438.0,Museum of Fine Arts
Green,place-mfa,14,Midday (9 AM-4 PM),927,0.15965480043149946,2.0,499.68918918918916,440.5,Museum of Fine Arts
Green,place-mfa,15,Midday (9 AM-4 PM),967,0.17063081695966908,1.0,560.6969696969697,459.0,Museum of Fine Arts
Green,place-mfa,16,Evening peak (4-6 PM),973,0.1685508735868448,-44.0,576.3780487804878,491.5,Museum of Fine Arts
Green,place-mfa,17,Evening peak (4-6 PM),922,0.2472885032537961,41.5,584.8859649122807,515.0,Museum of Fine Arts
Green,place-mfa,18,Night,983,0.2461851475076297,80.0,587.1694214876034,514.0,Museum of Fine Arts
Green,place-mfa,19,Night,975,0.23487179487179488,38.0,588.240174672489,505.0,Museum of Fine Arts
Green,place-mfa,20,Night,944,0.1281779661016949,-108.5,580.4793388429752,481.0,Museum of Fine Arts
Green,place-mfa,21,Night,973,0.12846865364850976,-43.0,591.696,512.0,Museum of Fine Arts
Green,place-mfa,22,Night,986,0.2231237322515213,38.0,584.2227272727273,469.5,Museum of Fine Arts
Green,place-mfa,23,Night,926,0.18034557235421167,-6.5,558.0,477.0,Museum of Fine Arts
Green,place-mgngl,0,Early / night,712,0.1151685393258427,-104.5,647.4878048780488,557.0,Magoun Square
Green,place-mgngl,1,Early / night,380,0.12368421052631579,-330.0,601.8297872340426,482.0,Magoun Square
Green,place-mgngl,2,Early / night,35,0.02857142857142857,-888.0,352.0,352.0,Magoun Square
Green,place-mgngl,4,Early / night,52,0.0,-558.0,,,Magoun Square
Green,place-mgngl,5,Early / night,785,0.04331210191082802,15.0,518.6176470588235,426.5,Magoun Square
Green,place-mgngl,6,Early / night,1151,0.05386620330147698,-37.0,529.2741935483871,415.5,Magoun Square
Green,place-mgngl,7,Morning peak (7-9 AM),992,0.0655241935483871,-7.0,546.2153846153847,432.0,Magoun Square
Green,place-mgngl,8,Morning peak (7-9 AM),955,0.0774869109947644,21.0,519.2837837837837,408.5,Magoun Square
Green,place-mgngl,9,Midday (9 AM-4 PM),961,0.08220603537981269,10.0,452.2025316455696,407.0,Magoun Square
Green,place-mgngl,10,Midday (9 AM-4 PM),941,0.09458023379383634,32.0,515.7415730337078,423.0,Magoun Square
Green,place-mgngl,11,Midday (9 AM-4 PM),962,0.10602910602910603,-2.0,541.3235294117648,415.0,Magoun Square
Green,place-mgngl,12,Midday (9 AM-4 PM),914,0.0962800875273523,28.5,583.0681818181819,447.5,Magoun Square
Green,place-mgngl,13,Midday (9 AM-4 PM),953,0.08604407135362015,8.0,547.2073170731708,421.0,Magoun Square
Green,place-mgngl,14,Midday (9 AM-4 PM),934,0.08137044967880086,10.5,511.64473684210526,454.5,Magoun Square
Green,place-mgngl,15,Midday (9 AM-4 PM),912,0.09649122807017543,35.5,544.2272727272727,453.5,Magoun Square
Green,place-mgngl,16,Evening peak (4-6 PM),977,0.10337768679631525,31.0,615.8316831683169,533.0,Magoun Square
Green,place-mgngl,17,Evening peak (4-6 PM),941,0.11477151965993623,45.0,548.425925925926,482.0,Magoun Square
Green,place-mgngl,18,Night,958,0.19102296450939457,77.0,600.6065573770492,497.0,Magoun Square
Green,place-mgngl,19,Night,967,0.15511892450879008,47.0,600.1133333333333,515.0,Magoun Square
Green,place-mgngl,20,Night,1001,0.11388611388611389,29.0,524.8947368421053,466.0,Magoun Square
Green,place-mgngl,21,Night,934,0.09314775160599571,22.0,550.8735632183908,457.0,Magoun Square
Green,place-mgngl,22,Night,1004,0.10856573705179283,24.0,557.2110091743119,451.0,Magoun Square
Green,place-mgngl,23,Night,944,0.1440677966101695,38.0,596.3897058823529,501.0,Magoun Square
Green,place-mispk,0,Early / night,947,0.16578669482576558,-61.0,549.0254777070064,457.0,Mission Park
Green,place-mispk,1,Early / night,154,0.21428571428571427,3.0,582.1818181818181,489.0,Mission Park
Green,place-mispk,2,Early / night,15,0.26666666666666666,269.0,540.0,502.5,Mission Park
Green,place-mispk,5,Early / night,189,0.021164021164021163,-255.0,476.0,452.0,Mission Park
Green,place-mispk,6,Early / night,782,0.07672634271099744,-165.0,504.71666666666664,426.5,Mission Park
Green,place-mispk,7,Morning peak (7-9 AM),938,0.07142857142857142,-196.0,644.3880597014926,512.0,Mission Park
Green,place-mispk,8,Morning peak (7-9 AM),907,0.09151047409040794,-145.0,538.7831325301205,453.0,Mission Park
Green,place-mispk,9,Midday (9 AM-4 PM),945,0.17037037037037037,-27.0,488.93167701863354,450.0,Mission Park
Green,place-mispk,10,Midday (9 AM-4 PM),899,0.1668520578420467,-59.0,561.8466666666667,500.5,Mission Park
Green,place-mispk,11,Midday (9 AM-4 PM),897,0.13377926421404682,-85.0,550.2666666666667,458.5,Mission Park
Green,place-mispk,12,Midday (9 AM-4 PM),884,0.1334841628959276,-89.5,548.4152542372881,483.0,Mission Park
Green,place-mispk,13,Midday (9 AM-4 PM),943,0.13361611876988336,-72.0,514.563492063492,444.0,Mission Park
Green,place-mispk,14,Midday (9 AM-4 PM),892,0.12780269058295965,-48.5,522.359649122807,435.0,Mission Park
Green,place-mispk,15,Midday (9 AM-4 PM),950,0.13473684210526315,-57.0,581.6171875,476.5,Mission Park
Green,place-mispk,16,Evening peak (4-6 PM),924,0.15151515151515152,-109.0,530.8642857142858,467.5,Mission Park
Green,place-mispk,17,Evening peak (4-6 PM),899,0.22469410456062291,-24.0,560.950495049505,456.0,Mission Park
Green,place-mispk,18,Night,956,0.22698744769874477,53.5,595.3778801843318,526.0,Mission Park
Green,place-mispk,19,Night,959,0.21793534932221065,-4.0,593.1722488038278,513.0,Mission Park
Green,place-mispk,20,Night,945,0.1164021164021164,-152.0,619.6272727272727,517.5,Mission Park
Green,place-mispk,21,Night,960,0.121875,-108.5,589.3760683760684,499.0,Mission Park
Green,place-mispk,22,Night,979,0.20633299284984677,1.0,562.4851485148515,461.5,Mission Park
Green,place-mispk,23,Night,853,0.15123094958968347,-71.0,579.7984496124031,472.0,Mission Park
Green,place-newtn,0,Early / night,526,0.25475285171102663,102.5,595.6194029850747,500.0,Newton Highlands
Green,place-newtn,1,Early / night,419,0.29832935560859186,81.0,615.448,537.0,Newton Highlands
Green,place-newtn,2,Early / night,53,0.37735849056603776,134.0,722.75,590.0,Newton Highlands
Green,place-newtn,5,Early / night,390,0.05641025641025641,90.0,397.6818181818182,369.5,Newton Highlands
Green,place-newtn,6,Early / night,669,0.13602391629297458,91.0,486.4725274725275,411.0,Newton Highlands
Green,place-newtn,7,Morning peak (7-9 AM),785,0.1503184713375796,77.0,541.7796610169491,464.5,Newton Highlands
Green,place-newtn,8,Morning peak (7-9 AM),830,0.20481927710843373,105.0,541.6058823529412,488.5,Newton Highlands
Green,place-newtn,9,Midday (9 AM-4 PM),849,0.2508833922261484,109.0,533.1408450704225,458.0,Newton Highlands
Green,place-newtn,10,Midday (9 AM-4 PM),827,0.2067714631197098,70.0,559.3918128654971,454.0,Newton Highlands
Green,place-newtn,11,Midday (9 AM-4 PM),817,0.25091799265605874,107.0,557.170731707317,484.0,Newton Highlands
Green,place-newtn,12,Midday (9 AM-4 PM),845,0.28994082840236685,141.0,586.7551020408164,499.0,Newton Highlands
Green,place-newtn,13,Midday (9 AM-4 PM),831,0.2527075812274368,128.0,580.6904761904761,494.5,Newton Highlands
Green,place-newtn,14,Midday (9 AM-4 PM),858,0.3006993006993007,149.5,591.8449612403101,501.0,Newton Highlands
Green,place-newtn,15,Midday (9 AM-4 PM),883,0.3465458663646659,185.0,567.0686274509804,486.5,Newton Highlands
Green,place-newtn,16,Evening peak (4-6 PM),847,0.3152302243211334,139.0,566.5205992509364,481.0,Newton Highlands
Green,place-newtn,17,Evening peak (4-6 PM),837,0.3309438470728793,172.0,580.4368231046932,508.0,Newton Highlands
Green,place-newtn,18,Night,813,0.3284132841328413,182.0,625.1947565543071,533.0,Newton Highlands
Green,place-newtn,19,Night,932,0.33583690987124465,187.0,583.1277955271565,519.0,Newton Highlands
Green,place-newtn,20,Night,847,0.3140495867768595,161.0,592.9436090225564,502.5,Newton Highlands
Green,place-newtn,21,Night,899,0.26918798665183535,150.0,567.7768595041322,480.5,Newton Highlands
Green,place-newtn,22,Night,779,0.3337612323491656,175.0,571.15,490.5,Newton Highlands
Green,place-newtn,23,Night,863,0.287369640787949,170.0,607.4556451612904,511.5,Newton Highlands
Green,place-newto,0,Early / night,533,0.2589118198874296,97.0,587.2463768115942,484.0,Newton Centre
Green,place-newto,1,Early / night,411,0.30170316301703165,84.0,614.1290322580645,539.0,Newton Centre
Green,place-newto,2,Early / night,49,0.32653061224489793,141.0,730.125,582.0,Newton Centre
Green,place-newto,5,Early / night,383,0.044386422976501305,89.0,432.4117647058824,422.0,Newton Centre
Green,place-newto,6,Early / night,682,0.15395894428152493,95.0,479.6952380952381,397.0,Newton Centre
Green,place-newto,7,Morning peak (7-9 AM),768,0.16276041666666666,75.5,554.776,468.0,Newton Centre
Green,place-newto,8,Morning peak (7-9 AM),848,0.19221698113207547,95.5,552.2024539877301,496.0,Newton Centre
Green,place-newto,9,Midday (9 AM-4 PM),841,0.23543400713436385,103.0,554.5353535353536,481.5,Newton Centre
Green,place-newto,10,Midday (9 AM-4 PM),837,0.2078853046594982,54.0,558.3620689655172,449.5,Newton Centre
Green,place-newto,11,Midday (9 AM-4 PM),818,0.2506112469437653,92.0,575.0829268292683,486.0,Newton Centre
Green,place-newto,12,Midday (9 AM-4 PM),847,0.2892561983471074,135.0,568.3469387755102,486.0,Newton Centre
Green,place-newto,13,Midday (9 AM-4 PM),843,0.2514827995255042,118.0,572.1084905660377,490.5,Newton Centre
Green,place-newto,14,Midday (9 AM-4 PM),850,0.2988235294117647,160.5,596.0511811023622,506.5,Newton Centre
Green,place-newto,15,Midday (9 AM-4 PM),889,0.344206974128234,179.0,564.8790849673203,484.5,Newton Centre
Green,place-newto,16,Evening peak (4-6 PM),855,0.29005847953216374,112.0,584.5846774193549,496.0,Newton Centre
Green,place-newto,17,Evening peak (4-6 PM),837,0.2939068100358423,144.0,585.219512195122,506.5,Newton Centre
Green,place-newto,18,Night,831,0.3164861612515042,176.0,618.9087452471483,542.0,Newton Centre
Green,place-newto,19,Night,905,0.3624309392265193,193.0,575.6829268292682,509.0,Newton Centre
Green,place-newto,20,Night,867,0.30680507497116494,167.0,579.312030075188,490.0,Newton Centre
Green,place-newto,21,Night,901,0.28967813540510545,149.0,556.2873563218391,470.0,Newton Centre
Green,place-newto,22,Night,796,0.3241206030150754,191.0,583.2906976744187,483.5,Newton Centre
Green,place-newto,23,Night,862,0.29814385150812067,169.0,602.0856031128404,519.0,Newton Centre
Green,place-north,0,Early / night,1572,0.20038167938931298,16.0,564.1968253968254,493.0,North Station
Green,place-north,1,Early / night,501,0.21157684630738524,-35.0,590.0471698113207,524.0,North Station
Green,place-north,2,Early / night,40,0.1,-217.0,463.0,361.0,North Station
Green,place-north,5,Early / night,692,0.06358381502890173,-3.0,461.72727272727275,402.0,North Station
Green,place-north,6,Early / night,1624,0.09544334975369458,-9.0,482.80645161290323,420.0,North Station
Green,place-north,7,Morning peak (7-9 AM),1733,0.1154068090017311,-27.0,549.38,459.5,North Station
Green,place-north,8,Morning peak (7-9 AM),1756,0.13097949886104784,-5.0,501.5173913043478,439.0,North Station
Green,place-north,9,Midday (9 AM-4 PM),1798,0.15795328142380421,2.0,538.362676056338,476.0,North Station
Green,place-north,10,Midday (9 AM-4 PM),1744,0.1823394495412844,21.5,590.5849056603773,505.0,North Station
Green,place-north,11,Midday (9 AM-4 PM),1775,0.18309859154929578,8.0,580.2861538461539,476.0,North Station
Green,place-north,12,Midday (9 AM-4 PM),1726,0.17033603707995365,6.0,535.3095238095239,463.0,North Station
Green,place-north,13,Midday (9 AM-4 PM),1761,0.20272572402044292,50.0,544.7142857142857,475.0,North Station
Green,place-north,14,Midday (9 AM-4 PM),1771,0.17052512704686618,34.0,550.4470198675497,485.5,North Station
Green,place-north,15,Midday (9 AM-4 PM),1778,0.218785151856018,79.5,559.1439588688946,470.0,North Station
Green,place-north,16,Evening peak (4-6 PM),1785,0.24705882352941178,80.0,591.4172335600907,522.0,North Station
Green,place-north,17,Evening peak (4-6 PM),1743,0.2535857716580608,89.0,610.2330316742082,519.0,North Station
Green,place-north,18,Night,1816,0.2555066079295154,87.0,604.6918103448276,526.5,North Station
Green,place-north,19,Night,1776,0.25731981981981983,59.0,602.0218818380744,520.0,North Station
Green,place-north,20,Night,1867,0.19014461703267274,34.0,531.8985915492958,472.0,North Station
Green,place-north,21,Night,1778,0.17604049493813273,50.0,553.7891373801917,476.0,North Station
Green,place-north,22,Night,1805,0.24487534626038782,74.0,567.158371040724,482.5,North Station
Green,place-north,23,Night,1643,0.24589166159464396,94.0,596.9108910891089,505.5,North Station
Green,place-nuniv,0,Early / night,904,0.1504424778761062,-56.5,565.75,470.0,Northeastern University
Green,place-nuniv,1,Early / night,188,0.1276595744680851,-117.5,576.4166666666666,470.0,Northeastern University
Green,place-nuniv,2,Early / night,9,0.2222222222222222,216.0,550.5,550.5,Northeastern University
Green,place-nuniv,5,Early / night,192,0.026041666666666668,-39.0,585.8,496.0,Northeastern University
Green,place-nuniv,6,Early / night,821,0.07064555420219244,-166.0,502.2931034482759,435.0,Northeastern University
Green,place-nuniv,7,Morning peak (7-9 AM),948,0.07383966244725738,-168.5,664.9571428571429,556.0,Northeastern University
Green,place-nuniv,8,Morning peak (7-9 AM),965,0.10155440414507771,-108.0,538.8469387755102,451.0,Northeastern University
Green,place-nuniv,9,Midday (9 AM-4 PM),965,0.16373056994818652,-32.0,485.17088607594934,423.5,Northeastern University
Green,place-nuniv,10,Midday (9 AM-4 PM),970,0.1711340206185567,-26.5,580.5963855421687,502.5,Northeastern University
Green,place-nuniv,11,Midday (9 AM-4 PM),945,0.14285714285714285,-66.0,553.5703703703704,460.0,Northeastern University
Green,place-nuniv,12,Midday (9 AM-4 PM),916,0.14301310043668122,-71.0,551.5343511450382,490.0,Northeastern University
Green,place-nuniv,13,Midday (9 AM-4 PM),959,0.13034410844629823,-72.0,506.608,438.0,Northeastern University
Green,place-nuniv,14,Midday (9 AM-4 PM),933,0.13290460878885316,-24.0,507.26612903225805,435.5,Northeastern University
Green,place-nuniv,15,Midday (9 AM-4 PM),950,0.16631578947368422,-21.0,544.1962025316456,447.0,Northeastern University
Green,place-nuniv,16,Evening peak (4-6 PM),974,0.1601642710472279,-87.5,587.0128205128206,507.5,Northeastern University
Green,place-nuniv,17,Evening peak (4-6 PM),931,0.22878625134264233,25.0,587.9342723004695,529.0,Northeastern University
Green,place-nuniv,18,Night,988,0.23178137651821862,54.5,582.8995633187773,513.0,Northeastern University
Green,place-nuniv,19,Night,976,0.22643442622950818,1.5,582.2579185520362,504.0,Northeastern University
Green,place-nuniv,20,Night,951,0.12302839116719243,-129.0,576.6239316239316,476.0,Northeastern University
Green,place-nuniv,21,Night,970,0.12989690721649486,-66.0,567.9047619047619,460.0,Northeastern University
Green,place-nuniv,22,Night,985,0.19593908629441625,13.0,579.4455958549223,481.0,Northeastern University
Green,place-nuniv,23,Night,911,0.17233809001097694,-13.0,563.1592356687898,474.0,Northeastern University
Green,place-pktrm,0,Early / night,3012,0.22244355909694555,60.5,561.368656716418,471.0,Park Street
Green,place-pktrm,1,Early / night,747,0.19812583668005354,-31.0,622.5,542.0,Park Street
Green,place-pktrm,2,Early / night,44,0.18181818181818182,13.0,548.625,589.5,Park Street
Green,place-pktrm,5,Early / night,1313,0.06854531607006854,16.0,461.1222222222222,415.0,Park Street
Green,place-pktrm,6,Early / night,3064,0.12532637075718014,27.0,467.0546875,419.0,Park Street
Green,place-pktrm,7,Morning peak (7-9 AM),3253,0.10144482016600062,-42.0,546.3030303030303,458.5,Park Street
Green,place-pktrm,8,Morning peak (7-9 AM),3281,0.15422127400182872,46.0,495.39525691699606,426.0,Park Street
Green,place-pktrm,9,Midday (9 AM-4 PM),3370,0.18753709198813057,50.0,501.38132911392404,440.0,Park Street
Green,place-pktrm,10,Midday (9 AM-4 PM),3283,0.22053000304599452,64.0,565.3135359116022,475.5,Park Street
Green,place-pktrm,11,Midday (9 AM-4 PM),3348,0.19862604540023895,37.0,556.1248120300752,488.0,Park Street
Green,place-pktrm,12,Midday (9 AM-4 PM),3289,0.20097294010337488,54.0,532.6308623298033,469.0,Park Street
Green,place-pktrm,13,Midday (9 AM-4 PM),3327,0.21911632100991885,78.0,525.0384087791496,463.0,Park Street
Green,place-pktrm,14,Midday (9 AM-4 PM),3337,0.21546299071021877,73.0,531.9207232267038,459.0,Park Street
Green,place-pktrm,15,Midday (9 AM-4 PM),3392,0.2659198113207547,115.5,559.7560975609756,484.5,Park Street
Green,place-pktrm,16,Evening peak (4-6 PM),3396,0.2673733804475854,92.5,571.1002202643172,495.5,Park Street
Green,place-pktrm,17,Evening peak (4-6 PM),3310,0.2824773413897281,122.5,579.1262032085561,502.0,Park Street
Green,place-pktrm,18,Night,3553,0.2654095130875317,106.0,586.3404029692471,497.0,Park Street
Green,place-pktrm,19,Night,3419,0.2778590231061714,111.0,572.0968421052631,500.0,Park Street
Green,place-pktrm,20,Night,3504,0.2237442922374429,67.0,520.3890306122449,466.5,Park Street
Green,place-pktrm,21,Night,3454,0.21656050955414013,98.0,540.0267379679144,467.0,Park Street
Green,place-pktrm,22,Night,3366,0.2956030897207368,129.0,544.2180904522613,466.0,Park Street
Green,place-pktrm,23,Night,3206,0.272613849033063,116.5,574.9496567505721,490.5,Park Street
Green,place-prmnl,0,Early / night,890,0.15955056179775282,-56.5,562.7112676056338,473.5,Prudential
Green,place-prmnl,1,Early / night,192,0.13020833333333334,-113.0,524.36,436.0,Prudential
Green,place-prmnl,2,Early / night,7,0.2857142857142857,-75.0,611.5,611.5,Prudential
Green,place-prmnl,5,Early / night,193,0.06735751295336788,40.0,495.15384615384613,446.0,Prudential
Green,place-prmnl,6,Early / night,825,0.08848484848484849,-110.0,497.28767123287673,444.0,Prudential
Green,place-prmnl,7,Morning peak (7-9 AM),939,0.08093716719914804,-151.0,654.1052631578947,518.5,Prudential
Green,place-prmnl,8,Morning peak (7-9 AM),951,0.1156677181913775,-79.0,512.290909090909,443.5,Prudential
Green,place-prmnl,9,Midday (9 AM-4 PM),968,0.18181818181818182,-14.0,505.5681818181818,445.0,Prudential
Green,place-prmnl,10,Midday (9 AM-4 PM),958,0.19937369519832984,-3.5,567.7853403141361,474.0,Prudential
Green,place-prmnl,11,Midday (9 AM-4 PM),935,0.15935828877005348,-47.0,548.771812080537,472.0,Prudential
Green,place-prmnl,12,Midday (9 AM-4 PM),927,0.15857605177993528,-48.0,529.4965986394558,458.0,Prudential
Green,place-prmnl,13,Midday (9 AM-4 PM),927,0.1423948220064725,-49.0,501.1212121212121,448.5,Prudential
Green,place-prmnl,14,Midday (9 AM-4 PM),925,0.1589189189189189,-30.0,508.9183673469388,428.0,Prudential
Green,place-prmnl,15,Midday (9 AM-4 PM),945,0.17354497354497356,0.0,571.189024390244,466.0,Prudential
Green,place-prmnl,16,Evening peak (4-6 PM),967,0.16959669079627715,-57.0,588.0731707317074,486.5,Prudential
Green,place-prmnl,17,Evening peak (4-6 PM),933,0.25509110396570206,39.0,558.4957983193277,465.0,Prudential
Green,place-prmnl,18,Night,969,0.2549019607843137,91.0,582.3684210526316,507.0,Prudential
Green,place-prmnl,19,Night,968,0.24173553719008264,37.5,599.7820512820513,519.0,Prudential
Green,place-prmnl,20,Night,962,0.13825363825363826,-95.0,569.6390977443609,485.0,Prudential
Green,place-prmnl,21,Night,973,0.131551901336074,-39.0,596.65625,481.0,Prudential
Green,place-prmnl,22,Night,965,0.24145077720207253,42.0,560.2231759656653,458.0,Prudential
Green,place-prmnl,23,Night,934,0.18950749464668093,21.5,565.1468926553672,499.0,Prudential
Green,place-river,11,Midday (9 AM-4 PM),1,0.0,-529.0,,,Riverside
Green,place-river,12,Midday (9 AM-4 PM),1,1.0,605.0,605.0,605.0,Riverside
Green,place-rsmnl,0,Early / night,589,0.25127334465195245,113.0,595.8986486486486,492.5,Reservoir
Green,place-rsmnl,1,Early / night,382,0.2617801047120419,52.5,630.05,567.0,Reservoir
Green,place-rsmnl,2,Early / night,41,0.36585365853658536,192.0,702.4,626.0,Reservoir
Green,place-rsmnl,5,Early / night,339,0.05309734513274336,82.0,408.8888888888889,394.5,Reservoir
Green,place-rsmnl,6,Early / night,708,0.1440677966101695,86.0,473.96078431372547,402.0,Reservoir
Green,place-rsmnl,7,Morning peak (7-9 AM),762,0.1968503937007874,64.0,570.8266666666667,478.0,Reservoir
Green,place-rsmnl,8,Morning peak (7-9 AM),873,0.20504009163802978,92.0,546.6033519553073,492.0,Reservoir
Green,place-rsmnl,9,Midday (9 AM-4 PM),859,0.20139697322467986,74.0,549.8612716763006,480.0,Reservoir
Green,place-rsmnl,10,Midday (9 AM-4 PM),829,0.20627261761158022,49.0,571.9766081871345,474.0,Reservoir
Green,place-rsmnl,11,Midday (9 AM-4 PM),828,0.27294685990338163,87.5,572.8451327433628,471.0,Reservoir
Green,place-rsmnl,12,Midday (9 AM-4 PM),816,0.2867647058823529,118.0,585.7051282051282,503.5,Reservoir
Green,place-rsmnl,13,Midday (9 AM-4 PM),859,0.2759022118742724,131.0,590.3839662447257,518.0,Reservoir
Green,place-rsmnl,14,Midday (9 AM-4 PM),858,0.2948717948717949,138.5,583.897233201581,520.0,Reservoir
Green,place-rsmnl,15,Midday (9 AM-4 PM),864,0.33796296296296297,148.0,570.2123287671233,494.5,Reservoir
Green,place-rsmnl,16,Evening peak (4-6 PM),889,0.31833520809898763,135.0,590.8021201413428,510.0,Reservoir
Green,place-rsmnl,17,Evening peak (4-6 PM),839,0.3075089392133492,146.0,577.7519379844962,498.0,Reservoir
Green,place-rsmnl,18,Night,840,0.30714285714285716,157.0,613.0232558139535,524.0,Reservoir
Green,place-rsmnl,19,Night,898,0.3184855233853007,156.0,587.3181818181819,513.0,Reservoir
Green,place-rsmnl,20,Night,861,0.2926829268292683,149.0,596.1825396825396,502.5,Reservoir
Green,place-rsmnl,21,Night,897,0.24414715719063546,121.0,569.8767123287671,484.0,Reservoir
Green,place-rsmnl,22,Night,804,0.29850746268656714,132.5,581.4375,499.0,Reservoir
Green,place-rsmnl,23,Night,850,0.2858823529411765,148.0,581.559670781893,475.0,Reservoir
Green,place-rvrwy,0,Early / night,954,0.18553459119496854,-24.0,555.3502824858757,495.0,Riverway
Green,place-rvrwy,1,Early / night,155,0.22580645161290322,42.0,625.8571428571429,537.0,Riverway
Green,place-rvrwy,2,Early / night,14,0.42857142857142855,276.5,403.8333333333333,378.5,Riverway
Green,place-rvrwy,5,Early / night,191,0.020942408376963352,-260.0,411.5,385.0,Riverway
Green,place-rvrwy,6,Early / night,775,0.07354838709677419,-141.0,505.0175438596491,411.0,Riverway
Green,place-rvrwy,7,Morning peak (7-9 AM),922,0.08459869848156182,-191.0,624.974358974359,476.0,Riverway
Green,place-rvrwy,8,Morning peak (7-9 AM),930,0.0935483870967742,-130.5,547.8735632183908,472.0,Riverway
Green,place-rvrwy,9,Midday (9 AM-4 PM),945,0.18624338624338624,1.0,502.33522727272725,437.5,Riverway
Green,place-rvrwy,10,Midday (9 AM-4 PM),890,0.1853932584269663,-20.5,555.1939393939394,491.0,Riverway
Green,place-rvrwy,11,Midday (9 AM-4 PM),900,0.15,-68.5,545.6,456.0,Riverway
Green,place-rvrwy,12,Midday (9 AM-4 PM),881,0.1373439273552781,-104.0,551.1818181818181,477.0,Riverway
Green,place-rvrwy,13,Midday (9 AM-4 PM),947,0.1457233368532207,-68.0,518.7826086956521,459.0,Riverway
Green,place-rvrwy,14,Midday (9 AM-4 PM),890,0.15056179775280898,-48.0,504.32835820895525,437.5,Riverway
Green,place-rvrwy,15,Midday (9 AM-4 PM),951,0.14616193480546794,-40.0,595.136690647482,507.0,Riverway
Green,place-rvrwy,16,Evening peak (4-6 PM),923,0.19068255687973998,-77.0,517.6193181818181,456.0,Riverway
Green,place-rvrwy,17,Evening peak (4-6 PM),905,0.24751381215469614,4.0,567.5044642857143,460.0,Riverway
Green,place-rvrwy,18,Night,952,0.24894957983193278,78.0,598.1350210970464,539.0,Riverway
Green,place-rvrwy,19,Night,957,0.24033437826541273,16.0,592.8478260869565,524.0,Riverway
Green,place-rvrwy,20,Night,954,0.12578616352201258,-145.0,624.05,544.0,Riverway
Green,place-rvrwy,21,Night,956,0.1307531380753138,-97.0,586.496,501.0,Riverway
Green,place-rvrwy,22,Night,978,0.22085889570552147,32.0,578.324074074074,477.5,Riverway
Green,place-rvrwy,23,Night,856,0.16355140186915887,-49.5,600.9,492.5,Riverway
Green,place-smary,0,Early / night,670,0.20597014925373133,11.5,629.4565217391304,532.5,Saint Marys Street
Green,place-smary,1,Early / night,172,0.31976744186046513,187.0,770.2727272727273,668.0,Saint Marys Street
Green,place-smary,2,Early / night,21,0.14285714285714285,18.0,492.6666666666667,410.0,Saint Marys Street
Green,place-smary,5,Early / night,344,0.03488372093023256,3.5,407.0,326.5,Saint Marys Street
Green,place-smary,6,Early / night,808,0.14356435643564355,50.5,464.75,401.0,Saint Marys Street
Green,place-smary,7,Morning peak (7-9 AM),930,0.0935483870967742,3.0,488.632183908046,409.0,Saint Marys Street
Green,place-smary,8,Morning peak (7-9 AM),965,0.20725388601036268,109.0,482.035,404.5,Saint Marys Street
Green,place-smary,9,Midday (9 AM-4 PM),969,0.27657378740970073,139.0,506.1268656716418,453.0,Saint Marys Street
Green,place-smary,10,Midday (9 AM-4 PM),979,0.236976506639428,86.0,567.7715517241379,500.0,Saint Marys Street
Green,place-smary,11,Midday (9 AM-4 PM),909,0.24972497249724973,115.0,505.49339207048456,436.0,Saint Marys Street
Green,place-smary,12,Midday (9 AM-4 PM),913,0.18729463307776562,82.0,560.8654970760234,472.0,Saint Marys Street
Green,place-smary,13,Midday (9 AM-4 PM),922,0.25488069414316705,119.0,533.7276595744681,462.0,Saint Marys Street
Green,place-smary,14,Midday (9 AM-4 PM),965,0.22279792746113988,115.0,536.7581395348838,469.0,Saint Marys Street
Green,place-smary,15,Midday (9 AM-4 PM),955,0.2523560209424084,115.0,526.7676348547718,443.0,Saint Marys Street
Green,place-smary,16,Evening peak (4-6 PM),950,0.2463157894736842,93.0,550.8076923076923,479.0,Saint Marys Street
Green,place-smary,17,Evening peak (4-6 PM),914,0.2724288840262582,108.0,545.6305220883534,484.0,Saint Marys Street
Green,place-smary,18,Night,945,0.2634920634920635,103.0,619.3935742971887,514.0,Saint Marys Street
Green,place-smary,19,Night,950,0.24947368421052632,129.5,525.4725738396625,449.0,Saint Marys Street
Green,place-smary,20,Night,946,0.2959830866807611,156.5,539.9214285714286,495.0,Saint Marys Street
Green,place-smary,21,Night,914,0.24288840262582057,92.0,529.7612612612612,480.5,Saint Marys Street
Green,place-smary,22,Night,874,0.2528604118993135,114.0,540.2307692307693,467.0,Saint Marys Street
Green,place-smary,23,Night,810,0.3234567901234568,161.5,631.5687022900763,506.0,Saint Marys Street
Green,place-sougr,0,Early / night,627,0.1850079744816587,-17.0,605.1810344827586,532.0,South Street
Green,place-sougr,1,Early / night,325,0.3230769230769231,53.0,628.2,539.0,South Street
Green,place-sougr,2,Early / night,44,0.11363636363636363,-228.5,849.4,861.0,South Street
Green,place-sougr,3,Early / night,1,1.0,983.0,983.0,983.0,South Street
Green,place-sougr,5,Early / night,351,0.037037037037037035,-25.0,751.2307692307693,563.0,South Street
Green,place-sougr,6,Early / night,577,0.07279029462738301,-22.0,446.07142857142856,410.0,South Street
Green,place-sougr,7,Morning peak (7-9 AM),862,0.08584686774941995,-28.5,488.43243243243245,398.5,South Street
Green,place-sougr,8,Morning peak (7-9 AM),917,0.10032715376226826,-18.0,527.8586956521739,403.0,South Street
Green,place-sougr,9,Midday (9 AM-4 PM),895,0.1553072625698324,0.0,551.158273381295,479.0,South Street
Green,place-sougr,10,Midday (9 AM-4 PM),896,0.15959821428571427,-12.0,605.8461538461538,504.0,South Street
Green,place-sougr,11,Midday (9 AM-4 PM),909,0.1716171617161716,-8.0,617.3525641025641,504.0,South Street
Green,place-sougr,12,Midday (9 AM-4 PM),840,0.13452380952380952,-30.5,598.5309734513274,513.0,South Street
Green,place-sougr,13,Midday (9 AM-4 PM),870,0.19195402298850575,-1.5,579.7125748502993,473.0,South Street
Green,place-sougr,14,Midday (9 AM-4 PM),885,0.14463276836158193,-14.0,598.1171875,529.5,South Street
Green,place-sougr,15,Midday (9 AM-4 PM),871,0.17336394948335246,11.0,612.5827814569536,524.0,South Street
Green,place-sougr,16,Evening peak (4-6 PM),882,0.18253968253968253,-21.5,625.1863354037267,514.0,South Street
Green,place-sougr,17,Evening peak (4-6 PM),851,0.17508813160987075,3.0,588.8657718120805,504.0,South Street
Green,place-sougr,18,Night,870,0.24022988505747125,37.5,700.8181818181819,592.0,South Street
Green,place-sougr,19,Night,859,0.19324796274738068,-6.0,667.1204819277109,569.0,South Street
Green,place-sougr,20,Night,845,0.2331360946745562,11.0,623.5279187817259,531.0,South Street
Green,place-sougr,21,Night,829,0.17370325693606756,10.0,596.8680555555555,506.5,South Street
Green,place-sougr,22,Night,810,0.1962962962962963,19.5,586.0817610062893,471.0,South Street
Green,place-sougr,23,Night,778,0.2583547557840617,53.5,619.8059701492538,537.0,South Street
Green,place-spmnl,0,Early / night,1599,0.17448405253283303,1.0,583.179211469534,500.0,Science Park
Green,place-spmnl,1,Early / night,548,0.19708029197080293,-65.0,589.6481481481482,514.5,Science Park
Green,place-spmnl,2,Early / night,54,0.12962962962962962,-214.0,494.57142857142856,431.0,Science Park
Green,place-spmnl,5,Early / night,709,0.07193229901269393,33.0,503.6078431372549,447.0,Science Park
Green,place-spmnl,6,Early / night,1659,0.09584086799276673,-6.0,523.0,440.0,Science Park
Green,place-spmnl,7,Morning peak (7-9 AM),1701,0.1128747795414462,-10.0,534.8958333333334,462.0,Science Park
Green,place-spmnl,8,Morning peak (7-9 AM),1760,0.13863636363636364,8.0,503.77868852459017,434.5,Science Park
Green,place-spmnl,9,Midday (9 AM-4 PM),1818,0.1628162816281628,15.5,524.75,455.0,Science Park
Green,place-spmnl,10,Midday (9 AM-4 PM),1717,0.1956901572510192,36.0,583.5922619047619,478.0,Science Park
Green,place-spmnl,11,Midday (9 AM-4 PM),1784,0.1687219730941704,3.5,578.172757475083,491.0,Science Park
Green,place-spmnl,12,Midday (9 AM-4 PM),1740,0.18735632183908046,26.5,562.6134969325153,491.5,Science Park
Green,place-spmnl,13,Midday (9 AM-4 PM),1793,0.2030117122141662,58.0,537.8901098901099,453.5,Science Park
Green,place-spmnl,14,Midday (9 AM-4 PM),1778,0.172103487064117,41.0,537.3921568627451,456.0,Science Park
Green,place-spmnl,15,Midday (9 AM-4 PM),1766,0.21857304643261607,90.0,560.0829015544041,492.0,Science Park
Green,place-spmnl,16,Evening peak (4-6 PM),1817,0.23665382498624105,88.0,597.9209302325581,527.0,Science Park
Green,place-spmnl,17,Evening peak (4-6 PM),1752,0.24942922374429224,86.0,603.5171624713959,519.0,Science Park
Green,place-spmnl,18,Night,1820,0.26373626373626374,97.0,598.2416666666667,513.5,Science Park
Green,place-spmnl,19,Night,1790,0.24636871508379887,69.0,596.3174603174604,523.0,Science Park
Green,place-spmnl,20,Night,1909,0.18072289156626506,50.0,540.9159420289855,481.0,Science Park
Green,place-spmnl,21,Night,1767,0.18109790605546122,42.0,561.9375,460.5,Science Park
Green,place-spmnl,22,Night,1841,0.20858229223248234,52.0,590.7708333333334,486.0,Science Park
Green,place-spmnl,23,Night,1708,0.22131147540983606,63.5,623.9973544973545,542.5,Science Park
Green,place-sthld,0,Early / night,640,0.2203125,-7.5,569.6170212765958,500.0,Sutherland Road
Green,place-sthld,1,Early / night,307,0.30618892508143325,80.0,673.1489361702128,563.0,Sutherland Road
Green,place-sthld,2,Early / night,33,0.18181818181818182,-91.0,727.8333333333334,635.5,Sutherland Road
Green,place-sthld,5,Early / night,345,0.02608695652173913,-18.0,603.2222222222222,528.0,Sutherland Road
Green,place-sthld,6,Early / night,630,0.1,8.5,437.36507936507934,380.0,Sutherland Road
Green,place-sthld,7,Morning peak (7-9 AM),878,0.08997722095671981,3.0,487.2911392405063,427.0,Sutherland Road
Green,place-sthld,8,Morning peak (7-9 AM),926,0.09935205183585313,28.0,537.2282608695652,420.5,Sutherland Road
Green,place-sthld,9,Midday (9 AM-4 PM),930,0.1870967741935484,41.0,531.6609195402299,439.0,Sutherland Road
Green,place-sthld,10,Midday (9 AM-4 PM),905,0.1856353591160221,38.0,585.6964285714286,504.5,Sutherland Road
Green,place-sthld,11,Midday (9 AM-4 PM),919,0.19042437431991294,33.0,599.3885714285715,475.0,Sutherland Road
Green,place-sthld,12,Midday (9 AM-4 PM),848,0.16391509433962265,0.5,551.0359712230215,480.0,Sutherland Road
Green,place-sthld,13,Midday (9 AM-4 PM),874,0.20137299771167047,42.0,563.6022727272727,478.5,Sutherland Road
Green,place-sthld,14,Midday (9 AM-4 PM),876,0.1689497716894977,33.0,593.3783783783783,514.0,Sutherland Road
Green,place-sthld,15,Midday (9 AM-4 PM),891,0.1840628507295174,-5.0,592.2865853658536,489.0,Sutherland Road
Green,place-sthld,16,Evening peak (4-6 PM),881,0.188422247446084,10.0,637.4036144578313,542.0,Sutherland Road
Green,place-sthld,17,Evening peak (4-6 PM),867,0.20761245674740483,6.0,625.4722222222222,549.0,Sutherland Road
Green,place-sthld,18,Night,864,0.25578703703703703,72.5,690.0,603.0,Sutherland Road
Green,place-sthld,19,Night,892,0.21748878923766815,29.0,651.0670103092783,558.5,Sutherland Road
Green,place-sthld,20,Night,869,0.24971231300345226,56.0,635.479262672811,542.0,Sutherland Road
Green,place-sthld,21,Night,824,0.2099514563106796,85.5,587.1156069364162,519.0,Sutherland Road
Green,place-sthld,22,Night,811,0.22318125770653513,46.0,568.3314917127071,467.0,Sutherland Road
Green,place-sthld,23,Night,818,0.2603911980440098,59.0,620.8967136150235,525.0,Sutherland Road
Green,place-stpul,0,Early / night,649,0.23420647149460708,65.0,613.1315789473684,532.5,Saint Paul Street
Green,place-stpul,1,Early / night,179,0.33519553072625696,178.0,727.4,630.5,Saint Paul Street
Green,place-stpul,2,Early / night,23,0.13043478260869565,-81.0,525.6666666666666,460.0,Saint Paul Street
Green,place-stpul,5,Early / night,370,0.05945945945945946,81.0,412.6363636363636,345.5,Saint Paul Street
Green,place-stpul,6,Early / night,796,0.13944723618090452,63.5,473.0990990990991,403.0,Saint Paul Street
Green,place-stpul,7,Morning peak (7-9 AM),924,0.08766233766233766,33.0,502.962962962963,426.0,Saint Paul Street
Green,place-stpul,8,Morning peak (7-9 AM),960,0.175,105.0,488.3809523809524,412.0,Saint Paul Street
Green,place-stpul,9,Midday (9 AM-4 PM),987,0.2735562310030395,143.0,502.1333333333333,450.5,Saint Paul Street
Green,place-stpul,10,Midday (9 AM-4 PM),962,0.24220374220374222,97.0,560.7124463519314,481.0,Saint Paul Street
Green,place-stpul,11,Midday (9 AM-4 PM),921,0.23561346362649294,134.0,508.6958525345622,434.0,Saint Paul Street
Green,place-stpul,12,Midday (9 AM-4 PM),909,0.22332233223322331,118.0,536.7980295566502,453.0,Saint Paul Street
Green,place-stpul,13,Midday (9 AM-4 PM),913,0.23658269441401972,123.0,539.5092592592592,472.0,Saint Paul Street
Green,place-stpul,14,Midday (9 AM-4 PM),959,0.21063607924921793,104.0,516.9851485148515,450.5,Saint Paul Street
Green,place-stpul,15,Midday (9 AM-4 PM),944,0.23834745762711865,122.0,534.6133333333333,452.0,Saint Paul Street
Green,place-stpul,16,Evening peak (4-6 PM),943,0.24284199363732767,111.0,527.0480349344978,451.0,Saint Paul Street
Green,place-stpul,17,Evening peak (4-6 PM),909,0.24972497249724973,103.0,547.2246696035243,470.0,Saint Paul Street
Green,place-stpul,18,Night,942,0.2526539278131635,100.5,601.8781512605042,490.0,Saint Paul Street
Green,place-stpul,19,Night,953,0.2633788037775446,144.0,509.75298804780874,454.0,Saint Paul Street
Green,place-stpul,20,Night,931,0.33297529538131043,182.0,534.0064516129032,488.5,Saint Paul Street
Green,place-stpul,21,Night,918,0.2570806100217865,139.5,544.7203389830509,495.0,Saint Paul Street
Green,place-stpul,22,Night,874,0.2723112128146453,143.5,538.5966386554621,481.0,Saint Paul Street
Green,place-stpul,23,Night,814,0.36117936117936117,213.0,623.2142857142857,512.5,Saint Paul Street
Green,place-sumav,0,Early / night,526,0.20152091254752852,1.5,613.0849056603773,539.5,Summit Avenue
Green,place-sumav,1,Early / night,167,0.30538922155688625,127.0,716.1960784313726,630.0,Summit Avenue
Green,place-sumav,2,Early / night,19,0.21052631578947367,2.0,509.25,486.5,Summit Avenue
Green,place-sumav,5,Early / night,373,0.03753351206434316,6.0,426.2857142857143,358.0,Summit Avenue
Green,place-sumav,6,Early / night,704,0.140625,37.0,494.57575757575756,435.0,Summit Avenue
Green,place-sumav,7,Morning peak (7-9 AM),815,0.07975460122699386,24.0,516.8615384615384,450.0,Summit Avenue
Green,place-sumav,8,Morning peak (7-9 AM),851,0.16803760282021152,77.0,491.72027972027973,399.0,Summit Avenue
Green,place-sumav,9,Midday (9 AM-4 PM),862,0.26450116009280744,138.0,510.42105263157896,471.0,Summit Avenue
Green,place-sumav,10,Midday (9 AM-4 PM),844,0.23222748815165878,78.5,552.5765306122449,500.0,Summit Avenue
Green,place-sumav,11,Midday (9 AM-4 PM),818,0.20537897310513448,56.0,541.4285714285714,447.0,Summit Avenue
Green,place-sumav,12,Midday (9 AM-4 PM),794,0.2040302267002519,70.5,567.6296296296297,486.5,Summit Avenue
Green,place-sumav,13,Midday (9 AM-4 PM),807,0.20817843866171004,71.0,552.9761904761905,461.5,Summit Avenue
Green,place-sumav,14,Midday (9 AM-4 PM),832,0.16706730769230768,68.0,547.3237410071943,478.0,Summit Avenue
Green,place-sumav,15,Midday (9 AM-4 PM),850,0.1976470588235294,53.0,577.3571428571429,443.0,Summit Avenue
Green,place-sumav,16,Evening peak (4-6 PM),831,0.23345367027677497,88.0,547.2835051546392,491.0,Summit Avenue
Green,place-sumav,17,Evening peak (4-6 PM),796,0.22738693467336685,69.0,563.182320441989,486.0,Summit Avenue
Green,place-sumav,18,Night,829,0.24607961399276237,89.0,629.5245098039215,510.5,Summit Avenue
Green,place-sumav,19,Night,831,0.19855595667870035,80.0,553.7515151515152,452.0,Summit Avenue
Green,place-sumav,20,Night,833,0.25690276110444177,111.0,566.0280373831775,498.5,Summit Avenue
Green,place-sumav,21,Night,830,0.22048192771084338,67.0,552.4808743169399,495.0,Summit Avenue
Green,place-sumav,22,Night,763,0.1965923984272608,59.0,557.1066666666667,465.5,Summit Avenue
Green,place-sumav,23,Night,713,0.2538569424964937,94.0,695.6574585635359,572.0,Summit Avenue
Green,place-tapst,0,Early / night,468,0.18376068376068377,10.5,622.7906976744187,508.0,Tappan Street
Green,place-tapst,1,Early / night,153,0.29411764705882354,80.0,698.6222222222223,652.0,Tappan Street
Green,place-tapst,2,Early / night,17,0.11764705882352941,-184.0,716.5,716.5,Tappan Street
Green,place-tapst,5,Early / night,390,0.020512820512820513,-4.5,429.375,401.0,Tappan Street
Green,place-tapst,6,Early / night,621,0.10305958132045089,14.0,490.375,433.5,Tappan Street
Green,place-tapst,7,Morning peak (7-9 AM),728,0.07142857142857142,-7.0,531.0961538461538,438.0,Tappan Street
Green,place-tapst,8,Morning peak (7-9 AM),781,0.10243277848911651,42.0,521.125,394.5,Tappan Street
Green,place-tapst,9,Midday (9 AM-4 PM),790,0.19240506329113924,71.5,481.5657894736842,427.5,Tappan Street
Green,place-tapst,10,Midday (9 AM-4 PM),748,0.17780748663101603,49.0,540.781954887218,479.0,Tappan Street
Green,place-tapst,11,Midday (9 AM-4 PM),735,0.1673469387755102,34.0,553.7479674796748,463.0,Tappan Street
Green,place-tapst,12,Midday (9 AM-4 PM),727,0.1746905089408528,40.0,545.6614173228346,461.0,Tappan Street
Green,place-tapst,13,Midday (9 AM-4 PM),731,0.17783857729138167,72.0,547.223076923077,472.0,Tappan Street
Green,place-tapst,14,Midday (9 AM-4 PM),733,0.15416098226466576,57.0,574.4955752212389,504.0,Tappan Street
Green,place-tapst,15,Midday (9 AM-4 PM),739,0.17861975642760486,60.0,554.5681818181819,479.5,Tappan Street
Green,place-tapst,16,Evening peak (4-6 PM),736,0.24728260869565216,107.0,539.9945054945055,455.5,Tappan Street
Green,place-tapst,17,Evening peak (4-6 PM),717,0.21199442119944212,56.0,564.0855263157895,489.5,Tappan Street
Green,place-tapst,18,Night,744,0.23790322580645162,94.0,610.361581920904,492.0,Tappan Street
Green,place-tapst,19,Night,769,0.16514954486345904,41.0,549.1023622047244,472.0,Tappan Street
Green,place-tapst,20,Night,729,0.2222222222222222,74.0,569.6481481481482,514.5,Tappan Street
Green,place-tapst,21,Night,734,0.19618528610354224,21.5,525.3194444444445,473.5,Tappan Street
Green,place-tapst,22,Night,711,0.1631504922644163,6.0,574.7327586206897,491.5,Tappan Street
Green,place-tapst,23,Night,627,0.24401913875598086,75.0,644.3071895424837,526.0,Tappan Street
Green,place-unsqu,2,Early / night,1,1.0,1191.0,1191.0,1191.0,Union Square
Green,place-unsqu,11,Midday (9 AM-4 PM),1,1.0,1003.0,1003.0,1003.0,Union Square
Green,place-unsqu,13,Midday (9 AM-4 PM),1,0.0,-517.0,,,Union Square
Green,place-unsqu,23,Night,1,0.0,-72.0,,,Union Square
Green,place-waban,0,Early / night,530,0.24528301886792453,86.5,579.7692307692307,502.5,Waban
Green,place-waban,1,Early / night,441,0.25396825396825395,49.0,637.4553571428571,546.0,Waban
Green,place-waban,2,Early / night,58,0.3620689655172414,127.5,791.047619047619,697.0,Waban
Green,place-waban,4,Early / night,38,0.0,51.0,,,Waban
Green,place-waban,5,Early / night,366,0.04644808743169399,83.0,400.3529411764706,387.0,Waban
Green,place-waban,6,Early / night,651,0.11059907834101383,80.0,497.05555555555554,428.5,Waban
Green,place-waban,7,Morning peak (7-9 AM),752,0.13962765957446807,47.5,529.9238095238095,432.0,Waban
Green,place-waban,8,Morning peak (7-9 AM),831,0.15643802647412755,57.0,562.0307692307692,477.5,Waban
Green,place-waban,9,Midday (9 AM-4 PM),828,0.20531400966183574,78.5,542.6411764705882,465.0,Waban
Green,place-waban,10,Midday (9 AM-4 PM),828,0.1678743961352657,47.5,557.7482014388489,455.0,Waban
Green,place-waban,11,Midday (9 AM-4 PM),809,0.22373300370828184,71.0,549.0441988950276,476.0,Waban
Green,place-waban,12,Midday (9 AM-4 PM),821,0.24482338611449453,106.0,598.179104477612,506.0,Waban
Green,place-waban,13,Midday (9 AM-4 PM),824,0.24150485436893204,99.5,612.2663316582915,497.0,Waban
Green,place-waban,14,Midday (9 AM-4 PM),856,0.25817757009345793,115.5,591.7058823529412,492.0,Waban
Green,place-waban,15,Midday (9 AM-4 PM),865,0.292485549132948,149.0,560.2173913043479,479.0,Waban
Green,place-waban,16,Evening peak (4-6 PM),851,0.26674500587544064,103.0,588.0132158590309,510.0,Waban
Green,place-waban,17,Evening peak (4-6 PM),840,0.2785714285714286,127.0,591.2692307692307,516.0,Waban
Green,place-waban,18,Night,801,0.3146067415730337,159.0,642.1269841269841,536.0,Waban
Green,place-waban,19,Night,882,0.30158730158730157,162.0,578.4661654135339,497.5,Waban
Green,place-waban,20,Night,841,0.291319857312723,130.0,609.3387755102041,493.0,Waban
Green,place-waban,21,Night,885,0.23728813559322035,127.0,564.5238095238095,472.0,Waban
Green,place-waban,22,Night,792,0.3042929292929293,146.0,591.0746887966804,495.0,Waban
Green,place-waban,23,Night,819,0.29304029304029305,154.0,584.3875,492.0,Waban
Green,place-wascm,0,Early / night,628,0.1735668789808917,3.5,596.6238532110092,543.0,Washington Street
Green,place-wascm,1,Early / night,292,0.2773972602739726,26.5,649.5061728395061,546.0,Washington Street
Green,place-wascm,2,Early / night,31,0.12903225806451613,-122.0,911.0,986.5,Washington Street
Green,place-wascm,5,Early / night,350,0.02857142857142857,-5.5,598.9,570.5,Washington Street
Green,place-wascm,6,Early / night,656,0.0899390243902439,3.0,440.45762711864404,393.0,Washington Street
Green,place-wascm,7,Morning peak (7-9 AM),869,0.07825086306098965,-10.0,483.97058823529414,414.0,Washington Street
Green,place-wascm,8,Morning peak (7-9 AM),930,0.1032258064516129,33.5,520.1875,417.0,Washington Street
Green,place-wascm,9,Midday (9 AM-4 PM),928,0.19181034482758622,63.0,518.4269662921348,437.0,Washington Street
Green,place-wascm,10,Midday (9 AM-4 PM),931,0.1858216970998926,48.0,563.4797687861271,474.0,Washington Street
Green,place-wascm,11,Midday (9 AM-4 PM),921,0.18458197611292074,39.0,603.4058823529411,477.5,Washington Street
Green,place-wascm,12,Midday (9 AM-4 PM),859,0.16880093131548313,17.0,540.7034482758621,470.0,Washington Street
Green,place-wascm,13,Midday (9 AM-4 PM),876,0.1872146118721461,28.5,556.4878048780488,472.5,Washington Street
Green,place-wascm,14,Midday (9 AM-4 PM),876,0.1643835616438356,38.5,569.0,499.5,Washington Street
Green,place-wascm,15,Midday (9 AM-4 PM),900,0.18666666666666668,40.0,591.9702380952381,492.5,Washington Street
Green,place-wascm,16,Evening peak (4-6 PM),882,0.17573696145124718,32.0,614.4258064516129,518.0,Washington Street
Green,place-wascm,17,Evening peak (4-6 PM),874,0.2128146453089245,48.5,566.8172043010753,482.0,Washington Street
Green,place-wascm,18,Night,878,0.2528473804100228,93.5,628.1576576576576,534.5,Washington Street
Green,place-wascm,19,Night,895,0.20782122905027933,53.0,617.6505376344086,519.0,Washington Street
Green,place-wascm,20,Night,864,0.23726851851851852,67.0,591.2731707317073,483.0,Washington Street
Green,place-wascm,21,Night,834,0.18585131894484413,57.0,578.6645161290322,477.0,Washington Street
Green,place-wascm,22,Night,803,0.20672478206724781,50.0,554.7951807228916,465.5,Washington Street
Green,place-wascm,23,Night,844,0.245260663507109,62.5,611.8888888888889,519.0,Washington Street
Green,place-woodl,0,Early / night,469,0.232409381663113,68.0,581.743119266055,494.0,Woodland
Green,place-woodl,1,Early / night,449,0.24944320712694878,46.0,648.5178571428571,547.0,Woodland
Green,place-woodl,2,Early / night,62,0.3548387096774194,173.0,803.5909090909091,740.0,Woodland
Green,place-woodl,4,Early / night,47,0.0,54.0,,,Woodland
Green,place-woodl,5,Early / night,377,0.03713527851458886,68.0,407.85714285714283,396.5,Woodland
Green,place-woodl,6,Early / night,609,0.10016420361247948,52.0,441.24590163934425,394.0,Woodland
Green,place-woodl,7,Morning peak (7-9 AM),755,0.11258278145695365,42.0,525.7529411764706,470.0,Woodland
Green,place-woodl,8,Morning peak (7-9 AM),807,0.16356877323420074,65.0,565.1666666666666,473.5,Woodland
Green,place-woodl,9,Midday (9 AM-4 PM),817,0.204406364749082,83.0,548.7964071856287,455.0,Woodland
Green,place-woodl,10,Midday (9 AM-4 PM),812,0.1748768472906404,54.5,548.9366197183099,454.0,Woodland
Green,place-woodl,11,Midday (9 AM-4 PM),796,0.2236180904522613,77.5,564.1741573033707,487.0,Woodland
Green,place-woodl,12,Midday (9 AM-4 PM),807,0.24783147459727387,115.0,594.0,508.5,Woodland
Green,place-woodl,13,Midday (9 AM-4 PM),830,0.2433734939759036,111.0,617.2227722772277,508.5,Woodland
Green,place-woodl,14,Midday (9 AM-4 PM),832,0.265625,123.5,583.2488687782806,496.0,Woodland
Green,place-woodl,15,Midday (9 AM-4 PM),868,0.28456221198156684,150.0,566.8744939271255,490.0,Woodland
Green,place-woodl,16,Evening peak (4-6 PM),855,0.27485380116959063,109.0,585.6127659574468,486.0,Woodland
Green,place-woodl,17,Evening peak (4-6 PM),829,0.2822677925211098,139.0,593.4957264957264,521.5,Woodland
Green,place-woodl,18,Night,778,0.32390745501285345,149.0,651.718253968254,542.0,Woodland
Green,place-woodl,19,Night,866,0.2840646651270208,130.5,586.1910569105692,504.5,Woodland
Green,place-woodl,20,Night,846,0.2706855791962175,114.5,642.4541484716157,520.0,Woodland
Green,place-woodl,21,Night,852,0.22652582159624413,102.0,571.0932642487047,500.0,Woodland
Green,place-woodl,22,Night,787,0.2935196950444727,132.0,621.0952380952381,522.0,Woodland
Green,place-woodl,23,Night,841,0.272294887039239,133.0,591.471615720524,502.0,Woodland
Green,place-wrnst,0,Early / night,666,0.15015015015015015,-8.0,604.63,529.0,Warren Street
Green,place-wrnst,1,Early / night,281,0.24555160142348753,-8.0,668.3768115942029,548.0,Warren Street
Green,place-wrnst,2,Early / night,29,0.13793103448275862,-271.0,852.0,922.5,Warren Street
Green,place-wrnst,5,Early / night,338,0.023668639053254437,-19.0,681.125,567.5,Warren Street
Green,place-wrnst,6,Early / night,662,0.06948640483383686,-19.0,454.2826086956522,384.0,Warren Street
Green,place-wrnst,7,Morning peak (7-9 AM),889,0.05961754780652419,-45.0,504.52830188679246,416.0,Warren Street
Green,place-wrnst,8,Morning peak (7-9 AM),929,0.09472551130247578,-13.0,536.2159090909091,417.0,Warren Street
Green,place-wrnst,9,Midday (9 AM-4 PM),926,0.1511879049676026,31.5,533.2214285714285,456.5,Warren Street
Green,place-wrnst,10,Midday (9 AM-4 PM),921,0.1737242128121607,16.0,582.2125,490.5,Warren Street
Green,place-wrnst,11,Midday (9 AM-4 PM),926,0.1771058315334773,20.0,610.5853658536586,497.0,Warren Street
Green,place-wrnst,12,Midday (9 AM-4 PM),850,0.17176470588235293,-4.5,549.7054794520548,497.5,Warren Street
Green,place-wrnst,13,Midday (9 AM-4 PM),865,0.2,17.0,563.9826589595376,470.0,Warren Street
Green,place-wrnst,14,Midday (9 AM-4 PM),899,0.16129032258064516,7.0,589.2620689655172,542.0,Warren Street
Green,place-wrnst,15,Midday (9 AM-4 PM),893,0.18141097424412095,24.0,603.2283950617284,515.5,Warren Street
Green,place-wrnst,16,Evening peak (4-6 PM),888,0.18355855855855857,3.0,614.6932515337423,515.0,Warren Street
Green,place-wrnst,17,Evening peak (4-6 PM),870,0.2045977011494253,28.5,590.2808988764045,514.0,Warren Street
Green,place-wrnst,18,Night,884,0.24434389140271492,82.0,655.074074074074,554.5,Warren Street
Green,place-wrnst,19,Night,880,0.2,28.0,620.6875,527.5,Warren Street
Green,place-wrnst,20,Night,877,0.217787913340935,33.0,594.9633507853404,506.0,Warren Street
Green,place-wrnst,21,Night,847,0.15584415584415584,12.0,605.0454545454545,485.5,Warren Street
Green,place-wrnst,22,Night,810,0.1925925925925926,19.0,552.275641025641,454.5,Warren Street
Green,place-wrnst,23,Night,813,0.24846248462484624,64.0,624.1188118811881,528.0,Warren Street
Mattapan,place-asmnl,0,Early / night,7,0.14285714285714285,-81.0,637.0,637.0,Ashmont
Mattapan,place-asmnl,5,Early / night,2,0.0,-56.0,,,Ashmont
Mattapan,place-asmnl,6,Early / night,7,0.14285714285714285,-69.0,604.0,604.0,Ashmont
Mattapan,place-asmnl,7,Morning peak (7-9 AM),7,0.5714285714285714,301.0,445.75,480.0,Ashmont
Mattapan,place-asmnl,8,Morning peak (7-9 AM),11,0.6363636363636364,327.0,345.57142857142856,336.0,Ashmont
Mattapan,place-asmnl,9,Midday (9 AM-4 PM),8,0.375,78.5,450.6666666666667,453.0,Ashmont
Mattapan,place-asmnl,10,Midday (9 AM-4 PM),12,0.25,11.0,518.6666666666666,470.0,Ashmont
Mattapan,place-asmnl,11,Midday (9 AM-4 PM),4,0.25,-40.0,691.0,691.0,Ashmont
Mattapan,place-asmnl,12,Midday (9 AM-4 PM),1,0.0,-888.0,,,Ashmont
Mattapan,place-asmnl,13,Midday (9 AM-4 PM),1,0.0,23.0,,,Ashmont
Mattapan,place-asmnl,15,Midday (9 AM-4 PM),5,0.2,-93.0,605.0,605.0,Ashmont
Mattapan,place-asmnl,16,Evening peak (4-6 PM),1,0.0,-486.0,,,Ashmont
Mattapan,place-asmnl,17,Evening peak (4-6 PM),6,0.0,2.0,,,Ashmont
Mattapan,place-asmnl,18,Night,3,0.0,-54.0,,,Ashmont
Mattapan,place-asmnl,19,Night,13,0.0,-132.0,,,Ashmont
Mattapan,place-asmnl,20,Night,13,0.0,-81.0,,,Ashmont
Mattapan,place-asmnl,21,Night,17,0.17647058823529413,-110.0,653.3333333333334,653.0,Ashmont
Mattapan,place-asmnl,22,Night,26,0.15384615384615385,-69.5,662.0,665.0,Ashmont
Mattapan,place-asmnl,23,Night,15,0.2,-85.0,651.3333333333334,622.0,Ashmont
Mattapan,place-butlr,0,Early / night,779,0.019255455712451863,-82.0,488.0,492.0,Butler
Mattapan,place-butlr,1,Early / night,319,0.0438871473354232,-78.0,481.2857142857143,411.5,Butler
Mattapan,place-butlr,2,Early / night,63,0.047619047619047616,-68.0,780.6666666666666,852.0,Butler
Mattapan,place-butlr,5,Early / night,465,0.008602150537634409,-51.0,686.25,680.0,Butler
Mattapan,place-butlr,6,Early / night,782,0.017902813299232736,-69.0,641.2142857142857,551.5,Butler
Mattapan,place-butlr,7,Morning peak (7-9 AM),1126,0.04884547069271759,-57.0,405.90909090909093,380.0,Butler
Mattapan,place-butlr,8,Morning peak (7-9 AM),1257,0.03977724741447892,-53.0,393.02,373.0,Butler
Mattapan,place-butlr,9,Midday (9 AM-4 PM),1053,0.060778727445394115,-37.0,493.859375,480.0,Butler
Mattapan,place-butlr,10,Midday (9 AM-4 PM),1023,0.05767350928641251,-39.0,482.3050847457627,497.0,Butler
Mattapan,place-butlr,11,Midday (9 AM-4 PM),959,0.040667361835245046,-49.0,479.4871794871795,400.0,Butler
Mattapan,place-butlr,12,Midday (9 AM-4 PM),1043,0.04793863854266539,-60.0,489.0,483.5,Butler
Mattapan,place-butlr,13,Midday (9 AM-4 PM),1073,0.04473438956197577,-63.0,492.0208333333333,484.0,Butler
Mattapan,place-butlr,14,Midday (9 AM-4 PM),961,0.03954214360041623,-66.0,471.55263157894734,456.0,Butler
Mattapan,place-butlr,15,Midday (9 AM-4 PM),1288,0.039596273291925464,-58.0,444.6862745098039,391.0,Butler
Mattapan,place-butlr,16,Evening peak (4-6 PM),1320,0.04318181818181818,-40.0,452.50877192982455,407.0,Butler
Mattapan,place-butlr,17,Evening peak (4-6 PM),1279,0.05394839718530102,-24.0,468.536231884058,438.0,Butler
Mattapan,place-butlr,18,Night,1225,0.054693877551020405,-46.0,483.44776119402985,431.0,Butler
Mattapan,place-butlr,19,Night,876,0.04337899543378995,-50.0,454.42105263157896,430.0,Butler
Mattapan,place-butlr,20,Night,774,0.046511627906976744,-27.5,453.1388888888889,428.5,Butler
Mattapan,place-butlr,21,Night,783,0.04469987228607918,-48.0,460.8285714285714,422.0,Butler
Mattapan,place-butlr,22,Night,782,0.03836317135549872,-57.0,559.5666666666667,547.0,Butler
Mattapan,place-butlr,23,Night,760,0.017105263157894738,-58.0,461.38461538461536,397.0,Butler
Mattapan,place-capst,0,Early / night,795,0.027672955974842768,-35.0,532.6363636363636,514.5,Capen Street
Mattapan,place-capst,1,Early / night,298,0.06040268456375839,-28.0,500.55555555555554,421.0,Capen Street
Mattapan,place-capst,2,Early / night,86,0.03488372093023256,-198.0,719.3333333333334,766.0,Capen Street
Mattapan,place-capst,5,Early / night,463,0.028077753779697623,6.0,773.3846153846154,788.0,Capen Street
Mattapan,place-capst,6,Early / night,773,0.03492884864165589,-19.0,681.8518518518518,636.0,Capen Street
Mattapan,place-capst,7,Morning peak (7-9 AM),1168,0.059075342465753425,-22.0,459.231884057971,430.0,Capen Street
Mattapan,place-capst,8,Morning peak (7-9 AM),1291,0.047250193648334625,-16.0,453.88524590163934,423.0,Capen Street
Mattapan,place-capst,9,Midday (9 AM-4 PM),1015,0.07783251231527094,0.0,500.24050632911394,501.0,Capen Street
Mattapan,place-capst,10,Midday (9 AM-4 PM),994,0.07142857142857142,7.0,542.169014084507,557.0,Capen Street
Mattapan,place-capst,11,Midday (9 AM-4 PM),1037,0.04628736740597879,-5.0,539.0,476.0,Capen Street
Mattapan,place-capst,12,Midday (9 AM-4 PM),1037,0.048216007714561235,-24.0,520.84,535.0,Capen Street
Mattapan,place-capst,13,Midday (9 AM-4 PM),987,0.047619047619047616,-22.0,534.063829787234,540.0,Capen Street
Mattapan,place-capst,14,Midday (9 AM-4 PM),1016,0.03740157480314961,-22.0,506.9736842105263,495.5,Capen Street
Mattapan,place-capst,15,Midday (9 AM-4 PM),1272,0.05660377358490566,-14.0,437.6666666666667,389.5,Capen Street
Mattapan,place-capst,16,Evening peak (4-6 PM),1300,0.04923076923076923,-5.0,470.03125,444.5,Capen Street
Mattapan,place-capst,17,Evening peak (4-6 PM),1291,0.06661502711076685,14.0,459.3953488372093,427.5,Capen Street
Mattapan,place-capst,18,Night,1234,0.07050243111831442,-5.0,479.264367816092,421.0,Capen Street
Mattapan,place-capst,19,Night,856,0.05724299065420561,-16.0,549.795918367347,534.0,Capen Street
Mattapan,place-capst,20,Night,798,0.06516290726817042,8.5,537.6346153846154,495.5,Capen Street
Mattapan,place-capst,21,Night,788,0.07106598984771574,-9.0,581.4285714285714,604.5,Capen Street
Mattapan,place-capst,22,Night,791,0.06700379266750948,-10.0,684.1698113207547,762.0,Capen Street
Mattapan,place-capst,23,Night,747,0.03748326639892905,-19.0,585.5357142857143,600.0,Capen Street
Mattapan,place-cedgr,0,Early / night,746,0.014745308310991957,-98.0,473.45454545454544,494.0,Cedar Grove
Mattapan,place-cedgr,1,Early / night,331,0.04833836858006042,-82.0,491.875,447.0,Cedar Grove
Mattapan,place-cedgr,2,Early / night,60,0.06666666666666667,-105.5,721.75,712.5,Cedar Grove
Mattapan,place-cedgr,5,Early / night,412,0.009708737864077669,-73.0,696.5,692.5,Cedar Grove
Mattapan,place-cedgr,6,Early / night,805,0.017391304347826087,-78.0,612.1428571428571,508.5,Cedar Grove
Mattapan,place-cedgr,7,Morning peak (7-9 AM),1153,0.03816131830008673,-70.0,402.8181818181818,354.5,Cedar Grove
Mattapan,place-cedgr,8,Morning peak (7-9 AM),1282,0.035101404056162244,-52.0,372.4888888888889,350.0,Cedar Grove
Mattapan,place-cedgr,9,Midday (9 AM-4 PM),1075,0.053023255813953486,-39.0,491.57894736842104,458.0,Cedar Grove
Mattapan,place-cedgr,10,Midday (9 AM-4 PM),980,0.05204081632653061,-42.5,453.98039215686276,444.0,Cedar Grove
Mattapan,place-cedgr,11,Midday (9 AM-4 PM),1028,0.03988326848249027,-56.5,477.6585365853659,422.0,Cedar Grove
Mattapan,place-cedgr,12,Midday (9 AM-4 PM),1035,0.05217391304347826,-77.0,521.8333333333334,474.5,Cedar Grove
Mattapan,place-cedgr,13,Midday (9 AM-4 PM),1020,0.047058823529411764,-66.0,504.2916666666667,473.5,Cedar Grove
Mattapan,place-cedgr,14,Midday (9 AM-4 PM),1036,0.03571428571428571,-67.0,478.1621621621622,448.0,Cedar Grove
Mattapan,place-cedgr,15,Midday (9 AM-4 PM),1264,0.041930379746835444,-69.0,450.41509433962267,405.0,Cedar Grove
Mattapan,place-cedgr,16,Evening peak (4-6 PM),1323,0.049886621315192746,-47.0,451.8939393939394,409.0,Cedar Grove
Mattapan,place-cedgr,17,Evening peak (4-6 PM),1291,0.05964368706429125,-28.0,472.90909090909093,422.0,Cedar Grove
Mattapan,place-cedgr,18,Night,1208,0.052152317880794705,-49.0,477.58730158730157,406.0,Cedar Grove
Mattapan,place-cedgr,19,Night,859,0.04540162980209546,-56.0,448.71794871794873,399.0,Cedar Grove
Mattapan,place-cedgr,20,Night,824,0.038834951456310676,-40.0,456.9375,411.0,Cedar Grove
Mattapan,place-cedgr,21,Night,815,0.04294478527607362,-59.0,439.7142857142857,402.0,Cedar Grove
Mattapan,place-cedgr,22,Night,781,0.03585147247119078,-56.0,584.8571428571429,552.5,Cedar Grove
Mattapan,place-cedgr,23,Night,806,0.01488833746898263,-80.0,425.5,389.0,Cedar Grove
Mattapan,place-cenav,0,Early / night,806,0.02109181141439206,-55.0,562.4117647058823,558.0,Central Avenue
Mattapan,place-cenav,1,Early / night,304,0.05921052631578947,-60.0,457.3333333333333,412.0,Central Avenue
Mattapan,place-cenav,2,Early / night,75,0.05333333333333334,-128.0,636.5,632.5,Central Avenue
Mattapan,place-cenav,5,Early / night,477,0.027253668763102725,-24.0,752.3846153846154,759.0,Central Avenue
Mattapan,place-cenav,6,Early / night,777,0.032175032175032175,-54.0,638.0,597.0,Central Avenue
Mattapan,place-cenav,7,Morning peak (7-9 AM),1106,0.05334538878842676,-47.0,460.54237288135596,413.0,Central Avenue
Mattapan,place-cenav,8,Morning peak (7-9 AM),1289,0.051978277734678044,-37.0,440.8358208955224,387.0,Central Avenue
Mattapan,place-cenav,9,Midday (9 AM-4 PM),1048,0.0715648854961832,-29.0,492.3466666666667,474.0,Central Avenue
Mattapan,place-cenav,10,Midday (9 AM-4 PM),1044,0.07088122605363985,-26.0,530.8783783783783,525.0,Central Avenue
Mattapan,place-cenav,11,Midday (9 AM-4 PM),994,0.04426559356136821,-31.0,501.95454545454544,456.5,Central Avenue
Mattapan,place-cenav,12,Midday (9 AM-4 PM),1012,0.04841897233201581,-48.0,504.57142857142856,507.0,Central Avenue
Mattapan,place-cenav,13,Midday (9 AM-4 PM),1065,0.04507042253521127,-49.0,518.2083333333334,513.0,Central Avenue
Mattapan,place-cenav,14,Midday (9 AM-4 PM),975,0.043076923076923075,-46.0,498.57142857142856,485.0,Central Avenue
Mattapan,place-cenav,15,Midday (9 AM-4 PM),1319,0.045489006823351025,-44.0,443.8666666666667,374.5,Central Avenue
Mattapan,place-cenav,16,Evening peak (4-6 PM),1294,0.04250386398763524,-31.0,449.6727272727273,406.0,Central Avenue
Mattapan,place-cenav,17,Evening peak (4-6 PM),1250,0.0608,-10.0,450.94736842105266,417.5,Central Avenue
Mattapan,place-cenav,18,Night,1266,0.054502369668246446,-28.0,502.6811594202899,448.0,Central Avenue
Mattapan,place-cenav,19,Night,855,0.05497076023391813,-37.0,541.531914893617,497.0,Central Avenue
Mattapan,place-cenav,20,Night,772,0.06735751295336788,-24.0,516.7307692307693,472.5,Central Avenue
Mattapan,place-cenav,21,Night,831,0.06498194945848375,-29.0,564.074074074074,590.0,Central Avenue
Mattapan,place-cenav,22,Night,799,0.06382978723404255,-33.0,649.4509803921569,724.0,Central Avenue
Mattapan,place-cenav,23,Night,754,0.03050397877984085,-47.0,574.0434782608696,660.0,Central Avenue
Mattapan,place-miltt,0,Early / night,791,0.021491782553729456,-85.0,542.3529411764706,519.0,Milton
Mattapan,place-miltt,1,Early / night,314,0.044585987261146494,-86.0,478.7142857142857,417.5,Milton
Mattapan,place-miltt,2,Early / night,66,0.045454545454545456,-84.5,773.3333333333334,841.0,Milton
Mattapan,place-miltt,5,Early / night,472,0.025423728813559324,-61.0,706.4166666666666,712.0,Milton
Mattapan,place-miltt,6,Early / night,784,0.02806122448979592,-75.5,640.2727272727273,573.5,Milton
Mattapan,place-miltt,7,Morning peak (7-9 AM),1115,0.045739910313901344,-71.0,432.0980392156863,373.0,Milton
Mattapan,place-miltt,8,Morning peak (7-9 AM),1265,0.04189723320158103,-61.0,462.07547169811323,369.0,Milton
Mattapan,place-miltt,9,Midday (9 AM-4 PM),1055,0.06445497630331753,-54.0,499.88235294117646,480.5,Milton
Mattapan,place-miltt,10,Midday (9 AM-4 PM),1042,0.06525911708253358,-48.5,504.3970588235294,493.5,Milton
Mattapan,place-miltt,11,Midday (9 AM-4 PM),973,0.041109969167523124,-65.0,501.6,443.0,Milton
Mattapan,place-miltt,12,Midday (9 AM-4 PM),1023,0.044965786901270774,-71.0,483.8695652173913,480.5,Milton
Mattapan,place-miltt,13,Midday (9 AM-4 PM),1079,0.04355885078776645,-72.0,494.7659574468085,477.0,Milton
Mattapan,place-miltt,14,Midday (9 AM-4 PM),959,0.03753910323253389,-77.0,465.52777777777777,451.0,Milton
Mattapan,place-miltt,15,Midday (9 AM-4 PM),1315,0.04182509505703422,-69.0,464.05454545454546,414.0,Milton
Mattapan,place-miltt,16,Evening peak (4-6 PM),1280,0.0390625,-49.0,437.86,407.5,Milton
Mattapan,place-miltt,17,Evening peak (4-6 PM),1285,0.05603112840466926,-32.0,476.9166666666667,436.0,Milton
Mattapan,place-miltt,18,Night,1255,0.05179282868525897,-53.0,494.44615384615383,429.0,Milton
Mattapan,place-miltt,19,Night,858,0.05128205128205128,-56.0,502.0681818181818,487.0,Milton
Mattapan,place-miltt,20,Night,769,0.05981794538361508,-33.0,496.6521739130435,454.0,Milton
Mattapan,place-miltt,21,Night,813,0.056580565805658053,-50.0,549.0434782608696,550.5,Milton
Mattapan,place-miltt,22,Night,818,0.06601466992665037,-55.0,628.4444444444445,688.5,Milton
Mattapan,place-miltt,23,Night,748,0.02807486631016043,-64.0,577.4285714285714,660.0,Milton
Mattapan,place-valrd,0,Early / night,805,0.024844720496894408,-36.0,543.35,529.0,Valley Road
Mattapan,place-valrd,1,Early / night,300,0.06,-36.0,456.0,412.5,Valley Road
Mattapan,place-valrd,2,Early / night,83,0.03614457831325301,-170.0,714.6666666666666,759.0,Valley Road
Mattapan,place-valrd,5,Early / night,471,0.027600849256900213,7.0,775.0,796.0,Valley Road
Mattapan,place-valrd,6,Early / night,774,0.03617571059431524,-19.0,673.25,627.0,Valley Road
Mattapan,place-valrd,7,Morning peak (7-9 AM),1160,0.06379310344827586,-18.0,455.2837837837838,435.0,Valley Road
Mattapan,place-valrd,8,Morning peak (7-9 AM),1278,0.04381846635367762,-18.0,477.3392857142857,418.5,Valley Road
Mattapan,place-valrd,9,Midday (9 AM-4 PM),1016,0.07578740157480315,-2.0,505.2857142857143,498.0,Valley Road
Mattapan,place-valrd,10,Midday (9 AM-4 PM),1018,0.07072691552062868,8.0,553.4027777777778,564.0,Valley Road
Mattapan,place-valrd,11,Midday (9 AM-4 PM),1034,0.04642166344294004,-4.0,521.6458333333334,441.5,Valley Road
Mattapan,place-valrd,12,Midday (9 AM-4 PM),1014,0.047337278106508875,-29.0,523.3541666666666,533.0,Valley Road
Mattapan,place-valrd,13,Midday (9 AM-4 PM),1032,0.04941860465116279,-20.5,519.5098039215686,542.0,Valley Road
Mattapan,place-valrd,14,Midday (9 AM-4 PM),996,0.040160642570281124,-22.0,499.525,478.5,Valley Road
Mattapan,place-valrd,15,Midday (9 AM-4 PM),1296,0.05246913580246913,-16.5,444.6029411764706,380.0,Valley Road
Mattapan,place-valrd,16,Evening peak (4-6 PM),1295,0.047104247104247106,-6.0,472.327868852459,448.0,Valley Road
Mattapan,place-valrd,17,Evening peak (4-6 PM),1284,0.06542056074766354,10.0,469.6666666666667,427.5,Valley Road
Mattapan,place-valrd,18,Night,1248,0.06169871794871795,-9.5,493.2597402597403,439.0,Valley Road
Mattapan,place-valrd,19,Night,845,0.05562130177514793,-17.0,543.2765957446809,528.0,Valley Road
Mattapan,place-valrd,20,Night,804,0.06467661691542288,4.0,537.0961538461538,498.5,Valley Road
Mattapan,place-valrd,21,Night,810,0.07037037037037037,-12.0,574.3508771929825,579.0,Valley Road
Mattapan,place-valrd,22,Night,788,0.06472081218274112,-10.0,687.0,763.0,Valley Road
Mattapan,place-valrd,23,Night,767,0.03780964797913951,-23.0,596.3793103448276,677.0,Valley Road
Orange,place-astao,0,Early / night,1070,0.05700934579439252,14.0,552.4262295081967,446.0,Assembly
Orange,place-astao,1,Early / night,190,0.06842105263157895,6.5,892.3846153846154,815.0,Assembly
Orange,place-astao,2,Early / night,6,0.0,-23.5,,,Assembly
Orange,place-astao,5,Early / night,509,0.0550098231827112,39.0,463.2857142857143,383.0,Assembly
Orange,place-astao,6,Early / night,1357,0.07663964627855564,34.0,651.9134615384615,610.5,Assembly
Orange,place-astao,7,Morning peak (7-9 AM),1433,0.1060711793440335,55.0,792.046052631579,708.0,Assembly
Orange,place-astao,8,Morning peak (7-9 AM),1412,0.12181303116147309,74.0,559.3895348837209,458.5,Assembly
Orange,place-astao,9,Midday (9 AM-4 PM),1336,0.1474550898203593,66.5,490.65482233502536,426.0,Assembly
Orange,place-astao,10,Midday (9 AM-4 PM),1112,0.13399280575539568,42.0,515.3154362416108,428.0,Assembly
Orange,place-astao,11,Midday (9 AM-4 PM),1037,0.10125361620057859,54.0,527.2571428571429,448.0,Assembly
Orange,place-astao,12,Midday (9 AM-4 PM),1082,0.08410351201478743,37.0,489.0879120879121,421.0,Assembly
Orange,place-astao,13,Midday (9 AM-4 PM),1091,0.08340971585701192,42.0,481.72527472527474,447.0,Assembly
Orange,place-astao,14,Midday (9 AM-4 PM),1193,0.13411567476948869,38.0,647.71875,549.5,Assembly
Orange,place-astao,15,Midday (9 AM-4 PM),1303,0.14735226400613968,44.0,622.4427083333334,503.0,Assembly
Orange,place-astao,16,Evening peak (4-6 PM),1330,0.17969924812030075,43.0,548.4309623430962,497.0,Assembly
Orange,place-astao,17,Evening peak (4-6 PM),1246,0.21910112359550563,64.0,606.1611721611722,509.0,Assembly
Orange,place-astao,18,Night,1325,0.1758490566037736,54.0,569.2360515021459,479.0,Assembly
Orange,place-astao,19,Night,1251,0.11910471622701839,44.0,630.0134228187919,532.0,Assembly
Orange,place-astao,20,Night,1078,0.1280148423005566,43.0,576.195652173913,513.5,Assembly
Orange,place-astao,21,Night,1169,0.10008554319931566,43.0,558.042735042735,468.0,Assembly
Orange,place-astao,22,Night,1168,0.10188356164383562,45.0,620.2436974789916,494.0,Assembly
Orange,place-astao,23,Night,1209,0.07775020678246485,34.0,576.9574468085107,443.0,Assembly
Orange,place-bbsta,0,Early / night,1051,0.05423406279733587,6.0,645.1754385964912,450.0,Back Bay
Orange,place-bbsta,1,Early / night,164,0.04878048780487805,-0.5,640.5,647.0,Back Bay
Orange,place-bbsta,2,Early / night,6,0.3333333333333333,69.0,1121.0,1121.0,Back Bay
Orange,place-bbsta,5,Early / night,516,0.029069767441860465,21.0,418.3333333333333,422.0,Back Bay
Orange,place-bbsta,6,Early / night,1358,0.08689248895434462,28.0,594.3050847457627,527.5,Back Bay
Orange,place-bbsta,7,Morning peak (7-9 AM),1407,0.12153518123667377,46.0,793.6491228070175,658.0,Back Bay
Orange,place-bbsta,8,Morning peak (7-9 AM),1409,0.1242015613910575,62.0,583.4057142857143,458.0,Back Bay
Orange,place-bbsta,9,Midday (9 AM-4 PM),1353,0.1204730229120473,56.0,468.3803680981595,399.0,Back Bay
Orange,place-bbsta,10,Midday (9 AM-4 PM),1117,0.12175470008952552,36.0,492.99264705882354,409.5,Back Bay
Orange,place-bbsta,11,Midday (9 AM-4 PM),1003,0.07278165503489531,36.0,509.71232876712327,422.0,Back Bay
Orange,place-bbsta,12,Midday (9 AM-4 PM),1067,0.06935332708528585,31.0,489.7432432432432,451.5,Back Bay
Orange,place-bbsta,13,Midday (9 AM-4 PM),1100,0.07090909090909091,22.0,523.4230769230769,463.5,Back Bay
Orange,place-bbsta,14,Midday (9 AM-4 PM),1184,0.1258445945945946,26.0,682.6375838926175,607.0,Back Bay
Orange,place-bbsta,15,Midday (9 AM-4 PM),1324,0.18051359516616314,41.0,598.2677824267782,488.0,Back Bay
Orange,place-bbsta,16,Evening peak (4-6 PM),1319,0.18423047763457165,49.0,541.522633744856,482.0,Back Bay
Orange,place-bbsta,17,Evening peak (4-6 PM),1254,0.22886762360446572,62.0,560.2020905923345,493.0,Back Bay
Orange,place-bbsta,18,Night,1271,0.15499606608969316,45.0,580.5634517766498,487.0,Back Bay
Orange,place-bbsta,19,Night,1303,0.1343054489639294,47.0,633.0857142857143,531.0,Back Bay
Orange,place-bbsta,20,Night,1054,0.11195445920303605,37.0,607.2033898305085,514.5,Back Bay
Orange,place-bbsta,21,Night,1146,0.10471204188481675,44.0,560.4666666666667,469.0,Back Bay
Orange,place-bbsta,22,Night,1144,0.09615384615384616,35.5,559.7818181818182,479.0,Back Bay
Orange,place-bbsta,23,Night,1201,0.08576186511240633,26.0,506.94174757281553,445.0,Back Bay
Orange,place-ccmnl,0,Early / night,1066,0.06097560975609756,2.0,533.9538461538461,416.0,Community College
Orange,place-ccmnl,1,Early / night,184,0.059782608695652176,-2.5,937.9090909090909,821.0,Community College
Orange,place-ccmnl,2,Early / night,7,0.0,13.0,,,Community College
Orange,place-ccmnl,5,Early / night,533,0.039399624765478425,21.0,500.42857142857144,431.0,Community College
Orange,place-ccmnl,6,Early / night,1344,0.08110119047619048,25.0,613.9082568807339,530.0,Community College
Orange,place-ccmnl,7,Morning peak (7-9 AM),1412,0.11898016997167139,55.0,779.327380952381,644.0,Community College
Orange,place-ccmnl,8,Morning peak (7-9 AM),1398,0.11516452074391989,70.5,574.7639751552795,462.0,Community College
Orange,place-ccmnl,9,Midday (9 AM-4 PM),1341,0.14317673378076062,58.0,492.5,416.5,Community College
Orange,place-ccmnl,10,Midday (9 AM-4 PM),1121,0.13648528099910795,41.0,511.9542483660131,425.0,Community College
Orange,place-ccmnl,11,Midday (9 AM-4 PM),1009,0.0981169474727453,47.0,517.939393939394,438.0,Community College
Orange,place-ccmnl,12,Midday (9 AM-4 PM),1093,0.08325709057639524,32.0,481.83516483516485,415.0,Community College
Orange,place-ccmnl,13,Midday (9 AM-4 PM),1097,0.08021877848678213,29.0,488.1931818181818,441.5,Community College
Orange,place-ccmnl,14,Midday (9 AM-4 PM),1169,0.12574850299401197,29.0,666.8979591836735,575.0,Community College
Orange,place-ccmnl,15,Midday (9 AM-4 PM),1305,0.15402298850574714,36.0,623.0149253731344,497.0,Community College
Orange,place-ccmnl,16,Evening peak (4-6 PM),1325,0.18490566037735848,34.0,543.8775510204082,493.0,Community College
Orange,place-ccmnl,17,Evening peak (4-6 PM),1250,0.2184,57.5,600.6227106227107,513.0,Community College
Orange,place-ccmnl,18,Night,1296,0.16898148148148148,48.5,572.1826484018264,476.0,Community College
Orange,place-ccmnl,19,Night,1273,0.11861743912018853,37.0,638.635761589404,533.0,Community College
Orange,place-ccmnl,20,Night,1073,0.11835973904939422,37.0,595.9212598425197,528.0,Community College
Orange,place-ccmnl,21,Night,1169,0.1009409751924722,40.0,576.9152542372881,479.5,Community College
Orange,place-ccmnl,22,Night,1147,0.1020052310374891,39.0,608.3418803418804,498.0,Community College
Orange,place-ccmnl,23,Night,1216,0.07730263157894737,24.0,554.4148936170212,434.5,Community College
Orange,place-chncl,0,Early / night,1041,0.05763688760806916,11.0,578.6833333333333,435.5,Chinatown
Orange,place-chncl,1,Early / night,183,0.0546448087431694,5.0,661.0,510.5,Chinatown
Orange,place-chncl,2,Early / night,3,0.6666666666666666,508.0,1125.5,1125.5,Chinatown
Orange,place-chncl,5,Early / night,530,0.035849056603773584,25.0,422.89473684210526,428.0,Chinatown
Orange,place-chncl,6,Early / night,1339,0.0888722927557879,36.0,595.563025210084,516.0,Chinatown
Orange,place-chncl,7,Morning peak (7-9 AM),1385,0.1256317689530686,60.0,783.1034482758621,667.0,Chinatown
Orange,place-chncl,8,Morning peak (7-9 AM),1414,0.13437057991513437,77.0,565.1473684210526,456.5,Chinatown
Orange,place-chncl,9,Midday (9 AM-4 PM),1340,0.13208955223880597,66.0,486.2598870056497,417.0,Chinatown
Orange,place-chncl,10,Midday (9 AM-4 PM),1106,0.13200723327305605,46.0,489.8150684931507,411.0,Chinatown
Orange,place-chncl,11,Midday (9 AM-4 PM),994,0.08350100603621731,45.0,505.0120481927711,424.0,Chinatown
Orange,place-chncl,12,Midday (9 AM-4 PM),1077,0.07985143918291551,37.0,485.48837209302326,437.0,Chinatown
Orange,place-chncl,13,Midday (9 AM-4 PM),1109,0.08025247971145176,32.0,508.9887640449438,450.0,Chinatown
Orange,place-chncl,14,Midday (9 AM-4 PM),1154,0.13258232235701906,38.5,656.9803921568628,603.0,Chinatown
Orange,place-chncl,15,Midday (9 AM-4 PM),1330,0.1849624060150376,47.5,591.719512195122,489.0,Chinatown
Orange,place-chncl,16,Evening peak (4-6 PM),1309,0.19938884644766997,65.0,535.6819923371647,481.0,Chinatown
Orange,place-chncl,17,Evening peak (4-6 PM),1258,0.23370429252782193,77.0,577.6938775510204,512.5,Chinatown
Orange,place-chncl,18,Night,1264,0.16218354430379747,59.0,585.829268292683,496.0,Chinatown
Orange,place-chncl,19,Night,1273,0.13511390416339356,55.0,613.8604651162791,529.0,Chinatown
Orange,place-chncl,20,Night,1059,0.12086874409820586,44.0,623.015625,518.0,Chinatown
Orange,place-chncl,21,Night,1164,0.11082474226804123,52.5,553.4728682170543,458.0,Chinatown
Orange,place-chncl,22,Night,1125,0.10488888888888889,48.0,564.457627118644,480.5,Chinatown
Orange,place-chncl,23,Night,1247,0.08500400962309543,33.0,541.9150943396227,456.5,Chinatown
Orange,place-dwnxg,0,Early / night,1038,0.05394990366088632,10.0,557.5357142857143,425.0,Downtown Crossing
Orange,place-dwnxg,1,Early / night,189,0.06878306878306878,5.0,706.2307692307693,421.0,Downtown Crossing
Orange,place-dwnxg,2,Early / night,3,0.6666666666666666,503.0,1112.5,1112.5,Downtown Crossing
Orange,place-dwnxg,5,Early / night,513,0.029239766081871343,24.0,444.0,430.0,Downtown Crossing
Orange,place-dwnxg,6,Early / night,1352,0.08505917159763314,36.0,610.4956521739131,545.0,Downtown Crossing
Orange,place-dwnxg,7,Morning peak (7-9 AM),1399,0.1222301644031451,57.0,771.5730994152046,627.0,Downtown Crossing
Orange,place-dwnxg,8,Morning peak (7-9 AM),1407,0.13077469793887705,77.0,561.8586956521739,456.5,Downtown Crossing
Orange,place-dwnxg,9,Midday (9 AM-4 PM),1326,0.13046757164404224,66.0,490.21965317919074,410.0,Downtown Crossing
Orange,place-dwnxg,10,Midday (9 AM-4 PM),1115,0.13901345291479822,45.0,497.1548387096774,420.0,Downtown Crossing
Orange,place-dwnxg,11,Midday (9 AM-4 PM),987,0.08409321175278622,42.0,515.8915662650602,427.0,Downtown Crossing
Orange,place-dwnxg,12,Midday (9 AM-4 PM),1072,0.07835820895522388,36.0,479.8690476190476,416.5,Downtown Crossing
Orange,place-dwnxg,13,Midday (9 AM-4 PM),1111,0.0774077407740774,30.0,500.9418604651163,430.5,Downtown Crossing
Orange,place-dwnxg,14,Midday (9 AM-4 PM),1157,0.12100259291270528,34.0,682.5285714285715,620.0,Downtown Crossing
Orange,place-dwnxg,15,Midday (9 AM-4 PM),1329,0.18058690744920994,46.0,607.9875,492.5,Downtown Crossing
Orange,place-dwnxg,16,Evening peak (4-6 PM),1314,0.2009132420091324,55.0,541.594696969697,496.5,Downtown Crossing
Orange,place-dwnxg,17,Evening peak (4-6 PM),1253,0.23703112529928172,73.0,597.2861952861953,525.0,Downtown Crossing
Orange,place-dwnxg,18,Night,1262,0.16085578446909668,53.0,586.9014778325123,496.0,Downtown Crossing
Orange,place-dwnxg,19,Night,1285,0.12529182879377432,43.0,619.6086956521739,530.0,Downtown Crossing
Orange,place-dwnxg,20,Night,1055,0.11943127962085308,40.0,607.531746031746,536.0,Downtown Crossing
Orange,place-dwnxg,21,Night,1167,0.10796915167095116,47.0,555.8015873015873,464.0,Downtown Crossing
Orange,place-dwnxg,22,Night,1128,0.10195035460992907,49.5,593.0869565217391,495.0,Downtown Crossing
Orange,place-dwnxg,23,Night,1236,0.08414239482200647,31.0,555.625,453.5,Downtown Crossing
Orange,place-grnst,0,Early / night,1141,0.07186678352322524,25.0,682.1829268292682,561.0,Green Street
Orange,place-grnst,1,Early / night,260,0.12307692307692308,29.0,503.15625,463.5,Green Street
Orange,place-grnst,2,Early / night,16,0.25,56.5,1333.25,1545.0,Green Street
Orange,place-grnst,5,Early / night,583,0.032590051457975985,40.0,469.3157894736842,396.0,Green Street
Orange,place-grnst,6,Early / night,1477,0.10223425863236289,42.0,633.225165562914,538.0,Green Street
Orange,place-grnst,7,Morning peak (7-9 AM),1526,0.11598951507208388,46.0,793.7909604519774,599.0,Green Street
Orange,place-grnst,8,Morning peak (7-9 AM),1541,0.13108371187540557,65.0,633.9207920792079,494.0,Green Street
Orange,place-grnst,9,Midday (9 AM-4 PM),1509,0.1418157720344599,71.0,545.4299065420561,411.0,Green Street
Orange,place-grnst,10,Midday (9 AM-4 PM),1248,0.11378205128205128,43.0,488.443661971831,419.5,Green Street
Orange,place-grnst,11,Midday (9 AM-4 PM),1078,0.08070500927643785,41.0,517.7126436781609,413.0,Green Street
Orange,place-grnst,12,Midday (9 AM-4 PM),1248,0.10416666666666667,49.5,567.2461538461539,471.5,Green Street
Orange,place-grnst,13,Midday (9 AM-4 PM),1228,0.07899022801302931,36.0,520.9896907216495,438.0,Green Street
Orange,place-grnst,14,Midday (9 AM-4 PM),1307,0.13465952563121653,39.0,710.625,645.0,Green Street
Orange,place-grnst,15,Midday (9 AM-4 PM),1482,0.1612685560053981,40.0,632.4058577405858,531.0,Green Street
Orange,place-grnst,16,Evening peak (4-6 PM),1437,0.18441196938065413,53.0,592.1358490566038,509.0,Green Street
Orange,place-grnst,17,Evening peak (4-6 PM),1378,0.20246734397677793,54.0,542.0179211469534,491.0,Green Street
Orange,place-grnst,18,Night,1377,0.1466957153231663,42.0,590.5346534653465,492.0,Green Street
Orange,place-grnst,19,Night,1419,0.13742071881606766,49.0,603.2102564102564,499.0,Green Street
Orange,place-grnst,20,Night,1184,0.1089527027027027,43.0,630.2480620155038,587.0,Green Street
Orange,place-grnst,21,Night,1270,0.115748031496063,56.0,545.6530612244898,442.0,Green Street
Orange,place-grnst,22,Night,1319,0.10917361637604246,39.0,542.8680555555555,465.5,Green Street
Orange,place-grnst,23,Night,1311,0.10755148741418764,41.0,488.63120567375887,438.0,Green Street
Orange,place-haecl,0,Early / night,1079,0.051899907321594066,3.0,574.2321428571429,452.5,Haymarket
Orange,place-haecl,1,Early / night,184,0.04891304347826087,-12.5,869.4444444444445,769.0,Haymarket
Orange,place-haecl,2,Early / night,5,0.4,243.0,1149.0,1149.0,Haymarket
Orange,place-haecl,5,Early / night,523,0.03824091778202677,25.0,445.45,452.5,Haymarket
Orange,place-haecl,6,Early / night,1345,0.07806691449814127,34.0,619.0,572.0,Haymarket
Orange,place-haecl,7,Morning peak (7-9 AM),1408,0.12215909090909091,57.0,760.6220930232558,622.5,Haymarket
Orange,place-haecl,8,Morning peak (7-9 AM),1413,0.1259731068648266,79.0,566.2191011235955,448.5,Haymarket
Orange,place-haecl,9,Midday (9 AM-4 PM),1331,0.13072877535687452,64.0,486.36206896551727,412.0,Haymarket
Orange,place-haecl,10,Midday (9 AM-4 PM),1108,0.1299638989169675,47.5,483.11805555555554,412.5,Haymarket
Orange,place-haecl,11,Midday (9 AM-4 PM),1005,0.09353233830845771,52.0,500.32978723404256,418.0,Haymarket
Orange,place-haecl,12,Midday (9 AM-4 PM),1056,0.07575757575757576,42.0,472.3,400.0,Haymarket
Orange,place-haecl,13,Midday (9 AM-4 PM),1105,0.07149321266968325,40.0,506.9873417721519,469.0,Haymarket
Orange,place-haecl,14,Midday (9 AM-4 PM),1181,0.12447078746824725,41.0,667.5374149659864,591.0,Haymarket
Orange,place-haecl,15,Midday (9 AM-4 PM),1313,0.16831683168316833,49.0,602.3257918552036,492.0,Haymarket
Orange,place-haecl,16,Evening peak (4-6 PM),1323,0.20786092214663643,57.0,533.290909090909,471.0,Haymarket
Orange,place-haecl,17,Evening peak (4-6 PM),1245,0.24096385542168675,78.0,610.38,534.5,Haymarket
Orange,place-haecl,18,Night,1279,0.16888193901485535,61.0,574.3935185185185,487.0,Haymarket
Orange,place-haecl,19,Night,1286,0.12052877138413685,47.0,622.916129032258,527.0,Haymarket
Orange,place-haecl,20,Night,1064,0.11842105263157894,40.5,593.2301587301587,524.0,Haymarket
Orange,place-haecl,21,Night,1139,0.10711150131694469,43.0,544.6639344262295,465.5,Haymarket
Orange,place-haecl,22,Night,1175,0.10127659574468086,42.0,594.2436974789916,462.0,Haymarket
Orange,place-haecl,23,Night,1211,0.08340214698596202,31.0,541.3663366336634,459.0,Haymarket
Orange,place-jaksn,0,Early / night,1174,0.06729131175468483,5.0,697.9493670886076,589.0,Jackson Square
Orange,place-jaksn,1,Early / night,237,0.11392405063291139,-15.0,503.55555555555554,455.0,Jackson Square
Orange,place-jaksn,2,Early / night,16,0.25,7.5,987.5,990.0,Jackson Square
Orange,place-jaksn,5,Early / night,573,0.029668411867364748,2.0,440.1764705882353,371.0,Jackson Square
Orange,place-jaksn,6,Early / night,1492,0.08981233243967829,10.0,655.7313432835821,561.5,Jackson Square
Orange,place-jaksn,7,Morning peak (7-9 AM),1511,0.11978821972203839,26.0,780.5635359116022,621.0,Jackson Square
Orange,place-jaksn,8,Morning peak (7-9 AM),1533,0.14546640574037834,54.0,608.3318385650224,454.0,Jackson Square
Orange,place-jaksn,9,Midday (9 AM-4 PM),1516,0.13654353562005278,62.0,558.6425120772947,431.0,Jackson Square
Orange,place-jaksn,10,Midday (9 AM-4 PM),1235,0.10850202429149798,30.0,493.7761194029851,411.0,Jackson Square
Orange,place-jaksn,11,Midday (9 AM-4 PM),1087,0.08647654093836246,36.0,531.7127659574468,430.0,Jackson Square
Orange,place-jaksn,12,Midday (9 AM-4 PM),1219,0.11566858080393766,35.0,561.1985815602837,478.0,Jackson Square
Orange,place-jaksn,13,Midday (9 AM-4 PM),1212,0.08250825082508251,26.0,545.59,480.0,Jackson Square
Orange,place-jaksn,14,Midday (9 AM-4 PM),1341,0.1372110365398956,28.0,696.4510869565217,621.0,Jackson Square
Orange,place-jaksn,15,Midday (9 AM-4 PM),1454,0.16987620357634112,36.5,621.591093117409,517.0,Jackson Square
Orange,place-jaksn,16,Evening peak (4-6 PM),1439,0.1841556636553162,44.0,588.0150943396227,500.0,Jackson Square
Orange,place-jaksn,17,Evening peak (4-6 PM),1374,0.20305676855895197,50.0,538.3978494623656,491.0,Jackson Square
Orange,place-jaksn,18,Night,1382,0.1512301013024602,35.0,583.5167464114833,492.0,Jackson Square
Orange,place-jaksn,19,Night,1383,0.128705712219812,44.0,626.0112359550562,516.5,Jackson Square
Orange,place-jaksn,20,Night,1190,0.11512605042016806,25.5,605.4525547445255,545.0,Jackson Square
Orange,place-jaksn,21,Night,1272,0.11477987421383648,38.0,545.7945205479452,419.0,Jackson Square
Orange,place-jaksn,22,Night,1302,0.11597542242703533,32.0,541.1456953642385,459.0,Jackson Square
Orange,place-jaksn,23,Night,1337,0.10695587135377711,26.0,505.6643356643357,452.0,Jackson Square
Orange,place-masta,0,Early / night,1161,0.07838070628768304,10.0,643.6043956043956,540.0,Massachusetts Avenue
Orange,place-masta,1,Early / night,228,0.11403508771929824,9.5,550.2692307692307,497.5,Massachusetts Avenue
Orange,place-masta,2,Early / night,16,0.3125,79.5,1160.4,1521.0,Massachusetts Avenue
Orange,place-masta,5,Early / night,555,0.03783783783783784,31.0,403.3333333333333,355.0,Massachusetts Avenue
Orange,place-masta,6,Early / night,1473,0.10183299389002037,37.0,624.7,511.5,Massachusetts Avenue
Orange,place-masta,7,Morning peak (7-9 AM),1523,0.12869336835193695,53.0,773.3673469387755,597.5,Massachusetts Avenue
Orange,place-masta,8,Morning peak (7-9 AM),1523,0.15692711753118843,67.0,610.5899581589958,472.0,Massachusetts Avenue
Orange,place-masta,9,Midday (9 AM-4 PM),1500,0.134,69.0,551.8109452736319,428.0,Massachusetts Avenue
Orange,place-masta,10,Midday (9 AM-4 PM),1212,0.12046204620462046,38.0,496.52054794520546,405.5,Massachusetts Avenue
Orange,place-masta,11,Midday (9 AM-4 PM),1113,0.08715184186882301,45.0,561.5257731958762,438.0,Massachusetts Avenue
Orange,place-masta,12,Midday (9 AM-4 PM),1217,0.11010682004930156,42.0,554.9701492537314,470.0,Massachusetts Avenue
Orange,place-masta,13,Midday (9 AM-4 PM),1238,0.0840064620355412,27.0,544.7115384615385,468.0,Massachusetts Avenue
Orange,place-masta,14,Midday (9 AM-4 PM),1292,0.14473684210526316,36.0,699.4866310160428,618.0,Massachusetts Avenue
Orange,place-masta,15,Midday (9 AM-4 PM),1444,0.1814404432132964,42.5,610.4885496183206,503.5,Massachusetts Avenue
Orange,place-masta,16,Evening peak (4-6 PM),1420,0.18661971830985916,51.0,606.4641509433962,503.0,Massachusetts Avenue
Orange,place-masta,17,Evening peak (4-6 PM),1391,0.21423436376707405,62.0,566.2114093959732,493.0,Massachusetts Avenue
Orange,place-masta,18,Night,1370,0.1562043795620438,46.0,578.5841121495328,484.5,Massachusetts Avenue
Orange,place-masta,19,Night,1386,0.13997113997113997,54.0,621.4381443298969,518.0,Massachusetts Avenue
Orange,place-masta,20,Night,1181,0.12193056731583404,42.0,591.9166666666666,508.5,Massachusetts Avenue
Orange,place-masta,21,Night,1259,0.12311358220810167,54.0,530.1290322580645,431.0,Massachusetts Avenue
Orange,place-masta,22,Night,1288,0.11956521739130435,48.0,548.1168831168832,469.0,Massachusetts Avenue
Orange,place-masta,23,Night,1372,0.10495626822157435,31.0,521.4583333333334,450.5,Massachusetts Avenue
Orange,place-mlmnl,0,Early / night,1039,0.06448508180943215,31.0,529.776119402985,448.0,Malden Center
Orange,place-mlmnl,1,Early / night,229,0.09606986899563319,42.0,763.0,528.5,Malden Center
Orange,place-mlmnl,2,Early / night,13,0.07692307692307693,29.0,367.0,367.0,Malden Center
Orange,place-mlmnl,5,Early / night,538,0.07063197026022305,58.0,441.89473684210526,368.5,Malden Center
Orange,place-mlmnl,6,Early / night,1336,0.07859281437125748,55.0,681.6285714285714,670.0,Malden Center
Orange,place-mlmnl,7,Morning peak (7-9 AM),1435,0.10452961672473868,62.0,775.24,749.0,Malden Center
Orange,place-mlmnl,8,Morning peak (7-9 AM),1401,0.13062098501070663,77.0,555.2076502732241,475.0,Malden Center
Orange,place-mlmnl,9,Midday (9 AM-4 PM),1343,0.15711094564408043,76.0,508.6824644549763,425.0,Malden Center
Orange,place-mlmnl,10,Midday (9 AM-4 PM),1100,0.15363636363636363,58.0,525.810650887574,444.0,Malden Center
Orange,place-mlmnl,11,Midday (9 AM-4 PM),1060,0.12075471698113208,61.0,541.125,467.0,Malden Center
Orange,place-mlmnl,12,Midday (9 AM-4 PM),1074,0.08659217877094973,58.0,499.2903225806452,439.0,Malden Center
Orange,place-mlmnl,13,Midday (9 AM-4 PM),1123,0.09349955476402494,57.0,511.22857142857146,476.0,Malden Center
Orange,place-mlmnl,14,Midday (9 AM-4 PM),1185,0.1358649789029536,55.0,648.4968944099379,573.0,Malden Center
Orange,place-mlmnl,15,Midday (9 AM-4 PM),1310,0.14427480916030536,58.0,634.968253968254,523.0,Malden Center
Orange,place-mlmnl,16,Evening peak (4-6 PM),1334,0.20089955022488756,62.0,553.9626865671642,503.0,Malden Center
Orange,place-mlmnl,17,Evening peak (4-6 PM),1260,0.22857142857142856,70.0,615.6388888888889,520.0,Malden Center
Orange,place-mlmnl,18,Night,1322,0.197428139183056,72.5,570.3486590038315,494.0,Malden Center
Orange,place-mlmnl,19,Night,1240,0.1338709677419355,62.0,630.0963855421687,529.0,Malden Center
Orange,place-mlmnl,20,Night,1114,0.14093357271095153,57.0,611.4904458598726,569.0,Malden Center
Orange,place-mlmnl,21,Night,1156,0.11678200692041522,61.0,519.6,455.0,Malden Center
Orange,place-mlmnl,22,Night,1184,0.10726351351351351,59.0,657.4251968503937,501.0,Malden Center
Orange,place-mlmnl,23,Night,1202,0.08901830282861897,57.0,573.2897196261682,459.0,Malden Center
Orange,place-north,0,Early / night,1065,0.051643192488262914,4.0,549.2,453.0,North Station
Orange,place-north,1,Early / night,183,0.060109289617486336,-3.0,921.4545454545455,808.0,North Station
Orange,place-north,2,Early / night,6,0.0,110.5,,,North Station
Orange,place-north,5,Early / night,526,0.03802281368821293,23.0,440.35,431.0,North Station
Orange,place-north,6,Early / night,1350,0.07925925925925927,31.5,630.0467289719626,595.0,North Station
Orange,place-north,7,Morning peak (7-9 AM),1392,0.1206896551724138,52.0,760.4583333333334,613.5,North Station
Orange,place-north,8,Morning peak (7-9 AM),1425,0.11789473684210526,76.0,582.0535714285714,472.0,North Station
Orange,place-north,9,Midday (9 AM-4 PM),1324,0.13670694864048338,60.0,493.68508287292815,413.0,North Station
Orange,place-north,10,Midday (9 AM-4 PM),1116,0.13172043010752688,43.0,491.7959183673469,421.0,North Station
Orange,place-north,11,Midday (9 AM-4 PM),1009,0.09514370664023786,49.0,515.2708333333334,436.5,North Station
Orange,place-north,12,Midday (9 AM-4 PM),1077,0.07706592386258125,35.0,485.48192771084337,410.0,North Station
Orange,place-north,13,Midday (9 AM-4 PM),1104,0.07608695652173914,34.0,486.01190476190476,429.0,North Station
Orange,place-north,14,Midday (9 AM-4 PM),1154,0.13084922010398614,37.0,673.4569536423841,595.0,North Station
Orange,place-north,15,Midday (9 AM-4 PM),1337,0.16529543754674644,40.0,619.6108597285067,494.0,North Station
Orange,place-north,16,Evening peak (4-6 PM),1321,0.19000757002271007,37.0,532.0637450199204,473.0,North Station
Orange,place-north,17,Evening peak (4-6 PM),1245,0.21847389558232932,61.0,611.5698529411765,533.0,North Station
Orange,place-north,18,Night,1285,0.17042801556420234,49.0,577.7579908675799,481.0,North Station
Orange,place-north,19,Night,1273,0.11940298507462686,40.0,635.1776315789474,531.0,North Station
Orange,place-north,20,Night,1066,0.11726078799249531,39.0,602.168,517.0,North Station
Orange,place-north,21,Night,1158,0.1070811744386874,43.0,555.4274193548387,476.5,North Station
Orange,place-north,22,Night,1163,0.09802235597592433,39.0,620.9298245614035,486.5,North Station
Orange,place-north,23,Night,1215,0.0831275720164609,27.0,540.980198019802,438.0,North Station
Orange,place-rcmnl,0,Early / night,1193,0.06621961441743504,-13.0,695.0886075949367,610.0,Roxbury Crossing
Orange,place-rcmnl,1,Early / night,228,0.10526315789473684,-30.5,513.5833333333334,468.5,Roxbury Crossing
Orange,place-rcmnl,2,Early / night,17,0.29411764705882354,79.0,1153.2,1500.0,Roxbury Crossing
Orange,place-rcmnl,5,Early / night,570,0.02456140350877193,-4.0,413.57142857142856,366.5,Roxbury Crossing
Orange,place-rcmnl,6,Early / night,1489,0.09200805910006717,13.0,654.4087591240876,551.0,Roxbury Crossing
Orange,place-rcmnl,7,Morning peak (7-9 AM),1504,0.12034574468085106,27.0,787.4696132596686,621.0,Roxbury Crossing
Orange,place-rcmnl,8,Morning peak (7-9 AM),1541,0.15249837767683322,56.0,594.068085106383,457.0,Roxbury Crossing
Orange,place-rcmnl,9,Midday (9 AM-4 PM),1495,0.14180602006688964,66.0,561.9292452830189,426.0,Roxbury Crossing
Orange,place-rcmnl,10,Midday (9 AM-4 PM),1239,0.10734463276836158,30.0,500.69172932330827,413.0,Roxbury Crossing
Orange,place-rcmnl,11,Midday (9 AM-4 PM),1093,0.08874656907593778,43.0,529.7938144329897,434.0,Roxbury Crossing
Orange,place-rcmnl,12,Midday (9 AM-4 PM),1228,0.11807817589576547,43.5,561.8206896551724,476.0,Roxbury Crossing
Orange,place-rcmnl,13,Midday (9 AM-4 PM),1210,0.08429752066115702,23.5,541.3725490196078,461.5,Roxbury Crossing
Orange,place-rcmnl,14,Midday (9 AM-4 PM),1331,0.14274981217129978,29.0,697.8894736842105,600.5,Roxbury Crossing
Orange,place-rcmnl,15,Midday (9 AM-4 PM),1446,0.17911479944674966,39.0,614.5405405405405,509.0,Roxbury Crossing
Orange,place-rcmnl,16,Evening peak (4-6 PM),1449,0.189095928226363,46.0,592.9087591240876,504.5,Roxbury Crossing
Orange,place-rcmnl,17,Evening peak (4-6 PM),1370,0.2124087591240876,59.5,551.6082474226804,486.0,Roxbury Crossing
Orange,place-rcmnl,18,Night,1381,0.15713251267197684,35.0,587.1013824884793,497.0,Roxbury Crossing
Orange,place-rcmnl,19,Night,1394,0.13127690100430417,40.0,614.0382513661202,504.0,Roxbury Crossing
Orange,place-rcmnl,20,Night,1192,0.13003355704697986,26.0,587.1548387096774,511.0,Roxbury Crossing
Orange,place-rcmnl,21,Night,1233,0.0989456609894566,22.0,557.5901639344262,429.5,Roxbury Crossing
Orange,place-rcmnl,22,Night,1336,0.10329341317365269,12.5,554.2028985507246,468.0,Roxbury Crossing
Orange,place-rcmnl,23,Night,1312,0.09832317073170732,10.0,512.2403100775193,446.0,Roxbury Crossing
Orange,place-rugg,0,Early / night,1165,0.07553648068669527,10.0,666.7159090909091,562.5,Ruggles
Orange,place-rugg,1,Early / night,226,0.11504424778761062,0.0,522.1923076923077,477.5,Ruggles
Orange,place-rugg,2,Early / night,16,0.25,61.0,1024.0,1042.5,Ruggles
Orange,place-rugg,5,Early / night,571,0.03327495621716287,20.0,410.42105263157896,358.0,Ruggles
Orange,place-rugg,6,Early / night,1471,0.1026512576478586,34.0,624.6887417218543,503.0,Ruggles
Orange,place-rugg,7,Morning peak (7-9 AM),1524,0.12467191601049869,49.0,779.7263157894737,626.5,Ruggles
Orange,place-rugg,8,Morning peak (7-9 AM),1519,0.17050691244239632,82.0,591.7760617760617,461.0,Ruggles
Orange,place-rugg,9,Midday (9 AM-4 PM),1504,0.15425531914893617,88.0,552.323275862069,441.5,Ruggles
Orange,place-rugg,10,Midday (9 AM-4 PM),1228,0.1245928338762215,50.0,503.0522875816994,427.0,Ruggles
Orange,place-rugg,11,Midday (9 AM-4 PM),1101,0.09990917347865577,61.0,521.7818181818182,412.5,Ruggles
Orange,place-rugg,12,Midday (9 AM-4 PM),1214,0.12685337726523888,60.0,547.7272727272727,454.0,Ruggles
Orange,place-rugg,13,Midday (9 AM-4 PM),1236,0.09385113268608414,43.0,531.8706896551724,467.0,Ruggles
Orange,place-rugg,14,Midday (9 AM-4 PM),1307,0.1499617444529457,47.0,708.9081632653061,619.0,Ruggles
Orange,place-rugg,15,Midday (9 AM-4 PM),1435,0.19233449477351916,62.0,622.4746376811594,506.5,Ruggles
Orange,place-rugg,16,Evening peak (4-6 PM),1436,0.201949860724234,68.0,610.9931034482759,517.0,Ruggles
Orange,place-rugg,17,Evening peak (4-6 PM),1372,0.22521865889212828,77.0,579.0679611650486,512.0,Ruggles
Orange,place-rugg,18,Night,1377,0.16630355846042122,62.0,576.2620087336245,495.0,Ruggles
Orange,place-rugg,19,Night,1389,0.14974802015838734,64.0,597.1634615384615,504.5,Ruggles
Orange,place-rugg,20,Night,1187,0.13058129738837404,47.0,598.7806451612903,513.0,Ruggles
Orange,place-rugg,21,Night,1250,0.1216,53.0,537.1381578947369,419.0,Ruggles
Orange,place-rugg,22,Night,1321,0.11582134746404239,44.0,552.5228758169935,471.0,Ruggles
Orange,place-rugg,23,Night,1332,0.1111111111111111,35.0,507.25,436.5,Ruggles
Orange,place-sbmnl,0,Early / night,1126,0.06660746003552398,1.0,686.9066666666666,588.0,Stony Brook
Orange,place-sbmnl,1,Early / night,247,0.11740890688259109,1.0,514.0689655172414,474.0,Stony Brook
Orange,place-sbmnl,2,Early / night,18,0.2777777777777778,28.5,1131.4,1447.0,Stony Brook
Orange,place-sbmnl,5,Early / night,587,0.028960817717206135,13.0,407.5882352941176,361.0,Stony Brook
Orange,place-sbmnl,6,Early / night,1466,0.09140518417462483,18.0,653.4328358208955,589.0,Stony Brook
Orange,place-sbmnl,7,Morning peak (7-9 AM),1531,0.11691704768125408,38.0,778.586592178771,595.0,Stony Brook
Orange,place-sbmnl,8,Morning peak (7-9 AM),1529,0.1353826030085023,65.0,622.9903381642512,473.0,Stony Brook
Orange,place-sbmnl,9,Midday (9 AM-4 PM),1511,0.13898080741230973,68.0,562.5238095238095,429.0,Stony Brook
Orange,place-sbmnl,10,Midday (9 AM-4 PM),1228,0.11319218241042345,41.0,485.0719424460432,408.0,Stony Brook
Orange,place-sbmnl,11,Midday (9 AM-4 PM),1099,0.09190172884440401,44.0,503.9207920792079,414.0,Stony Brook
Orange,place-sbmnl,12,Midday (9 AM-4 PM),1234,0.1094003241491086,46.0,553.1111111111111,456.0,Stony Brook
Orange,place-sbmnl,13,Midday (9 AM-4 PM),1214,0.08813838550247118,27.0,511.33644859813086,431.0,Stony Brook
Orange,place-sbmnl,14,Midday (9 AM-4 PM),1314,0.13470319634703196,38.0,709.6497175141243,630.0,Stony Brook
Orange,place-sbmnl,15,Midday (9 AM-4 PM),1451,0.17091660923501034,50.0,627.616935483871,532.5,Stony Brook
Orange,place-sbmnl,16,Evening peak (4-6 PM),1449,0.17598343685300208,57.0,596.4196078431372,514.0,Stony Brook
Orange,place-sbmnl,17,Evening peak (4-6 PM),1371,0.2013129102844639,62.0,545.3623188405797,494.5,Stony Brook
Orange,place-sbmnl,18,Night,1387,0.14852198990627252,50.0,595.1165048543689,499.0,Stony Brook
Orange,place-sbmnl,19,Night,1383,0.128705712219812,53.0,627.2752808988764,530.0,Stony Brook
Orange,place-sbmnl,20,Night,1201,0.10574521232306411,36.0,620.6220472440945,554.0,Stony Brook
Orange,place-sbmnl,21,Night,1284,0.11993769470404984,48.0,527.2727272727273,428.5,Stony Brook
Orange,place-sbmnl,22,Night,1285,0.11439688715953307,38.0,545.3945578231293,475.0,Stony Brook
Orange,place-sbmnl,23,Night,1382,0.10274963820549927,31.0,510.5492957746479,445.5,Stony Brook
Orange,place-state,0,Early / night,1071,0.04388422035480859,-16.0,605.468085106383,491.0,State
Orange,place-state,1,Early / night,188,0.0425531914893617,-25.5,924.5,826.0,State
Orange,place-state,2,Early / night,3,0.6666666666666666,500.0,1113.5,1113.5,State
Orange,place-state,5,Early / night,520,0.028846153846153848,0.0,437.6,430.0,State
Orange,place-state,6,Early / night,1331,0.0743801652892562,13.0,628.89898989899,590.0,State
Orange,place-state,7,Morning peak (7-9 AM),1420,0.11408450704225352,35.5,777.9074074074074,678.5,State
Orange,place-state,8,Morning peak (7-9 AM),1399,0.11794138670478914,57.0,571.4,453.0,State
Orange,place-state,9,Midday (9 AM-4 PM),1336,0.11452095808383234,42.0,492.6862745098039,409.0,State
Orange,place-state,10,Midday (9 AM-4 PM),1101,0.11989100817438691,26.0,480.6818181818182,410.0,State
Orange,place-state,11,Midday (9 AM-4 PM),997,0.0802407221664995,29.0,512.6625,432.5,State
Orange,place-state,12,Midday (9 AM-4 PM),1068,0.07677902621722846,17.0,456.1829268292683,395.5,State
Orange,place-state,13,Midday (9 AM-4 PM),1107,0.06594399277326106,14.0,505.71232876712327,459.0,State
Orange,place-state,14,Midday (9 AM-4 PM),1181,0.11600338696020322,13.0,682.1605839416059,592.0,State
Orange,place-state,15,Midday (9 AM-4 PM),1310,0.166412213740458,29.5,603.3119266055046,483.5,State
Orange,place-state,16,Evening peak (4-6 PM),1308,0.191131498470948,34.5,531.272,475.5,State
Orange,place-state,17,Evening peak (4-6 PM),1265,0.22450592885375495,51.0,602.7922535211268,528.5,State
Orange,place-state,18,Night,1266,0.15402843601895735,38.0,581.1282051282051,488.0,State
Orange,place-state,19,Night,1282,0.11856474258970359,22.5,620.75,517.5,State
Orange,place-state,20,Night,1058,0.11153119092627599,19.0,595.7542372881356,535.0,State
Orange,place-state,21,Night,1151,0.10078192875760209,25.0,545.0258620689655,465.5,State
Orange,place-state,22,Night,1148,0.08885017421602788,21.5,620.6764705882352,529.0,State
Orange,place-state,23,Night,1206,0.0779436152570481,12.0,558.8404255319149,449.0,State
Orange,place-sull,0,Early / night,1075,0.0586046511627907,1.0,540.4761904761905,422.0,Sullivan Square
Orange,place-sull,1,Early / night,188,0.06382978723404255,1.5,948.1666666666666,880.0,Sullivan Square
Orange,place-sull,2,Early / night,8,0.0,-5.5,,,Sullivan Square
Orange,place-sull,5,Early / night,527,0.04554079696394687,18.0,461.625,373.0,Sullivan Square
Orange,place-sull,6,Early / night,1357,0.07442888725128961,26.0,644.2376237623762,628.0,Sullivan Square
Orange,place-sull,7,Morning peak (7-9 AM),1419,0.10429880197322058,52.0,830.2905405405405,759.5,Sullivan Square
Orange,place-sull,8,Morning peak (7-9 AM),1401,0.11777301927194861,69.0,550.2969696969697,446.0,Sullivan Square
Orange,place-sull,9,Midday (9 AM-4 PM),1322,0.14901664145234494,63.0,498.0507614213198,425.0,Sullivan Square
Orange,place-sull,10,Midday (9 AM-4 PM),1125,0.136,39.0,512.4248366013072,423.0,Sullivan Square
Orange,place-sull,11,Midday (9 AM-4 PM),1017,0.10324483775811209,51.0,522.0857142857143,448.0,Sullivan Square
Orange,place-sull,12,Midday (9 AM-4 PM),1074,0.08193668528864059,35.0,490.5681818181818,427.0,Sullivan Square
Orange,place-sull,13,Midday (9 AM-4 PM),1110,0.08018018018018018,28.0,484.29213483146066,438.0,Sullivan Square
Orange,place-sull,14,Midday (9 AM-4 PM),1180,0.12796610169491526,27.0,655.7350993377484,564.0,Sullivan Square
Orange,place-sull,15,Midday (9 AM-4 PM),1322,0.14447806354009077,30.0,634.4031413612565,515.0,Sullivan Square
Orange,place-sull,16,Evening peak (4-6 PM),1339,0.1777445855115758,33.0,544.7226890756302,499.5,Sullivan Square
Orange,place-sull,17,Evening peak (4-6 PM),1225,0.21877551020408162,59.0,604.8768656716418,517.5,Sullivan Square
Orange,place-sull,18,Night,1321,0.16502649507948525,49.0,573.2844036697247,487.0,Sullivan Square
Orange,place-sull,19,Night,1261,0.11736716891356067,38.0,622.027027027027,532.0,Sullivan Square
Orange,place-sull,20,Night,1080,0.12777777777777777,37.0,589.036231884058,524.5,Sullivan Square
Orange,place-sull,21,Night,1159,0.10267471958584987,39.0,561.3361344537815,471.0,Sullivan Square
Orange,place-sull,22,Night,1170,0.1,38.0,610.2735042735043,504.0,Sullivan Square
Orange,place-sull,23,Night,1209,0.07361455748552523,24.0,561.1348314606741,437.0,Sullivan Square
Orange,place-tumnl,0,Early / night,1071,0.05415499533146592,7.0,596.2068965517242,443.0,Tufts Medical Center
Orange,place-tumnl,1,Early / night,181,0.04419889502762431,-4.0,784.5,724.0,Tufts Medical Center
Orange,place-tumnl,2,Early / night,3,0.6666666666666666,519.0,1132.5,1132.5,Tufts Medical Center
Orange,place-tumnl,5,Early / night,542,0.03505535055350553,18.5,426.42105263157896,433.0,Tufts Medical Center
Orange,place-tumnl,6,Early / night,1306,0.08652373660030628,32.0,591.5044247787611,530.0,Tufts Medical Center
Orange,place-tumnl,7,Morning peak (7-9 AM),1418,0.1227080394922426,51.0,786.528735632184,665.0,Tufts Medical Center
Orange,place-tumnl,8,Morning peak (7-9 AM),1405,0.12669039145907474,69.0,578.870786516854,458.5,Tufts Medical Center
Orange,place-tumnl,9,Midday (9 AM-4 PM),1358,0.12739322533136965,63.5,483.08092485549133,414.0,Tufts Medical Center
Orange,place-tumnl,10,Midday (9 AM-4 PM),1098,0.11930783242258652,42.0,497.7709923664122,415.0,Tufts Medical Center
Orange,place-tumnl,11,Midday (9 AM-4 PM),998,0.07214428857715431,43.5,519.3194444444445,419.5,Tufts Medical Center
Orange,place-tumnl,12,Midday (9 AM-4 PM),1075,0.08,38.0,487.9651162790698,440.5,Tufts Medical Center
Orange,place-tumnl,13,Midday (9 AM-4 PM),1111,0.0774077407740774,28.0,498.2093023255814,443.0,Tufts Medical Center
Orange,place-tumnl,14,Midday (9 AM-4 PM),1175,0.13106382978723405,33.0,675.3896103896104,592.5,Tufts Medical Center
Orange,place-tumnl,15,Midday (9 AM-4 PM),1317,0.18071374335611237,47.0,597.5882352941177,489.5,Tufts Medical Center
Orange,place-tumnl,16,Evening peak (4-6 PM),1318,0.19271623672230653,56.0,539.8188976377953,484.5,Tufts Medical Center
Orange,place-tumnl,17,Evening peak (4-6 PM),1256,0.23168789808917198,71.0,567.9621993127148,502.0,Tufts Medical Center
Orange,place-tumnl,18,Night,1270,0.16141732283464566,52.0,587.4780487804878,483.0,Tufts Medical Center
Orange,place-tumnl,19,Night,1294,0.1375579598145286,51.0,621.5505617977528,532.0,Tufts Medical Center
Orange,place-tumnl,20,Night,1062,0.11581920903954802,40.0,625.0813008130082,518.0,Tufts Medical Center
Orange,place-tumnl,21,Night,1146,0.1082024432809773,50.0,559.1129032258065,470.5,Tufts Medical Center
Orange,place-tumnl,22,Night,1143,0.10236220472440945,44.0,568.0598290598291,481.0,Tufts Medical Center
Orange,place-tumnl,23,Night,1218,0.08538587848932677,29.5,524.9134615384615,449.0,Tufts Medical Center
Orange,place-welln,0,Early / night,1037,0.06171648987463838,22.0,551.453125,481.0,Wellington
Orange,place-welln,1,Early / night,205,0.08292682926829269,23.0,757.6470588235294,485.0,Wellington
Orange,place-welln,2,Early / night,7,0.0,14.0,,,Wellington
Orange,place-welln,5,Early / night,534,0.06179775280898876,55.0,466.75757575757575,402.0,Wellington
Orange,place-welln,6,Early / night,1346,0.07578008915304606,45.0,669.6078431372549,617.5,Wellington
Orange,place-welln,7,Morning peak (7-9 AM),1412,0.10623229461756374,58.0,811.1533333333333,731.0,Wellington
Orange,place-welln,8,Morning peak (7-9 AM),1428,0.12675070028011204,73.0,554.1049723756906,457.0,Wellington
Orange,place-welln,9,Midday (9 AM-4 PM),1334,0.1424287856071964,68.0,502.65263157894736,427.5,Wellington
Orange,place-welln,10,Midday (9 AM-4 PM),1111,0.1341134113411341,48.0,518.1610738255033,427.0,Wellington
Orange,place-welln,11,Midday (9 AM-4 PM),1045,0.10717703349282297,54.0,520.5357142857143,441.5,Wellington
Orange,place-welln,12,Midday (9 AM-4 PM),1086,0.07642725598526703,46.0,476.90361445783134,418.0,Wellington
Orange,place-welln,13,Midday (9 AM-4 PM),1114,0.0807899461400359,47.0,494.4888888888889,458.0,Wellington
Orange,place-welln,14,Midday (9 AM-4 PM),1167,0.1379605826906598,49.0,645.3105590062112,575.0,Wellington
Orange,place-welln,15,Midday (9 AM-4 PM),1303,0.148119723714505,49.0,624.4559585492228,500.0,Wellington
Orange,place-welln,16,Evening peak (4-6 PM),1345,0.18513011152416356,51.0,540.3654618473896,491.0,Wellington
Orange,place-welln,17,Evening peak (4-6 PM),1256,0.21735668789808918,69.0,607.9304029304029,515.0,Wellington
Orange,place-welln,18,Night,1307,0.18515684774292274,62.0,567.9173553719008,472.5,Wellington
Orange,place-welln,19,Night,1249,0.1200960768614892,52.0,621.9933333333333,538.5,Wellington
Orange,place-welln,20,Night,1107,0.12646793134598014,46.0,593.4714285714285,521.0,Wellington
Orange,place-welln,21,Night,1162,0.10068846815834767,51.0,530.7179487179487,465.0,Wellington
Orange,place-welln,22,Night,1165,0.10042918454935622,50.0,651.2393162393163,507.0,Wellington
Orange,place-welln,23,Night,1218,0.07963875205254516,42.5,555.8041237113403,448.0,Wellington
Red,place-andrw,0,Early / night,1082,0.19500924214417745,64.5,568.0142180094787,456.0,Andrew
Red,place-andrw,1,Early / night,237,0.26582278481012656,45.0,739.2063492063492,600.0,Andrew
Red,place-andrw,2,Early / night,13,0.8461538461538461,616.0,708.0909090909091,630.0,Andrew
Red,place-andrw,5,Early / night,278,0.0683453237410072,33.0,585.4736842105264,480.0,Andrew
Red,place-andrw,6,Early / night,1127,0.1543921916592724,70.0,630.3793103448276,511.0,Andrew
Red,place-andrw,7,Morning peak (7-9 AM),1397,0.19112383679312814,106.0,548.1385767790263,466.0,Andrew
Red,place-andrw,8,Morning peak (7-9 AM),1519,0.3146807109940751,169.0,560.9979079497908,493.0,Andrew
Red,place-andrw,9,Midday (9 AM-4 PM),1480,0.3885135135135135,202.0,622.3217391304348,535.0,Andrew
Red,place-andrw,10,Midday (9 AM-4 PM),1294,0.4412673879443586,248.0,662.2486865148861,564.0,Andrew
Red,place-andrw,11,Midday (9 AM-4 PM),1228,0.44381107491856675,258.5,661.994495412844,555.0,Andrew
Red,place-andrw,12,Midday (9 AM-4 PM),1245,0.5349397590361445,341.0,690.1336336336336,608.0,Andrew
Red,place-andrw,13,Midday (9 AM-4 PM),1167,0.47386461011139674,266.0,749.7341772151899,647.0,Andrew
Red,place-andrw,14,Midday (9 AM-4 PM),1139,0.43898156277436345,243.0,713.512,632.5,Andrew
Red,place-andrw,15,Midday (9 AM-4 PM),1263,0.388756927949327,209.0,658.1832993890021,544.0,Andrew
Red,place-andrw,16,Evening peak (4-6 PM),1245,0.41767068273092367,229.0,688.5307692307692,560.5,Andrew
Red,place-andrw,17,Evening peak (4-6 PM),1253,0.49162011173184356,296.0,736.4918831168832,633.5,Andrew
Red,place-andrw,18,Night,1267,0.5438042620363063,354.0,687.0420899854862,589.0,Andrew
Red,place-andrw,19,Night,1220,0.49836065573770494,300.0,702.4621710526316,626.0,Andrew
Red,place-andrw,20,Night,1217,0.4396055875102712,239.0,687.5383177570094,581.0,Andrew
Red,place-andrw,21,Night,1166,0.3644939965694683,187.0,618.4376470588236,540.0,Andrew
Red,place-andrw,22,Night,1196,0.3110367892976589,136.5,629.2150537634409,519.0,Andrew
Red,place-andrw,23,Night,1205,0.24315352697095435,111.0,557.7235494880546,480.0,Andrew
Red,place-brdwy,0,Early / night,1102,0.19600725952813067,62.0,557.25,446.5,Broadway
Red,place-brdwy,1,Early / night,212,0.19339622641509435,27.0,754.6341463414634,572.0,Broadway
Red,place-brdwy,2,Early / night,6,0.6666666666666666,627.0,646.25,639.5,Broadway
Red,place-brdwy,5,Early / night,269,0.05947955390334572,35.0,639.1875,515.5,Broadway
Red,place-brdwy,6,Early / night,1122,0.1532976827094474,75.5,642.6046511627907,535.0,Broadway
Red,place-brdwy,7,Morning peak (7-9 AM),1400,0.18928571428571428,109.0,542.2716981132075,443.0,Broadway
Red,place-brdwy,8,Morning peak (7-9 AM),1520,0.31513157894736843,177.5,554.0292275574112,486.0,Broadway
Red,place-brdwy,9,Midday (9 AM-4 PM),1483,0.3796358732299393,200.0,626.9946714031971,536.0,Broadway
Red,place-brdwy,10,Midday (9 AM-4 PM),1305,0.4314176245210728,238.0,658.0905861456483,551.0,Broadway
Red,place-brdwy,11,Midday (9 AM-4 PM),1227,0.44987775061124696,263.0,661.5597826086956,560.5,Broadway
Red,place-brdwy,12,Midday (9 AM-4 PM),1243,0.5366049879324215,340.0,687.3673163418291,604.0,Broadway
Red,place-brdwy,13,Midday (9 AM-4 PM),1167,0.48414738646101113,286.0,730.0442477876106,627.0,Broadway
Red,place-brdwy,14,Midday (9 AM-4 PM),1134,0.4347442680776014,246.0,713.4036511156187,632.0,Broadway
Red,place-brdwy,15,Midday (9 AM-4 PM),1258,0.38553259141494434,206.0,650.1175257731959,535.0,Broadway
Red,place-brdwy,16,Evening peak (4-6 PM),1260,0.4158730158730159,229.0,689.8053435114504,559.0,Broadway
Red,place-brdwy,17,Evening peak (4-6 PM),1238,0.4862681744749596,290.0,723.5199335548173,621.5,Broadway
Red,place-brdwy,18,Night,1269,0.5358550039401103,344.0,684.275,600.5,Broadway
Red,place-brdwy,19,Night,1214,0.4901153212520593,290.5,691.5613445378151,621.0,Broadway
Red,place-brdwy,20,Night,1212,0.4397689768976898,241.0,685.5121951219512,578.0,Broadway
Red,place-brdwy,21,Night,1164,0.35137457044673537,181.5,610.0317848410758,519.0,Broadway
Red,place-brdwy,22,Night,1175,0.3046808510638298,138.0,627.0977653631285,526.0,Broadway
Red,place-brdwy,23,Night,1230,0.23008130081300812,108.0,558.565371024735,485.0,Broadway
Red,place-chmnl,0,Early / night,1045,0.19904306220095694,79.0,537.7403846153846,460.0,Charles/MGH
Red,place-chmnl,1,Early / night,169,0.1893491124260355,57.0,723.46875,578.0,Charles/MGH
Red,place-chmnl,2,Early / night,2,1.0,1606.0,1606.0,1606.0,Charles/MGH
Red,place-chmnl,5,Early / night,245,0.02040816326530612,26.0,569.0,517.0,Charles/MGH
Red,place-chmnl,6,Early / night,1127,0.15527950310559005,75.0,642.5714285714286,519.0,Charles/MGH
Red,place-chmnl,7,Morning peak (7-9 AM),1380,0.18478260869565216,111.5,501.88235294117646,425.0,Charles/MGH
Red,place-chmnl,8,Morning peak (7-9 AM),1517,0.3348714568226763,190.0,530.3779527559055,476.5,Charles/MGH
Red,place-chmnl,9,Midday (9 AM-4 PM),1450,0.3717241379310345,194.0,628.47866419295,521.0,Charles/MGH
Red,place-chmnl,10,Midday (9 AM-4 PM),1312,0.3948170731707317,219.0,651.5907335907336,548.5,Charles/MGH
Red,place-chmnl,11,Midday (9 AM-4 PM),1199,0.4787322768974145,282.0,662.1480836236934,585.5,Charles/MGH
Red,place-chmnl,12,Midday (9 AM-4 PM),1242,0.5410628019323671,345.5,665.6681547619048,560.5,Charles/MGH
Red,place-chmnl,13,Midday (9 AM-4 PM),1164,0.48281786941580757,287.5,694.9359430604982,612.0,Charles/MGH
Red,place-chmnl,14,Midday (9 AM-4 PM),1117,0.4583706356311549,264.0,659.5703125,560.5,Charles/MGH
Red,place-chmnl,15,Midday (9 AM-4 PM),1237,0.4147130153597413,239.0,650.4366471734893,538.0,Charles/MGH
Red,place-chmnl,16,Evening peak (4-6 PM),1246,0.42776886035313,249.5,651.984990619137,533.0,Charles/MGH
Red,place-chmnl,17,Evening peak (4-6 PM),1231,0.5223395613322502,323.0,657.7185069984448,560.0,Charles/MGH
Red,place-chmnl,18,Night,1232,0.5706168831168831,363.0,648.6458036984353,568.0,Charles/MGH
Red,place-chmnl,19,Night,1162,0.5,301.0,662.3631669535284,596.0,Charles/MGH
Red,place-chmnl,20,Night,1227,0.4539527302363488,255.0,659.2854578096948,550.0,Charles/MGH
Red,place-chmnl,21,Night,1138,0.3471001757469244,187.0,603.5645569620253,499.0,Charles/MGH
Red,place-chmnl,22,Night,1120,0.3098214285714286,157.0,600.0172910662824,506.0,Charles/MGH
Red,place-chmnl,23,Night,1162,0.2504302925989673,124.0,527.020618556701,452.0,Charles/MGH
Red,place-cntsq,0,Early / night,1034,0.18568665377176016,78.0,527.8645833333334,468.5,Central
Red,place-cntsq,1,Early / night,166,0.25301204819277107,52.0,729.6904761904761,625.5,Central
Red,place-cntsq,2,Early / night,5,0.8,545.0,1053.75,997.0,Central
Red,place-cntsq,5,Early / night,228,0.013157894736842105,24.0,429.6666666666667,467.0,Central
Red,place-cntsq,6,Early / night,1143,0.15398075240594924,72.0,610.875,490.5,Central
Red,place-cntsq,7,Morning peak (7-9 AM),1403,0.14611546685673557,83.0,520.0536585365853,434.0,Central
Red,place-cntsq,8,Morning peak (7-9 AM),1531,0.30568256041802744,169.0,532.4636752136752,486.0,Central
Red,place-cntsq,9,Midday (9 AM-4 PM),1430,0.33636363636363636,173.0,640.0457380457381,530.0,Central
Red,place-cntsq,10,Midday (9 AM-4 PM),1321,0.372445117335352,201.0,659.4329268292682,563.0,Central
Red,place-cntsq,11,Midday (9 AM-4 PM),1199,0.4845704753961635,288.0,659.3218588640275,573.0,Central
Red,place-cntsq,12,Midday (9 AM-4 PM),1238,0.5161550888529887,316.0,650.1846635367762,551.0,Central
Red,place-cntsq,13,Midday (9 AM-4 PM),1155,0.4779220779220779,281.0,678.3659420289855,585.5,Central
Red,place-cntsq,14,Midday (9 AM-4 PM),1128,0.4308510638297872,243.0,653.4958847736625,550.0,Central
Red,place-cntsq,15,Midday (9 AM-4 PM),1217,0.3944124897288414,223.0,630.3833333333333,507.5,Central
Red,place-cntsq,16,Evening peak (4-6 PM),1261,0.38223632038065025,213.0,622.0954356846473,527.0,Central
Red,place-cntsq,17,Evening peak (4-6 PM),1226,0.49755301794453505,299.0,612.5,509.0,Central
Red,place-cntsq,18,Night,1246,0.5626003210272873,356.0,626.9087018544935,554.0,Central
Red,place-cntsq,19,Night,1145,0.4960698689956332,296.0,650.1883802816901,579.0,Central
Red,place-cntsq,20,Night,1218,0.43596059113300495,247.0,640.4632768361582,544.0,Central
Red,place-cntsq,21,Night,1158,0.33592400690846286,170.5,616.0694087403599,506.0,Central
Red,place-cntsq,22,Night,1112,0.2904676258992806,145.0,583.8452012383901,501.0,Central
Red,place-cntsq,23,Night,1149,0.23237597911227154,113.0,523.5093632958801,448.0,Central
Red,place-davis,0,Early / night,982,0.19144602851323828,74.0,496.5,434.0,Davis
Red,place-davis,1,Early / night,189,0.2804232804232804,77.0,813.3207547169811,727.0,Davis
Red,place-davis,2,Early / night,19,0.7894736842105263,471.0,688.9333333333333,623.0,Davis
Red,place-davis,5,Early / night,244,0.03278688524590164,42.5,555.5,378.5,Davis
Red,place-davis,6,Early / night,1097,0.16773017319963537,83.0,580.1576086956521,464.0,Davis
Red,place-davis,7,Morning peak (7-9 AM),1408,0.140625,92.0,522.4848484848485,430.5,Davis
Red,place-davis,8,Morning peak (7-9 AM),1544,0.3329015544041451,174.0,521.3988326848249,474.5,Davis
Red,place-davis,9,Midday (9 AM-4 PM),1420,0.33380281690140845,178.0,633.5590717299579,533.5,Davis
Red,place-davis,10,Midday (9 AM-4 PM),1340,0.3761194029850746,200.0,660.2876984126984,573.0,Davis
Red,place-davis,11,Midday (9 AM-4 PM),1197,0.5087719298245614,309.0,650.423645320197,562.0,Davis
Red,place-davis,12,Midday (9 AM-4 PM),1223,0.5012264922322158,301.0,652.415986949429,562.0,Davis
Red,place-davis,13,Midday (9 AM-4 PM),1177,0.4927782497875956,296.0,673.5586206896552,584.5,Davis
Red,place-davis,14,Midday (9 AM-4 PM),1125,0.45422222222222225,264.0,652.9765166340509,546.0,Davis
Red,place-davis,15,Midday (9 AM-4 PM),1193,0.40486169321039395,241.0,620.8364389233955,504.0,Davis
Red,place-davis,16,Evening peak (4-6 PM),1254,0.38516746411483255,221.0,634.8281573498965,536.0,Davis
Red,place-davis,17,Evening peak (4-6 PM),1226,0.5146818923327896,311.0,595.9793977812996,502.0,Davis
Red,place-davis,18,Night,1243,0.5591311343523733,351.0,625.8561151079136,562.0,Davis
Red,place-davis,19,Night,1180,0.5186440677966102,312.5,644.1977124183006,562.5,Davis
Red,place-davis,20,Night,1234,0.42301458670988656,245.0,636.1091954022988,540.5,Davis
Red,place-davis,21,Night,1133,0.3406884377758164,178.0,611.0932642487047,520.0,Davis
Red,place-davis,22,Night,1077,0.3110492107706592,156.0,571.3791044776119,492.0,Davis
Red,place-davis,23,Night,1138,0.22144112478031636,125.5,508.53968253968253,439.5,Davis
Red,place-dwnxg,0,Early / night,812,0.13916256157635468,39.5,580.1061946902655,496.0,Downtown Crossing
Red,place-dwnxg,1,Early / night,160,0.15625,0.5,867.52,664.0,Downtown Crossing
Red,place-dwnxg,2,Early / night,3,0.3333333333333333,-613.0,1456.0,1456.0,Downtown Crossing
Red,place-dwnxg,5,Early / night,196,0.04081632653061224,19.5,639.25,588.0,Downtown Crossing
Red,place-dwnxg,6,Early / night,862,0.14965197215777262,44.0,726.9457364341085,593.0,Downtown Crossing
Red,place-dwnxg,7,Morning peak (7-9 AM),1004,0.1553784860557769,83.5,562.0641025641025,449.5,Downtown Crossing
Red,place-dwnxg,8,Morning peak (7-9 AM),1127,0.26175687666370895,146.0,548.4067796610169,483.0,Downtown Crossing
Red,place-dwnxg,9,Midday (9 AM-4 PM),1034,0.3452611218568665,175.5,649.9047619047619,528.0,Downtown Crossing
Red,place-dwnxg,10,Midday (9 AM-4 PM),875,0.36,186.0,629.3015873015873,529.0,Downtown Crossing
Red,place-dwnxg,11,Midday (9 AM-4 PM),852,0.43896713615023475,248.5,654.8181818181819,565.5,Downtown Crossing
Red,place-dwnxg,12,Midday (9 AM-4 PM),882,0.48299319727891155,285.0,671.4906103286385,562.5,Downtown Crossing
Red,place-dwnxg,13,Midday (9 AM-4 PM),801,0.40074906367041196,218.0,704.809968847352,602.0,Downtown Crossing
Red,place-dwnxg,14,Midday (9 AM-4 PM),749,0.36181575433911883,180.0,694.3948339483395,587.0,Downtown Crossing
Red,place-dwnxg,15,Midday (9 AM-4 PM),880,0.3431818181818182,185.0,628.5993377483444,507.5,Downtown Crossing
Red,place-dwnxg,16,Evening peak (4-6 PM),890,0.35280898876404493,196.5,710.1019108280254,547.0,Downtown Crossing
Red,place-dwnxg,17,Evening peak (4-6 PM),845,0.42485207100591715,238.0,651.6044568245126,554.0,Downtown Crossing
Red,place-dwnxg,18,Night,858,0.5046620046620046,309.5,677.0230946882217,572.0,Downtown Crossing
Red,place-dwnxg,19,Night,812,0.43472906403940886,238.5,672.4164305949008,600.0,Downtown Crossing
Red,place-dwnxg,20,Night,888,0.34684684684684686,175.5,651.974025974026,542.5,Downtown Crossing
Red,place-dwnxg,21,Night,800,0.26,135.5,551.5240384615385,456.0,Downtown Crossing
Red,place-dwnxg,22,Night,797,0.2559598494353827,116.0,616.7254901960785,520.5,Downtown Crossing
Red,place-dwnxg,23,Night,861,0.20209059233449478,87.0,534.4080459770115,455.0,Downtown Crossing
Red,place-fldcr,0,Early / night,547,0.1590493601462523,0.0,604.4252873563219,478.0,Fields Corner
Red,place-fldcr,1,Early / night,145,0.3586206896551724,56.0,740.4038461538462,698.5,Fields Corner
Red,place-fldcr,2,Early / night,22,0.6363636363636364,518.0,610.2142857142857,570.0,Fields Corner
Red,place-fldcr,5,Early / night,132,0.10606060606060606,-2.0,1044.0,1086.0,Fields Corner
Red,place-fldcr,6,Early / night,530,0.09056603773584905,1.0,761.5833333333334,562.5,Fields Corner
Red,place-fldcr,7,Morning peak (7-9 AM),651,0.11059907834101383,21.0,519.7638888888889,439.5,Fields Corner
Red,place-fldcr,8,Morning peak (7-9 AM),735,0.22993197278911565,99.0,539.7869822485208,465.0,Fields Corner
Red,place-fldcr,9,Midday (9 AM-4 PM),748,0.2994652406417112,134.5,631.8839285714286,541.0,Fields Corner
Red,place-fldcr,10,Midday (9 AM-4 PM),634,0.4022082018927445,207.5,679.3294117647059,569.0,Fields Corner
Red,place-fldcr,11,Midday (9 AM-4 PM),617,0.3841166936790924,191.0,640.1223628691984,517.0,Fields Corner
Red,place-fldcr,12,Midday (9 AM-4 PM),630,0.45396825396825397,263.5,646.3461538461538,578.0,Fields Corner
Red,place-fldcr,13,Midday (9 AM-4 PM),585,0.41025641025641024,220.0,704.8916666666667,587.0,Fields Corner
Red,place-fldcr,14,Midday (9 AM-4 PM),560,0.4107142857142857,215.0,693.0478260869565,621.5,Fields Corner
Red,place-fldcr,15,Midday (9 AM-4 PM),620,0.31290322580645163,162.0,647.0670103092783,574.5,Fields Corner
Red,place-fldcr,16,Evening peak (4-6 PM),614,0.36156351791530944,186.5,661.7207207207207,510.5,Fields Corner
Red,place-fldcr,17,Evening peak (4-6 PM),638,0.41379310344827586,217.5,685.8181818181819,608.0,Fields Corner
Red,place-fldcr,18,Night,641,0.49453978159126366,297.0,660.0851735015773,542.0,Fields Corner
Red,place-fldcr,19,Night,596,0.4446308724832215,232.0,672.5849056603773,590.0,Fields Corner
Red,place-fldcr,20,Night,592,0.33783783783783783,166.0,700.56,627.0,Fields Corner
Red,place-fldcr,21,Night,548,0.32116788321167883,127.0,600.2045454545455,525.5,Fields Corner
Red,place-fldcr,22,Night,569,0.28822495606326887,129.0,642.4329268292682,499.0,Fields Corner
Red,place-fldcr,23,Night,589,0.24787775891341257,98.0,545.7739726027397,469.0,Fields Corner
Red,place-harsq,0,Early / night,1020,0.18823529411764706,70.5,521.8541666666666,453.5,Harvard
Red,place-harsq,1,Early / night,175,0.21714285714285714,66.0,695.6842105263158,615.0,Harvard
Red,place-harsq,2,Early / night,10,0.3,264.5,819.3333333333334,527.0,Harvard
Red,place-harsq,5,Early / night,227,0.01762114537444934,26.0,404.75,399.5,Harvard
Red,place-harsq,6,Early / night,1120,0.16785714285714284,83.0,595.2074468085107,475.0,Harvard
Red,place-harsq,7,Morning peak (7-9 AM),1421,0.15200562983814214,91.0,515.9861111111111,428.5,Harvard
Red,place-harsq,8,Morning peak (7-9 AM),1529,0.31916285153695223,178.0,526.5491803278688,482.0,Harvard
Red,place-harsq,9,Midday (9 AM-4 PM),1428,0.34663865546218486,175.0,625.8121212121212,522.0,Harvard
Red,place-harsq,10,Midday (9 AM-4 PM),1331,0.39068369646882045,210.0,655.7423076923077,565.5,Harvard
Red,place-harsq,11,Midday (9 AM-4 PM),1194,0.5083752093802345,310.0,655.004942339374,566.0,Harvard
Red,place-harsq,12,Midday (9 AM-4 PM),1242,0.5104669887278583,312.0,653.0520504731861,551.5,Harvard
Red,place-harsq,13,Midday (9 AM-4 PM),1166,0.4811320754716981,286.0,683.1336898395722,589.0,Harvard
Red,place-harsq,14,Midday (9 AM-4 PM),1114,0.44254937163375224,255.5,657.5699797160244,545.0,Harvard
Red,place-harsq,15,Midday (9 AM-4 PM),1210,0.4115702479338843,238.0,620.2791164658635,507.0,Harvard
Red,place-harsq,16,Evening peak (4-6 PM),1254,0.3803827751196172,214.5,624.0356394129979,525.0,Harvard
Red,place-harsq,17,Evening peak (4-6 PM),1226,0.4967373572593801,298.5,608.6683087027915,505.0,Harvard
Red,place-harsq,18,Night,1237,0.5675020210185934,360.0,626.4529914529915,560.0,Harvard
Red,place-harsq,19,Night,1170,0.5025641025641026,303.0,656.4183673469388,584.0,Harvard
Red,place-harsq,20,Night,1224,0.4411764705882353,251.0,630.6648148148148,539.0,Harvard
Red,place-harsq,21,Night,1159,0.3330457290767903,178.0,615.9067357512953,527.5,Harvard
Red,place-harsq,22,Night,1096,0.3029197080291971,148.5,570.5090361445783,487.0,Harvard
Red,place-harsq,23,Night,1133,0.23300970873786409,121.0,508.92424242424244,433.5,Harvard
Red,place-jfk,0,Early / night,1096,0.18704379562043796,75.0,565.7170731707317,466.0,JFK/UMass
Red,place-jfk,1,Early / night,225,0.29777777777777775,71.0,707.5074626865671,591.0,JFK/UMass
Red,place-jfk,2,Early / night,15,0.8,567.0,668.3333333333334,616.0,JFK/UMass
Red,place-jfk,5,Early / night,302,0.06622516556291391,41.5,747.7,674.0,JFK/UMass
Red,place-jfk,6,Early / night,1100,0.14636363636363636,64.5,643.0683229813665,528.0,JFK/UMass
Red,place-jfk,7,Morning peak (7-9 AM),1413,0.17905166312809626,92.0,537.1857707509881,441.0,JFK/UMass
Red,place-jfk,8,Morning peak (7-9 AM),1517,0.2834541858932103,154.0,556.8139534883721,479.5,JFK/UMass
Red,place-jfk,9,Midday (9 AM-4 PM),1484,0.3706199460916442,193.0,631.4,540.0,JFK/UMass
Red,place-jfk,10,Midday (9 AM-4 PM),1293,0.4300077339520495,242.0,669.6690647482014,560.0,JFK/UMass
Red,place-jfk,11,Midday (9 AM-4 PM),1247,0.42261427425821974,235.0,659.0151802656546,561.0,JFK/UMass
Red,place-jfk,12,Midday (9 AM-4 PM),1239,0.5310734463276836,332.0,682.629179331307,594.0,JFK/UMass
Red,place-jfk,13,Midday (9 AM-4 PM),1156,0.45588235294117646,254.0,732.6166982922201,631.0,JFK/UMass
Red,place-jfk,14,Midday (9 AM-4 PM),1135,0.41585903083700443,220.0,711.5084745762712,631.0,JFK/UMass
Red,place-jfk,15,Midday (9 AM-4 PM),1270,0.36771653543307087,200.0,663.0,542.0,JFK/UMass
Red,place-jfk,16,Evening peak (4-6 PM),1250,0.4008,219.0,681.5489021956088,547.0,JFK/UMass
Red,place-jfk,17,Evening peak (4-6 PM),1251,0.47402078337330134,271.0,728.2462057335582,630.0,JFK/UMass
Red,place-jfk,18,Night,1255,0.5410358565737052,340.0,664.1369661266568,569.0,JFK/UMass
Red,place-jfk,19,Night,1219,0.49056603773584906,287.0,696.9866220735786,618.0,JFK/UMass
Red,place-jfk,20,Night,1223,0.4186426819296811,226.0,687.048828125,573.5,JFK/UMass
Red,place-jfk,21,Night,1164,0.36769759450171824,183.0,613.3668224299065,535.0,JFK/UMass
Red,place-jfk,22,Night,1191,0.3240973971452561,149.0,635.0854922279793,512.5,JFK/UMass
Red,place-jfk,23,Night,1214,0.24629324546952225,122.5,562.0468227424749,488.0,JFK/UMass
Red,place-knncl,0,Early / night,1053,0.1956315289648623,81.0,534.7815533980582,460.5,Kendall/MIT
Red,place-knncl,1,Early / night,159,0.2138364779874214,75.0,707.7352941176471,598.5,Kendall/MIT
Red,place-knncl,2,Early / night,3,0.6666666666666666,1448.0,1580.5,1580.5,Kendall/MIT
Red,place-knncl,5,Early / night,240,0.016666666666666666,28.0,438.75,470.5,Kendall/MIT
Red,place-knncl,6,Early / night,1127,0.15616681455190773,80.0,619.7840909090909,508.0,Kendall/MIT
Red,place-knncl,7,Morning peak (7-9 AM),1396,0.18051575931232092,107.5,503.3611111111111,420.0,Kendall/MIT
Red,place-knncl,8,Morning peak (7-9 AM),1518,0.33201581027667987,195.5,529.3095238095239,480.0,Kendall/MIT
Red,place-knncl,9,Midday (9 AM-4 PM),1452,0.3615702479338843,189.0,633.7638095238095,522.0,Kendall/MIT
Red,place-knncl,10,Midday (9 AM-4 PM),1308,0.3845565749235474,211.5,649.7475149105368,550.0,Kendall/MIT
Red,place-knncl,11,Midday (9 AM-4 PM),1202,0.48835274542429286,290.0,662.7546848381602,586.0,Kendall/MIT
Red,place-knncl,12,Midday (9 AM-4 PM),1243,0.5261464199517297,325.0,656.6666666666666,561.0,Kendall/MIT
Red,place-knncl,13,Midday (9 AM-4 PM),1164,0.48109965635738833,287.5,691.1125,608.5,Kendall/MIT
Red,place-knncl,14,Midday (9 AM-4 PM),1119,0.44414655942806075,255.0,654.4788732394367,560.0,Kendall/MIT
Red,place-knncl,15,Midday (9 AM-4 PM),1221,0.40786240786240785,242.0,643.5321285140562,527.0,Kendall/MIT
Red,place-knncl,16,Evening peak (4-6 PM),1261,0.42505947660586835,246.0,634.2126865671642,536.5,Kendall/MIT
Red,place-knncl,17,Evening peak (4-6 PM),1231,0.5085296506904955,312.0,641.4169329073483,542.5,Kendall/MIT
Red,place-knncl,18,Night,1234,0.5729335494327391,366.0,636.7934936350778,561.0,Kendall/MIT
Red,place-knncl,19,Night,1151,0.4917463075586447,292.0,658.3250883392226,587.0,Kendall/MIT
Red,place-knncl,20,Night,1233,0.45174371451743717,247.0,652.964093357271,554.0,Kendall/MIT
Red,place-knncl,21,Night,1143,0.34908136482939633,185.0,606.155388471178,502.0,Kendall/MIT
Red,place-knncl,22,Night,1108,0.30324909747292417,153.0,589.8095238095239,508.0,Kendall/MIT
Red,place-knncl,23,Night,1166,0.2478559176672384,124.0,522.993079584775,447.0,Kendall/MIT
Red,place-nqncy,0,Early / night,509,0.1944990176817289,79.0,574.3535353535353,472.0,North Quincy
Red,place-nqncy,1,Early / night,98,0.2857142857142857,130.0,692.6428571428571,590.5,North Quincy
Red,place-nqncy,2,Early / night,3,1.0,587.0,727.0,587.0,North Quincy
Red,place-nqncy,5,Early / night,170,0.06470588235294118,55.5,606.5454545454545,644.0,North Quincy
Red,place-nqncy,6,Early / night,547,0.1425959780621572,85.0,599.9230769230769,542.0,North Quincy
Red,place-nqncy,7,Morning peak (7-9 AM),769,0.18725617685305593,95.0,555.3472222222222,474.0,North Quincy
Red,place-nqncy,8,Morning peak (7-9 AM),744,0.2594086021505376,133.5,564.7150259067357,482.0,North Quincy
Red,place-nqncy,9,Midday (9 AM-4 PM),731,0.38850889192886456,199.0,634.7077464788732,558.5,North Quincy
Red,place-nqncy,10,Midday (9 AM-4 PM),650,0.40615384615384614,211.5,702.5340909090909,612.5,North Quincy
Red,place-nqncy,11,Midday (9 AM-4 PM),638,0.445141065830721,241.0,703.6338028169014,598.0,North Quincy
Red,place-nqncy,12,Midday (9 AM-4 PM),597,0.5376884422110553,354.0,719.2149532710281,636.0,North Quincy
Red,place-nqncy,13,Midday (9 AM-4 PM),589,0.4397283531409168,229.0,774.4015444015444,670.0,North Quincy
Red,place-nqncy,14,Midday (9 AM-4 PM),576,0.4114583333333333,201.0,749.4050632911392,667.0,North Quincy
Red,place-nqncy,15,Midday (9 AM-4 PM),665,0.3684210526315789,187.0,727.934693877551,598.0,North Quincy
Red,place-nqncy,16,Evening peak (4-6 PM),630,0.3952380952380952,206.5,702.7991967871486,600.0,North Quincy
Red,place-nqncy,17,Evening peak (4-6 PM),611,0.4779050736497545,281.0,788.5308219178082,709.5,North Quincy
Red,place-nqncy,18,Night,608,0.5460526315789473,358.0,700.4668674698795,617.0,North Quincy
Red,place-nqncy,19,Night,632,0.5015822784810127,304.0,744.0851735015773,685.0,North Quincy
Red,place-nqncy,20,Night,627,0.4449760765550239,228.0,673.2508960573476,547.0,North Quincy
Red,place-nqncy,21,Night,617,0.3824959481361426,178.0,640.6652542372881,572.0,North Quincy
Red,place-nqncy,22,Night,634,0.32334384858044163,137.5,669.7219512195122,543.0,North Quincy
Red,place-nqncy,23,Night,640,0.2390625,94.0,595.0457516339869,509.0,North Quincy
Red,place-pktrm,0,Early / night,770,0.16363636363636364,56.5,543.7222222222222,454.5,Park Street
Red,place-pktrm,1,Early / night,135,0.14814814814814814,0.0,853.15,734.5,Park Street
Red,place-pktrm,2,Early / night,2,1.0,1591.0,1591.0,1591.0,Park Street
Red,place-pktrm,5,Early / night,184,0.03804347826086957,9.0,515.8571428571429,512.0,Park Street
Red,place-pktrm,6,Early / night,863,0.14020857473928158,42.0,712.7107438016529,574.0,Park Street
Red,place-pktrm,7,Morning peak (7-9 AM),1005,0.17412935323383086,83.0,540.7942857142857,428.0,Park Street
Red,place-pktrm,8,Morning peak (7-9 AM),1117,0.26589077887197854,144.0,534.1245791245791,481.0,Park Street
Red,place-pktrm,9,Midday (9 AM-4 PM),1027,0.34079844206426485,174.0,647.1628571428571,523.5,Park Street
Red,place-pktrm,10,Midday (9 AM-4 PM),887,0.34723788049605414,182.0,643.7857142857143,540.0,Park Street
Red,place-pktrm,11,Midday (9 AM-4 PM),827,0.4365175332527207,251.0,648.5207756232687,557.0,Park Street
Red,place-pktrm,12,Midday (9 AM-4 PM),870,0.4896551724137931,286.5,672.8521126760563,566.5,Park Street
Red,place-pktrm,13,Midday (9 AM-4 PM),784,0.4145408163265306,226.5,681.4092307692308,576.0,Park Street
Red,place-pktrm,14,Midday (9 AM-4 PM),763,0.3840104849279161,191.0,681.8907849829352,573.0,Park Street
Red,place-pktrm,15,Midday (9 AM-4 PM),874,0.3340961098398169,181.0,637.7876712328767,521.5,Park Street
Red,place-pktrm,16,Evening peak (4-6 PM),872,0.356651376146789,193.5,697.5112540192926,537.0,Park Street
Red,place-pktrm,17,Evening peak (4-6 PM),839,0.43504171632896305,250.0,656.4356164383562,545.0,Park Street
Red,place-pktrm,18,Night,848,0.5129716981132075,310.0,674.8390804597701,576.0,Park Street
Red,place-pktrm,19,Night,802,0.4389027431421446,229.5,680.75,610.5,Park Street
Red,place-pktrm,20,Night,871,0.34902411021814006,176.0,645.2565789473684,548.5,Park Street
Red,place-pktrm,21,Night,790,0.25443037974683547,135.5,562.8457711442786,469.0,Park Street
Red,place-pktrm,22,Night,766,0.27023498694516973,114.5,583.4541062801933,512.0,Park Street
Red,place-pktrm,23,Night,817,0.21052631578947367,92.0,540.7209302325581,460.5,Park Street
Red,place-portr,0,Early / night,1001,0.2037962037962038,91.0,506.5735294117647,443.0,Porter
Red,place-portr,1,Early / night,182,0.23626373626373626,83.5,680.1627906976744,586.0,Porter
Red,place-portr,2,Early / night,17,0.23529411764705882,193.0,707.5,489.5,Porter
Red,place-portr,5,Early / night,233,0.02575107296137339,59.0,396.6666666666667,369.5,Porter
Red,place-portr,6,Early / night,1115,0.17668161434977578,100.0,589.0456852791879,468.0,Porter
Red,place-portr,7,Morning peak (7-9 AM),1407,0.15991471215351813,110.0,525.3288888888889,427.0,Porter
Red,place-portr,8,Morning peak (7-9 AM),1543,0.3525599481529488,200.0,520.4209558823529,473.5,Porter
Red,place-portr,9,Midday (9 AM-4 PM),1431,0.36268343815513626,202.0,625.082851637765,518.0,Porter
Red,place-portr,10,Midday (9 AM-4 PM),1323,0.4074074074074074,227.0,651.8126159554731,565.0,Porter
Red,place-portr,11,Midday (9 AM-4 PM),1197,0.5355054302422724,326.0,653.8361934477379,566.0,Porter
Red,place-portr,12,Midday (9 AM-4 PM),1231,0.5199025182778229,324.0,656.6671875,568.0,Porter
Red,place-portr,13,Midday (9 AM-4 PM),1176,0.5212585034013606,316.0,666.4665579119087,579.0,Porter
Red,place-portr,14,Midday (9 AM-4 PM),1120,0.47410714285714284,278.5,649.789077212806,538.0,Porter
Red,place-portr,15,Midday (9 AM-4 PM),1205,0.44315352697095434,264.0,607.8370786516854,505.0,Porter
Red,place-portr,16,Evening peak (4-6 PM),1254,0.4082934609250399,235.0,628.333984375,519.0,Porter
Red,place-portr,17,Evening peak (4-6 PM),1227,0.5321923390383048,325.0,601.1761102603369,512.0,Porter
Red,place-portr,18,Night,1230,0.5894308943089431,372.0,631.7862068965517,577.0,Porter
Red,place-portr,19,Night,1172,0.5341296928327645,327.0,655.5846645367412,576.5,Porter
Red,place-portr,20,Night,1239,0.45601291364003227,270.0,638.8513274336283,544.0,Porter
Red,place-portr,21,Night,1149,0.35944299390774587,195.0,610.7845036319612,524.0,Porter
Red,place-portr,22,Night,1082,0.3317929759704251,173.0,571.841225626741,498.0,Porter
Red,place-portr,23,Night,1131,0.251105216622458,140.0,507.1901408450704,439.0,Porter
Red,place-qamnl,0,Early / night,497,0.22132796780684105,91.0,508.22727272727275,441.0,Quincy Adams
Red,place-qamnl,1,Early / night,140,0.37142857142857144,184.0,694.5576923076923,613.5,Quincy Adams
Red,place-qamnl,2,Early / night,15,0.9333333333333333,416.0,481.7142857142857,417.0,Quincy Adams
Red,place-qamnl,5,Early / night,218,0.0779816513761468,85.0,652.3529411764706,615.0,Quincy Adams
Red,place-qamnl,6,Early / night,515,0.13592233009708737,91.0,585.1,584.0,Quincy Adams
Red,place-qamnl,7,Morning peak (7-9 AM),745,0.17852348993288591,104.0,551.9473684210526,446.0,Quincy Adams
Red,place-qamnl,8,Morning peak (7-9 AM),755,0.22913907284768212,117.0,554.4624277456647,460.0,Quincy Adams
Red,place-qamnl,9,Midday (9 AM-4 PM),716,0.38687150837988826,201.0,636.6642599277978,545.0,Quincy Adams
Red,place-qamnl,10,Midday (9 AM-4 PM),641,0.36349453978159124,170.0,736.480686695279,638.0,Quincy Adams
Red,place-qamnl,11,Midday (9 AM-4 PM),627,0.4130781499202552,206.0,787.2239382239383,690.0,Quincy Adams
Red,place-qamnl,12,Midday (9 AM-4 PM),594,0.5404040404040404,355.5,755.7663551401869,671.0,Quincy Adams
Red,place-qamnl,13,Midday (9 AM-4 PM),592,0.4155405405405405,210.5,795.630081300813,688.5,Quincy Adams
Red,place-qamnl,14,Midday (9 AM-4 PM),581,0.38209982788296043,198.0,766.8783783783783,711.0,Quincy Adams
Red,place-qamnl,15,Midday (9 AM-4 PM),647,0.366306027820711,200.0,741.9831223628692,601.0,Quincy Adams
Red,place-qamnl,16,Evening peak (4-6 PM),617,0.3824959481361426,209.0,689.8898305084746,597.5,Quincy Adams
Red,place-qamnl,17,Evening peak (4-6 PM),617,0.4651539708265802,275.0,819.2926829268292,744.0,Quincy Adams
Red,place-qamnl,18,Night,607,0.5469522240527183,354.0,715.4457831325301,624.0,Quincy Adams
Red,place-qamnl,19,Night,635,0.5039370078740157,305.0,738.33125,656.5,Quincy Adams
Red,place-qamnl,20,Night,628,0.45063694267515925,234.5,687.5936395759717,555.0,Quincy Adams
Red,place-qamnl,21,Night,619,0.38126009693053314,176.0,673.6567796610169,573.0,Quincy Adams
Red,place-qamnl,22,Night,600,0.32166666666666666,134.5,664.6683937823834,550.0,Quincy Adams
Red,place-qamnl,23,Night,636,0.25471698113207547,124.5,626.9012345679013,520.0,Quincy Adams
Red,place-qnctr,0,Early / night,472,0.2076271186440678,79.0,541.8877551020408,458.0,Quincy Center
Red,place-qnctr,1,Early / night,137,0.32116788321167883,182.0,651.8409090909091,548.5,Quincy Center
Red,place-qnctr,2,Early / night,3,0.6666666666666666,607.0,754.0,754.0,Quincy Center
Red,place-qnctr,5,Early / night,184,0.07608695652173914,71.5,566.4285714285714,604.0,Quincy Center
Red,place-qnctr,6,Early / night,556,0.12050359712230216,80.5,622.8656716417911,589.0,Quincy Center
Red,place-qnctr,7,Morning peak (7-9 AM),748,0.19117647058823528,104.5,548.7482517482517,437.0,Quincy Center
Red,place-qnctr,8,Morning peak (7-9 AM),744,0.24865591397849462,117.0,550.6648648648649,472.0,Quincy Center
Red,place-qnctr,9,Midday (9 AM-4 PM),737,0.37177747625508817,184.0,640.4343065693431,549.0,Quincy Center
Red,place-qnctr,10,Midday (9 AM-4 PM),633,0.3665086887835703,174.0,717.1422413793103,600.5,Quincy Center
Red,place-qnctr,11,Midday (9 AM-4 PM),623,0.4446227929373997,241.0,733.826714801444,646.0,Quincy Center
Red,place-qnctr,12,Midday (9 AM-4 PM),606,0.5445544554455446,354.0,750.7757575757576,671.5,Quincy Center
Red,place-qnctr,13,Midday (9 AM-4 PM),578,0.41695501730103807,205.5,789.3485477178423,696.0,Quincy Center
Red,place-qnctr,14,Midday (9 AM-4 PM),584,0.3886986301369863,189.5,759.6960352422908,675.0,Quincy Center
Red,place-qnctr,15,Midday (9 AM-4 PM),655,0.3618320610687023,195.0,731.5991561181435,609.0,Quincy Center
Red,place-qnctr,16,Evening peak (4-6 PM),620,0.4032258064516129,212.5,692.432,584.5,Quincy Center
Red,place-qnctr,17,Evening peak (4-6 PM),620,0.47096774193548385,271.5,796.9897260273973,704.0,Quincy Center
Red,place-qnctr,18,Night,602,0.5581395348837209,360.5,695.8869047619048,615.5,Quincy Center
Red,place-qnctr,19,Night,626,0.49201277955271566,297.5,752.8733766233767,674.5,Quincy Center
Red,place-qnctr,20,Night,645,0.448062015503876,227.0,687.2179930795847,555.0,Quincy Center
Red,place-qnctr,21,Night,615,0.3853658536585366,171.0,656.957805907173,575.0,Quincy Center
Red,place-qnctr,22,Night,612,0.3300653594771242,145.5,673.2128712871287,552.0,Quincy Center
Red,place-qnctr,23,Night,638,0.25235109717868337,103.5,596.4534161490683,495.0,Quincy Center
Red,place-shmnl,0,Early / night,525,0.15619047619047619,-5.0,601.719512195122,457.0,Savin Hill
Red,place-shmnl,1,Early / night,141,0.3829787234042553,70.0,692.6296296296297,627.0,Savin Hill
Red,place-shmnl,2,Early / night,18,0.6111111111111112,513.5,609.4545454545455,590.0,Savin Hill
Red,place-shmnl,5,Early / night,149,0.08053691275167785,-14.0,977.9166666666666,1060.0,Savin Hill
Red,place-shmnl,6,Early / night,485,0.09896907216494845,-5.0,782.5208333333334,566.0,Savin Hill
Red,place-shmnl,7,Morning peak (7-9 AM),675,0.1274074074074074,18.0,532.1046511627907,444.0,Savin Hill
Red,place-shmnl,8,Morning peak (7-9 AM),745,0.24026845637583893,109.0,568.6927374301677,491.0,Savin Hill
Red,place-shmnl,9,Midday (9 AM-4 PM),728,0.3447802197802198,178.5,604.7410358565737,518.0,Savin Hill
Red,place-shmnl,10,Midday (9 AM-4 PM),646,0.42724458204334365,222.0,639.9782608695652,538.0,Savin Hill
Red,place-shmnl,11,Midday (9 AM-4 PM),619,0.40064620355411956,215.0,618.5443548387096,516.0,Savin Hill
Red,place-shmnl,12,Midday (9 AM-4 PM),627,0.48165869218500795,274.0,639.1754966887418,578.5,Savin Hill
Red,place-shmnl,13,Midday (9 AM-4 PM),573,0.43455497382198954,241.0,711.7751004016064,606.0,Savin Hill
Red,place-shmnl,14,Midday (9 AM-4 PM),558,0.4121863799283154,210.0,684.6608695652174,618.5,Savin Hill
Red,place-shmnl,15,Midday (9 AM-4 PM),624,0.34775641025641024,160.5,643.1244239631336,549.0,Savin Hill
Red,place-shmnl,16,Evening peak (4-6 PM),611,0.35842880523731585,182.0,675.2328767123288,528.0,Savin Hill
Red,place-shmnl,17,Evening peak (4-6 PM),609,0.4482758620689655,229.0,680.3736263736264,601.0,Savin Hill
Red,place-shmnl,18,Night,664,0.4894578313253012,285.5,664.7661538461539,565.0,Savin Hill
Red,place-shmnl,19,Night,596,0.46140939597315433,255.5,675.4036363636363,589.0,Savin Hill
Red,place-shmnl,20,Night,598,0.3612040133779264,164.5,702.3518518518518,598.0,Savin Hill
Red,place-shmnl,21,Night,529,0.34026465028355385,162.0,599.7777777777778,533.5,Savin Hill
Red,place-shmnl,22,Night,594,0.27946127946127947,111.0,631.8795180722891,501.5,Savin Hill
Red,place-shmnl,23,Night,589,0.24108658743633277,88.0,551.3521126760563,497.5,Savin Hill
Red,place-smmnl,0,Early / night,549,0.151183970856102,18.0,603.9879518072289,462.0,Shawmut
Red,place-smmnl,1,Early / night,148,0.36486486486486486,72.5,748.2407407407408,698.0,Shawmut
Red,place-smmnl,2,Early / night,21,0.6190476190476191,496.0,599.1538461538462,572.0,Shawmut
Red,place-smmnl,5,Early / night,122,0.11475409836065574,21.0,1055.0,1104.0,Shawmut
Red,place-smmnl,6,Early / night,522,0.0842911877394636,20.0,790.9545454545455,591.0,Shawmut
Red,place-smmnl,7,Morning peak (7-9 AM),664,0.11746987951807229,36.0,524.1153846153846,436.5,Shawmut
Red,place-smmnl,8,Morning peak (7-9 AM),754,0.22944297082228116,97.0,534.2774566473988,456.0,Shawmut
Red,place-smmnl,9,Midday (9 AM-4 PM),735,0.3142857142857143,151.0,632.8571428571429,547.0,Shawmut
Red,place-smmnl,10,Midday (9 AM-4 PM),636,0.389937106918239,196.0,690.7701612903226,567.0,Shawmut
Red,place-smmnl,11,Midday (9 AM-4 PM),627,0.3748006379585327,194.0,652.2595744680851,499.0,Shawmut
Red,place-smmnl,12,Midday (9 AM-4 PM),614,0.4804560260586319,277.0,645.7457627118644,583.0,Shawmut
Red,place-smmnl,13,Midday (9 AM-4 PM),580,0.4206896551724138,231.0,692.672131147541,576.5,Shawmut
Red,place-smmnl,14,Midday (9 AM-4 PM),567,0.4091710758377425,223.0,695.4741379310345,614.0,Shawmut
Red,place-smmnl,15,Midday (9 AM-4 PM),619,0.33117932148626816,171.0,649.8,571.0,Shawmut
Red,place-smmnl,16,Evening peak (4-6 PM),611,0.3486088379705401,195.0,666.6995305164319,513.0,Shawmut
Red,place-smmnl,17,Evening peak (4-6 PM),638,0.43103448275862066,245.5,686.9563636363637,604.0,Shawmut
Red,place-smmnl,18,Night,634,0.4921135646687697,290.5,671.9455128205128,553.5,Shawmut
Red,place-smmnl,19,Night,598,0.4498327759197324,232.0,672.3011152416357,583.0,Shawmut
Red,place-smmnl,20,Night,599,0.34724540901502504,179.0,705.2019230769231,629.5,Shawmut
Red,place-smmnl,21,Night,544,0.3235294117647059,135.5,591.1761363636364,509.5,Shawmut
Red,place-smmnl,22,Night,565,0.2884955752212389,137.0,651.7791411042945,515.0,Shawmut
Red,place-smmnl,23,Night,594,0.25925925925925924,100.5,549.5909090909091,484.5,Shawmut
Red,place-sstat,0,Early / night,1118,0.18336314847942756,65.0,557.1073170731707,470.0,South Station
Red,place-sstat,1,Early / night,207,0.19806763285024154,26.0,790.7073170731708,635.0,South Station
Red,place-sstat,2,Early / night,3,0.3333333333333333,-594.0,675.0,675.0,South Station
Red,place-sstat,5,Early / night,253,0.05533596837944664,46.0,671.9285714285714,518.5,South Station
Red,place-sstat,6,Early / night,1116,0.15681003584229392,83.5,646.3657142857143,533.0,South Station
Red,place-sstat,7,Morning peak (7-9 AM),1398,0.19313304721030042,117.5,524.3740740740741,436.5,South Station
Red,place-sstat,8,Morning peak (7-9 AM),1530,0.3300653594771242,193.5,546.2712871287129,485.0,South Station
Red,place-sstat,9,Midday (9 AM-4 PM),1485,0.37037037037037035,201.0,634.0090909090909,540.5,South Station
Red,place-sstat,10,Midday (9 AM-4 PM),1286,0.4307931570762053,235.0,654.4296028880866,548.0,South Station
Red,place-sstat,11,Midday (9 AM-4 PM),1218,0.4638752052545156,271.0,663.387610619469,573.0,South Station
Red,place-sstat,12,Midday (9 AM-4 PM),1256,0.5429936305732485,343.5,672.9149560117302,578.5,South Station
Red,place-sstat,13,Midday (9 AM-4 PM),1166,0.4811320754716981,279.0,716.4474153297683,621.0,South Station
Red,place-sstat,14,Midday (9 AM-4 PM),1118,0.43202146690518783,246.0,692.5548654244307,603.0,South Station
Red,place-sstat,15,Midday (9 AM-4 PM),1250,0.392,216.0,641.304081632653,531.5,South Station
Red,place-sstat,16,Evening peak (4-6 PM),1268,0.4242902208201893,240.5,686.542750929368,549.5,South Station
Red,place-sstat,17,Evening peak (4-6 PM),1242,0.49516908212560384,297.0,685.5479674796748,590.0,South Station
Red,place-sstat,18,Night,1253,0.5434956105347167,353.0,675.2966226138033,586.0,South Station
Red,place-sstat,19,Night,1192,0.4924496644295302,293.0,678.0596252129471,604.0,South Station
Red,place-sstat,20,Night,1235,0.43562753036437246,237.0,679.8513011152417,571.5,South Station
Red,place-sstat,21,Night,1167,0.34790059982862037,181.0,596.0591133004926,501.5,South Station
Red,place-sstat,22,Night,1146,0.29930191972076786,140.5,629.0379008746356,522.0,South Station
Red,place-sstat,23,Night,1206,0.23383084577114427,114.0,539.0,468.5,South Station
Red,place-wlsta,0,Early / night,494,0.20647773279352227,70.0,544.8529411764706,448.0,Wollaston
Red,place-wlsta,1,Early / night,116,0.35344827586206895,242.0,645.4634146341464,535.0,Wollaston
Red,place-wlsta,2,Early / night,4,0.75,699.5,894.3333333333334,768.0,Wollaston
Red,place-wlsta,5,Early / night,180,0.06666666666666667,58.0,596.9166666666666,613.0,Wollaston
Red,place-wlsta,6,Early / night,553,0.12296564195298372,78.0,620.3529411764706,589.0,Wollaston
Red,place-wlsta,7,Morning peak (7-9 AM),757,0.19682959048877147,101.0,558.3959731543624,460.0,Wollaston
Red,place-wlsta,8,Morning peak (7-9 AM),729,0.26337448559670784,121.0,551.4322916666666,472.0,Wollaston
Red,place-wlsta,9,Midday (9 AM-4 PM),752,0.37101063829787234,182.5,639.0931899641577,560.0,Wollaston
Red,place-wlsta,10,Midday (9 AM-4 PM),629,0.4117647058823529,209.0,708.4517374517375,605.0,Wollaston
Red,place-wlsta,11,Midday (9 AM-4 PM),644,0.4409937888198758,239.0,706.5845070422536,596.5,Wollaston
Red,place-wlsta,12,Midday (9 AM-4 PM),596,0.5369127516778524,348.5,744.03125,667.0,Wollaston
Red,place-wlsta,13,Midday (9 AM-4 PM),580,0.43275862068965515,221.5,774.9960159362549,681.0,Wollaston
Red,place-wlsta,14,Midday (9 AM-4 PM),582,0.39862542955326463,188.0,748.073275862069,664.5,Wollaston
Red,place-wlsta,15,Midday (9 AM-4 PM),662,0.3610271903323263,180.5,727.8661087866109,606.0,Wollaston
Red,place-wlsta,16,Evening peak (4-6 PM),623,0.4012841091492777,209.0,710.42,597.0,Wollaston
Red,place-wlsta,17,Evening peak (4-6 PM),624,0.46955128205128205,267.0,796.9317406143344,717.0,Wollaston
Red,place-wlsta,18,Night,605,0.5553719008264463,374.0,704.3363095238095,621.5,Wollaston
Red,place-wlsta,19,Night,624,0.4935897435897436,290.5,748.6558441558442,689.0,Wollaston
Red,place-wlsta,20,Night,644,0.4440993788819876,222.5,685.027972027972,558.0,Wollaston
Red,place-wlsta,21,Night,605,0.3884297520661157,194.0,654.0553191489362,585.0,Wollaston
Red,place-wlsta,22,Night,639,0.3208137715179969,132.0,673.3073170731707,554.0,Wollaston
Red,place-wlsta,23,Night,637,0.24646781789638933,96.0,593.452229299363,507.0,Wollaston
