size_bytes,last_modified,service_date,file_url
3066,2026-01-09 21:31:47+00:00,2019-09-15,https://performancedata.mbta.com/lamp/subway-on-time-performance-v1/2019-09-15-subway-on-time-performance-v1.parquet
1094250,2026-01-09 20:13:51+00:00,2019-09-16,https://performancedata.mbta.com/lamp/subway-on-time-performance-v1/2019-09-16-subway-on-time-performance-v1.parquet
1520513,2026-01-09 21:39:25+00:00,2019-09-17,https://performancedata.mbta.com/lamp/subway-on-time-performance-v1/2019-09-17-subway-on-time-performance-v1.parquet
1476627,2026-01-09 20:05:31+00:00,2019-09-18,https://performancedata.mbta.com/lamp/subway-on-time-performance-v1/2019-09-18-subway-on-time-performance-v1.parquet
1201227,2026-01-09 22:15:38+00:00,2019-09-19,https://performancedata.mbta.com/lamp/subway-on-time-performance-v1/2019-09-19-subway-on-time-performance-v1.parquet
1520926,2026-01-09 23:16:39+00:00,2019-09-20,https://performancedata.mbta.com/lamp/subway-on-time-performance-v1/2019-09-20-subway-on-time-performance-v1.parquet
1038350,2026-01-09 20:42:47+00:00,2019-09-21,https://performancedata.mbta.com/lamp/subway-on-time-performance-v1/2019-09-21-subway-on-time-performance-v1.parquet
952827,2026-01-09 23:35:44+00:00,2019-09-22,https://performancedata.mbta.com/lamp/subway-on-time-performance-v1/2019-09-22-subway-on-time-performance-v1.parquet
1514169,2026-01-09 19:46:04+00:00,2019-09-23,https://performancedata.mbta.com/lamp/subway-on-time-performance-v1/2019-09-23-subway-on-time-performance-v1.parquet
1527248,2026-01-09 23:03:41+00:00,2019-09-24,https://performancedata.mbta.com/lamp/subway-on-time-performance-v1/2019-09-24-subway-on-time-performance-v1.parquet
1473968,2026-01-09 22:00:02+00:00,2019-09-25,https://performancedata.mbta.com/lamp/subway-on-time-performance-v1/2019-09-25-subway-on-time-performance-v1.parquet
1497680,2026-01-09 20:52:12+00:00,2019-09-26,https://performancedata.mbta.com/lamp/subway-on-time-performance-v1/2019-09-26-subway-on-time-performance-v1.parquet
1498237,2026-01-09 23:11:57+00:00,2019-09-27,https://performancedata.mbta.com/lamp/subway-on-time-performance-v1/2019-09-27-subway-on-time-performance-v1.parquet
1102420,2026-01-09 23:07:19+00:00,2019-09-28,https://performancedata.mbta.com/lamp/subway-on-time-performance-v1/2019-09-28-subway-on-time-performance-v1.parquet
940918,2026-01-09 21:31:45+00:00,2019-09-29,https://performancedata.mbta.com/lamp/subway-on-time-performance-v1/2019-09-29-subway-on-time-performance-v1.parquet
1489660,2026-01-09 20:16:51+00:00,2019-09-30,https://performancedata.mbta.com/lamp/subway-on-time-performance-v1/2019-09-30-subway-on-time-performance-v1.parquet
1491723,2026-01-09 20:50:17+00:00,2019-10-01,https://performancedata.mbta.com/lamp/subway-on-time-performance-v1/2019-10-01-subway-on-time-performance-v1.parquet
1523901,2026-01-09 21:18:01+00:00,2019-10-02,https://performancedata.mbta.com/lamp/subway-on-time-performance-v1/2019-10-02-subway-on-time-performance-v1.parquet
1522186,2026-01-09 20:45:48+00:00,2019-10-03,https://performancedata.mbta.com/lamp/subway-on-time-performance-v1/2019-10-03-subway-on-time-performance-v1.parquet
1469838,2026-01-09 19:56:57+00:00,2019-10-04,https://performancedata.mbta.com/lamp/subway-on-time-performance-v1/2019-10-04-subway-on-time-performance-v1.parquet
1026807,2026-01-09 21:37:02+00:00,2019-10-05,https://performancedata.mbta.com/lamp/subway-on-time-performance-v1/2019-10-05-subway-on-time-performance-v1.parquet
949906,2026-01-09 20:27:19+00:00,2019-10-06,https://performancedata.mbta.com/lamp/subway-on-time-performance-v1/2019-10-06-subway-on-time-performance-v1.parquet
1494328,2026-01-09 21:56:19+00:00,2019-10-07,https://performancedata.mbta.com/lamp/subway-on-time-performance-v1/2019-10-07-subway-on-time-performance-v1.parquet
1503973,2026-01-09 20:23:19+00:00,2019-10-08,https://performancedata.mbta.com/lamp/subway-on-time-performance-v1/2019-10-08-subway-on-time-performance-v1.parquet
1478419,2026-01-09 23:23:12+00:00,2019-10-09,https://performancedata.mbta.com/lamp/subway-on-time-performance-v1/2019-10-09-subway-on-time-performance-v1.parquet
1462321,2026-01-09 23:25:29+00:00,2019-10-10,https://performancedata.mbta.com/lamp/subway-on-time-performance-v1/2019-10-10-subway-on-time-performance-v1.parquet
1436894,2026-01-09 21:30:10+00:00,2019-10-11,https://performancedata.mbta.com/lamp/subway-on-time-performance-v1/2019-10-11-subway-on-time-performance-v1.parquet
1057819,2026-01-09 23:11:19+00:00,2019-10-12,https://performancedata.mbta.com/lamp/subway-on-time-performance-v1/2019-10-12-subway-on-time-performance-v1.parquet
963373,2026-01-09 21:59:14+00:00,2019-10-13,https://performancedata.mbta.com/lamp/subway-on-time-performance-v1/2019-10-13-subway-on-time-performance-v1.parquet
1534088,2026-01-09 22:15:07+00:00,2019-10-14,https://performancedata.mbta.com/lamp/subway-on-time-performance-v1/2019-10-14-subway-on-time-performance-v1.parquet
1528610,2026-01-09 19:54:09+00:00,2019-10-15,https://performancedata.mbta.com/lamp/subway-on-time-performance-v1/2019-10-15-subway-on-time-performance-v1.parquet
1543598,2026-01-09 21:00:09+00:00,2019-10-16,https://performancedata.mbta.com/lamp/subway-on-time-performance-v1/2019-10-16-subway-on-time-performance-v1.parquet
1440690,2026-01-09 23:19:10+00:00,2019-10-17,https://performancedata.mbta.com/lamp/subway-on-time-performance-v1/2019-10-17-subway-on-time-performance-v1.parquet
1487875,2026-01-09 21:28:12+00:00,2019-10-18,https://performancedata.mbta.com/lamp/subway-on-time-performance-v1/2019-10-18-subway-on-time-performance-v1.parquet
888974,2026-01-09 22:23:06+00:00,2019-10-19,https://performancedata.mbta.com/lamp/subway-on-time-performance-v1/2019-10-19-subway-on-time-performance-v1.parquet
828978,2026-01-09 20:52:31+00:00,2019-10-20,https://performancedata.mbta.com/lamp/subway-on-time-performance-v1/2019-10-20-subway-on-time-performance-v1.parquet
1429934,2026-01-09 19:49:52+00:00,2019-10-21,https://performancedata.mbta.com/lamp/subway-on-time-performance-v1/2019-10-21-subway-on-time-performance-v1.parquet
1509125,2026-01-09 22:02:50+00:00,2019-10-22,https://performancedata.mbta.com/lamp/subway-on-time-performance-v1/2019-10-22-subway-on-time-performance-v1.parquet
1502360,2026-01-09 22:39:22+00:00,2019-10-23,https://performancedata.mbta.com/lamp/subway-on-time-performance-v1/2019-10-23-subway-on-time-performance-v1.parquet
1501871,2026-01-09 21:19:12+00:00,2019-10-24,https://performancedata.mbta.com/lamp/subway-on-time-performance-v1/2019-10-24-subway-on-time-performance-v1.parquet
1459317,2026-01-09 19:50:40+00:00,2019-10-25,https://performancedata.mbta.com/lamp/subway-on-time-performance-v1/2019-10-25-subway-on-time-performance-v1.parquet
975602,2026-01-09 19:51:45+00:00,2019-10-26,https://performancedata.mbta.com/lamp/subway-on-time-performance-v1/2019-10-26-subway-on-time-performance-v1.parquet
847868,2026-01-09 20:28:16+00:00,2019-10-27,https://performancedata.mbta.com/lamp/subway-on-time-performance-v1/2019-10-27-subway-on-time-performance-v1.parquet
1448924,2026-01-09 23:26:34+00:00,2019-10-28,https://performancedata.mbta.com/lamp/subway-on-time-performance-v1/2019-10-28-subway-on-time-performance-v1.parquet
1486453,2026-01-09 23:38:39+00:00,2019-10-29,https://performancedata.mbta.com/lamp/subway-on-time-performance-v1/2019-10-29-subway-on-time-performance-v1.parquet
1460730,2026-01-09 19:56:12+00:00,2019-10-30,https://performancedata.mbta.com/lamp/subway-on-time-performance-v1/2019-10-30-subway-on-time-performance-v1.parquet
1430307,2026-01-09 19:53:51+00:00,2019-10-31,https://performancedata.mbta.com/lamp/subway-on-time-performance-v1/2019-10-31-subway-on-time-performance-v1.parquet
1358652,2026-01-09 22:22:35+00:00,2019-11-01,https://performancedata.mbta.com/lamp/subway-on-time-performance-v1/2019-11-01-subway-on-time-performance-v1.parquet
956979,2026-01-09 22:03:44+00:00,2019-11-02,https://performancedata.mbta.com/lamp/subway-on-time-performance-v1/2019-11-02-subway-on-time-performance-v1.parquet
816798,2026-01-09 23:15:40+00:00,2019-11-03,https://performancedata.mbta.com/lamp/subway-on-time-performance-v1/2019-11-03-subway-on-time-performance-v1.parquet
1482445,2026-01-09 21:30:20+00:00,2019-11-04,https://performancedata.mbta.com/lamp/subway-on-time-performance-v1/2019-11-04-subway-on-time-performance-v1.parquet
1467425,2026-01-09 22:34:42+00:00,2019-11-05,https://performancedata.mbta.com/lamp/subway-on-time-performance-v1/2019-11-05-subway-on-time-performance-v1.parquet
1489094,2026-01-09 19:47:26+00:00,2019-11-06,https://performancedata.mbta.com/lamp/subway-on-time-performance-v1/2019-11-06-subway-on-time-performance-v1.parquet
1455971,2026-01-09 21:09:34+00:00,2019-11-07,https://performancedata.mbta.com/lamp/subway-on-time-performance-v1/2019-11-07-subway-on-time-performance-v1.parquet
1425135,2026-01-09 22:13:25+00:00,2019-11-08,https://performancedata.mbta.com/lamp/subway-on-time-performance-v1/2019-11-08-subway-on-time-performance-v1.parquet
1032038,2026-01-09 19:50:32+00:00,2019-11-09,https://performancedata.mbta.com/lamp/subway-on-time-performance-v1/2019-11-09-subway-on-time-performance-v1.parquet
933229,2026-01-09 22:56:59+00:00,2019-11-10,https://performancedata.mbta.com/lamp/subway-on-time-performance-v1/2019-11-10-subway-on-time-performance-v1.parquet
1508751,2026-01-09 22:47:46+00:00,2019-11-11,https://performancedata.mbta.com/lamp/subway-on-time-performance-v1/2019-11-11-subway-on-time-performance-v1.parquet
1498519,2026-01-09 22:05:19+00:00,2019-11-12,https://performancedata.mbta.com/lamp/subway-on-time-performance-v1/2019-11-12-subway-on-time-performance-v1.parquet
1459930,2026-01-09 22:00:15+00:00,2019-11-13,https://performancedata.mbta.com/lamp/subway-on-time-performance-v1/2019-11-13-subway-on-time-performance-v1.parquet
1479412,2026-01-09 21:48:49+00:00,2019-11-14,https://performancedata.mbta.com/lamp/subway-on-time-performance-v1/2019-11-14-subway-on-time-performance-v1.parquet
1416302,2026-01-09 22:18:38+00:00,2019-11-15,https://performancedata.mbta.com/lamp/subway-on-time-performance-v1/2019-11-15-subway-on-time-performance-v1.parquet
897211,2026-01-09 20:25:59+00:00,2019-11-16,https://performancedata.mbta.com/lamp/subway-on-time-performance-v1/2019-11-16-subway-on-time-performance-v1.parquet
819743,2026-01-09 22:38:55+00:00,2019-11-17,https://performancedata.mbta.com/lamp/subway-on-time-performance-v1/2019-11-17-subway-on-time-performance-v1.parquet
1434260,2026-01-09 21:38:26+00:00,2019-11-18,https://performancedata.mbta.com/lamp/subway-on-time-performance-v1/2019-11-18-subway-on-time-performance-v1.parquet
1481155,2026-01-09 20:08:44+00:00,2019-11-19,https://performancedata.mbta.com/lamp/subway-on-time-performance-v1/2019-11-19-subway-on-time-performance-v1.parquet
1456776,2026-01-09 22:24:31+00:00,2019-11-20,https://performancedata.mbta.com/lamp/subway-on-time-performance-v1/2019-11-20-subway-on-time-performance-v1.parquet
1442243,2026-01-09 20:32:31+00:00,2019-11-21,https://performancedata.mbta.com/lamp/subway-on-time-performance-v1/2019-11-21-subway-on-time-performance-v1.parquet
1416199,2026-01-09 23:32:08+00:00,2019-11-22,https://performancedata.mbta.com/lamp/subway-on-time-performance-v1/2019-11-22-subway-on-time-performance-v1.parquet
934979,2026-01-09 19:53:21+00:00,2019-11-23,https://performancedata.mbta.com/lamp/subway-on-time-performance-v1/2019-11-23-subway-on-time-performance-v1.parquet
792928,2026-01-09 23:10:56+00:00,2019-11-24,https://performancedata.mbta.com/lamp/subway-on-time-performance-v1/2019-11-24-subway-on-time-performance-v1.parquet
1476488,2026-01-09 20:02:04+00:00,2019-11-25,https://performancedata.mbta.com/lamp/subway-on-time-performance-v1/2019-11-25-subway-on-time-performance-v1.parquet
1497161,2026-01-09 22:17:40+00:00,2019-11-26,https://performancedata.mbta.com/lamp/subway-on-time-performance-v1/2019-11-26-subway-on-time-performance-v1.parquet
1496863,2026-01-09 22:09:02+00:00,2019-11-27,https://performancedata.mbta.com/lamp/subway-on-time-performance-v1/2019-11-27-subway-on-time-performance-v1.parquet
963410,2026-01-09 20:05:35+00:00,2019-11-28,https://performancedata.mbta.com/lamp/subway-on-time-performance-v1/2019-11-28-subway-on-time-performance-v1.parquet
1462344,2026-01-09 23:19:39+00:00,2019-11-29,https://performancedata.mbta.com/lamp/subway-on-time-performance-v1/2019-11-29-subway-on-time-performance-v1.parquet
1116127,2026-01-09 23:02:54+00:00,2019-11-30,https://performancedata.mbta.com/lamp/subway-on-time-performance-v1/2019-11-30-subway-on-time-performance-v1.parquet
972431,2026-01-09 19:57:00+00:00,2019-12-01,https://performancedata.mbta.com/lamp/subway-on-time-performance-v1/2019-12-01-subway-on-time-performance-v1.parquet
1428937,2026-01-09 23:29:13+00:00,2019-12-02,https://performancedata.mbta.com/lamp/subway-on-time-performance-v1/2019-12-02-subway-on-time-performance-v1.parquet
1378641,2026-01-09 20:53:30+00:00,2019-12-03,https://performancedata.mbta.com/lamp/subway-on-time-performance-v1/2019-12-03-subway-on-time-performance-v1.parquet
1139654,2026-01-09 23:19:56+00:00,2019-12-04,https://performancedata.mbta.com/lamp/subway-on-time-performance-v1/2019-12-04-subway-on-time-performance-v1.parquet
1422165,2026-01-09 20:39:10+00:00,2019-12-05,https://performancedata.mbta.com/lamp/subway-on-time-performance-v1/2019-12-05-subway-on-time-performance-v1.parquet
1385564,2026-01-09 21:17:30+00:00,2019-12-06,https://performancedata.mbta.com/lamp/subway-on-time-performance-v1/2019-12-06-subway-on-time-performance-v1.parquet
968551,2026-01-09 19:49:29+00:00,2019-12-07,https://performancedata.mbta.com/lamp/subway-on-time-performance-v1/2019-12-07-subway-on-time-performance-v1.parquet
842356,2026-01-09 19:54:50+00:00,2019-12-08,https://performancedata.mbta.com/lamp/subway-on-time-performance-v1/2019-12-08-subway-on-time-performance-v1.parquet
1434032,2026-01-09 23:12:54+00:00,2019-12-09,https://performancedata.mbta.com/lamp/subway-on-time-performance-v1/2019-12-09-subway-on-time-performance-v1.parquet
1422539,2026-01-09 19:56:06+00:00,2019-12-10,https://performancedata.mbta.com/lamp/subway-on-time-performance-v1/2019-12-10-subway-on-time-performance-v1.parquet
1411450,2026-01-09 21:29:49+00:00,2019-12-11,https://performancedata.mbta.com/lamp/subway-on-time-performance-v1/2019-12-11-subway-on-time-performance-v1.parquet
1392593,2026-01-09 20:55:00+00:00,2019-12-12,https://performancedata.mbta.com/lamp/subway-on-time-performance-v1/2019-12-12-subway-on-time-performance-v1.parquet
1397335,2026-01-09 20:43:26+00:00,2019-12-13,https://performancedata.mbta.com/lamp/subway-on-time-performance-v1/2019-12-13-subway-on-time-performance-v1.parquet
961582,2026-01-09 22:58:36+00:00,2019-12-14,https://performancedata.mbta.com/lamp/subway-on-time-performance-v1/2019-12-14-subway-on-time-performance-v1.parquet
831758,2026-01-09 21:06:40+00:00,2019-12-15,https://performancedata.mbta.com/lamp/subway-on-time-performance-v1/2019-12-15-subway-on-time-performance-v1.parquet
1473603,2026-01-09 23:05:23+00:00,2019-12-16,https://performancedata.mbta.com/lamp/subway-on-time-performance-v1/2019-12-16-subway-on-time-performance-v1.parquet
1458683,2026-01-09 20:22:20+00:00,2019-12-17,https://performancedata.mbta.com/lamp/subway-on-time-performance-v1/2019-12-17-subway-on-time-performance-v1.parquet
1440287,2026-01-09 22:49:39+00:00,2019-12-18,https://performancedata.mbta.com/lamp/subway-on-time-performance-v1/2019-12-18-subway-on-time-performance-v1.parquet
1377862,2026-01-09 22:20:57+00:00,2019-12-19,https://performancedata.mbta.com/lamp/subway-on-time-performance-v1/2019-12-19-subway-on-time-performance-v1.parquet
1402082,2026-01-09 22:19:05+00:00,2019-12-20,https://performancedata.mbta.com/lamp/subway-on-time-performance-v1/2019-12-20-subway-on-time-performance-v1.parquet
1015724,2026-01-09 22:52:12+00:00,2019-12-21,https://performancedata.mbta.com/lamp/subway-on-time-performance-v1/2019-12-21-subway-on-time-performance-v1.parquet
940061,2026-01-09 20:48:04+00:00,2019-12-22,https://performancedata.mbta.com/lamp/subway-on-time-performance-v1/2019-12-22-subway-on-time-performance-v1.parquet
1390202,2026-01-09 20:02:38+00:00,2019-12-23,https://performancedata.mbta.com/lamp/subway-on-time-performance-v1/2019-12-23-subway-on-time-performance-v1.parquet
1478461,2026-01-09 20:00:30+00:00,2019-12-24,https://performancedata.mbta.com/lamp/subway-on-time-performance-v1/2019-12-24-subway-on-time-performance-v1.parquet
965259,2026-01-09 20:59:03+00:00,2019-12-25,https://performancedata.mbta.com/lamp/subway-on-time-performance-v1/2019-12-25-subway-on-time-performance-v1.parquet
1484111,2026-01-09 22:59:32+00:00,2019-12-26,https://performancedata.mbta.com/lamp/subway-on-time-performance-v1/2019-12-26-subway-on-time-performance-v1.parquet
1474528,2026-01-09 23:32:43+00:00,2019-12-27,https://performancedata.mbta.com/lamp/subway-on-time-performance-v1/2019-12-27-subway-on-time-performance-v1.parquet
1088383,2026-01-09 20:38:21+00:00,2019-12-28,https://performancedata.mbta.com/lamp/subway-on-time-performance-v1/2019-12-28-subway-on-time-performance-v1.parquet
1001647,2026-01-09 19:42:31+00:00,2019-12-29,https://performancedata.mbta.com/lamp/subway-on-time-performance-v1/2019-12-29-subway-on-time-performance-v1.parquet
1493398,2026-01-09 21:12:16+00:00,2019-12-30,https://performancedata.mbta.com/lamp/subway-on-time-performance-v1/2019-12-30-subway-on-time-performance-v1.parquet
1511220,2026-01-09 20:40:44+00:00,2019-12-31,https://performancedata.mbta.com/lamp/subway-on-time-performance-v1/2019-12-31-subway-on-time-performance-v1.parquet
964849,2026-01-09 22:41:09+00:00,2020-01-01,https://performancedata.mbta.com/lamp/subway-on-time-performance-v1/2020-01-01-subway-on-time-performance-v1.parquet
1453672,2026-01-09 22:43:37+00:00,2020-01-02,https://performancedata.mbta.com/lamp/subway-on-time-performance-v1/2020-01-02-subway-on-time-performance-v1.parquet
1482820,2026-01-09 23:22:47+00:00,2020-01-03,https://performancedata.mbta.com/lamp/subway-on-time-performance-v1/2020-01-03-subway-on-time-performance-v1.parquet
1129993,2026-01-09 22:52:41+00:00,2020-01-04,https://performancedata.mbta.com/lamp/subway-on-time-performance-v1/2020-01-04-subway-on-time-performance-v1.parquet
994252,2026-01-09 20:35:18+00:00,2020-01-05,https://performancedata.mbta.com/lamp/subway-on-time-performance-v1/2020-01-05-subway-on-time-performance-v1.parquet
1493658,2026-01-09 22:33:02+00:00,2020-01-06,https://performancedata.mbta.com/lamp/subway-on-time-performance-v1/2020-01-06-subway-on-time-performance-v1.parquet
1517364,2026-01-09 21:50:54+00:00,2020-01-07,https://performancedata.mbta.com/lamp/subway-on-time-performance-v1/2020-01-07-subway-on-time-performance-v1.parquet
1535382,2026-01-09 22:28:51+00:00,2020-01-08,https://performancedata.mbta.com/lamp/subway-on-time-performance-v1/2020-01-08-subway-on-time-performance-v1.parquet
1510530,2026-01-09 23:20:04+00:00,2020-01-09,https://performancedata.mbta.com/lamp/subway-on-time-performance-v1/2020-01-09-subway-on-time-performance-v1.parquet
1473045,2026-01-09 21:03:15+00:00,2020-01-10,https://performancedata.mbta.com/lamp/subway-on-time-performance-v1/2020-01-10-subway-on-time-performance-v1.parquet
1026370,2026-01-09 23:16:12+00:00,2020-01-11,https://performancedata.mbta.com/lamp/subway-on-time-performance-v1/2020-01-11-subway-on-time-performance-v1.parquet
883931,2026-01-09 20:33:55+00:00,2020-01-12,https://performancedata.mbta.com/lamp/subway-on-time-performance-v1/2020-01-12-subway-on-time-performance-v1.parquet
1507937,2026-01-09 20:17:28+00:00,2020-01-13,https://performancedata.mbta.com/lamp/subway-on-time-performance-v1/2020-01-13-subway-on-time-performance-v1.parquet
1534257,2026-01-09 22:17:35+00:00,2020-01-14,https://performancedata.mbta.com/lamp/subway-on-time-performance-v1/2020-01-14-subway-on-time-performance-v1.parquet
1487795,2026-01-09 21:19:32+00:00,2020-01-15,https://performancedata.mbta.com/lamp/subway-on-time-performance-v1/2020-01-15-subway-on-time-performance-v1.parquet
1510608,2026-01-09 23:37:52+00:00,2020-01-16,https://performancedata.mbta.com/lamp/subway-on-time-performance-v1/2020-01-16-subway-on-time-performance-v1.parquet
1437397,2026-01-09 22:48:27+00:00,2020-01-17,https://performancedata.mbta.com/lamp/subway-on-time-performance-v1/2020-01-17-subway-on-time-performance-v1.parquet
1076654,2026-01-09 20:03:05+00:00,2020-01-18,https://performancedata.mbta.com/lamp/subway-on-time-performance-v1/2020-01-18-subway-on-time-performance-v1.parquet
951072,2026-01-09 22:58:26+00:00,2020-01-19,https://performancedata.mbta.com/lamp/subway-on-time-performance-v1/2020-01-19-subway-on-time-performance-v1.parquet
1180238,2026-01-09 20:49:48+00:00,2020-01-20,https://performancedata.mbta.com/lamp/subway-on-time-performance-v1/2020-01-20-subway-on-time-performance-v1.parquet
1483941,2026-01-09 23:08:48+00:00,2020-01-21,https://performancedata.mbta.com/lamp/subway-on-time-performance-v1/2020-01-21-subway-on-time-performance-v1.parquet
1426747,2026-01-09 23:25:59+00:00,2020-01-22,https://performancedata.mbta.com/lamp/subway-on-time-performance-v1/2020-01-22-subway-on-time-performance-v1.parquet
1482366,2026-01-09 20:28:07+00:00,2020-01-23,https://performancedata.mbta.com/lamp/subway-on-time-performance-v1/2020-01-23-subway-on-time-performance-v1.parquet
1396278,2026-01-09 19:58:18+00:00,2020-01-24,https://performancedata.mbta.com/lamp/subway-on-time-performance-v1/2020-01-24-subway-on-time-performance-v1.parquet
985824,2026-01-09 21:38:37+00:00,2020-01-25,https://performancedata.mbta.com/lamp/subway-on-time-performance-v1/2020-01-25-subway-on-time-performance-v1.parquet
869190,2026-01-09 20:46:19+00:00,2020-01-26,https://performancedata.mbta.com/lamp/subway-on-time-performance-v1/2020-01-26-subway-on-time-performance-v1.parquet
1487302,2026-01-09 20:09:39+00:00,2020-01-27,https://performancedata.mbta.com/lamp/subway-on-time-performance-v1/2020-01-27-subway-on-time-performance-v1.parquet
1444304,2026-01-09 20:03:12+00:00,2020-01-28,https://performancedata.mbta.com/lamp/subway-on-time-performance-v1/2020-01-28-subway-on-time-performance-v1.parquet
1484003,2026-01-09 20:51:10+00:00,2020-01-29,https://performancedata.mbta.com/lamp/subway-on-time-performance-v1/2020-01-29-subway-on-time-performance-v1.parquet
1474779,2026-01-09 21:03:28+00:00,2020-01-30,https://performancedata.mbta.com/lamp/subway-on-time-performance-v1/2020-01-30-subway-on-time-performance-v1.parquet
1488803,2026-01-09 20:02:15+00:00,2020-01-31,https://performancedata.mbta.com/lamp/subway-on-time-performance-v1/2020-01-31-subway-on-time-performance-v1.parquet
1161296,2026-01-09 21:04:48+00:00,2020-02-01,https://performancedata.mbta.com/lamp/subway-on-time-performance-v1/2020-02-01-subway-on-time-performance-v1.parquet
973833,2026-01-09 21:48:36+00:00,2020-02-02,https://performancedata.mbta.com/lamp/subway-on-time-performance-v1/2020-02-02-subway-on-time-performance-v1.parquet
1515379,2026-01-09 20:43:58+00:00,2020-02-03,https://performancedata.mbta.com/lamp/subway-on-time-performance-v1/2020-02-03-subway-on-time-performance-v1.parquet
1522452,2026-01-09 23:02:28+00:00,2020-02-04,https://performancedata.mbta.com/lamp/subway-on-time-performance-v1/2020-02-04-subway-on-time-performance-v1.parquet
1510510,2026-01-09 21:22:22+00:00,2020-02-05,https://performancedata.mbta.com/lamp/subway-on-time-performance-v1/2020-02-05-subway-on-time-performance-v1.parquet
1493575,2026-01-09 22:44:48+00:00,2020-02-06,https://performancedata.mbta.com/lamp/subway-on-time-performance-v1/2020-02-06-subway-on-time-performance-v1.parquet
1496868,2026-01-09 20:41:36+00:00,2020-02-07,https://performancedata.mbta.com/lamp/subway-on-time-performance-v1/2020-02-07-subway-on-time-performance-v1.parquet
1032829,2026-01-09 19:57:34+00:00,2020-02-08,https://performancedata.mbta.com/lamp/subway-on-time-performance-v1/2020-02-08-subway-on-time-performance-v1.parquet
920249,2026-01-09 22:53:26+00:00,2020-02-09,https://performancedata.mbta.com/lamp/subway-on-time-performance-v1/2020-02-09-subway-on-time-performance-v1.parquet
1505815,2026-01-09 19:48:41+00:00,2020-02-10,https://performancedata.mbta.com/lamp/subway-on-time-performance-v1/2020-02-10-subway-on-time-performance-v1.parquet
1501316,2026-01-09 20:30:43+00:00,2020-02-11,https://performancedata.mbta.com/lamp/subway-on-time-performance-v1/2020-02-11-subway-on-time-performance-v1.parquet
1553942,2026-01-09 23:14:51+00:00,2020-02-12,https://performancedata.mbta.com/lamp/subway-on-time-performance-v1/2020-02-12-subway-on-time-performance-v1.parquet
1517303,2026-01-09 22:10:15+00:00,2020-02-13,https://performancedata.mbta.com/lamp/subway-on-time-performance-v1/2020-02-13-subway-on-time-performance-v1.parquet
1460592,2026-01-09 22:39:14+00:00,2020-02-14,https://performancedata.mbta.com/lamp/subway-on-time-performance-v1/2020-02-14-subway-on-time-performance-v1.parquet
1050622,2026-01-09 20:35:42+00:00,2020-02-15,https://performancedata.mbta.com/lamp/subway-on-time-performance-v1/2020-02-15-subway-on-time-performance-v1.parquet
961219,2026-01-09 21:14:34+00:00,2020-02-16,https://performancedata.mbta.com/lamp/subway-on-time-performance-v1/2020-02-16-subway-on-time-performance-v1.parquet
1150450,2026-01-09 21:40:50+00:00,2020-02-17,https://performancedata.mbta.com/lamp/subway-on-time-performance-v1/2020-02-17-subway-on-time-performance-v1.parquet
1515127,2026-01-09 19:51:34+00:00,2020-02-18,https://performancedata.mbta.com/lamp/subway-on-time-performance-v1/2020-02-18-subway-on-time-performance-v1.parquet
1539736,2026-01-09 19:44:25+00:00,2020-02-19,https://performancedata.mbta.com/lamp/subway-on-time-performance-v1/2020-02-19-subway-on-time-performance-v1.parquet
1491616,2026-01-09 21:10:57+00:00,2020-02-20,https://performancedata.mbta.com/lamp/subway-on-time-performance-v1/2020-02-20-subway-on-time-performance-v1.parquet
1481384,2026-01-09 21:19:45+00:00,2020-02-21,https://performancedata.mbta.com/lamp/subway-on-time-performance-v1/2020-02-21-subway-on-time-performance-v1.parquet
1011041,2026-01-09 21:26:49+00:00,2020-02-22,https://performancedata.mbta.com/lamp/subway-on-time-performance-v1/2020-02-22-subway-on-time-performance-v1.parquet
899378,2026-01-09 21:39:52+00:00,2020-02-23,https://performancedata.mbta.com/lamp/subway-on-time-performance-v1/2020-02-23-subway-on-time-performance-v1.parquet
1501118,2026-01-09 22:02:15+00:00,2020-02-24,https://performancedata.mbta.com/lamp/subway-on-time-performance-v1/2020-02-24-subway-on-time-performance-v1.parquet
1495317,2026-01-09 20:41:49+00:00,2020-02-25,https://performancedata.mbta.com/lamp/subway-on-time-performance-v1/2020-02-25-subway-on-time-performance-v1.parquet
1526755,2026-01-09 20:47:45+00:00,2020-02-26,https://performancedata.mbta.com/lamp/subway-on-time-performance-v1/2020-02-26-subway-on-time-performance-v1.parquet
1488841,2026-01-09 20:56:00+00:00,2020-02-27,https://performancedata.mbta.com/lamp/subway-on-time-performance-v1/2020-02-27-subway-on-time-performance-v1.parquet
1474136,2026-01-09 22:38:15+00:00,2020-02-28,https://performancedata.mbta.com/lamp/subway-on-time-performance-v1/2020-02-28-subway-on-time-performance-v1.parquet
1014597,2026-01-09 22:42:44+00:00,2020-02-29,https://performancedata.mbta.com/lamp/subway-on-time-performance-v1/2020-02-29-subway-on-time-performance-v1.parquet
890260,2026-01-09 19:52:14+00:00,2020-03-01,https://performancedata.mbta.com/lamp/subway-on-time-performance-v1/2020-03-01-subway-on-time-performance-v1.parquet
1494216,2026-01-09 21:44:10+00:00,2020-03-02,https://performancedata.mbta.com/lamp/subway-on-time-performance-v1/2020-03-02-subway-on-time-performance-v1.parquet
1498293,2026-01-09 22:53:33+00:00,2020-03-03,https://performancedata.mbta.com/lamp/subway-on-time-performance-v1/2020-03-03-subway-on-time-performance-v1.parquet
1545096,2026-01-09 21:11:13+00:00,2020-03-04,https://performancedata.mbta.com/lamp/subway-on-time-performance-v1/2020-03-04-subway-on-time-performance-v1.parquet
1531470,2026-01-09 21:13:03+00:00,2020-03-05,https://performancedata.mbta.com/lamp/subway-on-time-performance-v1/2020-03-05-subway-on-time-performance-v1.parquet
1498243,2026-01-09 23:37:59+00:00,2020-03-06,https://performancedata.mbta.com/lamp/subway-on-time-performance-v1/2020-03-06-subway-on-time-performance-v1.parquet
1031397,2026-01-09 22:29:33+00:00,2020-03-07,https://performancedata.mbta.com/lamp/subway-on-time-performance-v1/2020-03-07-subway-on-time-performance-v1.parquet
902699,2026-01-09 23:01:35+00:00,2020-03-08,https://performancedata.mbta.com/lamp/subway-on-time-performance-v1/2020-03-08-subway-on-time-performance-v1.parquet
1523454,2026-01-09 21:35:28+00:00,2020-03-09,https://performancedata.mbta.com/lamp/subway-on-time-performance-v1/2020-03-09-subway-on-time-performance-v1.parquet
1541822,2026-01-09 21:24:21+00:00,2020-03-10,https://performancedata.mbta.com/lamp/subway-on-time-performance-v1/2020-03-10-subway-on-time-performance-v1.parquet
1505996,2026-01-09 22:57:53+00:00,2020-03-11,https://performancedata.mbta.com/lamp/subway-on-time-performance-v1/2020-03-11-subway-on-time-performance-v1.parquet
1485828,2026-01-09 23:27:20+00:00,2020-03-12,https://performancedata.mbta.com/lamp/subway-on-time-performance-v1/2020-03-12-subway-on-time-performance-v1.parquet
1487068,2026-01-09 20:18:31+00:00,2020-03-13,https://performancedata.mbta.com/lamp/subway-on-time-performance-v1/2020-03-13-subway-on-time-performance-v1.parquet
1121599,2026-01-09 20:52:59+00:00,2020-03-14,https://performancedata.mbta.com/lamp/subway-on-time-performance-v1/2020-03-14-subway-on-time-performance-v1.parquet
983711,2026-01-09 22:04:24+00:00,2020-03-15,https://performancedata.mbta.com/lamp/subway-on-time-performance-v1/2020-03-15-subway-on-time-performance-v1.parquet
1475010,2026-01-09 23:26:13+00:00,2020-03-16,https://performancedata.mbta.com/lamp/subway-on-time-performance-v1/2020-03-16-subway-on-time-performance-v1.parquet
1202008,2026-01-09 20:45:03+00:00,2020-03-17,https://performancedata.mbta.com/lamp/subway-on-time-performance-v1/2020-03-17-subway-on-time-performance-v1.parquet
1235908,2026-01-09 22:18:49+00:00,2020-03-18,https://performancedata.mbta.com/lamp/subway-on-time-performance-v1/2020-03-18-subway-on-time-performance-v1.parquet
1222821,2026-01-09 20:57:36+00:00,2020-03-19,https://performancedata.mbta.com/lamp/subway-on-time-performance-v1/2020-03-19-subway-on-time-performance-v1.parquet
1241902,2026-01-09 22:33:32+00:00,2020-03-20,https://performancedata.mbta.com/lamp/subway-on-time-performance-v1/2020-03-20-subway-on-time-performance-v1.parquet
1053914,2026-01-09 22:25:53+00:00,2020-03-21,https://performancedata.mbta.com/lamp/subway-on-time-performance-v1/2020-03-21-subway-on-time-performance-v1.parquet
913215,2026-01-09 21:11:36+00:00,2020-03-22,https://performancedata.mbta.com/lamp/subway-on-time-performance-v1/2020-03-22-subway-on-time-performance-v1.parquet
1188759,2026-01-09 23:38:11+00:00,2020-03-23,https://performancedata.mbta.com/lamp/subway-on-time-performance-v1/2020-03-23-subway-on-time-performance-v1.parquet
1235180,2026-01-09 22:18:08+00:00,2020-03-24,https://performancedata.mbta.com/lamp/subway-on-time-performance-v1/2020-03-24-subway-on-time-performance-v1.parquet
1237619,2026-01-09 22:04:35+00:00,2020-03-25,https://performancedata.mbta.com/lamp/subway-on-time-performance-v1/2020-03-25-subway-on-time-performance-v1.parquet
1216546,2026-01-09 22:58:54+00:00,2020-03-26,https://performancedata.mbta.com/lamp/subway-on-time-performance-v1/2020-03-26-subway-on-time-performance-v1.parquet
1182233,2026-01-09 22:24:51+00:00,2020-03-27,https://performancedata.mbta.com/lamp/subway-on-time-performance-v1/2020-03-27-subway-on-time-performance-v1.parquet
1093182,2026-01-09 20:32:13+00:00,2020-03-28,https://performancedata.mbta.com/lamp/subway-on-time-performance-v1/2020-03-28-subway-on-time-performance-v1.parquet
984743,2026-01-09 20:42:10+00:00,2020-03-29,https://performancedata.mbta.com/lamp/subway-on-time-performance-v1/2020-03-29-subway-on-time-performance-v1.parquet
1200271,2026-01-09 22:39:46+00:00,2020-03-30,https://performancedata.mbta.com/lamp/subway-on-time-performance-v1/2020-03-30-subway-on-time-performance-v1.parquet
1189577,2026-01-09 20:51:21+00:00,2020-03-31,https://performancedata.mbta.com/lamp/subway-on-time-performance-v1/2020-03-31-subway-on-time-performance-v1.parquet
1136309,2026-01-09 22:46:30+00:00,2020-04-01,https://performancedata.mbta.com/lamp/subway-on-time-performance-v1/2020-04-01-subway-on-time-performance-v1.parquet
1145112,2026-01-09 23:33:44+00:00,2020-04-02,https://performancedata.mbta.com/lamp/subway-on-time-performance-v1/2020-04-02-subway-on-time-performance-v1.parquet
1106777,2026-01-09 20:48:10+00:00,2020-04-03,https://performancedata.mbta.com/lamp/subway-on-time-performance-v1/2020-04-03-subway-on-time-performance-v1.parquet
1124942,2026-01-09 23:24:39+00:00,2020-04-04,https://performancedata.mbta.com/lamp/subway-on-time-performance-v1/2020-04-04-subway-on-time-performance-v1.parquet
983313,2026-01-09 23:17:02+00:00,2020-04-05,https://performancedata.mbta.com/lamp/subway-on-time-performance-v1/2020-04-05-subway-on-time-performance-v1.parquet
1145041,2026-01-09 20:17:53+00:00,2020-04-06,https://performancedata.mbta.com/lamp/subway-on-time-performance-v1/2020-04-06-subway-on-time-performance-v1.parquet
1170095,2026-01-09 19:53:46+00:00,2020-04-07,https://performancedata.mbta.com/lamp/subway-on-time-performance-v1/2020-04-07-subway-on-time-performance-v1.parquet
1134889,2026-01-09 21:25:52+00:00,2020-04-08,https://performancedata.mbta.com/lamp/subway-on-time-performance-v1/2020-04-08-subway-on-time-performance-v1.parquet
1093977,2026-01-09 21:48:06+00:00,2020-04-09,https://performancedata.mbta.com/lamp/subway-on-time-performance-v1/2020-04-09-subway-on-time-performance-v1.parquet
1115218,2026-01-09 20:31:30+00:00,2020-04-10,https://performancedata.mbta.com/lamp/subway-on-time-performance-v1/2020-04-10-subway-on-time-performance-v1.parquet
1062357,2026-01-09 20:23:46+00:00,2020-04-11,https://performancedata.mbta.com/lamp/subway-on-time-performance-v1/2020-04-11-subway-on-time-performance-v1.parquet
949739,2026-01-09 23:37:35+00:00,2020-04-12,https://performancedata.mbta.com/lamp/subway-on-time-performance-v1/2020-04-12-subway-on-time-performance-v1.parquet
1076563,2026-01-09 20:39:37+00:00,2020-04-13,https://performancedata.mbta.com/lamp/subway-on-time-performance-v1/2020-04-13-subway-on-time-performance-v1.parquet
1131535,2026-01-09 21:48:42+00:00,2020-04-14,https://performancedata.mbta.com/lamp/subway-on-time-performance-v1/2020-04-14-subway-on-time-performance-v1.parquet
1085929,2026-01-09 22:59:42+00:00,2020-04-15,https://performancedata.mbta.com/lamp/subway-on-time-performance-v1/2020-04-15-subway-on-time-performance-v1.parquet
1122896,2026-01-09 19:47:49+00:00,2020-04-16,https://performancedata.mbta.com/lamp/subway-on-time-performance-v1/2020-04-16-subway-on-time-performance-v1.parquet
1117356,2026-01-09 20:20:49+00:00,2020-04-17,https://performancedata.mbta.com/lamp/subway-on-time-performance-v1/2020-04-17-subway-on-time-performance-v1.parquet
1091594,2026-01-09 20:46:59+00:00,2020-04-18,https://performancedata.mbta.com/lamp/subway-on-time-performance-v1/2020-04-18-subway-on-time-performance-v1.parquet
965421,2026-01-09 23:28:02+00:00,2020-04-19,https://performancedata.mbta.com/lamp/subway-on-time-performance-v1/2020-04-19-subway-on-time-performance-v1.parquet
1111094,2026-01-09 22:27:07+00:00,2020-04-20,https://performancedata.mbta.com/lamp/subway-on-time-performance-v1/2020-04-20-subway-on-time-performance-v1.parquet
1147271,2026-01-09 23:24:33+00:00,2020-04-21,https://performancedata.mbta.com/lamp/subway-on-time-performance-v1/2020-04-21-subway-on-time-performance-v1.parquet
1151719,2026-01-09 23:06:40+00:00,2020-04-22,https://performancedata.mbta.com/lamp/subway-on-time-performance-v1/2020-04-22-subway-on-time-performance-v1.parquet
1142345,2026-01-09 22:13:14+00:00,2020-04-23,https://performancedata.mbta.com/lamp/subway-on-time-performance-v1/2020-04-23-subway-on-time-performance-v1.parquet
1133455,2026-01-09 20:23:40+00:00,2020-04-24,https://performancedata.mbta.com/lamp/subway-on-time-performance-v1/2020-04-24-subway-on-time-performance-v1.parquet
1118286,2026-01-09 22:36:45+00:00,2020-04-25,https://performancedata.mbta.com/lamp/subway-on-time-performance-v1/2020-04-25-subway-on-time-performance-v1.parquet
995358,2026-01-09 23:29:56+00:00,2020-04-26,https://performancedata.mbta.com/lamp/subway-on-time-performance-v1/2020-04-26-subway-on-time-performance-v1.parquet
1151655,2026-01-09 22:57:06+00:00,2020-04-27,https://performancedata.mbta.com/lamp/subway-on-time-performance-v1/2020-04-27-subway-on-time-performance-v1.parquet
1162107,2026-01-09 21:53:37+00:00,2020-04-28,https://performancedata.mbta.com/lamp/subway-on-time-performance-v1/2020-04-28-subway-on-time-performance-v1.parquet
1153171,2026-01-09 20:28:50+00:00,2020-04-29,https://performancedata.mbta.com/lamp/subway-on-time-performance-v1/2020-04-29-subway-on-time-performance-v1.parquet
1179492,2026-01-09 20:56:51+00:00,2020-04-30,https://performancedata.mbta.com/lamp/subway-on-time-performance-v1/2020-04-30-subway-on-time-performance-v1.parquet
1173648,2026-01-09 20:33:29+00:00,2020-05-01,https://performancedata.mbta.com/lamp/subway-on-time-performance-v1/2020-05-01-subway-on-time-performance-v1.parquet
1086804,2026-01-09 21:32:42+00:00,2020-05-02,https://performancedata.mbta.com/lamp/subway-on-time-performance-v1/2020-05-02-subway-on-time-performance-v1.parquet
1013035,2026-01-09 23:32:36+00:00,2020-05-03,https://performancedata.mbta.com/lamp/subway-on-time-performance-v1/2020-05-03-subway-on-time-performance-v1.parquet
1222899,2026-01-09 22:56:00+00:00,2020-05-04,https://performancedata.mbta.com/lamp/subway-on-time-performance-v1/2020-05-04-subway-on-time-performance-v1.parquet
1200773,2026-01-09 20:37:12+00:00,2020-05-05,https://performancedata.mbta.com/lamp/subway-on-time-performance-v1/2020-05-05-subway-on-time-performance-v1.parquet
1194219,2026-01-09 22:54:41+00:00,2020-05-06,https://performancedata.mbta.com/lamp/subway-on-time-performance-v1/2020-05-06-subway-on-time-performance-v1.parquet
1204088,2026-01-09 22:39:28+00:00,2020-05-07,https://performancedata.mbta.com/lamp/subway-on-time-performance-v1/2020-05-07-subway-on-time-performance-v1.parquet
1195714,2026-01-09 21:26:24+00:00,2020-05-08,https://performancedata.mbta.com/lamp/subway-on-time-performance-v1/2020-05-08-subway-on-time-performance-v1.parquet
1034383,2026-01-09 23:35:32+00:00,2020-05-09,https://performancedata.mbta.com/lamp/subway-on-time-performance-v1/2020-05-09-subway-on-time-performance-v1.parquet
962300,2026-01-09 20:36:24+00:00,2020-05-10,https://performancedata.mbta.com/lamp/subway-on-time-performance-v1/2020-05-10-subway-on-time-performance-v1.parquet
1198782,2026-01-09 22:43:17+00:00,2020-05-11,https://performancedata.mbta.com/lamp/subway-on-time-performance-v1/2020-05-11-subway-on-time-performance-v1.parquet
1223543,2026-01-09 23:12:48+00:00,2020-05-12,https://performancedata.mbta.com/lamp/subway-on-time-performance-v1/2020-05-12-subway-on-time-performance-v1.parquet
1214724,2026-01-09 23:25:52+00:00,2020-05-13,https://performancedata.mbta.com/lamp/subway-on-time-performance-v1/2020-05-13-subway-on-time-performance-v1.parquet
1202737,2026-01-09 22:11:20+00:00,2020-05-14,https://performancedata.mbta.com/lamp/subway-on-time-performance-v1/2020-05-14-subway-on-time-performance-v1.parquet
1221868,2026-01-09 23:33:15+00:00,2020-05-15,https://performancedata.mbta.com/lamp/subway-on-time-performance-v1/2020-05-15-subway-on-time-performance-v1.parquet
1153525,2026-01-09 22:33:58+00:00,2020-05-16,https://performancedata.mbta.com/lamp/subway-on-time-performance-v1/2020-05-16-subway-on-time-performance-v1.parquet
999734,2026-01-09 21:26:35+00:00,2020-05-17,https://performancedata.mbta.com/lamp/subway-on-time-performance-v1/2020-05-17-subway-on-time-performance-v1.parquet
1173903,2026-01-09 23:13:01+00:00,2020-05-18,https://performancedata.mbta.com/lamp/subway-on-time-performance-v1/2020-05-18-subway-on-time-performance-v1.parquet
1185630,2026-01-09 20:19:14+00:00,2020-05-19,https://performancedata.mbta.com/lamp/subway-on-time-performance-v1/2020-05-19-subway-on-time-performance-v1.parquet
1174919,2026-01-09 21:22:37+00:00,2020-05-20,https://performancedata.mbta.com/lamp/subway-on-time-performance-v1/2020-05-20-subway-on-time-performance-v1.parquet
1160492,2026-01-09 22:41:23+00:00,2020-05-21,https://performancedata.mbta.com/lamp/subway-on-time-performance-v1/2020-05-21-subway-on-time-performance-v1.parquet
1159424,2026-01-09 20:18:23+00:00,2020-05-22,https://performancedata.mbta.com/lamp/subway-on-time-performance-v1/2020-05-22-subway-on-time-performance-v1.parquet
1120345,2026-01-09 21:46:46+00:00,2020-05-23,https://performancedata.mbta.com/lamp/subway-on-time-performance-v1/2020-05-23-subway-on-time-performance-v1.parquet
981036,2026-01-09 21:31:35+00:00,2020-05-24,https://performancedata.mbta.com/lamp/subway-on-time-performance-v1/2020-05-24-subway-on-time-performance-v1.parquet
989561,2026-01-09 21:28:41+00:00,2020-05-25,https://performancedata.mbta.com/lamp/subway-on-time-performance-v1/2020-05-25-subway-on-time-performance-v1.parquet
1160271,2026-01-09 22:43:02+00:00,2020-05-26,https://performancedata.mbta.com/lamp/subway-on-time-performance-v1/2020-05-26-subway-on-time-performance-v1.parquet
1164778,2026-01-09 21:09:11+00:00,2020-05-27,https://performancedata.mbta.com/lamp/subway-on-time-performance-v1/2020-05-27-subway-on-time-performance-v1.parquet
1139348,2026-01-09 21:50:21+00:00,2020-05-28,https://performancedata.mbta.com/lamp/subway-on-time-performance-v1/2020-05-28-subway-on-time-performance-v1.parquet
1194757,2026-01-09 23:13:59+00:00,2020-05-29,https://performancedata.mbta.com/lamp/subway-on-time-performance-v1/2020-05-29-subway-on-time-performance-v1.parquet
1148021,2026-01-09 22:59:01+00:00,2020-05-30,https://performancedata.mbta.com/lamp/subway-on-time-performance-v1/2020-05-30-subway-on-time-performance-v1.parquet
928019,2026-01-09 23:25:46+00:00,2020-05-31,https://performancedata.mbta.com/lamp/subway-on-time-performance-v1/2020-05-31-subway-on-time-performance-v1.parquet
1207318,2026-01-09 20:44:57+00:00,2020-06-01,https://performancedata.mbta.com/lamp/subway-on-time-performance-v1/2020-06-01-subway-on-time-performance-v1.parquet
1201619,2026-01-09 23:03:20+00:00,2020-06-02,https://performancedata.mbta.com/lamp/subway-on-time-performance-v1/2020-06-02-subway-on-time-performance-v1.parquet
1229447,2026-01-09 23:11:13+00:00,2020-06-03,https://performancedata.mbta.com/lamp/subway-on-time-performance-v1/2020-06-03-subway-on-time-performance-v1.parquet
1216831,2026-01-09 23:38:17+00:00,2020-06-04,https://performancedata.mbta.com/lamp/subway-on-time-performance-v1/2020-06-04-subway-on-time-performance-v1.parquet
1223071,2026-01-09 20:42:17+00:00,2020-06-05,https://performancedata.mbta.com/lamp/subway-on-time-performance-v1/2020-06-05-subway-on-time-performance-v1.parquet
1036122,2026-01-09 23:11:06+00:00,2020-06-06,https://performancedata.mbta.com/lamp/subway-on-time-performance-v1/2020-06-06-subway-on-time-performance-v1.parquet
908695,2026-01-09 22:48:43+00:00,2020-06-07,https://performancedata.mbta.com/lamp/subway-on-time-performance-v1/2020-06-07-subway-on-time-performance-v1.parquet
1095780,2026-01-09 23:00:14+00:00,2020-06-08,https://performancedata.mbta.com/lamp/subway-on-time-performance-v1/2020-06-08-subway-on-time-performance-v1.parquet
1113447,2026-01-09 21:55:45+00:00,2020-06-09,https://performancedata.mbta.com/lamp/subway-on-time-performance-v1/2020-06-09-subway-on-time-performance-v1.parquet
1102850,2026-01-09 23:22:35+00:00,2020-06-10,https://performancedata.mbta.com/lamp/subway-on-time-performance-v1/2020-06-10-subway-on-time-performance-v1.parquet
1090683,2026-01-09 20:11:48+00:00,2020-06-11,https://performancedata.mbta.com/lamp/subway-on-time-performance-v1/2020-06-11-subway-on-time-performance-v1.parquet
1084359,2026-01-09 22:25:40+00:00,2020-06-12,https://performancedata.mbta.com/lamp/subway-on-time-performance-v1/2020-06-12-subway-on-time-performance-v1.parquet
1012946,2026-01-09 21:40:16+00:00,2020-06-13,https://performancedata.mbta.com/lamp/subway-on-time-performance-v1/2020-06-13-subway-on-time-performance-v1.parquet
877879,2026-01-09 22:00:45+00:00,2020-06-14,https://performancedata.mbta.com/lamp/subway-on-time-performance-v1/2020-06-14-subway-on-time-performance-v1.parquet
1178927,2026-01-09 20:47:05+00:00,2020-06-15,https://performancedata.mbta.com/lamp/subway-on-time-performance-v1/2020-06-15-subway-on-time-performance-v1.parquet
1441427,2026-01-09 20:14:25+00:00,2020-06-16,https://performancedata.mbta.com/lamp/subway-on-time-performance-v1/2020-06-16-subway-on-time-performance-v1.parquet
1471365,2026-01-09 20:48:35+00:00,2020-06-17,https://performancedata.mbta.com/lamp/subway-on-time-performance-v1/2020-06-17-subway-on-time-performance-v1.parquet
1426867,2026-01-09 20:54:19+00:00,2020-06-18,https://performancedata.mbta.com/lamp/subway-on-time-performance-v1/2020-06-18-subway-on-time-performance-v1.parquet
1401949,2026-01-09 20:12:29+00:00,2020-06-19,https://performancedata.mbta.com/lamp/subway-on-time-performance-v1/2020-06-19-subway-on-time-performance-v1.parquet
959576,2026-01-09 22:49:44+00:00,2020-06-20,https://performancedata.mbta.com/lamp/subway-on-time-performance-v1/2020-06-20-subway-on-time-performance-v1.parquet
812124,2026-01-09 23:09:37+00:00,2020-06-21,https://performancedata.mbta.com/lamp/subway-on-time-performance-v1/2020-06-21-subway-on-time-performance-v1.parquet
1212398,2026-01-09 22:27:27+00:00,2020-06-22,https://performancedata.mbta.com/lamp/subway-on-time-performance-v1/2020-06-22-subway-on-time-performance-v1.parquet
1197687,2026-01-09 20:08:22+00:00,2020-06-23,https://performancedata.mbta.com/lamp/subway-on-time-performance-v1/2020-06-23-subway-on-time-performance-v1.parquet
1199701,2026-01-09 23:33:50+00:00,2020-06-24,https://performancedata.mbta.com/lamp/subway-on-time-performance-v1/2020-06-24-subway-on-time-performance-v1.parquet
1228770,2026-01-09 21:52:24+00:00,2020-06-25,https://performancedata.mbta.com/lamp/subway-on-time-performance-v1/2020-06-25-subway-on-time-performance-v1.parquet
1206612,2026-01-09 22:33:08+00:00,2020-06-26,https://performancedata.mbta.com/lamp/subway-on-time-performance-v1/2020-06-26-subway-on-time-performance-v1.parquet
1000659,2026-01-09 20:25:30+00:00,2020-06-27,https://performancedata.mbta.com/lamp/subway-on-time-performance-v1/2020-06-27-subway-on-time-performance-v1.parquet
875378,2026-01-09 21:09:16+00:00,2020-06-28,https://performancedata.mbta.com/lamp/subway-on-time-performance-v1/2020-06-28-subway-on-time-performance-v1.parquet
1383670,2026-01-09 22:25:15+00:00,2020-06-29,https://performancedata.mbta.com/lamp/subway-on-time-performance-v1/2020-06-29-subway-on-time-performance-v1.parquet
1406878,2026-01-09 19:53:00+00:00,2020-06-30,https://performancedata.mbta.com/lamp/subway-on-time-performance-v1/2020-06-30-subway-on-time-performance-v1.parquet
1412776,2026-01-09 22:46:47+00:00,2020-07-01,https://performancedata.mbta.com/lamp/subway-on-time-performance-v1/2020-07-01-subway-on-time-performance-v1.parquet
1427700,2026-01-09 22:13:49+00:00,2020-07-02,https://performancedata.mbta.com/lamp/subway-on-time-performance-v1/2020-07-02-subway-on-time-performance-v1.parquet
1444817,2026-01-09 22:47:40+00:00,2020-07-03,https://performancedata.mbta.com/lamp/subway-on-time-performance-v1/2020-07-03-subway-on-time-performance-v1.parquet
1140936,2026-01-09 21:54:13+00:00,2020-07-04,https://performancedata.mbta.com/lamp/subway-on-time-performance-v1/2020-07-04-subway-on-time-performance-v1.parquet
964042,2026-01-09 23:02:33+00:00,2020-07-05,https://performancedata.mbta.com/lamp/subway-on-time-performance-v1/2020-07-05-subway-on-time-performance-v1.parquet
1364671,2026-01-09 21:02:14+00:00,2020-07-06,https://performancedata.mbta.com/lamp/subway-on-time-performance-v1/2020-07-06-subway-on-time-performance-v1.parquet
1350177,2026-01-09 21:35:06+00:00,2020-07-07,https://performancedata.mbta.com/lamp/subway-on-time-performance-v1/2020-07-07-subway-on-time-performance-v1.parquet
1359715,2026-01-09 22:57:13+00:00,2020-07-08,https://performancedata.mbta.com/lamp/subway-on-time-performance-v1/2020-07-08-subway-on-time-performance-v1.parquet
1312378,2026-01-09 21:43:41+00:00,2020-07-09,https://performancedata.mbta.com/lamp/subway-on-time-performance-v1/2020-07-09-subway-on-time-performance-v1.parquet
1343575,2026-01-09 22:43:44+00:00,2020-07-10,https://performancedata.mbta.com/lamp/subway-on-time-performance-v1/2020-07-10-subway-on-time-performance-v1.parquet
1045682,2026-01-09 23:18:40+00:00,2020-07-11,https://performancedata.mbta.com/lamp/subway-on-time-performance-v1/2020-07-11-subway-on-time-performance-v1.parquet
876195,2026-01-09 21:29:31+00:00,2020-07-12,https://performancedata.mbta.com/lamp/subway-on-time-performance-v1/2020-07-12-subway-on-time-performance-v1.parquet
1324283,2026-01-09 19:48:47+00:00,2020-07-13,https://performancedata.mbta.com/lamp/subway-on-time-performance-v1/2020-07-13-subway-on-time-performance-v1.parquet
1339133,2026-01-09 22:06:29+00:00,2020-07-14,https://performancedata.mbta.com/lamp/subway-on-time-performance-v1/2020-07-14-subway-on-time-performance-v1.parquet
1346868,2026-01-09 19:47:06+00:00,2020-07-15,https://performancedata.mbta.com/lamp/subway-on-time-performance-v1/2020-07-15-subway-on-time-performance-v1.parquet
1327204,2026-01-09 22:40:43+00:00,2020-07-16,https://performancedata.mbta.com/lamp/subway-on-time-performance-v1/2020-07-16-subway-on-time-performance-v1.parquet
1341142,2026-01-09 22:19:18+00:00,2020-07-17,https://performancedata.mbta.com/lamp/subway-on-time-performance-v1/2020-07-17-subway-on-time-performance-v1.parquet
1044551,2026-01-09 23:17:13+00:00,2020-07-18,https://performancedata.mbta.com/lamp/subway-on-time-performance-v1/2020-07-18-subway-on-time-performance-v1.parquet
873927,2026-01-09 22:11:53+00:00,2020-07-19,https://performancedata.mbta.com/lamp/subway-on-time-performance-v1/2020-07-19-subway-on-time-performance-v1.parquet
1354973,2026-01-09 21:24:38+00:00,2020-07-20,https://performancedata.mbta.com/lamp/subway-on-time-performance-v1/2020-07-20-subway-on-time-performance-v1.parquet
1336424,2026-01-09 20:13:36+00:00,2020-07-21,https://performancedata.mbta.com/lamp/subway-on-time-performance-v1/2020-07-21-subway-on-time-performance-v1.parquet
1376797,2026-01-09 20:47:18+00:00,2020-07-22,https://performancedata.mbta.com/lamp/subway-on-time-performance-v1/2020-07-22-subway-on-time-performance-v1.parquet
1387809,2026-01-09 22:54:48+00:00,2020-07-23,https://performancedata.mbta.com/lamp/subway-on-time-performance-v1/2020-07-23-subway-on-time-performance-v1.parquet
1354548,2026-01-09 20:19:21+00:00,2020-07-24,https://performancedata.mbta.com/lamp/subway-on-time-performance-v1/2020-07-24-subway-on-time-performance-v1.parquet
1038641,2026-01-09 20:18:09+00:00,2020-07-25,https://performancedata.mbta.com/lamp/subway-on-time-performance-v1/2020-07-25-subway-on-time-performance-v1.parquet
898811,2026-01-09 22:33:13+00:00,2020-07-26,https://performancedata.mbta.com/lamp/subway-on-time-performance-v1/2020-07-26-subway-on-time-performance-v1.parquet
1334258,2026-01-09 20:09:11+00:00,2020-07-27,https://performancedata.mbta.com/lamp/subway-on-time-performance-v1/2020-07-27-subway-on-time-performance-v1.parquet
1325966,2026-01-09 20:00:49+00:00,2020-07-28,https://performancedata.mbta.com/lamp/subway-on-time-performance-v1/2020-07-28-subway-on-time-performance-v1.parquet
1328559,2026-01-09 22:12:12+00:00,2020-07-29,https://performancedata.mbta.com/lamp/subway-on-time-performance-v1/2020-07-29-subway-on-time-performance-v1.parquet
1253053,2026-01-09 20:34:49+00:00,2020-07-30,https://performancedata.mbta.com/lamp/subway-on-time-performance-v1/2020-07-30-subway-on-time-performance-v1.parquet
1344252,2026-01-09 22:45:37+00:00,2020-07-31,https://performancedata.mbta.com/lamp/subway-on-time-performance-v1/2020-07-31-subway-on-time-performance-v1.parquet
997143,2026-01-09 21:17:40+00:00,2020-08-01,https://performancedata.mbta.com/lamp/subway-on-time-performance-v1/2020-08-01-subway-on-time-performance-v1.parquet
872989,2026-01-09 20:04:29+00:00,2020-08-02,https://performancedata.mbta.com/lamp/subway-on-time-performance-v1/2020-08-02-subway-on-time-performance-v1.parquet
1349985,2026-01-09 21:17:47+00:00,2020-08-03,https://performancedata.mbta.com/lamp/subway-on-time-performance-v1/2020-08-03-subway-on-time-performance-v1.parquet
1268396,2026-01-09 23:21:01+00:00,2020-08-04,https://performancedata.mbta.com/lamp/subway-on-time-performance-v1/2020-08-04-subway-on-time-performance-v1.parquet
1347976,2026-01-09 22:24:40+00:00,2020-08-05,https://performancedata.mbta.com/lamp/subway-on-time-performance-v1/2020-08-05-subway-on-time-performance-v1.parquet
1366809,2026-01-09 23:08:10+00:00,2020-08-06,https://performancedata.mbta.com/lamp/subway-on-time-performance-v1/2020-08-06-subway-on-time-performance-v1.parquet
1376342,2026-01-09 19:41:25+00:00,2020-08-07,https://performancedata.mbta.com/lamp/subway-on-time-performance-v1/2020-08-07-subway-on-time-performance-v1.parquet
1014974,2026-01-09 23:17:35+00:00,2020-08-08,https://performancedata.mbta.com/lamp/subway-on-time-performance-v1/2020-08-08-subway-on-time-performance-v1.parquet
870287,2026-01-09 22:04:29+00:00,2020-08-09,https://performancedata.mbta.com/lamp/subway-on-time-performance-v1/2020-08-09-subway-on-time-performance-v1.parquet
1227800,2026-01-09 22:38:52+00:00,2020-08-10,https://performancedata.mbta.com/lamp/subway-on-time-performance-v1/2020-08-10-subway-on-time-performance-v1.parquet
1217596,2026-01-09 19:46:20+00:00,2020-08-11,https://performancedata.mbta.com/lamp/subway-on-time-performance-v1/2020-08-11-subway-on-time-performance-v1.parquet
1218571,2026-01-09 21:24:51+00:00,2020-08-12,https://performancedata.mbta.com/lamp/subway-on-time-performance-v1/2020-08-12-subway-on-time-performance-v1.parquet
1212356,2026-01-09 23:00:20+00:00,2020-08-13,https://performancedata.mbta.com/lamp/subway-on-time-performance-v1/2020-08-13-subway-on-time-performance-v1.parquet
1216042,2026-01-09 20:19:34+00:00,2020-08-14,https://performancedata.mbta.com/lamp/subway-on-time-performance-v1/2020-08-14-subway-on-time-performance-v1.parquet
914606,2026-01-09 22:23:45+00:00,2020-08-15,https://performancedata.mbta.com/lamp/subway-on-time-performance-v1/2020-08-15-subway-on-time-performance-v1.parquet
869235,2026-01-09 20:48:15+00:00,2020-08-16,https://performancedata.mbta.com/lamp/subway-on-time-performance-v1/2020-08-16-subway-on-time-performance-v1.parquet
1318081,2026-01-09 22:19:48+00:00,2020-08-17,https://performancedata.mbta.com/lamp/subway-on-time-performance-v1/2020-08-17-subway-on-time-performance-v1.parquet
1329495,2026-01-09 21:56:02+00:00,2020-08-18,https://performancedata.mbta.com/lamp/subway-on-time-performance-v1/2020-08-18-subway-on-time-performance-v1.parquet
1359424,2026-01-09 21:53:12+00:00,2020-08-19,https://performancedata.mbta.com/lamp/subway-on-time-performance-v1/2020-08-19-subway-on-time-performance-v1.parquet
1274444,2026-01-09 20:19:07+00:00,2020-08-20,https://performancedata.mbta.com/lamp/subway-on-time-performance-v1/2020-08-20-subway-on-time-performance-v1.parquet
1325037,2026-01-09 23:27:53+00:00,2020-08-21,https://performancedata.mbta.com/lamp/subway-on-time-performance-v1/2020-08-21-subway-on-time-performance-v1.parquet
1040007,2026-01-09 20:09:24+00:00,2020-08-22,https://performancedata.mbta.com/lamp/subway-on-time-performance-v1/2020-08-22-subway-on-time-performance-v1.parquet
886018,2026-01-09 21:02:24+00:00,2020-08-23,https://performancedata.mbta.com/lamp/subway-on-time-performance-v1/2020-08-23-subway-on-time-performance-v1.parquet
1343400,2026-01-09 20:44:32+00:00,2020-08-24,https://performancedata.mbta.com/lamp/subway-on-time-performance-v1/2020-08-24-subway-on-time-performance-v1.parquet
1208340,2026-01-09 23:09:43+00:00,2020-08-25,https://performancedata.mbta.com/lamp/subway-on-time-performance-v1/2020-08-25-subway-on-time-performance-v1.parquet
1318986,2026-01-09 19:44:32+00:00,2020-08-26,https://performancedata.mbta.com/lamp/subway-on-time-performance-v1/2020-08-26-subway-on-time-performance-v1.parquet
1363567,2026-01-09 22:49:09+00:00,2020-08-27,https://performancedata.mbta.com/lamp/subway-on-time-performance-v1/2020-08-27-subway-on-time-performance-v1.parquet
1344798,2026-01-09 22:00:51+00:00,2020-08-28,https://performancedata.mbta.com/lamp/subway-on-time-performance-v1/2020-08-28-subway-on-time-performance-v1.parquet
962456,2026-01-09 21:31:05+00:00,2020-08-29,https://performancedata.mbta.com/lamp/subway-on-time-performance-v1/2020-08-29-subway-on-time-performance-v1.parquet
877573,2026-01-09 20:16:16+00:00,2020-08-30,https://performancedata.mbta.com/lamp/subway-on-time-performance-v1/2020-08-30-subway-on-time-performance-v1.parquet
1388426,2026-01-09 22:53:21+00:00,2020-08-31,https://performancedata.mbta.com/lamp/subway-on-time-performance-v1/2020-08-31-subway-on-time-performance-v1.parquet
1388333,2026-01-09 22:35:38+00:00,2020-09-01,https://performancedata.mbta.com/lamp/subway-on-time-performance-v1/2020-09-01-subway-on-time-performance-v1.parquet
1393988,2026-01-09 22:41:17+00:00,2020-09-02,https://performancedata.mbta.com/lamp/subway-on-time-performance-v1/2020-09-02-subway-on-time-performance-v1.parquet
1384858,2026-01-09 22:26:13+00:00,2020-09-03,https://performancedata.mbta.com/lamp/subway-on-time-performance-v1/2020-09-03-subway-on-time-performance-v1.parquet
1383200,2026-01-09 22:29:53+00:00,2020-09-04,https://performancedata.mbta.com/lamp/subway-on-time-performance-v1/2020-09-04-subway-on-time-performance-v1.parquet
1096884,2026-01-09 20:40:59+00:00,2020-09-05,https://performancedata.mbta.com/lamp/subway-on-time-performance-v1/2020-09-05-subway-on-time-performance-v1.parquet
926591,2026-01-09 22:56:12+00:00,2020-09-06,https://performancedata.mbta.com/lamp/subway-on-time-performance-v1/2020-09-06-subway-on-time-performance-v1.parquet
943956,2026-01-09 20:41:42+00:00,2020-09-07,https://performancedata.mbta.com/lamp/subway-on-time-performance-v1/2020-09-07-subway-on-time-performance-v1.parquet
1383452,2026-01-09 20:15:38+00:00,2020-09-08,https://performancedata.mbta.com/lamp/subway-on-time-performance-v1/2020-09-08-subway-on-time-performance-v1.parquet
1350537,2026-01-09 23:30:46+00:00,2020-09-09,https://performancedata.mbta.com/lamp/subway-on-time-performance-v1/2020-09-09-subway-on-time-performance-v1.parquet
1357267,2026-01-09 23:07:48+00:00,2020-09-10,https://performancedata.mbta.com/lamp/subway-on-time-performance-v1/2020-09-10-subway-on-time-performance-v1.parquet
1373272,2026-01-09 20:45:34+00:00,2020-09-11,https://performancedata.mbta.com/lamp/subway-on-time-performance-v1/2020-09-11-subway-on-time-performance-v1.parquet
993775,2026-01-09 20:27:02+00:00,2020-09-12,https://performancedata.mbta.com/lamp/subway-on-time-performance-v1/2020-09-12-subway-on-time-performance-v1.parquet
857250,2026-01-09 22:42:56+00:00,2020-09-13,https://performancedata.mbta.com/lamp/subway-on-time-performance-v1/2020-09-13-subway-on-time-performance-v1.parquet
1354336,2026-01-09 22:18:20+00:00,2020-09-14,https://performancedata.mbta.com/lamp/subway-on-time-performance-v1/2020-09-14-subway-on-time-performance-v1.parquet
1410142,2026-01-09 19:48:02+00:00,2020-09-15,https://performancedata.mbta.com/lamp/subway-on-time-performance-v1/2020-09-15-subway-on-time-performance-v1.parquet
1408061,2026-01-09 23:01:56+00:00,2020-09-16,https://performancedata.mbta.com/lamp/subway-on-time-performance-v1/2020-09-16-subway-on-time-performance-v1.parquet
1438823,2026-01-09 21:58:55+00:00,2020-09-17,https://performancedata.mbta.com/lamp/subway-on-time-performance-v1/2020-09-17-subway-on-time-performance-v1.parquet
1376325,2026-01-09 20:29:11+00:00,2020-09-18,https://performancedata.mbta.com/lamp/subway-on-time-performance-v1/2020-09-18-subway-on-time-performance-v1.parquet
1031556,2026-01-09 20:05:45+00:00,2020-09-19,https://performancedata.mbta.com/lamp/subway-on-time-performance-v1/2020-09-19-subway-on-time-performance-v1.parquet
907479,2026-01-09 22:52:54+00:00,2020-09-20,https://performancedata.mbta.com/lamp/subway-on-time-performance-v1/2020-09-20-subway-on-time-performance-v1.parquet
1405582,2026-01-09 21:40:30+00:00,2020-09-21,https://performancedata.mbta.com/lamp/subway-on-time-performance-v1/2020-09-21-subway-on-time-performance-v1.parquet
1400256,2026-01-09 23:07:27+00:00,2020-09-22,https://performancedata.mbta.com/lamp/subway-on-time-performance-v1/2020-09-22-subway-on-time-performance-v1.parquet
1428582,2026-01-09 21:12:48+00:00,2020-09-23,https://performancedata.mbta.com/lamp/subway-on-time-performance-v1/2020-09-23-subway-on-time-performance-v1.parquet
1395921,2026-01-09 21:00:44+00:00,2020-09-24,https://performancedata.mbta.com/lamp/subway-on-time-performance-v1/2020-09-24-subway-on-time-performance-v1.parquet
1410181,2026-01-09 21:35:14+00:00,2020-09-25,https://performancedata.mbta.com/lamp/subway-on-time-performance-v1/2020-09-25-subway-on-time-performance-v1.parquet
1021795,2026-01-09 23:35:21+00:00,2020-09-26,https://performancedata.mbta.com/lamp/subway-on-time-performance-v1/2020-09-26-subway-on-time-performance-v1.parquet
902685,2026-01-09 20:09:52+00:00,2020-09-27,https://performancedata.mbta.com/lamp/subway-on-time-performance-v1/2020-09-27-subway-on-time-performance-v1.parquet
1380680,2026-01-09 20:11:26+00:00,2020-09-28,https://performancedata.mbta.com/lamp/subway-on-time-performance-v1/2020-09-28-subway-on-time-performance-v1.parquet
1394450,2026-01-09 22:15:52+00:00,2020-09-29,https://performancedata.mbta.com/lamp/subway-on-time-performance-v1/2020-09-29-subway-on-time-performance-v1.parquet
1382741,2026-01-09 20:16:11+00:00,2020-09-30,https://performancedata.mbta.com/lamp/subway-on-time-performance-v1/2020-09-30-subway-on-time-performance-v1.parquet
1385100,2026-01-09 22:30:26+00:00,2020-10-01,https://performancedata.mbta.com/lamp/subway-on-time-performance-v1/2020-10-01-subway-on-time-performance-v1.parquet
1370094,2026-01-09 21:07:48+00:00,2020-10-02,https://performancedata.mbta.com/lamp/subway-on-time-performance-v1/2020-10-02-subway-on-time-performance-v1.parquet
1005496,2026-01-09 20:34:30+00:00,2020-10-03,https://performancedata.mbta.com/lamp/subway-on-time-performance-v1/2020-10-03-subway-on-time-performance-v1.parquet
907591,2026-01-09 21:33:11+00:00,2020-10-04,https://performancedata.mbta.com/lamp/subway-on-time-performance-v1/2020-10-04-subway-on-time-performance-v1.parquet
1384992,2026-01-09 21:13:17+00:00,2020-10-05,https://performancedata.mbta.com/lamp/subway-on-time-performance-v1/2020-10-05-subway-on-time-performance-v1.parquet
1380724,2026-01-09 21:33:45+00:00,2020-10-06,https://performancedata.mbta.com/lamp/subway-on-time-performance-v1/2020-10-06-subway-on-time-performance-v1.parquet
1296726,2026-01-09 22:15:13+00:00,2020-10-07,https://performancedata.mbta.com/lamp/subway-on-time-performance-v1/2020-10-07-subway-on-time-performance-v1.parquet
1348390,2026-01-09 22:25:22+00:00,2020-10-08,https://performancedata.mbta.com/lamp/subway-on-time-performance-v1/2020-10-08-subway-on-time-performance-v1.parquet
1402040,2026-01-09 21:17:54+00:00,2020-10-09,https://performancedata.mbta.com/lamp/subway-on-time-performance-v1/2020-10-09-subway-on-time-performance-v1.parquet
959749,2026-01-09 21:11:41+00:00,2020-10-10,https://performancedata.mbta.com/lamp/subway-on-time-performance-v1/2020-10-10-subway-on-time-performance-v1.parquet
877267,2026-01-09 21:27:28+00:00,2020-10-11,https://performancedata.mbta.com/lamp/subway-on-time-performance-v1/2020-10-11-subway-on-time-performance-v1.parquet
1409724,2026-01-09 23:12:19+00:00,2020-10-12,https://performancedata.mbta.com/lamp/subway-on-time-performance-v1/2020-10-12-subway-on-time-performance-v1.parquet
1348326,2026-01-09 21:17:10+00:00,2020-10-13,https://performancedata.mbta.com/lamp/subway-on-time-performance-v1/2020-10-13-subway-on-time-performance-v1.parquet
1366498,2026-01-09 21:37:15+00:00,2020-10-14,https://performancedata.mbta.com/lamp/subway-on-time-performance-v1/2020-10-14-subway-on-time-performance-v1.parquet
1394225,2026-01-09 20:33:09+00:00,2020-10-15,https://performancedata.mbta.com/lamp/subway-on-time-performance-v1/2020-10-15-subway-on-time-performance-v1.parquet
1366513,2026-01-09 22:00:35+00:00,2020-10-16,https://performancedata.mbta.com/lamp/subway-on-time-performance-v1/2020-10-16-subway-on-time-performance-v1.parquet
1001458,2026-01-09 22:42:29+00:00,2020-10-17,https://performancedata.mbta.com/lamp/subway-on-time-performance-v1/2020-10-17-subway-on-time-performance-v1.parquet
909979,2026-01-09 22:28:38+00:00,2020-10-18,https://performancedata.mbta.com/lamp/subway-on-time-performance-v1/2020-10-18-subway-on-time-performance-v1.parquet
1387242,2026-01-09 19:43:52+00:00,2020-10-19,https://performancedata.mbta.com/lamp/subway-on-time-performance-v1/2020-10-19-subway-on-time-performance-v1.parquet
1407580,2026-01-09 21:06:25+00:00,2020-10-20,https://performancedata.mbta.com/lamp/subway-on-time-performance-v1/2020-10-20-subway-on-time-performance-v1.parquet
1366920,2026-01-09 22:38:22+00:00,2020-10-21,https://performancedata.mbta.com/lamp/subway-on-time-performance-v1/2020-10-21-subway-on-time-performance-v1.parquet
1422813,2026-01-09 22:08:30+00:00,2020-10-22,https://performancedata.mbta.com/lamp/subway-on-time-performance-v1/2020-10-22-subway-on-time-performance-v1.parquet
1405064,2026-01-09 20:25:04+00:00,2020-10-23,https://performancedata.mbta.com/lamp/subway-on-time-performance-v1/2020-10-23-subway-on-time-performance-v1.parquet
989561,2026-01-09 23:23:04+00:00,2020-10-24,https://performancedata.mbta.com/lamp/subway-on-time-performance-v1/2020-10-24-subway-on-time-performance-v1.parquet
866729,2026-01-09 23:17:18+00:00,2020-10-25,https://performancedata.mbta.com/lamp/subway-on-time-performance-v1/2020-10-25-subway-on-time-performance-v1.parquet
1396709,2026-01-09 23:19:23+00:00,2020-10-26,https://performancedata.mbta.com/lamp/subway-on-time-performance-v1/2020-10-26-subway-on-time-performance-v1.parquet
1371758,2026-01-09 22:19:56+00:00,2020-10-27,https://performancedata.mbta.com/lamp/subway-on-time-performance-v1/2020-10-27-subway-on-time-performance-v1.parquet
1421555,2026-01-09 20:23:10+00:00,2020-10-28,https://performancedata.mbta.com/lamp/subway-on-time-performance-v1/2020-10-28-subway-on-time-performance-v1.parquet
1399169,2026-01-09 23:36:51+00:00,2020-10-29,https://performancedata.mbta.com/lamp/subway-on-time-performance-v1/2020-10-29-subway-on-time-performance-v1.parquet
1297095,2026-01-09 23:06:27+00:00,2020-10-30,https://performancedata.mbta.com/lamp/subway-on-time-performance-v1/2020-10-30-subway-on-time-performance-v1.parquet
1048881,2026-01-09 21:44:16+00:00,2020-10-31,https://performancedata.mbta.com/lamp/subway-on-time-performance-v1/2020-10-31-subway-on-time-performance-v1.parquet
930831,2026-01-09 21:25:47+00:00,2020-11-01,https://performancedata.mbta.com/lamp/subway-on-time-performance-v1/2020-11-01-subway-on-time-performance-v1.parquet
1318520,2026-01-09 21:20:30+00:00,2020-11-02,https://performancedata.mbta.com/lamp/subway-on-time-performance-v1/2020-11-02-subway-on-time-performance-v1.parquet
1427931,2026-01-09 21:33:31+00:00,2020-11-03,https://performancedata.mbta.com/lamp/subway-on-time-performance-v1/2020-11-03-subway-on-time-performance-v1.parquet
1384672,2026-01-09 22:14:21+00:00,2020-11-04,https://performancedata.mbta.com/lamp/subway-on-time-performance-v1/2020-11-04-subway-on-time-performance-v1.parquet
1415332,2026-01-09 20:53:06+00:00,2020-11-05,https://performancedata.mbta.com/lamp/subway-on-time-performance-v1/2020-11-05-subway-on-time-performance-v1.parquet
1323205,2026-01-09 23:18:55+00:00,2020-11-06,https://performancedata.mbta.com/lamp/subway-on-time-performance-v1/2020-11-06-subway-on-time-performance-v1.parquet
1005449,2026-01-09 20:42:22+00:00,2020-11-07,https://performancedata.mbta.com/lamp/subway-on-time-performance-v1/2020-11-07-subway-on-time-performance-v1.parquet
911548,2026-01-09 23:33:59+00:00,2020-11-08,https://performancedata.mbta.com/lamp/subway-on-time-performance-v1/2020-11-08-subway-on-time-performance-v1.parquet
1370554,2026-01-09 19:55:49+00:00,2020-11-09,https://performancedata.mbta.com/lamp/subway-on-time-performance-v1/2020-11-09-subway-on-time-performance-v1.parquet
1385952,2026-01-09 20:35:00+00:00,2020-11-10,https://performancedata.mbta.com/lamp/subway-on-time-performance-v1/2020-11-10-subway-on-time-performance-v1.parquet
1381324,2026-01-09 23:28:42+00:00,2020-11-11,https://performancedata.mbta.com/lamp/subway-on-time-performance-v1/2020-11-11-subway-on-time-performance-v1.parquet
1314068,2026-01-09 19:41:08+00:00,2020-11-12,https://performancedata.mbta.com/lamp/subway-on-time-performance-v1/2020-11-12-subway-on-time-performance-v1.parquet
1418095,2026-01-09 22:46:12+00:00,2020-11-13,https://performancedata.mbta.com/lamp/subway-on-time-performance-v1/2020-11-13-subway-on-time-performance-v1.parquet
968418,2026-01-09 23:34:17+00:00,2020-11-14,https://performancedata.mbta.com/lamp/subway-on-time-performance-v1/2020-11-14-subway-on-time-performance-v1.parquet
885912,2026-01-09 23:36:35+00:00,2020-11-15,https://performancedata.mbta.com/lamp/subway-on-time-performance-v1/2020-11-15-subway-on-time-performance-v1.parquet
1373457,2026-01-09 19:46:49+00:00,2020-11-16,https://performancedata.mbta.com/lamp/subway-on-time-performance-v1/2020-11-16-subway-on-time-performance-v1.parquet
1382225,2026-01-09 23:29:33+00:00,2020-11-17,https://performancedata.mbta.com/lamp/subway-on-time-performance-v1/2020-11-17-subway-on-time-performance-v1.parquet
1378418,2026-01-09 23:15:05+00:00,2020-11-18,https://performancedata.mbta.com/lamp/subway-on-time-performance-v1/2020-11-18-subway-on-time-performance-v1.parquet
1390124,2026-01-09 21:52:06+00:00,2020-11-19,https://performancedata.mbta.com/lamp/subway-on-time-performance-v1/2020-11-19-subway-on-time-performance-v1.parquet
1357913,2026-01-09 19:41:01+00:00,2020-11-20,https://performancedata.mbta.com/lamp/subway-on-time-performance-v1/2020-11-20-subway-on-time-performance-v1.parquet
922728,2026-01-09 19:49:34+00:00,2020-11-21,https://performancedata.mbta.com/lamp/subway-on-time-performance-v1/2020-11-21-subway-on-time-performance-v1.parquet
815769,2026-01-09 21:45:41+00:00,2020-11-22,https://performancedata.mbta.com/lamp/subway-on-time-performance-v1/2020-11-22-subway-on-time-performance-v1.parquet
1386036,2026-01-09 21:03:40+00:00,2020-11-23,https://performancedata.mbta.com/lamp/subway-on-time-performance-v1/2020-11-23-subway-on-time-performance-v1.parquet
1373689,2026-01-09 19:58:32+00:00,2020-11-24,https://performancedata.mbta.com/lamp/subway-on-time-performance-v1/2020-11-24-subway-on-time-performance-v1.parquet
1415235,2026-01-09 22:11:07+00:00,2020-11-25,https://performancedata.mbta.com/lamp/subway-on-time-performance-v1/2020-11-25-subway-on-time-performance-v1.parquet
924031,2026-01-09 20:20:05+00:00,2020-11-26,https://performancedata.mbta.com/lamp/subway-on-time-performance-v1/2020-11-26-subway-on-time-performance-v1.parquet
1401392,2026-01-09 20:37:45+00:00,2020-11-27,https://performancedata.mbta.com/lamp/subway-on-time-performance-v1/2020-11-27-subway-on-time-performance-v1.parquet
1095793,2026-01-09 22:21:47+00:00,2020-11-28,https://performancedata.mbta.com/lamp/subway-on-time-performance-v1/2020-11-28-subway-on-time-performance-v1.parquet
920180,2026-01-09 19:55:54+00:00,2020-11-29,https://performancedata.mbta.com/lamp/subway-on-time-performance-v1/2020-11-29-subway-on-time-performance-v1.parquet
1303655,2026-01-09 23:13:20+00:00,2020-11-30,https://performancedata.mbta.com/lamp/subway-on-time-performance-v1/2020-11-30-subway-on-time-performance-v1.parquet
1372032,2026-01-09 23:06:02+00:00,2020-12-01,https://performancedata.mbta.com/lamp/subway-on-time-performance-v1/2020-12-01-subway-on-time-performance-v1.parquet
1391325,2026-01-09 20:03:30+00:00,2020-12-02,https://performancedata.mbta.com/lamp/subway-on-time-performance-v1/2020-12-02-subway-on-time-performance-v1.parquet
1320761,2026-01-09 22:45:31+00:00,2020-12-03,https://performancedata.mbta.com/lamp/subway-on-time-performance-v1/2020-12-03-subway-on-time-performance-v1.parquet
1374425,2026-01-09 23:13:45+00:00,2020-12-04,https://performancedata.mbta.com/lamp/subway-on-time-performance-v1/2020-12-04-subway-on-time-performance-v1.parquet
1054809,2026-01-09 19:51:09+00:00,2020-12-05,https://performancedata.mbta.com/lamp/subway-on-time-performance-v1/2020-12-05-subway-on-time-performance-v1.parquet
934556,2026-01-09 23:11:50+00:00,2020-12-06,https://performancedata.mbta.com/lamp/subway-on-time-performance-v1/2020-12-06-subway-on-time-performance-v1.parquet
1315979,2026-01-09 20:20:12+00:00,2020-12-07,https://performancedata.mbta.com/lamp/subway-on-time-performance-v1/2020-12-07-subway-on-time-performance-v1.parquet
1302116,2026-01-09 19:52:09+00:00,2020-12-08,https://performancedata.mbta.com/lamp/subway-on-time-performance-v1/2020-12-08-subway-on-time-performance-v1.parquet
1364461,2026-01-09 22:43:09+00:00,2020-12-09,https://performancedata.mbta.com/lamp/subway-on-time-performance-v1/2020-12-09-subway-on-time-performance-v1.parquet
1351292,2026-01-09 22:22:08+00:00,2020-12-10,https://performancedata.mbta.com/lamp/subway-on-time-performance-v1/2020-12-10-subway-on-time-performance-v1.parquet
1299382,2026-01-09 20:12:59+00:00,2020-12-11,https://performancedata.mbta.com/lamp/subway-on-time-performance-v1/2020-12-11-subway-on-time-performance-v1.parquet
938918,2026-01-09 22:59:36+00:00,2020-12-12,https://performancedata.mbta.com/lamp/subway-on-time-performance-v1/2020-12-12-subway-on-time-performance-v1.parquet
833431,2026-01-09 21:28:35+00:00,2020-12-13,https://performancedata.mbta.com/lamp/subway-on-time-performance-v1/2020-12-13-subway-on-time-performance-v1.parquet
1389276,2026-01-09 20:37:32+00:00,2020-12-14,https://performancedata.mbta.com/lamp/subway-on-time-performance-v1/2020-12-14-subway-on-time-performance-v1.parquet
1352983,2026-01-09 21:40:11+00:00,2020-12-15,https://performancedata.mbta.com/lamp/subway-on-time-performance-v1/2020-12-15-subway-on-time-performance-v1.parquet
1318109,2026-01-09 21:51:32+00:00,2020-12-16,https://performancedata.mbta.com/lamp/subway-on-time-performance-v1/2020-12-16-subway-on-time-performance-v1.parquet
980958,2026-01-09 21:29:36+00:00,2020-12-17,https://performancedata.mbta.com/lamp/subway-on-time-performance-v1/2020-12-17-subway-on-time-performance-v1.parquet
1240851,2026-01-09 23:32:19+00:00,2020-12-18,https://performancedata.mbta.com/lamp/subway-on-time-performance-v1/2020-12-18-subway-on-time-performance-v1.parquet
991341,2026-01-09 22:49:03+00:00,2020-12-19,https://performancedata.mbta.com/lamp/subway-on-time-performance-v1/2020-12-19-subway-on-time-performance-v1.parquet
954211,2026-01-09 23:37:30+00:00,2020-12-20,https://performancedata.mbta.com/lamp/subway-on-time-performance-v1/2020-12-20-subway-on-time-performance-v1.parquet
1353842,2026-01-09 23:37:25+00:00,2020-12-21,https://performancedata.mbta.com/lamp/subway-on-time-performance-v1/2020-12-21-subway-on-time-performance-v1.parquet
1356721,2026-01-09 21:53:51+00:00,2020-12-22,https://performancedata.mbta.com/lamp/subway-on-time-performance-v1/2020-12-22-subway-on-time-performance-v1.parquet
1345699,2026-01-09 22:52:08+00:00,2020-12-23,https://performancedata.mbta.com/lamp/subway-on-time-performance-v1/2020-12-23-subway-on-time-performance-v1.parquet
1354795,2026-01-09 20:39:51+00:00,2020-12-24,https://performancedata.mbta.com/lamp/subway-on-time-performance-v1/2020-12-24-subway-on-time-performance-v1.parquet
918366,2026-01-09 20:18:03+00:00,2020-12-25,https://performancedata.mbta.com/lamp/subway-on-time-performance-v1/2020-12-25-subway-on-time-performance-v1.parquet
1089734,2026-01-09 20:36:51+00:00,2020-12-26,https://performancedata.mbta.com/lamp/subway-on-time-performance-v1/2020-12-26-subway-on-time-performance-v1.parquet
960076,2026-01-09 22:08:16+00:00,2020-12-27,https://performancedata.mbta.com/lamp/subway-on-time-performance-v1/2020-12-27-subway-on-time-performance-v1.parquet
1395403,2026-01-09 22:16:17+00:00,2020-12-28,https://performancedata.mbta.com/lamp/subway-on-time-performance-v1/2020-12-28-subway-on-time-performance-v1.parquet
1394146,2026-01-09 20:16:37+00:00,2020-12-29,https://performancedata.mbta.com/lamp/subway-on-time-performance-v1/2020-12-29-subway-on-time-performance-v1.parquet
1399393,2026-01-09 19:54:58+00:00,2020-12-30,https://performancedata.mbta.com/lamp/subway-on-time-performance-v1/2020-12-30-subway-on-time-performance-v1.parquet
1156002,2026-01-09 20:11:18+00:00,2020-12-31,https://performancedata.mbta.com/lamp/subway-on-time-performance-v1/2020-12-31-subway-on-time-performance-v1.parquet
955927,2026-01-09 22:31:47+00:00,2021-01-01,https://performancedata.mbta.com/lamp/subway-on-time-performance-v1/2021-01-01-subway-on-time-performance-v1.parquet
1128594,2026-01-09 19:54:47+00:00,2021-01-02,https://performancedata.mbta.com/lamp/subway-on-time-performance-v1/2021-01-02-subway-on-time-performance-v1.parquet
943320,2026-01-09 23:29:25+00:00,2021-01-03,https://performancedata.mbta.com/lamp/subway-on-time-performance-v1/2021-01-03-subway-on-time-performance-v1.parquet
1386700,2026-01-09 20:39:44+00:00,2021-01-04,https://performancedata.mbta.com/lamp/subway-on-time-performance-v1/2021-01-04-subway-on-time-performance-v1.parquet
1398466,2026-01-09 23:20:39+00:00,2021-01-05,https://performancedata.mbta.com/lamp/subway-on-time-performance-v1/2021-01-05-subway-on-time-performance-v1.parquet
1380592,2026-01-09 23:28:15+00:00,2021-01-06,https://performancedata.mbta.com/lamp/subway-on-time-performance-v1/2021-01-06-subway-on-time-performance-v1.parquet
1393862,2026-01-09 22:12:00+00:00,2021-01-07,https://performancedata.mbta.com/lamp/subway-on-time-performance-v1/2021-01-07-subway-on-time-performance-v1.parquet
1397413,2026-01-09 22:44:30+00:00,2021-01-08,https://performancedata.mbta.com/lamp/subway-on-time-performance-v1/2021-01-08-subway-on-time-performance-v1.parquet
1102444,2026-01-09 22:29:28+00:00,2021-01-09,https://performancedata.mbta.com/lamp/subway-on-time-performance-v1/2021-01-09-subway-on-time-performance-v1.parquet
968167,2026-01-09 21:13:29+00:00,2021-01-10,https://performancedata.mbta.com/lamp/subway-on-time-performance-v1/2021-01-10-subway-on-time-performance-v1.parquet
1419202,2026-01-09 22:12:34+00:00,2021-01-11,https://performancedata.mbta.com/lamp/subway-on-time-performance-v1/2021-01-11-subway-on-time-performance-v1.parquet
1415761,2026-01-09 20:40:17+00:00,2021-01-12,https://performancedata.mbta.com/lamp/subway-on-time-performance-v1/2021-01-12-subway-on-time-performance-v1.parquet
1423480,2026-01-09 22:31:53+00:00,2021-01-13,https://performancedata.mbta.com/lamp/subway-on-time-performance-v1/2021-01-13-subway-on-time-performance-v1.parquet
1416744,2026-01-09 20:34:24+00:00,2021-01-14,https://performancedata.mbta.com/lamp/subway-on-time-performance-v1/2021-01-14-subway-on-time-performance-v1.parquet
1401057,2026-01-09 23:07:01+00:00,2021-01-15,https://performancedata.mbta.com/lamp/subway-on-time-performance-v1/2021-01-15-subway-on-time-performance-v1.parquet
1122050,2026-01-09 22:01:55+00:00,2021-01-16,https://performancedata.mbta.com/lamp/subway-on-time-performance-v1/2021-01-16-subway-on-time-performance-v1.parquet
977887,2026-01-09 20:44:19+00:00,2021-01-17,https://performancedata.mbta.com/lamp/subway-on-time-performance-v1/2021-01-17-subway-on-time-performance-v1.parquet
1127957,2026-01-09 22:28:09+00:00,2021-01-18,https://performancedata.mbta.com/lamp/subway-on-time-performance-v1/2021-01-18-subway-on-time-performance-v1.parquet
1429502,2026-01-09 23:37:04+00:00,2021-01-19,https://performancedata.mbta.com/lamp/subway-on-time-performance-v1/2021-01-19-subway-on-time-performance-v1.parquet
1421083,2026-01-09 19:47:20+00:00,2021-01-20,https://performancedata.mbta.com/lamp/subway-on-time-performance-v1/2021-01-20-subway-on-time-performance-v1.parquet
1411532,2026-01-09 21:33:38+00:00,2021-01-21,https://performancedata.mbta.com/lamp/subway-on-time-performance-v1/2021-01-21-subway-on-time-performance-v1.parquet
1440055,2026-01-09 21:33:06+00:00,2021-01-22,https://performancedata.mbta.com/lamp/subway-on-time-performance-v1/2021-01-22-subway-on-time-performance-v1.parquet
1105605,2026-01-09 19:41:40+00:00,2021-01-23,https://performancedata.mbta.com/lamp/subway-on-time-performance-v1/2021-01-23-subway-on-time-performance-v1.parquet
960644,2026-01-09 23:07:32+00:00,2021-01-24,https://performancedata.mbta.com/lamp/subway-on-time-performance-v1/2021-01-24-subway-on-time-performance-v1.parquet
1390765,2026-01-09 22:49:28+00:00,2021-01-25,https://performancedata.mbta.com/lamp/subway-on-time-performance-v1/2021-01-25-subway-on-time-performance-v1.parquet
1404940,2026-01-09 22:08:56+00:00,2021-01-26,https://performancedata.mbta.com/lamp/subway-on-time-performance-v1/2021-01-26-subway-on-time-performance-v1.parquet
1346711,2026-01-09 21:46:18+00:00,2021-01-27,https://performancedata.mbta.com/lamp/subway-on-time-performance-v1/2021-01-27-subway-on-time-performance-v1.parquet
1385698,2026-01-09 22:14:27+00:00,2021-01-28,https://performancedata.mbta.com/lamp/subway-on-time-performance-v1/2021-01-28-subway-on-time-performance-v1.parquet
1369856,2026-01-09 21:01:09+00:00,2021-01-29,https://performancedata.mbta.com/lamp/subway-on-time-performance-v1/2021-01-29-subway-on-time-performance-v1.parquet
1121965,2026-01-09 23:09:27+00:00,2021-01-30,https://performancedata.mbta.com/lamp/subway-on-time-performance-v1/2021-01-30-subway-on-time-performance-v1.parquet
944990,2026-01-09 20:26:30+00:00,2021-01-31,https://performancedata.mbta.com/lamp/subway-on-time-performance-v1/2021-01-31-subway-on-time-performance-v1.parquet
1350615,2026-01-09 22:45:58+00:00,2021-02-01,https://performancedata.mbta.com/lamp/subway-on-time-performance-v1/2021-02-01-subway-on-time-performance-v1.parquet
1281916,2026-01-09 20:56:06+00:00,2021-02-02,https://performancedata.mbta.com/lamp/subway-on-time-performance-v1/2021-02-02-subway-on-time-performance-v1.parquet
1391388,2026-01-09 20:55:41+00:00,2021-02-03,https://performancedata.mbta.com/lamp/subway-on-time-performance-v1/2021-02-03-subway-on-time-performance-v1.parquet
1409467,2026-01-09 19:44:38+00:00,2021-02-04,https://performancedata.mbta.com/lamp/subway-on-time-performance-v1/2021-02-04-subway-on-time-performance-v1.parquet
1417282,2026-01-09 19:49:14+00:00,2021-02-05,https://performancedata.mbta.com/lamp/subway-on-time-performance-v1/2021-02-05-subway-on-time-performance-v1.parquet
1113885,2026-01-09 22:10:03+00:00,2021-02-06,https://performancedata.mbta.com/lamp/subway-on-time-performance-v1/2021-02-06-subway-on-time-performance-v1.parquet
921527,2026-01-09 20:53:52+00:00,2021-02-07,https://performancedata.mbta.com/lamp/subway-on-time-performance-v1/2021-02-07-subway-on-time-performance-v1.parquet
1388546,2026-01-09 21:56:52+00:00,2021-02-08,https://performancedata.mbta.com/lamp/subway-on-time-performance-v1/2021-02-08-subway-on-time-performance-v1.parquet
1340253,2026-01-09 19:42:48+00:00,2021-02-09,https://performancedata.mbta.com/lamp/subway-on-time-performance-v1/2021-02-09-subway-on-time-performance-v1.parquet
1387026,2026-01-09 21:38:03+00:00,2021-02-10,https://performancedata.mbta.com/lamp/subway-on-time-performance-v1/2021-02-10-subway-on-time-performance-v1.parquet
1378705,2026-01-09 20:26:13+00:00,2021-02-11,https://performancedata.mbta.com/lamp/subway-on-time-performance-v1/2021-02-11-subway-on-time-performance-v1.parquet
1379770,2026-01-09 19:50:15+00:00,2021-02-12,https://performancedata.mbta.com/lamp/subway-on-time-performance-v1/2021-02-12-subway-on-time-performance-v1.parquet
1062647,2026-01-09 20:52:52+00:00,2021-02-13,https://performancedata.mbta.com/lamp/subway-on-time-performance-v1/2021-02-13-subway-on-time-performance-v1.parquet
917564,2026-01-09 21:39:47+00:00,2021-02-14,https://performancedata.mbta.com/lamp/subway-on-time-performance-v1/2021-02-14-subway-on-time-performance-v1.parquet
1105682,2026-01-09 23:10:28+00:00,2021-02-15,https://performancedata.mbta.com/lamp/subway-on-time-performance-v1/2021-02-15-subway-on-time-performance-v1.parquet
1388474,2026-01-09 21:55:38+00:00,2021-02-16,https://performancedata.mbta.com/lamp/subway-on-time-performance-v1/2021-02-16-subway-on-time-performance-v1.parquet
1385732,2026-01-09 20:41:29+00:00,2021-02-17,https://performancedata.mbta.com/lamp/subway-on-time-performance-v1/2021-02-17-subway-on-time-performance-v1.parquet
1392811,2026-01-09 23:29:20+00:00,2021-02-18,https://performancedata.mbta.com/lamp/subway-on-time-performance-v1/2021-02-18-subway-on-time-performance-v1.parquet
1292942,2026-01-09 20:08:52+00:00,2021-02-19,https://performancedata.mbta.com/lamp/subway-on-time-performance-v1/2021-02-19-subway-on-time-performance-v1.parquet
865273,2026-01-09 21:32:23+00:00,2021-02-20,https://performancedata.mbta.com/lamp/subway-on-time-performance-v1/2021-02-20-subway-on-time-performance-v1.parquet
783777,2026-01-09 21:45:52+00:00,2021-02-21,https://performancedata.mbta.com/lamp/subway-on-time-performance-v1/2021-02-21-subway-on-time-performance-v1.parquet
1358113,2026-01-09 22:42:09+00:00,2021-02-22,https://performancedata.mbta.com/lamp/subway-on-time-performance-v1/2021-02-22-subway-on-time-performance-v1.parquet
1402812,2026-01-09 22:22:55+00:00,2021-02-23,https://performancedata.mbta.com/lamp/subway-on-time-performance-v1/2021-02-23-subway-on-time-performance-v1.parquet
1392047,2026-01-09 20:30:56+00:00,2021-02-24,https://performancedata.mbta.com/lamp/subway-on-time-performance-v1/2021-02-24-subway-on-time-performance-v1.parquet
1412346,2026-01-09 22:34:49+00:00,2021-02-25,https://performancedata.mbta.com/lamp/subway-on-time-performance-v1/2021-02-25-subway-on-time-performance-v1.parquet
1400115,2026-01-09 22:09:32+00:00,2021-02-26,https://performancedata.mbta.com/lamp/subway-on-time-performance-v1/2021-02-26-subway-on-time-performance-v1.parquet
1006114,2026-01-09 23:30:52+00:00,2021-02-27,https://performancedata.mbta.com/lamp/subway-on-time-performance-v1/2021-02-27-subway-on-time-performance-v1.parquet
851122,2026-01-09 19:47:31+00:00,2021-02-28,https://performancedata.mbta.com/lamp/subway-on-time-performance-v1/2021-02-28-subway-on-time-performance-v1.parquet
1390502,2026-01-09 23:12:25+00:00,2021-03-01,https://performancedata.mbta.com/lamp/subway-on-time-performance-v1/2021-03-01-subway-on-time-performance-v1.parquet
1386991,2026-01-09 20:05:01+00:00,2021-03-02,https://performancedata.mbta.com/lamp/subway-on-time-performance-v1/2021-03-02-subway-on-time-performance-v1.parquet
1388022,2026-01-09 22:29:10+00:00,2021-03-03,https://performancedata.mbta.com/lamp/subway-on-time-performance-v1/2021-03-03-subway-on-time-performance-v1.parquet
1401368,2026-01-09 20:25:24+00:00,2021-03-04,https://performancedata.mbta.com/lamp/subway-on-time-performance-v1/2021-03-04-subway-on-time-performance-v1.parquet
1424233,2026-01-09 23:23:45+00:00,2021-03-05,https://performancedata.mbta.com/lamp/subway-on-time-performance-v1/2021-03-05-subway-on-time-performance-v1.parquet
982949,2026-01-09 23:24:44+00:00,2021-03-06,https://performancedata.mbta.com/lamp/subway-on-time-performance-v1/2021-03-06-subway-on-time-performance-v1.parquet
852553,2026-01-09 21:42:55+00:00,2021-03-07,https://performancedata.mbta.com/lamp/subway-on-time-performance-v1/2021-03-07-subway-on-time-performance-v1.parquet
1396412,2026-01-09 20:56:29+00:00,2021-03-08,https://performancedata.mbta.com/lamp/subway-on-time-performance-v1/2021-03-08-subway-on-time-performance-v1.parquet
1407022,2026-01-09 21:54:25+00:00,2021-03-09,https://performancedata.mbta.com/lamp/subway-on-time-performance-v1/2021-03-09-subway-on-time-performance-v1.parquet
1382468,2026-01-09 20:12:22+00:00,2021-03-10,https://performancedata.mbta.com/lamp/subway-on-time-performance-v1/2021-03-10-subway-on-time-performance-v1.parquet
1368427,2026-01-09 21:36:50+00:00,2021-03-11,https://performancedata.mbta.com/lamp/subway-on-time-performance-v1/2021-03-11-subway-on-time-performance-v1.parquet
1373673,2026-01-09 19:52:37+00:00,2021-03-12,https://performancedata.mbta.com/lamp/subway-on-time-performance-v1/2021-03-12-subway-on-time-performance-v1.parquet
898882,2026-01-09 20:02:26+00:00,2021-03-13,https://performancedata.mbta.com/lamp/subway-on-time-performance-v1/2021-03-13-subway-on-time-performance-v1.parquet
807827,2026-01-09 22:53:38+00:00,2021-03-14,https://performancedata.mbta.com/lamp/subway-on-time-performance-v1/2021-03-14-subway-on-time-performance-v1.parquet
1201923,2026-01-09 20:51:42+00:00,2021-03-15,https://performancedata.mbta.com/lamp/subway-on-time-performance-v1/2021-03-15-subway-on-time-performance-v1.parquet
1189592,2026-01-09 22:21:36+00:00,2021-03-16,https://performancedata.mbta.com/lamp/subway-on-time-performance-v1/2021-03-16-subway-on-time-performance-v1.parquet
1080050,2026-01-09 21:12:22+00:00,2021-03-17,https://performancedata.mbta.com/lamp/subway-on-time-performance-v1/2021-03-17-subway-on-time-performance-v1.parquet
1254471,2026-01-09 19:54:16+00:00,2021-03-18,https://performancedata.mbta.com/lamp/subway-on-time-performance-v1/2021-03-18-subway-on-time-performance-v1.parquet
1207237,2026-01-09 20:54:12+00:00,2021-03-19,https://performancedata.mbta.com/lamp/subway-on-time-performance-v1/2021-03-19-subway-on-time-performance-v1.parquet
796174,2026-01-09 22:29:46+00:00,2021-03-20,https://performancedata.mbta.com/lamp/subway-on-time-performance-v1/2021-03-20-subway-on-time-performance-v1.parquet
708608,2026-01-09 21:23:04+00:00,2021-03-21,https://performancedata.mbta.com/lamp/subway-on-time-performance-v1/2021-03-21-subway-on-time-performance-v1.parquet
1169488,2026-01-09 22:04:02+00:00,2021-03-22,https://performancedata.mbta.com/lamp/subway-on-time-performance-v1/2021-03-22-subway-on-time-performance-v1.parquet
1173630,2026-01-09 22:18:26+00:00,2021-03-23,https://performancedata.mbta.com/lamp/subway-on-time-performance-v1/2021-03-23-subway-on-time-performance-v1.parquet
1190126,2026-01-09 22:12:06+00:00,2021-03-24,https://performancedata.mbta.com/lamp/subway-on-time-performance-v1/2021-03-24-subway-on-time-performance-v1.parquet
1222081,2026-01-09 21:05:02+00:00,2021-03-25,https://performancedata.mbta.com/lamp/subway-on-time-performance-v1/2021-03-25-subway-on-time-performance-v1.parquet
1244202,2026-01-09 21:07:33+00:00,2021-03-26,https://performancedata.mbta.com/lamp/subway-on-time-performance-v1/2021-03-26-subway-on-time-performance-v1.parquet
837805,2026-01-09 21:43:13+00:00,2021-03-27,https://performancedata.mbta.com/lamp/subway-on-time-performance-v1/2021-03-27-subway-on-time-performance-v1.parquet
729440,2026-01-09 19:53:04+00:00,2021-03-28,https://performancedata.mbta.com/lamp/subway-on-time-performance-v1/2021-03-28-subway-on-time-performance-v1.parquet
1176660,2026-01-09 22:55:19+00:00,2021-03-29,https://performancedata.mbta.com/lamp/subway-on-time-performance-v1/2021-03-29-subway-on-time-performance-v1.parquet
1212002,2026-01-09 22:46:04+00:00,2021-03-30,https://performancedata.mbta.com/lamp/subway-on-time-performance-v1/2021-03-30-subway-on-time-performance-v1.parquet
1187293,2026-01-09 23:27:34+00:00,2021-03-31,https://performancedata.mbta.com/lamp/subway-on-time-performance-v1/2021-03-31-subway-on-time-performance-v1.parquet
1194115,2026-01-09 21:44:28+00:00,2021-04-01,https://performancedata.mbta.com/lamp/subway-on-time-performance-v1/2021-04-01-subway-on-time-performance-v1.parquet
1223022,2026-01-09 20:54:47+00:00,2021-04-02,https://performancedata.mbta.com/lamp/subway-on-time-performance-v1/2021-04-02-subway-on-time-performance-v1.parquet
810696,2026-01-09 23:18:19+00:00,2021-04-03,https://performancedata.mbta.com/lamp/subway-on-time-performance-v1/2021-04-03-subway-on-time-performance-v1.parquet
835497,2026-01-09 23:33:32+00:00,2021-04-04,https://performancedata.mbta.com/lamp/subway-on-time-performance-v1/2021-04-04-subway-on-time-performance-v1.parquet
1179113,2026-01-09 21:46:33+00:00,2021-04-05,https://performancedata.mbta.com/lamp/subway-on-time-performance-v1/2021-04-05-subway-on-time-performance-v1.parquet
1186124,2026-01-09 21:15:36+00:00,2021-04-06,https://performancedata.mbta.com/lamp/subway-on-time-performance-v1/2021-04-06-subway-on-time-performance-v1.parquet
1169362,2026-01-09 21:11:48+00:00,2021-04-07,https://performancedata.mbta.com/lamp/subway-on-time-performance-v1/2021-04-07-subway-on-time-performance-v1.parquet
1195442,2026-01-09 21:34:37+00:00,2021-04-08,https://performancedata.mbta.com/lamp/subway-on-time-performance-v1/2021-04-08-subway-on-time-performance-v1.parquet
1156793,2026-01-09 20:19:28+00:00,2021-04-09,https://performancedata.mbta.com/lamp/subway-on-time-performance-v1/2021-04-09-subway-on-time-performance-v1.parquet
791032,2026-01-09 21:05:20+00:00,2021-04-10,https://performancedata.mbta.com/lamp/subway-on-time-performance-v1/2021-04-10-subway-on-time-performance-v1.parquet
712171,2026-01-09 23:15:21+00:00,2021-04-11,https://performancedata.mbta.com/lamp/subway-on-time-performance-v1/2021-04-11-subway-on-time-performance-v1.parquet
1226316,2026-01-09 21:31:30+00:00,2021-04-12,https://performancedata.mbta.com/lamp/subway-on-time-performance-v1/2021-04-12-subway-on-time-performance-v1.parquet
1235436,2026-01-09 20:18:50+00:00,2021-04-13,https://performancedata.mbta.com/lamp/subway-on-time-performance-v1/2021-04-13-subway-on-time-performance-v1.parquet
1237460,2026-01-09 21:52:37+00:00,2021-04-14,https://performancedata.mbta.com/lamp/subway-on-time-performance-v1/2021-04-14-subway-on-time-performance-v1.parquet
1243931,2026-01-09 23:14:32+00:00,2021-04-15,https://performancedata.mbta.com/lamp/subway-on-time-performance-v1/2021-04-15-subway-on-time-performance-v1.parquet
1232306,2026-01-09 23:00:38+00:00,2021-04-16,https://performancedata.mbta.com/lamp/subway-on-time-performance-v1/2021-04-16-subway-on-time-performance-v1.parquet
819620,2026-01-09 20:24:50+00:00,2021-04-17,https://performancedata.mbta.com/lamp/subway-on-time-performance-v1/2021-04-17-subway-on-time-performance-v1.parquet
726719,2026-01-09 20:47:23+00:00,2021-04-18,https://performancedata.mbta.com/lamp/subway-on-time-performance-v1/2021-04-18-subway-on-time-performance-v1.parquet
922926,2026-01-09 21:52:18+00:00,2021-04-19,https://performancedata.mbta.com/lamp/subway-on-time-performance-v1/2021-04-19-subway-on-time-performance-v1.parquet
1077158,2026-01-09 21:21:37+00:00,2021-04-20,https://performancedata.mbta.com/lamp/subway-on-time-performance-v1/2021-04-20-subway-on-time-performance-v1.parquet
1125013,2026-01-09 22:38:28+00:00,2021-04-21,https://performancedata.mbta.com/lamp/subway-on-time-performance-v1/2021-04-21-subway-on-time-performance-v1.parquet
1064884,2026-01-09 21:17:24+00:00,2021-04-22,https://performancedata.mbta.com/lamp/subway-on-time-performance-v1/2021-04-22-subway-on-time-performance-v1.parquet
1055186,2026-01-09 23:33:08+00:00,2021-04-23,https://performancedata.mbta.com/lamp/subway-on-time-performance-v1/2021-04-23-subway-on-time-performance-v1.parquet
780981,2026-01-09 23:13:24+00:00,2021-04-24,https://performancedata.mbta.com/lamp/subway-on-time-performance-v1/2021-04-24-subway-on-time-performance-v1.parquet
720891,2026-01-09 21:45:25+00:00,2021-04-25,https://performancedata.mbta.com/lamp/subway-on-time-performance-v1/2021-04-25-subway-on-time-performance-v1.parquet
1079536,2026-01-09 22:17:45+00:00,2021-04-26,https://performancedata.mbta.com/lamp/subway-on-time-performance-v1/2021-04-26-subway-on-time-performance-v1.parquet
1093389,2026-01-09 20:50:51+00:00,2021-04-27,https://performancedata.mbta.com/lamp/subway-on-time-performance-v1/2021-04-27-subway-on-time-performance-v1.parquet
1085691,2026-01-09 21:18:26+00:00,2021-04-28,https://performancedata.mbta.com/lamp/subway-on-time-performance-v1/2021-04-28-subway-on-time-performance-v1.parquet
1088160,2026-01-09 21:15:03+00:00,2021-04-29,https://performancedata.mbta.com/lamp/subway-on-time-performance-v1/2021-04-29-subway-on-time-performance-v1.parquet
1086276,2026-01-09 22:48:32+00:00,2021-04-30,https://performancedata.mbta.com/lamp/subway-on-time-performance-v1/2021-04-30-subway-on-time-performance-v1.parquet
823550,2026-01-09 20:43:06+00:00,2021-05-01,https://performancedata.mbta.com/lamp/subway-on-time-performance-v1/2021-05-01-subway-on-time-performance-v1.parquet
720418,2026-01-09 21:47:50+00:00,2021-05-02,https://performancedata.mbta.com/lamp/subway-on-time-performance-v1/2021-05-02-subway-on-time-performance-v1.parquet
1087363,2026-01-09 21:16:22+00:00,2021-05-03,https://performancedata.mbta.com/lamp/subway-on-time-performance-v1/2021-05-03-subway-on-time-performance-v1.parquet
1110584,2026-01-09 22:15:30+00:00,2021-05-04,https://performancedata.mbta.com/lamp/subway-on-time-performance-v1/2021-05-04-subway-on-time-performance-v1.parquet
1117865,2026-01-09 22:42:35+00:00,2021-05-05,https://performancedata.mbta.com/lamp/subway-on-time-performance-v1/2021-05-05-subway-on-time-performance-v1.parquet
1071332,2026-01-09 23:14:04+00:00,2021-05-06,https://performancedata.mbta.com/lamp/subway-on-time-performance-v1/2021-05-06-subway-on-time-performance-v1.parquet
1122661,2026-01-09 22:08:05+00:00,2021-05-07,https://performancedata.mbta.com/lamp/subway-on-time-performance-v1/2021-05-07-subway-on-time-performance-v1.parquet
896904,2026-01-09 22:45:18+00:00,2021-05-08,https://performancedata.mbta.com/lamp/subway-on-time-performance-v1/2021-05-08-subway-on-time-performance-v1.parquet
787069,2026-01-09 21:46:05+00:00,2021-05-09,https://performancedata.mbta.com/lamp/subway-on-time-performance-v1/2021-05-09-subway-on-time-performance-v1.parquet
1227175,2026-01-09 21:09:42+00:00,2021-05-10,https://performancedata.mbta.com/lamp/subway-on-time-performance-v1/2021-05-10-subway-on-time-performance-v1.parquet
1238887,2026-01-09 20:07:21+00:00,2021-05-11,https://performancedata.mbta.com/lamp/subway-on-time-performance-v1/2021-05-11-subway-on-time-performance-v1.parquet
1183172,2026-01-09 23:31:58+00:00,2021-05-12,https://performancedata.mbta.com/lamp/subway-on-time-performance-v1/2021-05-12-subway-on-time-performance-v1.parquet
1219289,2026-01-09 21:50:46+00:00,2021-05-13,https://performancedata.mbta.com/lamp/subway-on-time-performance-v1/2021-05-13-subway-on-time-performance-v1.parquet
1237758,2026-01-09 23:08:03+00:00,2021-05-14,https://performancedata.mbta.com/lamp/subway-on-time-performance-v1/2021-05-14-subway-on-time-performance-v1.parquet
939294,2026-01-09 23:22:10+00:00,2021-05-15,https://performancedata.mbta.com/lamp/subway-on-time-performance-v1/2021-05-15-subway-on-time-performance-v1.parquet
864965,2026-01-09 21:26:40+00:00,2021-05-16,https://performancedata.mbta.com/lamp/subway-on-time-performance-v1/2021-05-16-subway-on-time-performance-v1.parquet
1108434,2026-01-09 20:26:06+00:00,2021-05-17,https://performancedata.mbta.com/lamp/subway-on-time-performance-v1/2021-05-17-subway-on-time-performance-v1.parquet
990595,2026-01-09 21:01:53+00:00,2021-05-18,https://performancedata.mbta.com/lamp/subway-on-time-performance-v1/2021-05-18-subway-on-time-performance-v1.parquet
1079556,2026-01-09 22:40:01+00:00,2021-05-19,https://performancedata.mbta.com/lamp/subway-on-time-performance-v1/2021-05-19-subway-on-time-performance-v1.parquet
1089288,2026-01-09 21:58:31+00:00,2021-05-20,https://performancedata.mbta.com/lamp/subway-on-time-performance-v1/2021-05-20-subway-on-time-performance-v1.parquet
1081569,2026-01-09 20:24:56+00:00,2021-05-21,https://performancedata.mbta.com/lamp/subway-on-time-performance-v1/2021-05-21-subway-on-time-performance-v1.parquet
845507,2026-01-09 19:54:21+00:00,2021-05-22,https://performancedata.mbta.com/lamp/subway-on-time-performance-v1/2021-05-22-subway-on-time-performance-v1.parquet
749984,2026-01-09 22:13:42+00:00,2021-05-23,https://performancedata.mbta.com/lamp/subway-on-time-performance-v1/2021-05-23-subway-on-time-performance-v1.parquet
1119081,2026-01-09 21:47:40+00:00,2021-05-24,https://performancedata.mbta.com/lamp/subway-on-time-performance-v1/2021-05-24-subway-on-time-performance-v1.parquet
1100370,2026-01-09 23:21:14+00:00,2021-05-25,https://performancedata.mbta.com/lamp/subway-on-time-performance-v1/2021-05-25-subway-on-time-performance-v1.parquet
1078681,2026-01-09 23:00:55+00:00,2021-05-26,https://performancedata.mbta.com/lamp/subway-on-time-performance-v1/2021-05-26-subway-on-time-performance-v1.parquet
1075769,2026-01-09 20:44:14+00:00,2021-05-27,https://performancedata.mbta.com/lamp/subway-on-time-performance-v1/2021-05-27-subway-on-time-performance-v1.parquet
1115859,2026-01-09 21:11:30+00:00,2021-05-28,https://performancedata.mbta.com/lamp/subway-on-time-performance-v1/2021-05-28-subway-on-time-performance-v1.parquet
856561,2026-01-09 21:53:16+00:00,2021-05-29,https://performancedata.mbta.com/lamp/subway-on-time-performance-v1/2021-05-29-subway-on-time-performance-v1.parquet
780264,2026-01-09 22:41:44+00:00,2021-05-30,https://performancedata.mbta.com/lamp/subway-on-time-performance-v1/2021-05-30-subway-on-time-performance-v1.parquet
832283,2026-01-09 23:18:08+00:00,2021-05-31,https://performancedata.mbta.com/lamp/subway-on-time-performance-v1/2021-05-31-subway-on-time-performance-v1.parquet
1105993,2026-01-09 19:53:19+00:00,2021-06-01,https://performancedata.mbta.com/lamp/subway-on-time-performance-v1/2021-06-01-subway-on-time-performance-v1.parquet
1103724,2026-01-09 21:06:13+00:00,2021-06-02,https://performancedata.mbta.com/lamp/subway-on-time-performance-v1/2021-06-02-subway-on-time-performance-v1.parquet
1076049,2026-01-09 20:51:03+00:00,2021-06-03,https://performancedata.mbta.com/lamp/subway-on-time-performance-v1/2021-06-03-subway-on-time-performance-v1.parquet
1089204,2026-01-09 21:16:29+00:00,2021-06-04,https://performancedata.mbta.com/lamp/subway-on-time-performance-v1/2021-06-04-subway-on-time-performance-v1.parquet
821974,2026-01-09 23:19:27+00:00,2021-06-05,https://performancedata.mbta.com/lamp/subway-on-time-performance-v1/2021-06-05-subway-on-time-performance-v1.parquet
744008,2026-01-09 21:29:25+00:00,2021-06-06,https://performancedata.mbta.com/lamp/subway-on-time-performance-v1/2021-06-06-subway-on-time-performance-v1.parquet
1094295,2026-01-09 22:40:56+00:00,2021-06-07,https://performancedata.mbta.com/lamp/subway-on-time-performance-v1/2021-06-07-subway-on-time-performance-v1.parquet
1082702,2026-01-09 23:30:40+00:00,2021-06-08,https://performancedata.mbta.com/lamp/subway-on-time-performance-v1/2021-06-08-subway-on-time-performance-v1.parquet
1101115,2026-01-09 19:59:28+00:00,2021-06-09,https://performancedata.mbta.com/lamp/subway-on-time-performance-v1/2021-06-09-subway-on-time-performance-v1.parquet
1078316,2026-01-09 20:36:10+00:00,2021-06-10,https://performancedata.mbta.com/lamp/subway-on-time-performance-v1/2021-06-10-subway-on-time-performance-v1.parquet
1118649,2026-01-09 21:50:40+00:00,2021-06-11,https://performancedata.mbta.com/lamp/subway-on-time-performance-v1/2021-06-11-subway-on-time-performance-v1.parquet
848800,2026-01-09 20:07:39+00:00,2021-06-12,https://performancedata.mbta.com/lamp/subway-on-time-performance-v1/2021-06-12-subway-on-time-performance-v1.parquet
761869,2026-01-09 20:27:13+00:00,2021-06-13,https://performancedata.mbta.com/lamp/subway-on-time-performance-v1/2021-06-13-subway-on-time-performance-v1.parquet
1069955,2026-01-09 22:07:15+00:00,2021-06-14,https://performancedata.mbta.com/lamp/subway-on-time-performance-v1/2021-06-14-subway-on-time-performance-v1.parquet
1089101,2026-01-09 22:27:33+00:00,2021-06-15,https://performancedata.mbta.com/lamp/subway-on-time-performance-v1/2021-06-15-subway-on-time-performance-v1.parquet
1098065,2026-01-09 23:34:55+00:00,2021-06-16,https://performancedata.mbta.com/lamp/subway-on-time-performance-v1/2021-06-16-subway-on-time-performance-v1.parquet
1088714,2026-01-09 22:59:55+00:00,2021-06-17,https://performancedata.mbta.com/lamp/subway-on-time-performance-v1/2021-06-17-subway-on-time-performance-v1.parquet
1120288,2026-01-09 23:12:03+00:00,2021-06-18,https://performancedata.mbta.com/lamp/subway-on-time-performance-v1/2021-06-18-subway-on-time-performance-v1.parquet
932579,2026-01-09 20:02:21+00:00,2021-06-19,https://performancedata.mbta.com/lamp/subway-on-time-performance-v1/2021-06-19-subway-on-time-performance-v1.parquet
911128,2026-01-09 22:56:22+00:00,2021-06-20,https://performancedata.mbta.com/lamp/subway-on-time-performance-v1/2021-06-20-subway-on-time-performance-v1.parquet
1345291,2026-01-09 20:30:02+00:00,2021-06-21,https://performancedata.mbta.com/lamp/subway-on-time-performance-v1/2021-06-21-subway-on-time-performance-v1.parquet
1328514,2026-01-09 23:21:28+00:00,2021-06-22,https://performancedata.mbta.com/lamp/subway-on-time-performance-v1/2021-06-22-subway-on-time-performance-v1.parquet
1334094,2026-01-09 23:20:10+00:00,2021-06-23,https://performancedata.mbta.com/lamp/subway-on-time-performance-v1/2021-06-23-subway-on-time-performance-v1.parquet
1219278,2026-01-09 19:55:36+00:00,2021-06-24,https://performancedata.mbta.com/lamp/subway-on-time-performance-v1/2021-06-24-subway-on-time-performance-v1.parquet
1234146,2026-01-09 21:03:01+00:00,2021-06-25,https://performancedata.mbta.com/lamp/subway-on-time-performance-v1/2021-06-25-subway-on-time-performance-v1.parquet
846204,2026-01-09 23:27:46+00:00,2021-06-26,https://performancedata.mbta.com/lamp/subway-on-time-performance-v1/2021-06-26-subway-on-time-performance-v1.parquet
787465,2026-01-09 19:43:38+00:00,2021-06-27,https://performancedata.mbta.com/lamp/subway-on-time-performance-v1/2021-06-27-subway-on-time-performance-v1.parquet
1072434,2026-01-09 22:04:41+00:00,2021-06-28,https://performancedata.mbta.com/lamp/subway-on-time-performance-v1/2021-06-28-subway-on-time-performance-v1.parquet
1060130,2026-01-09 22:03:50+00:00,2021-06-29,https://performancedata.mbta.com/lamp/subway-on-time-performance-v1/2021-06-29-subway-on-time-performance-v1.parquet
1120522,2026-01-09 23:30:28+00:00,2021-06-30,https://performancedata.mbta.com/lamp/subway-on-time-performance-v1/2021-06-30-subway-on-time-performance-v1.parquet
1157660,2026-01-09 21:27:56+00:00,2021-07-01,https://performancedata.mbta.com/lamp/subway-on-time-performance-v1/2021-07-01-subway-on-time-performance-v1.parquet
1225102,2026-01-09 21:53:58+00:00,2021-07-02,https://performancedata.mbta.com/lamp/subway-on-time-performance-v1/2021-07-02-subway-on-time-performance-v1.parquet
1236975,2026-01-09 20:50:09+00:00,2021-07-03,https://performancedata.mbta.com/lamp/subway-on-time-performance-v1/2021-07-03-subway-on-time-performance-v1.parquet
1102347,2026-01-09 19:55:11+00:00,2021-07-04,https://performancedata.mbta.com/lamp/subway-on-time-performance-v1/2021-07-04-subway-on-time-performance-v1.parquet
1220952,2026-01-09 22:51:03+00:00,2021-07-05,https://performancedata.mbta.com/lamp/subway-on-time-performance-v1/2021-07-05-subway-on-time-performance-v1.parquet
1331452,2026-01-09 20:19:59+00:00,2021-07-06,https://performancedata.mbta.com/lamp/subway-on-time-performance-v1/2021-07-06-subway-on-time-performance-v1.parquet
1332031,2026-01-09 23:22:05+00:00,2021-07-07,https://performancedata.mbta.com/lamp/subway-on-time-performance-v1/2021-07-07-subway-on-time-performance-v1.parquet
1389007,2026-01-09 23:20:47+00:00,2021-07-08,https://performancedata.mbta.com/lamp/subway-on-time-performance-v1/2021-07-08-subway-on-time-performance-v1.parquet
1352370,2026-01-09 22:06:10+00:00,2021-07-09,https://performancedata.mbta.com/lamp/subway-on-time-performance-v1/2021-07-09-subway-on-time-performance-v1.parquet
877512,2026-01-09 22:33:44+00:00,2021-07-10,https://performancedata.mbta.com/lamp/subway-on-time-performance-v1/2021-07-10-subway-on-time-performance-v1.parquet
809261,2026-01-09 20:23:50+00:00,2021-07-11,https://performancedata.mbta.com/lamp/subway-on-time-performance-v1/2021-07-11-subway-on-time-performance-v1.parquet
1312497,2026-01-09 23:06:46+00:00,2021-07-12,https://performancedata.mbta.com/lamp/subway-on-time-performance-v1/2021-07-12-subway-on-time-performance-v1.parquet
1310238,2026-01-09 20:19:52+00:00,2021-07-13,https://performancedata.mbta.com/lamp/subway-on-time-performance-v1/2021-07-13-subway-on-time-performance-v1.parquet
1307064,2026-01-09 22:48:20+00:00,2021-07-14,https://performancedata.mbta.com/lamp/subway-on-time-performance-v1/2021-07-14-subway-on-time-performance-v1.parquet
1307061,2026-01-09 23:34:23+00:00,2021-07-15,https://performancedata.mbta.com/lamp/subway-on-time-performance-v1/2021-07-15-subway-on-time-performance-v1.parquet
1278327,2026-01-09 20:53:59+00:00,2021-07-16,https://performancedata.mbta.com/lamp/subway-on-time-performance-v1/2021-07-16-subway-on-time-performance-v1.parquet
881437,2026-01-09 22:33:26+00:00,2021-07-17,https://performancedata.mbta.com/lamp/subway-on-time-performance-v1/2021-07-17-subway-on-time-performance-v1.parquet
800640,2026-01-09 22:25:02+00:00,2021-07-18,https://performancedata.mbta.com/lamp/subway-on-time-performance-v1/2021-07-18-subway-on-time-performance-v1.parquet
1281279,2026-01-09 22:21:22+00:00,2021-07-19,https://performancedata.mbta.com/lamp/subway-on-time-performance-v1/2021-07-19-subway-on-time-performance-v1.parquet
1313975,2026-01-09 21:55:52+00:00,2021-07-20,https://performancedata.mbta.com/lamp/subway-on-time-performance-v1/2021-07-20-subway-on-time-performance-v1.parquet
1319481,2026-01-09 22:01:11+00:00,2021-07-21,https://performancedata.mbta.com/lamp/subway-on-time-performance-v1/2021-07-21-subway-on-time-performance-v1.parquet
1334537,2026-01-09 20:45:55+00:00,2021-07-22,https://performancedata.mbta.com/lamp/subway-on-time-performance-v1/2021-07-22-subway-on-time-performance-v1.parquet
1335628,2026-01-09 21:24:02+00:00,2021-07-23,https://performancedata.mbta.com/lamp/subway-on-time-performance-v1/2021-07-23-subway-on-time-performance-v1.parquet
906975,2026-01-09 22:50:45+00:00,2021-07-24,https://performancedata.mbta.com/lamp/subway-on-time-performance-v1/2021-07-24-subway-on-time-performance-v1.parquet
829258,2026-01-09 19:48:33+00:00,2021-07-25,https://performancedata.mbta.com/lamp/subway-on-time-performance-v1/2021-07-25-subway-on-time-performance-v1.parquet
1290238,2026-01-09 20:37:25+00:00,2021-07-26,https://performancedata.mbta.com/lamp/subway-on-time-performance-v1/2021-07-26-subway-on-time-performance-v1.parquet
1294836,2026-01-09 21:30:44+00:00,2021-07-27,https://performancedata.mbta.com/lamp/subway-on-time-performance-v1/2021-07-27-subway-on-time-performance-v1.parquet
1320160,2026-01-09 21:50:27+00:00,2021-07-28,https://performancedata.mbta.com/lamp/subway-on-time-performance-v1/2021-07-28-subway-on-time-performance-v1.parquet
1336588,2026-01-09 20:21:42+00:00,2021-07-29,https://performancedata.mbta.com/lamp/subway-on-time-performance-v1/2021-07-29-subway-on-time-performance-v1.parquet
1278476,2026-01-09 21:49:52+00:00,2021-07-30,https://performancedata.mbta.com/lamp/subway-on-time-performance-v1/2021-07-30-subway-on-time-performance-v1.parquet
1057600,2026-01-09 22:24:26+00:00,2021-07-31,https://performancedata.mbta.com/lamp/subway-on-time-performance-v1/2021-07-31-subway-on-time-performance-v1.parquet
1001127,2026-01-09 22:47:33+00:00,2021-08-01,https://performancedata.mbta.com/lamp/subway-on-time-performance-v1/2021-08-01-subway-on-time-performance-v1.parquet
1250117,2026-01-09 23:26:26+00:00,2021-08-02,https://performancedata.mbta.com/lamp/subway-on-time-performance-v1/2021-08-02-subway-on-time-performance-v1.parquet
1268069,2026-01-09 21:32:12+00:00,2021-08-03,https://performancedata.mbta.com/lamp/subway-on-time-performance-v1/2021-08-03-subway-on-time-performance-v1.parquet
1262808,2026-01-09 21:51:08+00:00,2021-08-04,https://performancedata.mbta.com/lamp/subway-on-time-performance-v1/2021-08-04-subway-on-time-performance-v1.parquet
1270753,2026-01-09 20:11:06+00:00,2021-08-05,https://performancedata.mbta.com/lamp/subway-on-time-performance-v1/2021-08-05-subway-on-time-performance-v1.parquet
1284808,2026-01-09 23:14:58+00:00,2021-08-06,https://performancedata.mbta.com/lamp/subway-on-time-performance-v1/2021-08-06-subway-on-time-performance-v1.parquet
844049,2026-01-09 21:20:39+00:00,2021-08-07,https://performancedata.mbta.com/lamp/subway-on-time-performance-v1/2021-08-07-subway-on-time-performance-v1.parquet
775768,2026-01-09 22:00:40+00:00,2021-08-08,https://performancedata.mbta.com/lamp/subway-on-time-performance-v1/2021-08-08-subway-on-time-performance-v1.parquet
1257537,2026-01-09 21:43:20+00:00,2021-08-09,https://performancedata.mbta.com/lamp/subway-on-time-performance-v1/2021-08-09-subway-on-time-performance-v1.parquet
1238179,2026-01-09 21:52:43+00:00,2021-08-10,https://performancedata.mbta.com/lamp/subway-on-time-performance-v1/2021-08-10-subway-on-time-performance-v1.parquet
1208810,2026-01-09 22:05:00+00:00,2021-08-11,https://performancedata.mbta.com/lamp/subway-on-time-performance-v1/2021-08-11-subway-on-time-performance-v1.parquet
1222620,2026-01-09 23:08:23+00:00,2021-08-12,https://performancedata.mbta.com/lamp/subway-on-time-performance-v1/2021-08-12-subway-on-time-performance-v1.parquet
1247291,2026-01-09 21:52:13+00:00,2021-08-13,https://performancedata.mbta.com/lamp/subway-on-time-performance-v1/2021-08-13-subway-on-time-performance-v1.parquet
821503,2026-01-09 22:38:08+00:00,2021-08-14,https://performancedata.mbta.com/lamp/subway-on-time-performance-v1/2021-08-14-subway-on-time-performance-v1.parquet
769198,2026-01-09 22:44:34+00:00,2021-08-15,https://performancedata.mbta.com/lamp/subway-on-time-performance-v1/2021-08-15-subway-on-time-performance-v1.parquet
1241820,2026-01-09 23:17:08+00:00,2021-08-16,https://performancedata.mbta.com/lamp/subway-on-time-performance-v1/2021-08-16-subway-on-time-performance-v1.parquet
1228678,2026-01-09 19:44:49+00:00,2021-08-17,https://performancedata.mbta.com/lamp/subway-on-time-performance-v1/2021-08-17-subway-on-time-performance-v1.parquet
1249450,2026-01-09 23:10:41+00:00,2021-08-18,https://performancedata.mbta.com/lamp/subway-on-time-performance-v1/2021-08-18-subway-on-time-performance-v1.parquet
1237378,2026-01-09 20:32:01+00:00,2021-08-19,https://performancedata.mbta.com/lamp/subway-on-time-performance-v1/2021-08-19-subway-on-time-performance-v1.parquet
1236798,2026-01-09 22:50:39+00:00,2021-08-20,https://performancedata.mbta.com/lamp/subway-on-time-performance-v1/2021-08-20-subway-on-time-performance-v1.parquet
1042603,2026-01-09 22:17:51+00:00,2021-08-21,https://performancedata.mbta.com/lamp/subway-on-time-performance-v1/2021-08-21-subway-on-time-performance-v1.parquet
798122,2026-01-09 21:57:39+00:00,2021-08-22,https://performancedata.mbta.com/lamp/subway-on-time-performance-v1/2021-08-22-subway-on-time-performance-v1.parquet
1257182,2026-01-09 21:45:13+00:00,2021-08-23,https://performancedata.mbta.com/lamp/subway-on-time-performance-v1/2021-08-23-subway-on-time-performance-v1.parquet
1108279,2026-01-09 22:37:50+00:00,2021-08-24,https://performancedata.mbta.com/lamp/subway-on-time-performance-v1/2021-08-24-subway-on-time-performance-v1.parquet
1212721,2026-01-09 23:06:15+00:00,2021-08-25,https://performancedata.mbta.com/lamp/subway-on-time-performance-v1/2021-08-25-subway-on-time-performance-v1.parquet
1195799,2026-01-09 22:43:30+00:00,2021-08-26,https://performancedata.mbta.com/lamp/subway-on-time-performance-v1/2021-08-26-subway-on-time-performance-v1.parquet
1212432,2026-01-09 23:24:15+00:00,2021-08-27,https://performancedata.mbta.com/lamp/subway-on-time-performance-v1/2021-08-27-subway-on-time-performance-v1.parquet
791909,2026-01-09 19:50:45+00:00,2021-08-28,https://performancedata.mbta.com/lamp/subway-on-time-performance-v1/2021-08-28-subway-on-time-performance-v1.parquet
806422,2026-01-09 21:43:51+00:00,2021-08-29,https://performancedata.mbta.com/lamp/subway-on-time-performance-v1/2021-08-29-subway-on-time-performance-v1.parquet
1345319,2026-01-09 20:01:58+00:00,2021-08-30,https://performancedata.mbta.com/lamp/subway-on-time-performance-v1/2021-08-30-subway-on-time-performance-v1.parquet
1360513,2026-01-09 22:50:52+00:00,2021-08-31,https://performancedata.mbta.com/lamp/subway-on-time-performance-v1/2021-08-31-subway-on-time-performance-v1.parquet
1374054,2026-01-09 23:07:13+00:00,2021-09-01,https://performancedata.mbta.com/lamp/subway-on-time-performance-v1/2021-09-01-subway-on-time-performance-v1.parquet
1313133,2026-01-09 23:23:58+00:00,2021-09-02,https://performancedata.mbta.com/lamp/subway-on-time-performance-v1/2021-09-02-subway-on-time-performance-v1.parquet
1396081,2026-01-09 21:43:27+00:00,2021-09-03,https://performancedata.mbta.com/lamp/subway-on-time-performance-v1/2021-09-03-subway-on-time-performance-v1.parquet
1092919,2026-01-09 21:41:09+00:00,2021-09-04,https://performancedata.mbta.com/lamp/subway-on-time-performance-v1/2021-09-04-subway-on-time-performance-v1.parquet
992997,2026-01-09 23:04:18+00:00,2021-09-05,https://performancedata.mbta.com/lamp/subway-on-time-performance-v1/2021-09-05-subway-on-time-performance-v1.parquet
1043901,2026-01-09 21:58:25+00:00,2021-09-06,https://performancedata.mbta.com/lamp/subway-on-time-performance-v1/2021-09-06-subway-on-time-performance-v1.parquet
1331732,2026-01-09 23:03:57+00:00,2021-09-07,https://performancedata.mbta.com/lamp/subway-on-time-performance-v1/2021-09-07-subway-on-time-performance-v1.parquet
1364569,2026-01-09 21:45:47+00:00,2021-09-08,https://performancedata.mbta.com/lamp/subway-on-time-performance-v1/2021-09-08-subway-on-time-performance-v1.parquet
1348330,2026-01-09 22:00:58+00:00,2021-09-09,https://performancedata.mbta.com/lamp/subway-on-time-performance-v1/2021-09-09-subway-on-time-performance-v1.parquet
1329733,2026-01-09 19:38:42+00:00,2021-09-10,https://performancedata.mbta.com/lamp/subway-on-time-performance-v1/2021-09-10-subway-on-time-performance-v1.parquet
919913,2026-01-09 21:01:03+00:00,2021-09-11,https://performancedata.mbta.com/lamp/subway-on-time-performance-v1/2021-09-11-subway-on-time-performance-v1.parquet
836727,2026-01-09 21:36:04+00:00,2021-09-12,https://performancedata.mbta.com/lamp/subway-on-time-performance-v1/2021-09-12-subway-on-time-performance-v1.parquet
1338629,2026-01-09 21:29:01+00:00,2021-09-13,https://performancedata.mbta.com/lamp/subway-on-time-performance-v1/2021-09-13-subway-on-time-performance-v1.parquet
1342589,2026-01-09 21:41:20+00:00,2021-09-14,https://performancedata.mbta.com/lamp/subway-on-time-performance-v1/2021-09-14-subway-on-time-performance-v1.parquet
1368650,2026-01-09 21:02:31+00:00,2021-09-15,https://performancedata.mbta.com/lamp/subway-on-time-performance-v1/2021-09-15-subway-on-time-performance-v1.parquet
1393027,2026-01-09 21:45:07+00:00,2021-09-16,https://performancedata.mbta.com/lamp/subway-on-time-performance-v1/2021-09-16-subway-on-time-performance-v1.parquet
1387909,2026-01-09 21:37:49+00:00,2021-09-17,https://performancedata.mbta.com/lamp/subway-on-time-performance-v1/2021-09-17-subway-on-time-performance-v1.parquet
987852,2026-01-09 22:23:00+00:00,2021-09-18,https://performancedata.mbta.com/lamp/subway-on-time-performance-v1/2021-09-18-subway-on-time-performance-v1.parquet
881592,2026-01-09 22:06:46+00:00,2021-09-19,https://performancedata.mbta.com/lamp/subway-on-time-performance-v1/2021-09-19-subway-on-time-performance-v1.parquet
1346001,2026-01-09 21:21:20+00:00,2021-09-20,https://performancedata.mbta.com/lamp/subway-on-time-performance-v1/2021-09-20-subway-on-time-performance-v1.parquet
1325529,2026-01-09 22:53:45+00:00,2021-09-21,https://performancedata.mbta.com/lamp/subway-on-time-performance-v1/2021-09-21-subway-on-time-performance-v1.parquet
1329273,2026-01-09 21:52:59+00:00,2021-09-22,https://performancedata.mbta.com/lamp/subway-on-time-performance-v1/2021-09-22-subway-on-time-performance-v1.parquet
1337539,2026-01-09 22:22:01+00:00,2021-09-23,https://performancedata.mbta.com/lamp/subway-on-time-performance-v1/2021-09-23-subway-on-time-performance-v1.parquet
1371988,2026-01-09 20:09:18+00:00,2021-09-24,https://performancedata.mbta.com/lamp/subway-on-time-performance-v1/2021-09-24-subway-on-time-performance-v1.parquet
928871,2026-01-09 20:14:11+00:00,2021-09-25,https://performancedata.mbta.com/lamp/subway-on-time-performance-v1/2021-09-25-subway-on-time-performance-v1.parquet
831279,2026-01-09 22:40:23+00:00,2021-09-26,https://performancedata.mbta.com/lamp/subway-on-time-performance-v1/2021-09-26-subway-on-time-performance-v1.parquet
1358980,2026-01-09 22:30:44+00:00,2021-09-27,https://performancedata.mbta.com/lamp/subway-on-time-performance-v1/2021-09-27-subway-on-time-performance-v1.parquet
1327399,2026-01-09 20:38:52+00:00,2021-09-28,https://performancedata.mbta.com/lamp/subway-on-time-performance-v1/2021-09-28-subway-on-time-performance-v1.parquet
1385004,2026-01-09 23:30:35+00:00,2021-09-29,https://performancedata.mbta.com/lamp/subway-on-time-performance-v1/2021-09-29-subway-on-time-performance-v1.parquet
1362440,2026-01-09 22:25:59+00:00,2021-09-30,https://performancedata.mbta.com/lamp/subway-on-time-performance-v1/2021-09-30-subway-on-time-performance-v1.parquet
1320682,2026-01-09 21:27:46+00:00,2021-10-01,https://performancedata.mbta.com/lamp/subway-on-time-performance-v1/2021-10-01-subway-on-time-performance-v1.parquet
939183,2026-01-09 21:42:39+00:00,2021-10-02,https://performancedata.mbta.com/lamp/subway-on-time-performance-v1/2021-10-02-subway-on-time-performance-v1.parquet
854790,2026-01-09 23:00:32+00:00,2021-10-03,https://performancedata.mbta.com/lamp/subway-on-time-performance-v1/2021-10-03-subway-on-time-performance-v1.parquet
1381533,2026-01-09 21:34:15+00:00,2021-10-04,https://performancedata.mbta.com/lamp/subway-on-time-performance-v1/2021-10-04-subway-on-time-performance-v1.parquet
1392423,2026-01-09 20:07:28+00:00,2021-10-05,https://performancedata.mbta.com/lamp/subway-on-time-performance-v1/2021-10-05-subway-on-time-performance-v1.parquet
1393805,2026-01-09 22:21:29+00:00,2021-10-06,https://performancedata.mbta.com/lamp/subway-on-time-performance-v1/2021-10-06-subway-on-time-performance-v1.parquet
1389373,2026-01-09 21:36:29+00:00,2021-10-07,https://performancedata.mbta.com/lamp/subway-on-time-performance-v1/2021-10-07-subway-on-time-performance-v1.parquet
1353405,2026-01-09 21:37:56+00:00,2021-10-08,https://performancedata.mbta.com/lamp/subway-on-time-performance-v1/2021-10-08-subway-on-time-performance-v1.parquet
1132673,2026-01-09 22:03:04+00:00,2021-10-09,https://performancedata.mbta.com/lamp/subway-on-time-performance-v1/2021-10-09-subway-on-time-performance-v1.parquet
1081459,2026-01-09 20:21:01+00:00,2021-10-10,https://performancedata.mbta.com/lamp/subway-on-time-performance-v1/2021-10-10-subway-on-time-performance-v1.parquet
1329865,2026-01-09 22:20:28+00:00,2021-10-11,https://performancedata.mbta.com/lamp/subway-on-time-performance-v1/2021-10-11-subway-on-time-performance-v1.parquet
1376056,2026-01-09 22:56:29+00:00,2021-10-12,https://performancedata.mbta.com/lamp/subway-on-time-performance-v1/2021-10-12-subway-on-time-performance-v1.parquet
1356431,2026-01-09 20:38:15+00:00,2021-10-13,https://performancedata.mbta.com/lamp/subway-on-time-performance-v1/2021-10-13-subway-on-time-performance-v1.parquet
1381854,2026-01-09 23:38:53+00:00,2021-10-14,https://performancedata.mbta.com/lamp/subway-on-time-performance-v1/2021-10-14-subway-on-time-performance-v1.parquet
1354759,2026-01-09 20:33:02+00:00,2021-10-15,https://performancedata.mbta.com/lamp/subway-on-time-performance-v1/2021-10-15-subway-on-time-performance-v1.parquet
914736,2026-01-09 22:20:52+00:00,2021-10-16,https://performancedata.mbta.com/lamp/subway-on-time-performance-v1/2021-10-16-subway-on-time-performance-v1.parquet
822001,2026-01-09 21:23:09+00:00,2021-10-17,https://performancedata.mbta.com/lamp/subway-on-time-performance-v1/2021-10-17-subway-on-time-performance-v1.parquet
1347908,2026-01-09 19:48:22+00:00,2021-10-18,https://performancedata.mbta.com/lamp/subway-on-time-performance-v1/2021-10-18-subway-on-time-performance-v1.parquet
1345305,2026-01-09 23:10:10+00:00,2021-10-19,https://performancedata.mbta.com/lamp/subway-on-time-performance-v1/2021-10-19-subway-on-time-performance-v1.parquet
1364316,2026-01-09 21:07:55+00:00,2021-10-20,https://performancedata.mbta.com/lamp/subway-on-time-performance-v1/2021-10-20-subway-on-time-performance-v1.parquet
1382458,2026-01-09 23:19:52+00:00,2021-10-21,https://performancedata.mbta.com/lamp/subway-on-time-performance-v1/2021-10-21-subway-on-time-performance-v1.parquet
1341000,2026-01-09 20:31:16+00:00,2021-10-22,https://performancedata.mbta.com/lamp/subway-on-time-performance-v1/2021-10-22-subway-on-time-performance-v1.parquet
900868,2026-01-09 22:10:08+00:00,2021-10-23,https://performancedata.mbta.com/lamp/subway-on-time-performance-v1/2021-10-23-subway-on-time-performance-v1.parquet
840003,2026-01-09 21:49:57+00:00,2021-10-24,https://performancedata.mbta.com/lamp/subway-on-time-performance-v1/2021-10-24-subway-on-time-performance-v1.parquet
1341583,2026-01-09 22:21:54+00:00,2021-10-25,https://performancedata.mbta.com/lamp/subway-on-time-performance-v1/2021-10-25-subway-on-time-performance-v1.parquet
1386103,2026-01-09 21:24:45+00:00,2021-10-26,https://performancedata.mbta.com/lamp/subway-on-time-performance-v1/2021-10-26-subway-on-time-performance-v1.parquet
1247224,2026-01-09 21:37:42+00:00,2021-10-27,https://performancedata.mbta.com/lamp/subway-on-time-performance-v1/2021-10-27-subway-on-time-performance-v1.parquet
1344869,2026-01-09 22:54:54+00:00,2021-10-28,https://performancedata.mbta.com/lamp/subway-on-time-performance-v1/2021-10-28-subway-on-time-performance-v1.parquet
1345448,2026-01-09 21:41:34+00:00,2021-10-29,https://performancedata.mbta.com/lamp/subway-on-time-performance-v1/2021-10-29-subway-on-time-performance-v1.parquet
786301,2026-01-09 21:17:35+00:00,2021-10-30,https://performancedata.mbta.com/lamp/subway-on-time-performance-v1/2021-10-30-subway-on-time-performance-v1.parquet
735470,2026-01-09 23:36:44+00:00,2021-10-31,https://performancedata.mbta.com/lamp/subway-on-time-performance-v1/2021-10-31-subway-on-time-performance-v1.parquet
1314683,2026-01-09 22:52:01+00:00,2021-11-01,https://performancedata.mbta.com/lamp/subway-on-time-performance-v1/2021-11-01-subway-on-time-performance-v1.parquet
1361323,2026-01-09 21:19:57+00:00,2021-11-02,https://performancedata.mbta.com/lamp/subway-on-time-performance-v1/2021-11-02-subway-on-time-performance-v1.parquet
1338421,2026-01-09 20:07:59+00:00,2021-11-03,https://performancedata.mbta.com/lamp/subway-on-time-performance-v1/2021-11-03-subway-on-time-performance-v1.parquet
1349036,2026-01-09 20:22:00+00:00,2021-11-04,https://performancedata.mbta.com/lamp/subway-on-time-performance-v1/2021-11-04-subway-on-time-performance-v1.parquet
1318338,2026-01-09 22:25:47+00:00,2021-11-05,https://performancedata.mbta.com/lamp/subway-on-time-performance-v1/2021-11-05-subway-on-time-performance-v1.parquet
850614,2026-01-09 19:45:02+00:00,2021-11-06,https://performancedata.mbta.com/lamp/subway-on-time-performance-v1/2021-11-06-subway-on-time-performance-v1.parquet
781978,2026-01-09 22:54:59+00:00,2021-11-07,https://performancedata.mbta.com/lamp/subway-on-time-performance-v1/2021-11-07-subway-on-time-performance-v1.parquet
1367208,2026-01-09 21:20:10+00:00,2021-11-08,https://performancedata.mbta.com/lamp/subway-on-time-performance-v1/2021-11-08-subway-on-time-performance-v1.parquet
1371866,2026-01-09 21:48:13+00:00,2021-11-09,https://performancedata.mbta.com/lamp/subway-on-time-performance-v1/2021-11-09-subway-on-time-performance-v1.parquet
1395177,2026-01-09 20:00:56+00:00,2021-11-10,https://performancedata.mbta.com/lamp/subway-on-time-performance-v1/2021-11-10-subway-on-time-performance-v1.parquet
1361218,2026-01-09 21:01:17+00:00,2021-11-11,https://performancedata.mbta.com/lamp/subway-on-time-performance-v1/2021-11-11-subway-on-time-performance-v1.parquet
1297983,2026-01-09 19:56:34+00:00,2021-11-12,https://performancedata.mbta.com/lamp/subway-on-time-performance-v1/2021-11-12-subway-on-time-performance-v1.parquet
751547,2026-01-09 21:14:52+00:00,2021-11-13,https://performancedata.mbta.com/lamp/subway-on-time-performance-v1/2021-11-13-subway-on-time-performance-v1.parquet
692811,2026-01-09 23:30:22+00:00,2021-11-14,https://performancedata.mbta.com/lamp/subway-on-time-performance-v1/2021-11-14-subway-on-time-performance-v1.parquet
1321863,2026-01-09 21:53:23+00:00,2021-11-15,https://performancedata.mbta.com/lamp/subway-on-time-performance-v1/2021-11-15-subway-on-time-performance-v1.parquet
1319929,2026-01-09 22:25:34+00:00,2021-11-16,https://performancedata.mbta.com/lamp/subway-on-time-performance-v1/2021-11-16-subway-on-time-performance-v1.parquet
1339541,2026-01-09 21:23:30+00:00,2021-11-17,https://performancedata.mbta.com/lamp/subway-on-time-performance-v1/2021-11-17-subway-on-time-performance-v1.parquet
1331792,2026-01-09 20:24:05+00:00,2021-11-18,https://performancedata.mbta.com/lamp/subway-on-time-performance-v1/2021-11-18-subway-on-time-performance-v1.parquet
1305961,2026-01-09 21:37:21+00:00,2021-11-19,https://performancedata.mbta.com/lamp/subway-on-time-performance-v1/2021-11-19-subway-on-time-performance-v1.parquet
924565,2026-01-09 21:54:35+00:00,2021-11-20,https://performancedata.mbta.com/lamp/subway-on-time-performance-v1/2021-11-20-subway-on-time-performance-v1.parquet
881886,2026-01-09 21:43:56+00:00,2021-11-21,https://performancedata.mbta.com/lamp/subway-on-time-performance-v1/2021-11-21-subway-on-time-performance-v1.parquet
1288513,2026-01-09 22:05:25+00:00,2021-11-22,https://performancedata.mbta.com/lamp/subway-on-time-performance-v1/2021-11-22-subway-on-time-performance-v1.parquet
1312877,2026-01-09 20:25:17+00:00,2021-11-23,https://performancedata.mbta.com/lamp/subway-on-time-performance-v1/2021-11-23-subway-on-time-performance-v1.parquet
1358637,2026-01-09 20:04:24+00:00,2021-11-24,https://performancedata.mbta.com/lamp/subway-on-time-performance-v1/2021-11-24-subway-on-time-performance-v1.parquet
1008227,2026-01-09 20:29:37+00:00,2021-11-25,https://performancedata.mbta.com/lamp/subway-on-time-performance-v1/2021-11-25-subway-on-time-performance-v1.parquet
1339600,2026-01-09 21:50:04+00:00,2021-11-26,https://performancedata.mbta.com/lamp/subway-on-time-performance-v1/2021-11-26-subway-on-time-performance-v1.parquet
1117464,2026-01-09 20:10:53+00:00,2021-11-27,https://performancedata.mbta.com/lamp/subway-on-time-performance-v1/2021-11-27-subway-on-time-performance-v1.parquet
1013063,2026-01-09 23:31:04+00:00,2021-11-28,https://performancedata.mbta.com/lamp/subway-on-time-performance-v1/2021-11-28-subway-on-time-performance-v1.parquet
1311983,2026-01-09 19:55:24+00:00,2021-11-29,https://performancedata.mbta.com/lamp/subway-on-time-performance-v1/2021-11-29-subway-on-time-performance-v1.parquet
1309058,2026-01-09 20:07:14+00:00,2021-11-30,https://performancedata.mbta.com/lamp/subway-on-time-performance-v1/2021-11-30-subway-on-time-performance-v1.parquet
1332037,2026-01-09 20:11:32+00:00,2021-12-01,https://performancedata.mbta.com/lamp/subway-on-time-performance-v1/2021-12-01-subway-on-time-performance-v1.parquet
1330159,2026-01-09 22:10:27+00:00,2021-12-02,https://performancedata.mbta.com/lamp/subway-on-time-performance-v1/2021-12-02-subway-on-time-performance-v1.parquet
1288964,2026-01-09 21:42:28+00:00,2021-12-03,https://performancedata.mbta.com/lamp/subway-on-time-performance-v1/2021-12-03-subway-on-time-performance-v1.parquet
935520,2026-01-09 21:20:35+00:00,2021-12-04,https://performancedata.mbta.com/lamp/subway-on-time-performance-v1/2021-12-04-subway-on-time-performance-v1.parquet
858198,2026-01-09 23:15:09+00:00,2021-12-05,https://performancedata.mbta.com/lamp/subway-on-time-performance-v1/2021-12-05-subway-on-time-performance-v1.parquet
1264141,2026-01-09 20:14:57+00:00,2021-12-06,https://performancedata.mbta.com/lamp/subway-on-time-performance-v1/2021-12-06-subway-on-time-performance-v1.parquet
1198154,2026-01-09 23:28:55+00:00,2021-12-07,https://performancedata.mbta.com/lamp/subway-on-time-performance-v1/2021-12-07-subway-on-time-performance-v1.parquet
1306065,2026-01-09 21:35:21+00:00,2021-12-08,https://performancedata.mbta.com/lamp/subway-on-time-performance-v1/2021-12-08-subway-on-time-performance-v1.parquet
1297993,2026-01-09 21:32:52+00:00,2021-12-09,https://performancedata.mbta.com/lamp/subway-on-time-performance-v1/2021-12-09-subway-on-time-performance-v1.parquet
1317227,2026-01-09 21:08:40+00:00,2021-12-10,https://performancedata.mbta.com/lamp/subway-on-time-performance-v1/2021-12-10-subway-on-time-performance-v1.parquet
983666,2026-01-09 20:50:32+00:00,2021-12-11,https://performancedata.mbta.com/lamp/subway-on-time-performance-v1/2021-12-11-subway-on-time-performance-v1.parquet
947425,2026-01-09 23:37:39+00:00,2021-12-12,https://performancedata.mbta.com/lamp/subway-on-time-performance-v1/2021-12-12-subway-on-time-performance-v1.parquet
1333216,2026-01-09 20:03:17+00:00,2021-12-13,https://performancedata.mbta.com/lamp/subway-on-time-performance-v1/2021-12-13-subway-on-time-performance-v1.parquet
1287168,2026-01-09 23:16:51+00:00,2021-12-14,https://performancedata.mbta.com/lamp/subway-on-time-performance-v1/2021-12-14-subway-on-time-performance-v1.parquet
1350875,2026-01-09 20:44:37+00:00,2021-12-15,https://performancedata.mbta.com/lamp/subway-on-time-performance-v1/2021-12-15-subway-on-time-performance-v1.parquet
1327906,2026-01-09 21:54:07+00:00,2021-12-16,https://performancedata.mbta.com/lamp/subway-on-time-performance-v1/2021-12-16-subway-on-time-performance-v1.parquet
1288158,2026-01-09 22:58:03+00:00,2021-12-17,https://performancedata.mbta.com/lamp/subway-on-time-performance-v1/2021-12-17-subway-on-time-performance-v1.parquet
998283,2026-01-09 21:27:50+00:00,2021-12-18,https://performancedata.mbta.com/lamp/subway-on-time-performance-v1/2021-12-18-subway-on-time-performance-v1.parquet
953802,2026-01-09 22:55:07+00:00,2021-12-19,https://performancedata.mbta.com/lamp/subway-on-time-performance-v1/2021-12-19-subway-on-time-performance-v1.parquet
1371085,2026-01-09 21:28:17+00:00,2021-12-20,https://performancedata.mbta.com/lamp/subway-on-time-performance-v1/2021-12-20-subway-on-time-performance-v1.parquet
1372785,2026-01-09 23:05:35+00:00,2021-12-21,https://performancedata.mbta.com/lamp/subway-on-time-performance-v1/2021-12-21-subway-on-time-performance-v1.parquet
1401015,2026-01-09 22:17:21+00:00,2021-12-22,https://performancedata.mbta.com/lamp/subway-on-time-performance-v1/2021-12-22-subway-on-time-performance-v1.parquet
1379528,2026-01-09 22:20:47+00:00,2021-12-23,https://performancedata.mbta.com/lamp/subway-on-time-performance-v1/2021-12-23-subway-on-time-performance-v1.parquet
1138579,2026-01-09 23:33:21+00:00,2021-12-24,https://performancedata.mbta.com/lamp/subway-on-time-performance-v1/2021-12-24-subway-on-time-performance-v1.parquet
1033651,2026-01-09 21:40:44+00:00,2021-12-25,https://performancedata.mbta.com/lamp/subway-on-time-performance-v1/2021-12-25-subway-on-time-performance-v1.parquet
1032158,2026-01-09 21:08:54+00:00,2021-12-26,https://performancedata.mbta.com/lamp/subway-on-time-performance-v1/2021-12-26-subway-on-time-performance-v1.parquet
1364835,2026-01-09 22:46:59+00:00,2021-12-27,https://performancedata.mbta.com/lamp/subway-on-time-performance-v1/2021-12-27-subway-on-time-performance-v1.parquet
1365351,2026-01-09 21:18:34+00:00,2021-12-28,https://performancedata.mbta.com/lamp/subway-on-time-performance-v1/2021-12-28-subway-on-time-performance-v1.parquet
1345980,2026-01-09 22:07:46+00:00,2021-12-29,https://performancedata.mbta.com/lamp/subway-on-time-performance-v1/2021-12-29-subway-on-time-performance-v1.parquet
1332348,2026-01-09 23:19:46+00:00,2021-12-30,https://performancedata.mbta.com/lamp/subway-on-time-performance-v1/2021-12-30-subway-on-time-performance-v1.parquet
1421261,2026-01-09 21:18:41+00:00,2021-12-31,https://performancedata.mbta.com/lamp/subway-on-time-performance-v1/2021-12-31-subway-on-time-performance-v1.parquet
990515,2026-01-09 21:16:10+00:00,2022-01-01,https://performancedata.mbta.com/lamp/subway-on-time-performance-v1/2022-01-01-subway-on-time-performance-v1.parquet
1010768,2026-01-09 21:31:23+00:00,2022-01-02,https://performancedata.mbta.com/lamp/subway-on-time-performance-v1/2022-01-02-subway-on-time-performance-v1.parquet
1307761,2026-01-09 22:49:16+00:00,2022-01-03,https://performancedata.mbta.com/lamp/subway-on-time-performance-v1/2022-01-03-subway-on-time-performance-v1.parquet
1271828,2026-01-09 20:25:11+00:00,2022-01-04,https://performancedata.mbta.com/lamp/subway-on-time-performance-v1/2022-01-04-subway-on-time-performance-v1.parquet
1330954,2026-01-09 22:58:21+00:00,2022-01-05,https://performancedata.mbta.com/lamp/subway-on-time-performance-v1/2022-01-05-subway-on-time-performance-v1.parquet
1410538,2026-01-09 21:57:28+00:00,2022-01-06,https://performancedata.mbta.com/lamp/subway-on-time-performance-v1/2022-01-06-subway-on-time-performance-v1.parquet
1212634,2026-01-09 19:43:19+00:00,2022-01-07,https://performancedata.mbta.com/lamp/subway-on-time-performance-v1/2022-01-07-subway-on-time-performance-v1.parquet
1570841,2026-01-09 22:32:05+00:00,2022-01-08,https://performancedata.mbta.com/lamp/subway-on-time-performance-v1/2022-01-08-subway-on-time-performance-v1.parquet
1027675,2026-01-09 19:51:19+00:00,2022-01-09,https://performancedata.mbta.com/lamp/subway-on-time-performance-v1/2022-01-09-subway-on-time-performance-v1.parquet
1435854,2026-01-09 22:14:08+00:00,2022-01-10,https://performancedata.mbta.com/lamp/subway-on-time-performance-v1/2022-01-10-subway-on-time-performance-v1.parquet
1432152,2026-01-09 22:49:33+00:00,2022-01-11,https://performancedata.mbta.com/lamp/subway-on-time-performance-v1/2022-01-11-subway-on-time-performance-v1.parquet
1387652,2026-01-09 22:35:31+00:00,2022-01-12,https://performancedata.mbta.com/lamp/subway-on-time-performance-v1/2022-01-12-subway-on-time-performance-v1.parquet
1353263,2026-01-09 21:56:31+00:00,2022-01-13,https://performancedata.mbta.com/lamp/subway-on-time-performance-v1/2022-01-13-subway-on-time-performance-v1.parquet
1289264,2026-01-09 19:45:35+00:00,2022-01-14,https://performancedata.mbta.com/lamp/subway-on-time-performance-v1/2022-01-14-subway-on-time-performance-v1.parquet
1062227,2026-01-09 21:09:00+00:00,2022-01-15,https://performancedata.mbta.com/lamp/subway-on-time-performance-v1/2022-01-15-subway-on-time-performance-v1.parquet
1009078,2026-01-09 23:17:24+00:00,2022-01-16,https://performancedata.mbta.com/lamp/subway-on-time-performance-v1/2022-01-16-subway-on-time-performance-v1.parquet
1101596,2026-01-09 21:03:21+00:00,2022-01-17,https://performancedata.mbta.com/lamp/subway-on-time-performance-v1/2022-01-17-subway-on-time-performance-v1.parquet
1276089,2026-01-09 21:19:04+00:00,2022-01-18,https://performancedata.mbta.com/lamp/subway-on-time-performance-v1/2022-01-18-subway-on-time-performance-v1.parquet
1314071,2026-01-09 22:30:51+00:00,2022-01-19,https://performancedata.mbta.com/lamp/subway-on-time-performance-v1/2022-01-19-subway-on-time-performance-v1.parquet
1316710,2026-01-09 21:40:23+00:00,2022-01-20,https://performancedata.mbta.com/lamp/subway-on-time-performance-v1/2022-01-20-subway-on-time-performance-v1.parquet
1268889,2026-01-09 20:06:52+00:00,2022-01-21,https://performancedata.mbta.com/lamp/subway-on-time-performance-v1/2022-01-21-subway-on-time-performance-v1.parquet
1097688,2026-01-09 23:05:07+00:00,2022-01-22,https://performancedata.mbta.com/lamp/subway-on-time-performance-v1/2022-01-22-subway-on-time-performance-v1.parquet
979902,2026-01-09 23:05:46+00:00,2022-01-23,https://performancedata.mbta.com/lamp/subway-on-time-performance-v1/2022-01-23-subway-on-time-performance-v1.parquet
1342630,2026-01-09 22:46:18+00:00,2022-01-24,https://performancedata.mbta.com/lamp/subway-on-time-performance-v1/2022-01-24-subway-on-time-performance-v1.parquet
1349954,2026-01-09 20:54:54+00:00,2022-01-25,https://performancedata.mbta.com/lamp/subway-on-time-performance-v1/2022-01-25-subway-on-time-performance-v1.parquet
1375082,2026-01-09 20:17:46+00:00,2022-01-26,https://performancedata.mbta.com/lamp/subway-on-time-performance-v1/2022-01-26-subway-on-time-performance-v1.parquet
1327630,2026-01-09 19:47:37+00:00,2022-01-27,https://performancedata.mbta.com/lamp/subway-on-time-performance-v1/2022-01-27-subway-on-time-performance-v1.parquet
1310978,2026-01-09 22:37:38+00:00,2022-01-28,https://performancedata.mbta.com/lamp/subway-on-time-performance-v1/2022-01-28-subway-on-time-performance-v1.parquet
588339,2026-01-09 21:07:15+00:00,2022-01-29,https://performancedata.mbta.com/lamp/subway-on-time-performance-v1/2022-01-29-subway-on-time-performance-v1.parquet
605333,2026-01-09 21:36:15+00:00,2022-01-30,https://performancedata.mbta.com/lamp/subway-on-time-performance-v1/2022-01-30-subway-on-time-performance-v1.parquet
1126161,2026-01-09 20:19:45+00:00,2022-01-31,https://performancedata.mbta.com/lamp/subway-on-time-performance-v1/2022-01-31-subway-on-time-performance-v1.parquet
1230701,2026-01-09 19:39:03+00:00,2022-02-01,https://performancedata.mbta.com/lamp/subway-on-time-performance-v1/2022-02-01-subway-on-time-performance-v1.parquet
1249886,2026-01-09 19:40:54+00:00,2022-02-02,https://performancedata.mbta.com/lamp/subway-on-time-performance-v1/2022-02-02-subway-on-time-performance-v1.parquet
1271788,2026-01-09 22:50:22+00:00,2022-02-03,https://performancedata.mbta.com/lamp/subway-on-time-performance-v1/2022-02-03-subway-on-time-performance-v1.parquet
1120671,2026-01-09 20:24:22+00:00,2022-02-04,https://performancedata.mbta.com/lamp/subway-on-time-performance-v1/2022-02-04-subway-on-time-performance-v1.parquet
1061198,2026-01-09 20:53:46+00:00,2022-02-05,https://performancedata.mbta.com/lamp/subway-on-time-performance-v1/2022-02-05-subway-on-time-performance-v1.parquet
991773,2026-01-09 19:53:55+00:00,2022-02-06,https://performancedata.mbta.com/lamp/subway-on-time-performance-v1/2022-02-06-subway-on-time-performance-v1.parquet
1312691,2026-01-09 21:02:19+00:00,2022-02-07,https://performancedata.mbta.com/lamp/subway-on-time-performance-v1/2022-02-07-subway-on-time-performance-v1.parquet
1313255,2026-01-09 20:40:29+00:00,2022-02-08,https://performancedata.mbta.com/lamp/subway-on-time-performance-v1/2022-02-08-subway-on-time-performance-v1.parquet
1331511,2026-01-09 19:51:15+00:00,2022-02-09,https://performancedata.mbta.com/lamp/subway-on-time-performance-v1/2022-02-09-subway-on-time-performance-v1.parquet
1313485,2026-01-09 21:06:53+00:00,2022-02-10,https://performancedata.mbta.com/lamp/subway-on-time-performance-v1/2022-02-10-subway-on-time-performance-v1.parquet
1307972,2026-01-09 20:38:32+00:00,2022-02-11,https://performancedata.mbta.com/lamp/subway-on-time-performance-v1/2022-02-11-subway-on-time-performance-v1.parquet
1068757,2026-01-09 23:38:31+00:00,2022-02-12,https://performancedata.mbta.com/lamp/subway-on-time-performance-v1/2022-02-12-subway-on-time-performance-v1.parquet
957437,2026-01-09 22:57:45+00:00,2022-02-13,https://performancedata.mbta.com/lamp/subway-on-time-performance-v1/2022-02-13-subway-on-time-performance-v1.parquet
1265088,2026-01-09 20:02:08+00:00,2022-02-14,https://performancedata.mbta.com/lamp/subway-on-time-performance-v1/2022-02-14-subway-on-time-performance-v1.parquet
1318451,2026-01-09 22:04:54+00:00,2022-02-15,https://performancedata.mbta.com/lamp/subway-on-time-performance-v1/2022-02-15-subway-on-time-performance-v1.parquet
1363162,2026-01-09 22:32:55+00:00,2022-02-16,https://performancedata.mbta.com/lamp/subway-on-time-performance-v1/2022-02-16-subway-on-time-performance-v1.parquet
1339276,2026-01-09 22:03:41+00:00,2022-02-17,https://performancedata.mbta.com/lamp/subway-on-time-performance-v1/2022-02-17-subway-on-time-performance-v1.parquet
1314063,2026-01-09 22:58:43+00:00,2022-02-18,https://performancedata.mbta.com/lamp/subway-on-time-performance-v1/2022-02-18-subway-on-time-performance-v1.parquet
966217,2026-01-09 20:50:28+00:00,2022-02-19,https://performancedata.mbta.com/lamp/subway-on-time-performance-v1/2022-02-19-subway-on-time-performance-v1.parquet
892114,2026-01-09 20:44:03+00:00,2022-02-20,https://performancedata.mbta.com/lamp/subway-on-time-performance-v1/2022-02-20-subway-on-time-performance-v1.parquet
1110415,2026-01-09 20:03:54+00:00,2022-02-21,https://performancedata.mbta.com/lamp/subway-on-time-performance-v1/2022-02-21-subway-on-time-performance-v1.parquet
1336741,2026-01-09 22:07:09+00:00,2022-02-22,https://performancedata.mbta.com/lamp/subway-on-time-performance-v1/2022-02-22-subway-on-time-performance-v1.parquet
1293852,2026-01-09 23:34:11+00:00,2022-02-23,https://performancedata.mbta.com/lamp/subway-on-time-performance-v1/2022-02-23-subway-on-time-performance-v1.parquet
1331198,2026-01-09 23:25:35+00:00,2022-02-24,https://performancedata.mbta.com/lamp/subway-on-time-performance-v1/2022-02-24-subway-on-time-performance-v1.parquet
1129505,2026-01-09 22:08:11+00:00,2022-02-25,https://performancedata.mbta.com/lamp/subway-on-time-performance-v1/2022-02-25-subway-on-time-performance-v1.parquet
1035517,2026-01-09 23:23:17+00:00,2022-02-26,https://performancedata.mbta.com/lamp/subway-on-time-performance-v1/2022-02-26-subway-on-time-performance-v1.parquet
967885,2026-01-09 21:19:18+00:00,2022-02-27,https://performancedata.mbta.com/lamp/subway-on-time-performance-v1/2022-02-27-subway-on-time-performance-v1.parquet
1302525,2026-01-09 20:48:27+00:00,2022-02-28,https://performancedata.mbta.com/lamp/subway-on-time-performance-v1/2022-02-28-subway-on-time-performance-v1.parquet
1317025,2026-01-09 21:28:48+00:00,2022-03-01,https://performancedata.mbta.com/lamp/subway-on-time-performance-v1/2022-03-01-subway-on-time-performance-v1.parquet
1258655,2026-01-09 23:17:55+00:00,2022-03-02,https://performancedata.mbta.com/lamp/subway-on-time-performance-v1/2022-03-02-subway-on-time-performance-v1.parquet
1308817,2026-01-09 20:45:20+00:00,2022-03-03,https://performancedata.mbta.com/lamp/subway-on-time-performance-v1/2022-03-03-subway-on-time-performance-v1.parquet
1315912,2026-01-09 21:59:20+00:00,2022-03-04,https://performancedata.mbta.com/lamp/subway-on-time-performance-v1/2022-03-04-subway-on-time-performance-v1.parquet
1028753,2026-01-09 21:36:43+00:00,2022-03-05,https://performancedata.mbta.com/lamp/subway-on-time-performance-v1/2022-03-05-subway-on-time-performance-v1.parquet
928642,2026-01-09 20:45:09+00:00,2022-03-06,https://performancedata.mbta.com/lamp/subway-on-time-performance-v1/2022-03-06-subway-on-time-performance-v1.parquet
1346331,2026-01-09 21:49:45+00:00,2022-03-07,https://performancedata.mbta.com/lamp/subway-on-time-performance-v1/2022-03-07-subway-on-time-performance-v1.parquet
1346318,2026-01-09 22:15:45+00:00,2022-03-08,https://performancedata.mbta.com/lamp/subway-on-time-performance-v1/2022-03-08-subway-on-time-performance-v1.parquet
1384196,2026-01-09 21:32:59+00:00,2022-03-09,https://performancedata.mbta.com/lamp/subway-on-time-performance-v1/2022-03-09-subway-on-time-performance-v1.parquet
1334361,2026-01-09 23:14:26+00:00,2022-03-10,https://performancedata.mbta.com/lamp/subway-on-time-performance-v1/2022-03-10-subway-on-time-performance-v1.parquet
1283510,2026-01-09 20:36:58+00:00,2022-03-11,https://performancedata.mbta.com/lamp/subway-on-time-performance-v1/2022-03-11-subway-on-time-performance-v1.parquet
903074,2026-01-09 20:59:33+00:00,2022-03-12,https://performancedata.mbta.com/lamp/subway-on-time-performance-v1/2022-03-12-subway-on-time-performance-v1.parquet
830901,2026-01-09 22:29:15+00:00,2022-03-13,https://performancedata.mbta.com/lamp/subway-on-time-performance-v1/2022-03-13-subway-on-time-performance-v1.parquet
1363680,2026-01-09 19:44:04+00:00,2022-03-14,https://performancedata.mbta.com/lamp/subway-on-time-performance-v1/2022-03-14-subway-on-time-performance-v1.parquet
1298614,2026-01-09 22:14:34+00:00,2022-03-15,https://performancedata.mbta.com/lamp/subway-on-time-performance-v1/2022-03-15-subway-on-time-performance-v1.parquet
1330353,2026-01-09 23:03:48+00:00,2022-03-16,https://performancedata.mbta.com/lamp/subway-on-time-performance-v1/2022-03-16-subway-on-time-performance-v1.parquet
1289102,2026-01-09 22:17:27+00:00,2022-03-17,https://performancedata.mbta.com/lamp/subway-on-time-performance-v1/2022-03-17-subway-on-time-performance-v1.parquet
1319977,2026-01-09 23:32:25+00:00,2022-03-18,https://performancedata.mbta.com/lamp/subway-on-time-performance-v1/2022-03-18-subway-on-time-performance-v1.parquet
1042267,2026-01-09 20:52:04+00:00,2022-03-19,https://performancedata.mbta.com/lamp/subway-on-time-performance-v1/2022-03-19-subway-on-time-performance-v1.parquet
1025730,2026-01-09 21:11:53+00:00,2022-03-20,https://performancedata.mbta.com/lamp/subway-on-time-performance-v1/2022-03-20-subway-on-time-performance-v1.parquet
1331358,2026-01-09 21:28:31+00:00,2022-03-21,https://performancedata.mbta.com/lamp/subway-on-time-performance-v1/2022-03-21-subway-on-time-performance-v1.parquet
1352123,2026-01-09 22:34:27+00:00,2022-03-22,https://performancedata.mbta.com/lamp/subway-on-time-performance-v1/2022-03-22-subway-on-time-performance-v1.parquet
1333130,2026-01-09 22:10:41+00:00,2022-03-23,https://performancedata.mbta.com/lamp/subway-on-time-performance-v1/2022-03-23-subway-on-time-performance-v1.parquet
1360348,2026-01-09 20:22:45+00:00,2022-03-24,https://performancedata.mbta.com/lamp/subway-on-time-performance-v1/2022-03-24-subway-on-time-performance-v1.parquet
1348592,2026-01-09 22:45:13+00:00,2022-03-25,https://performancedata.mbta.com/lamp/subway-on-time-performance-v1/2022-03-25-subway-on-time-performance-v1.parquet
892149,2026-01-09 23:36:40+00:00,2022-03-26,https://performancedata.mbta.com/lamp/subway-on-time-performance-v1/2022-03-26-subway-on-time-performance-v1.parquet
759554,2026-01-09 21:30:15+00:00,2022-03-27,https://performancedata.mbta.com/lamp/subway-on-time-performance-v1/2022-03-27-subway-on-time-performance-v1.parquet
1203897,2026-01-09 20:14:17+00:00,2022-03-28,https://performancedata.mbta.com/lamp/subway-on-time-performance-v1/2022-03-28-subway-on-time-performance-v1.parquet
1211083,2026-01-09 21:22:48+00:00,2022-03-29,https://performancedata.mbta.com/lamp/subway-on-time-performance-v1/2022-03-29-subway-on-time-performance-v1.parquet
1285355,2026-01-09 20:28:37+00:00,2022-03-30,https://performancedata.mbta.com/lamp/subway-on-time-performance-v1/2022-03-30-subway-on-time-performance-v1.parquet
1257959,2026-01-09 22:37:44+00:00,2022-03-31,https://performancedata.mbta.com/lamp/subway-on-time-performance-v1/2022-03-31-subway-on-time-performance-v1.parquet
1249674,2026-01-09 23:13:31+00:00,2022-04-01,https://performancedata.mbta.com/lamp/subway-on-time-performance-v1/2022-04-01-subway-on-time-performance-v1.parquet
966574,2026-01-09 20:10:21+00:00,2022-04-02,https://performancedata.mbta.com/lamp/subway-on-time-performance-v1/2022-04-02-subway-on-time-performance-v1.parquet
876988,2026-01-09 22:41:28+00:00,2022-04-03,https://performancedata.mbta.com/lamp/subway-on-time-performance-v1/2022-04-03-subway-on-time-performance-v1.parquet
1301523,2026-01-09 23:36:02+00:00,2022-04-04,https://performancedata.mbta.com/lamp/subway-on-time-performance-v1/2022-04-04-subway-on-time-performance-v1.parquet
1294467,2026-01-09 21:46:59+00:00,2022-04-05,https://performancedata.mbta.com/lamp/subway-on-time-performance-v1/2022-04-05-subway-on-time-performance-v1.parquet
1288370,2026-01-09 22:08:36+00:00,2022-04-06,https://performancedata.mbta.com/lamp/subway-on-time-performance-v1/2022-04-06-subway-on-time-performance-v1.parquet
1291586,2026-01-09 22:04:47+00:00,2022-04-07,https://performancedata.mbta.com/lamp/subway-on-time-performance-v1/2022-04-07-subway-on-time-performance-v1.parquet
1302332,2026-01-09 23:28:29+00:00,2022-04-08,https://performancedata.mbta.com/lamp/subway-on-time-performance-v1/2022-04-08-subway-on-time-performance-v1.parquet
1002763,2026-01-09 21:48:00+00:00,2022-04-09,https://performancedata.mbta.com/lamp/subway-on-time-performance-v1/2022-04-09-subway-on-time-performance-v1.parquet
919665,2026-01-09 20:34:53+00:00,2022-04-10,https://performancedata.mbta.com/lamp/subway-on-time-performance-v1/2022-04-10-subway-on-time-performance-v1.parquet
1370961,2026-01-09 23:38:27+00:00,2022-04-11,https://performancedata.mbta.com/lamp/subway-on-time-performance-v1/2022-04-11-subway-on-time-performance-v1.parquet
1410415,2026-01-09 21:19:38+00:00,2022-04-12,https://performancedata.mbta.com/lamp/subway-on-time-performance-v1/2022-04-12-subway-on-time-performance-v1.parquet
1388850,2026-01-09 21:37:28+00:00,2022-04-13,https://performancedata.mbta.com/lamp/subway-on-time-performance-v1/2022-04-13-subway-on-time-performance-v1.parquet
1399013,2026-01-09 21:35:38+00:00,2022-04-14,https://performancedata.mbta.com/lamp/subway-on-time-performance-v1/2022-04-14-subway-on-time-performance-v1.parquet
1392423,2026-01-09 21:40:04+00:00,2022-04-15,https://performancedata.mbta.com/lamp/subway-on-time-performance-v1/2022-04-15-subway-on-time-performance-v1.parquet
1181841,2026-01-09 22:47:50+00:00,2022-04-16,https://performancedata.mbta.com/lamp/subway-on-time-performance-v1/2022-04-16-subway-on-time-performance-v1.parquet
1036496,2026-01-09 21:34:25+00:00,2022-04-17,https://performancedata.mbta.com/lamp/subway-on-time-performance-v1/2022-04-17-subway-on-time-performance-v1.parquet
1344981,2026-01-09 22:37:31+00:00,2022-04-18,https://performancedata.mbta.com/lamp/subway-on-time-performance-v1/2022-04-18-subway-on-time-performance-v1.parquet
1374415,2026-01-09 21:21:05+00:00,2022-04-19,https://performancedata.mbta.com/lamp/subway-on-time-performance-v1/2022-04-19-subway-on-time-performance-v1.parquet
1408197,2026-01-09 20:52:26+00:00,2022-04-20,https://performancedata.mbta.com/lamp/subway-on-time-performance-v1/2022-04-20-subway-on-time-performance-v1.parquet
1372835,2026-01-09 20:15:58+00:00,2022-04-21,https://performancedata.mbta.com/lamp/subway-on-time-performance-v1/2022-04-21-subway-on-time-performance-v1.parquet
1369252,2026-01-09 19:56:01+00:00,2022-04-22,https://performancedata.mbta.com/lamp/subway-on-time-performance-v1/2022-04-22-subway-on-time-performance-v1.parquet
977557,2026-01-09 20:38:44+00:00,2022-04-23,https://performancedata.mbta.com/lamp/subway-on-time-performance-v1/2022-04-23-subway-on-time-performance-v1.parquet
1013773,2026-01-09 23:38:05+00:00,2022-04-24,https://performancedata.mbta.com/lamp/subway-on-time-performance-v1/2022-04-24-subway-on-time-performance-v1.parquet
1322536,2026-01-09 22:14:02+00:00,2022-04-25,https://performancedata.mbta.com/lamp/subway-on-time-performance-v1/2022-04-25-subway-on-time-performance-v1.parquet
1310633,2026-01-09 21:56:45+00:00,2022-04-26,https://performancedata.mbta.com/lamp/subway-on-time-performance-v1/2022-04-26-subway-on-time-performance-v1.parquet
1312912,2026-01-09 23:05:52+00:00,2022-04-27,https://performancedata.mbta.com/lamp/subway-on-time-performance-v1/2022-04-27-subway-on-time-performance-v1.parquet
1295075,2026-01-09 20:30:35+00:00,2022-04-28,https://performancedata.mbta.com/lamp/subway-on-time-performance-v1/2022-04-28-subway-on-time-performance-v1.parquet
1295367,2026-01-09 23:16:32+00:00,2022-04-29,https://performancedata.mbta.com/lamp/subway-on-time-performance-v1/2022-04-29-subway-on-time-performance-v1.parquet
1057430,2026-01-09 23:15:33+00:00,2022-04-30,https://performancedata.mbta.com/lamp/subway-on-time-performance-v1/2022-04-30-subway-on-time-performance-v1.parquet
1105319,2026-01-09 21:53:29+00:00,2022-05-01,https://performancedata.mbta.com/lamp/subway-on-time-performance-v1/2022-05-01-subway-on-time-performance-v1.parquet
1376391,2026-01-09 21:21:44+00:00,2022-05-02,https://performancedata.mbta.com/lamp/subway-on-time-performance-v1/2022-05-02-subway-on-time-performance-v1.parquet
1326342,2026-01-09 21:10:22+00:00,2022-05-03,https://performancedata.mbta.com/lamp/subway-on-time-performance-v1/2022-05-03-subway-on-time-performance-v1.parquet
1304863,2026-01-09 22:53:51+00:00,2022-05-04,https://performancedata.mbta.com/lamp/subway-on-time-performance-v1/2022-05-04-subway-on-time-performance-v1.parquet
1318485,2026-01-09 20:55:53+00:00,2022-05-05,https://performancedata.mbta.com/lamp/subway-on-time-performance-v1/2022-05-05-subway-on-time-performance-v1.parquet
1266572,2026-01-09 20:06:46+00:00,2022-05-06,https://performancedata.mbta.com/lamp/subway-on-time-performance-v1/2022-05-06-subway-on-time-performance-v1.parquet
1107970,2026-01-09 21:12:34+00:00,2022-05-07,https://performancedata.mbta.com/lamp/subway-on-time-performance-v1/2022-05-07-subway-on-time-performance-v1.parquet
1012767,2026-01-09 20:10:04+00:00,2022-05-08,https://performancedata.mbta.com/lamp/subway-on-time-performance-v1/2022-05-08-subway-on-time-performance-v1.parquet
1317419,2026-01-09 20:46:45+00:00,2022-05-09,https://performancedata.mbta.com/lamp/subway-on-time-performance-v1/2022-05-09-subway-on-time-performance-v1.parquet
1252944,2026-01-09 22:18:02+00:00,2022-05-10,https://performancedata.mbta.com/lamp/subway-on-time-performance-v1/2022-05-10-subway-on-time-performance-v1.parquet
1313869,2026-01-09 21:27:17+00:00,2022-05-11,https://performancedata.mbta.com/lamp/subway-on-time-performance-v1/2022-05-11-subway-on-time-performance-v1.parquet
1300489,2026-01-09 22:05:45+00:00,2022-05-12,https://performancedata.mbta.com/lamp/subway-on-time-performance-v1/2022-05-12-subway-on-time-performance-v1.parquet
1303275,2026-01-09 21:43:46+00:00,2022-05-13,https://performancedata.mbta.com/lamp/subway-on-time-performance-v1/2022-05-13-subway-on-time-performance-v1.parquet
1071268,2026-01-09 22:01:04+00:00,2022-05-14,https://performancedata.mbta.com/lamp/subway-on-time-performance-v1/2022-05-14-subway-on-time-performance-v1.parquet
999867,2026-01-09 19:46:53+00:00,2022-05-15,https://performancedata.mbta.com/lamp/subway-on-time-performance-v1/2022-05-15-subway-on-time-performance-v1.parquet
1302385,2026-01-09 22:38:40+00:00,2022-05-16,https://performancedata.mbta.com/lamp/subway-on-time-performance-v1/2022-05-16-subway-on-time-performance-v1.parquet
1312895,2026-01-09 23:33:54+00:00,2022-05-17,https://performancedata.mbta.com/lamp/subway-on-time-performance-v1/2022-05-17-subway-on-time-performance-v1.parquet
1361710,2026-01-09 23:00:45+00:00,2022-05-18,https://performancedata.mbta.com/lamp/subway-on-time-performance-v1/2022-05-18-subway-on-time-performance-v1.parquet
1321722,2026-01-09 22:20:41+00:00,2022-05-19,https://performancedata.mbta.com/lamp/subway-on-time-performance-v1/2022-05-19-subway-on-time-performance-v1.parquet
1339178,2026-01-09 22:19:29+00:00,2022-05-20,https://performancedata.mbta.com/lamp/subway-on-time-performance-v1/2022-05-20-subway-on-time-performance-v1.parquet
1151653,2026-01-09 19:49:25+00:00,2022-05-21,https://performancedata.mbta.com/lamp/subway-on-time-performance-v1/2022-05-21-subway-on-time-performance-v1.parquet
980994,2026-01-09 21:10:16+00:00,2022-05-22,https://performancedata.mbta.com/lamp/subway-on-time-performance-v1/2022-05-22-subway-on-time-performance-v1.parquet
1298879,2026-01-09 20:57:49+00:00,2022-05-23,https://performancedata.mbta.com/lamp/subway-on-time-performance-v1/2022-05-23-subway-on-time-performance-v1.parquet
1319752,2026-01-09 22:34:32+00:00,2022-05-24,https://performancedata.mbta.com/lamp/subway-on-time-performance-v1/2022-05-24-subway-on-time-performance-v1.parquet
1281785,2026-01-09 20:01:46+00:00,2022-05-25,https://performancedata.mbta.com/lamp/subway-on-time-performance-v1/2022-05-25-subway-on-time-performance-v1.parquet
1292331,2026-01-09 20:58:47+00:00,2022-05-26,https://performancedata.mbta.com/lamp/subway-on-time-performance-v1/2022-05-26-subway-on-time-performance-v1.parquet
1264363,2026-01-09 21:22:53+00:00,2022-05-27,https://performancedata.mbta.com/lamp/subway-on-time-performance-v1/2022-05-27-subway-on-time-performance-v1.parquet
1116707,2026-01-09 20:11:42+00:00,2022-05-28,https://performancedata.mbta.com/lamp/subway-on-time-performance-v1/2022-05-28-subway-on-time-performance-v1.parquet
1031282,2026-01-09 23:16:07+00:00,2022-05-29,https://performancedata.mbta.com/lamp/subway-on-time-performance-v1/2022-05-29-subway-on-time-performance-v1.parquet
1012621,2026-01-09 20:42:05+00:00,2022-05-30,https://performancedata.mbta.com/lamp/subway-on-time-performance-v1/2022-05-30-subway-on-time-performance-v1.parquet
1290042,2026-01-09 23:11:37+00:00,2022-05-31,https://performancedata.mbta.com/lamp/subway-on-time-performance-v1/2022-05-31-subway-on-time-performance-v1.parquet
1272486,2026-01-09 19:41:45+00:00,2022-06-01,https://performancedata.mbta.com/lamp/subway-on-time-performance-v1/2022-06-01-subway-on-time-performance-v1.parquet
1232125,2026-01-09 21:54:30+00:00,2022-06-02,https://performancedata.mbta.com/lamp/subway-on-time-performance-v1/2022-06-02-subway-on-time-performance-v1.parquet
1319527,2026-01-09 23:24:48+00:00,2022-06-03,https://performancedata.mbta.com/lamp/subway-on-time-performance-v1/2022-06-03-subway-on-time-performance-v1.parquet
1123890,2026-01-09 21:34:09+00:00,2022-06-04,https://performancedata.mbta.com/lamp/subway-on-time-performance-v1/2022-06-04-subway-on-time-performance-v1.parquet
1010526,2026-01-09 20:57:53+00:00,2022-06-05,https://performancedata.mbta.com/lamp/subway-on-time-performance-v1/2022-06-05-subway-on-time-performance-v1.parquet
1298067,2026-01-09 20:46:24+00:00,2022-06-06,https://performancedata.mbta.com/lamp/subway-on-time-performance-v1/2022-06-06-subway-on-time-performance-v1.parquet
1330105,2026-01-09 22:58:14+00:00,2022-06-07,https://performancedata.mbta.com/lamp/subway-on-time-performance-v1/2022-06-07-subway-on-time-performance-v1.parquet
1287520,2026-01-09 19:59:38+00:00,2022-06-08,https://performancedata.mbta.com/lamp/subway-on-time-performance-v1/2022-06-08-subway-on-time-performance-v1.parquet
1365651,2026-01-09 22:16:38+00:00,2022-06-09,https://performancedata.mbta.com/lamp/subway-on-time-performance-v1/2022-06-09-subway-on-time-performance-v1.parquet
1365553,2026-01-09 21:25:16+00:00,2022-06-10,https://performancedata.mbta.com/lamp/subway-on-time-performance-v1/2022-06-10-subway-on-time-performance-v1.parquet
981264,2026-01-09 23:12:11+00:00,2022-06-11,https://performancedata.mbta.com/lamp/subway-on-time-performance-v1/2022-06-11-subway-on-time-performance-v1.parquet
924362,2026-01-09 21:45:55+00:00,2022-06-12,https://performancedata.mbta.com/lamp/subway-on-time-performance-v1/2022-06-12-subway-on-time-performance-v1.parquet
1392471,2026-01-09 21:30:25+00:00,2022-06-13,https://performancedata.mbta.com/lamp/subway-on-time-performance-v1/2022-06-13-subway-on-time-performance-v1.parquet
1360043,2026-01-09 22:24:04+00:00,2022-06-14,https://performancedata.mbta.com/lamp/subway-on-time-performance-v1/2022-06-14-subway-on-time-performance-v1.parquet
1391437,2026-01-09 23:28:20+00:00,2022-06-15,https://performancedata.mbta.com/lamp/subway-on-time-performance-v1/2022-06-15-subway-on-time-performance-v1.parquet
1383629,2026-01-09 21:42:16+00:00,2022-06-16,https://performancedata.mbta.com/lamp/subway-on-time-performance-v1/2022-06-16-subway-on-time-performance-v1.parquet
1371358,2026-01-09 20:59:28+00:00,2022-06-17,https://performancedata.mbta.com/lamp/subway-on-time-performance-v1/2022-06-17-subway-on-time-performance-v1.parquet
1173358,2026-01-09 21:41:13+00:00,2022-06-18,https://performancedata.mbta.com/lamp/subway-on-time-performance-v1/2022-06-18-subway-on-time-performance-v1.parquet
1106410,2026-01-09 19:48:28+00:00,2022-06-19,https://performancedata.mbta.com/lamp/subway-on-time-performance-v1/2022-06-19-subway-on-time-performance-v1.parquet
1150729,2026-01-09 20:11:38+00:00,2022-06-20,https://performancedata.mbta.com/lamp/subway-on-time-performance-v1/2022-06-20-subway-on-time-performance-v1.parquet
1144761,2026-01-09 19:55:30+00:00,2022-06-21,https://performancedata.mbta.com/lamp/subway-on-time-performance-v1/2022-06-21-subway-on-time-performance-v1.parquet
1157525,2026-01-09 20:33:50+00:00,2022-06-22,https://performancedata.mbta.com/lamp/subway-on-time-performance-v1/2022-06-22-subway-on-time-performance-v1.parquet
1083136,2026-01-09 20:05:07+00:00,2022-06-23,https://performancedata.mbta.com/lamp/subway-on-time-performance-v1/2022-06-23-subway-on-time-performance-v1.parquet
963089,2026-01-09 23:07:06+00:00,2022-06-24,https://performancedata.mbta.com/lamp/subway-on-time-performance-v1/2022-06-24-subway-on-time-performance-v1.parquet
843598,2026-01-09 23:18:29+00:00,2022-06-25,https://performancedata.mbta.com/lamp/subway-on-time-performance-v1/2022-06-25-subway-on-time-performance-v1.parquet
809478,2026-01-09 19:58:46+00:00,2022-06-26,https://performancedata.mbta.com/lamp/subway-on-time-performance-v1/2022-06-26-subway-on-time-performance-v1.parquet
1109487,2026-01-09 20:36:37+00:00,2022-06-27,https://performancedata.mbta.com/lamp/subway-on-time-performance-v1/2022-06-27-subway-on-time-performance-v1.parquet
1104719,2026-01-09 22:21:03+00:00,2022-06-28,https://performancedata.mbta.com/lamp/subway-on-time-performance-v1/2022-06-28-subway-on-time-performance-v1.parquet
1120127,2026-01-09 22:44:09+00:00,2022-06-29,https://performancedata.mbta.com/lamp/subway-on-time-performance-v1/2022-06-29-subway-on-time-performance-v1.parquet
1121442,2026-01-09 22:57:58+00:00,2022-06-30,https://performancedata.mbta.com/lamp/subway-on-time-performance-v1/2022-06-30-subway-on-time-performance-v1.parquet
1120324,2026-01-09 21:31:53+00:00,2022-07-01,https://performancedata.mbta.com/lamp/subway-on-time-performance-v1/2022-07-01-subway-on-time-performance-v1.parquet
1108713,2026-01-09 20:54:25+00:00,2022-07-02,https://performancedata.mbta.com/lamp/subway-on-time-performance-v1/2022-07-02-subway-on-time-performance-v1.parquet
1042004,2026-01-09 22:29:03+00:00,2022-07-03,https://performancedata.mbta.com/lamp/subway-on-time-performance-v1/2022-07-03-subway-on-time-performance-v1.parquet
1336938,2026-01-09 21:23:44+00:00,2022-07-04,https://performancedata.mbta.com/lamp/subway-on-time-performance-v1/2022-07-04-subway-on-time-performance-v1.parquet
1295752,2026-01-09 23:28:49+00:00,2022-07-05,https://performancedata.mbta.com/lamp/subway-on-time-performance-v1/2022-07-05-subway-on-time-performance-v1.parquet
1274158,2026-01-09 23:23:32+00:00,2022-07-06,https://performancedata.mbta.com/lamp/subway-on-time-performance-v1/2022-07-06-subway-on-time-performance-v1.parquet
1163221,2026-01-09 23:31:28+00:00,2022-07-07,https://performancedata.mbta.com/lamp/subway-on-time-performance-v1/2022-07-07-subway-on-time-performance-v1.parquet
1241729,2026-01-09 22:47:28+00:00,2022-07-08,https://performancedata.mbta.com/lamp/subway-on-time-performance-v1/2022-07-08-subway-on-time-performance-v1.parquet
1019301,2026-01-09 22:49:22+00:00,2022-07-09,https://performancedata.mbta.com/lamp/subway-on-time-performance-v1/2022-07-09-subway-on-time-performance-v1.parquet
873333,2026-01-09 23:35:56+00:00,2022-07-10,https://performancedata.mbta.com/lamp/subway-on-time-performance-v1/2022-07-10-subway-on-time-performance-v1.parquet
1162005,2026-01-09 22:12:18+00:00,2022-07-11,https://performancedata.mbta.com/lamp/subway-on-time-performance-v1/2022-07-11-subway-on-time-performance-v1.parquet
1185665,2026-01-09 22:13:08+00:00,2022-07-12,https://performancedata.mbta.com/lamp/subway-on-time-performance-v1/2022-07-12-subway-on-time-performance-v1.parquet
1146650,2026-01-09 19:45:55+00:00,2022-07-13,https://performancedata.mbta.com/lamp/subway-on-time-performance-v1/2022-07-13-subway-on-time-performance-v1.parquet
1145575,2026-01-09 20:48:41+00:00,2022-07-14,https://performancedata.mbta.com/lamp/subway-on-time-performance-v1/2022-07-14-subway-on-time-performance-v1.parquet
1168289,2026-01-09 22:37:20+00:00,2022-07-15,https://performancedata.mbta.com/lamp/subway-on-time-performance-v1/2022-07-15-subway-on-time-performance-v1.parquet
983959,2026-01-09 20:13:05+00:00,2022-07-16,https://performancedata.mbta.com/lamp/subway-on-time-performance-v1/2022-07-16-subway-on-time-performance-v1.parquet
880421,2026-01-09 23:11:28+00:00,2022-07-17,https://performancedata.mbta.com/lamp/subway-on-time-performance-v1/2022-07-17-subway-on-time-performance-v1.parquet
1176204,2026-01-09 23:14:12+00:00,2022-07-18,https://performancedata.mbta.com/lamp/subway-on-time-performance-v1/2022-07-18-subway-on-time-performance-v1.parquet
1181709,2026-01-09 20:49:07+00:00,2022-07-19,https://performancedata.mbta.com/lamp/subway-on-time-performance-v1/2022-07-19-subway-on-time-performance-v1.parquet
1144200,2026-01-09 21:57:11+00:00,2022-07-20,https://performancedata.mbta.com/lamp/subway-on-time-performance-v1/2022-07-20-subway-on-time-performance-v1.parquet
1145281,2026-01-09 22:42:02+00:00,2022-07-21,https://performancedata.mbta.com/lamp/subway-on-time-performance-v1/2022-07-21-subway-on-time-performance-v1.parquet
1114448,2026-01-09 20:32:07+00:00,2022-07-22,https://performancedata.mbta.com/lamp/subway-on-time-performance-v1/2022-07-22-subway-on-time-performance-v1.parquet
959579,2026-01-09 20:58:52+00:00,2022-07-23,https://performancedata.mbta.com/lamp/subway-on-time-performance-v1/2022-07-23-subway-on-time-performance-v1.parquet
917413,2026-01-09 21:06:18+00:00,2022-07-24,https://performancedata.mbta.com/lamp/subway-on-time-performance-v1/2022-07-24-subway-on-time-performance-v1.parquet
1220097,2026-01-09 22:48:04+00:00,2022-07-25,https://performancedata.mbta.com/lamp/subway-on-time-performance-v1/2022-07-25-subway-on-time-performance-v1.parquet
1226144,2026-01-09 23:09:49+00:00,2022-07-26,https://performancedata.mbta.com/lamp/subway-on-time-performance-v1/2022-07-26-subway-on-time-performance-v1.parquet
1236094,2026-01-09 20:51:28+00:00,2022-07-27,https://performancedata.mbta.com/lamp/subway-on-time-performance-v1/2022-07-27-subway-on-time-performance-v1.parquet
1242630,2026-01-09 22:36:59+00:00,2022-07-28,https://performancedata.mbta.com/lamp/subway-on-time-performance-v1/2022-07-28-subway-on-time-performance-v1.parquet
1210567,2026-01-09 19:50:08+00:00,2022-07-29,https://performancedata.mbta.com/lamp/subway-on-time-performance-v1/2022-07-29-subway-on-time-performance-v1.parquet
1102222,2026-01-09 23:24:27+00:00,2022-07-30,https://performancedata.mbta.com/lamp/subway-on-time-performance-v1/2022-07-30-subway-on-time-performance-v1.parquet
973119,2026-01-09 23:08:28+00:00,2022-07-31,https://performancedata.mbta.com/lamp/subway-on-time-performance-v1/2022-07-31-subway-on-time-performance-v1.parquet
1213257,2026-01-09 21:38:10+00:00,2022-08-01,https://performancedata.mbta.com/lamp/subway-on-time-performance-v1/2022-08-01-subway-on-time-performance-v1.parquet
1207269,2026-01-09 23:01:49+00:00,2022-08-02,https://performancedata.mbta.com/lamp/subway-on-time-performance-v1/2022-08-02-subway-on-time-performance-v1.parquet
1221381,2026-01-09 22:31:15+00:00,2022-08-03,https://performancedata.mbta.com/lamp/subway-on-time-performance-v1/2022-08-03-subway-on-time-performance-v1.parquet
1214961,2026-01-09 19:42:55+00:00,2022-08-04,https://performancedata.mbta.com/lamp/subway-on-time-performance-v1/2022-08-04-subway-on-time-performance-v1.parquet
1205127,2026-01-09 20:30:08+00:00,2022-08-05,https://performancedata.mbta.com/lamp/subway-on-time-performance-v1/2022-08-05-subway-on-time-performance-v1.parquet
1014758,2026-01-09 21:50:15+00:00,2022-08-06,https://performancedata.mbta.com/lamp/subway-on-time-performance-v1/2022-08-06-subway-on-time-performance-v1.parquet
949367,2026-01-09 20:52:37+00:00,2022-08-07,https://performancedata.mbta.com/lamp/subway-on-time-performance-v1/2022-08-07-subway-on-time-performance-v1.parquet
1163698,2026-01-09 21:27:23+00:00,2022-08-08,https://performancedata.mbta.com/lamp/subway-on-time-performance-v1/2022-08-08-subway-on-time-performance-v1.parquet
1161439,2026-01-09 21:00:50+00:00,2022-08-09,https://performancedata.mbta.com/lamp/subway-on-time-performance-v1/2022-08-09-subway-on-time-performance-v1.parquet
1167196,2026-01-09 21:02:48+00:00,2022-08-10,https://performancedata.mbta.com/lamp/subway-on-time-performance-v1/2022-08-10-subway-on-time-performance-v1.parquet
1106804,2026-01-09 20:34:12+00:00,2022-08-11,https://performancedata.mbta.com/lamp/subway-on-time-performance-v1/2022-08-11-subway-on-time-performance-v1.parquet
1115763,2026-01-09 23:15:51+00:00,2022-08-12,https://performancedata.mbta.com/lamp/subway-on-time-performance-v1/2022-08-12-subway-on-time-performance-v1.parquet
1040486,2026-01-09 22:01:42+00:00,2022-08-13,https://performancedata.mbta.com/lamp/subway-on-time-performance-v1/2022-08-13-subway-on-time-performance-v1.parquet
960776,2026-01-09 23:04:40+00:00,2022-08-14,https://performancedata.mbta.com/lamp/subway-on-time-performance-v1/2022-08-14-subway-on-time-performance-v1.parquet
1177015,2026-01-09 20:57:30+00:00,2022-08-15,https://performancedata.mbta.com/lamp/subway-on-time-performance-v1/2022-08-15-subway-on-time-performance-v1.parquet
1136617,2026-01-09 19:56:49+00:00,2022-08-16,https://performancedata.mbta.com/lamp/subway-on-time-performance-v1/2022-08-16-subway-on-time-performance-v1.parquet
1169942,2026-01-09 23:31:10+00:00,2022-08-17,https://performancedata.mbta.com/lamp/subway-on-time-performance-v1/2022-08-17-subway-on-time-performance-v1.parquet
1154173,2026-01-09 20:16:04+00:00,2022-08-18,https://performancedata.mbta.com/lamp/subway-on-time-performance-v1/2022-08-18-subway-on-time-performance-v1.parquet
1134911,2026-01-09 20:27:25+00:00,2022-08-19,https://performancedata.mbta.com/lamp/subway-on-time-performance-v1/2022-08-19-subway-on-time-performance-v1.parquet
945288,2026-01-09 20:51:53+00:00,2022-08-20,https://performancedata.mbta.com/lamp/subway-on-time-performance-v1/2022-08-20-subway-on-time-performance-v1.parquet
918637,2026-01-09 21:51:13+00:00,2022-08-21,https://performancedata.mbta.com/lamp/subway-on-time-performance-v1/2022-08-21-subway-on-time-performance-v1.parquet
1009608,2026-01-09 20:50:37+00:00,2022-08-22,https://performancedata.mbta.com/lamp/subway-on-time-performance-v1/2022-08-22-subway-on-time-performance-v1.parquet
1041907,2026-01-09 22:09:12+00:00,2022-08-23,https://performancedata.mbta.com/lamp/subway-on-time-performance-v1/2022-08-23-subway-on-time-performance-v1.parquet
1067713,2026-01-09 20:55:34+00:00,2022-08-24,https://performancedata.mbta.com/lamp/subway-on-time-performance-v1/2022-08-24-subway-on-time-performance-v1.parquet
1093834,2026-01-09 22:05:51+00:00,2022-08-25,https://performancedata.mbta.com/lamp/subway-on-time-performance-v1/2022-08-25-subway-on-time-performance-v1.parquet
1063926,2026-01-09 23:14:38+00:00,2022-08-26,https://performancedata.mbta.com/lamp/subway-on-time-performance-v1/2022-08-26-subway-on-time-performance-v1.parquet
920324,2026-01-09 22:32:43+00:00,2022-08-27,https://performancedata.mbta.com/lamp/subway-on-time-performance-v1/2022-08-27-subway-on-time-performance-v1.parquet
842448,2026-01-09 21:46:00+00:00,2022-08-28,https://performancedata.mbta.com/lamp/subway-on-time-performance-v1/2022-08-28-subway-on-time-performance-v1.parquet
1026363,2026-01-09 20:55:46+00:00,2022-08-29,https://performancedata.mbta.com/lamp/subway-on-time-performance-v1/2022-08-29-subway-on-time-performance-v1.parquet
984422,2026-01-09 22:24:09+00:00,2022-08-30,https://performancedata.mbta.com/lamp/subway-on-time-performance-v1/2022-08-30-subway-on-time-performance-v1.parquet
1010635,2026-01-09 22:09:26+00:00,2022-08-31,https://performancedata.mbta.com/lamp/subway-on-time-performance-v1/2022-08-31-subway-on-time-performance-v1.parquet
994365,2026-01-09 22:22:40+00:00,2022-09-01,https://performancedata.mbta.com/lamp/subway-on-time-performance-v1/2022-09-01-subway-on-time-performance-v1.parquet
991393,2026-01-09 20:43:01+00:00,2022-09-02,https://performancedata.mbta.com/lamp/subway-on-time-performance-v1/2022-09-02-subway-on-time-performance-v1.parquet
878185,2026-01-09 20:28:42+00:00,2022-09-03,https://performancedata.mbta.com/lamp/subway-on-time-performance-v1/2022-09-03-subway-on-time-performance-v1.parquet
830992,2026-01-09 23:04:51+00:00,2022-09-04,https://performancedata.mbta.com/lamp/subway-on-time-performance-v1/2022-09-04-subway-on-time-performance-v1.parquet
857794,2026-01-09 23:04:08+00:00,2022-09-05,https://performancedata.mbta.com/lamp/subway-on-time-performance-v1/2022-09-05-subway-on-time-performance-v1.parquet
991090,2026-01-09 20:00:17+00:00,2022-09-06,https://performancedata.mbta.com/lamp/subway-on-time-performance-v1/2022-09-06-subway-on-time-performance-v1.parquet
1009350,2026-01-09 21:11:19+00:00,2022-09-07,https://performancedata.mbta.com/lamp/subway-on-time-performance-v1/2022-09-07-subway-on-time-performance-v1.parquet
976930,2026-01-09 23:06:20+00:00,2022-09-08,https://performancedata.mbta.com/lamp/subway-on-time-performance-v1/2022-09-08-subway-on-time-performance-v1.parquet
1006518,2026-01-09 19:58:51+00:00,2022-09-09,https://performancedata.mbta.com/lamp/subway-on-time-performance-v1/2022-09-09-subway-on-time-performance-v1.parquet
919394,2026-01-09 23:29:08+00:00,2022-09-10,https://performancedata.mbta.com/lamp/subway-on-time-performance-v1/2022-09-10-subway-on-time-performance-v1.parquet
781436,2026-01-09 22:32:32+00:00,2022-09-11,https://performancedata.mbta.com/lamp/subway-on-time-performance-v1/2022-09-11-subway-on-time-performance-v1.parquet
1011817,2026-01-09 19:54:34+00:00,2022-09-12,https://performancedata.mbta.com/lamp/subway-on-time-performance-v1/2022-09-12-subway-on-time-performance-v1.parquet
1034216,2026-01-09 23:31:22+00:00,2022-09-13,https://performancedata.mbta.com/lamp/subway-on-time-performance-v1/2022-09-13-subway-on-time-performance-v1.parquet
965093,2026-01-09 23:04:03+00:00,2022-09-14,https://performancedata.mbta.com/lamp/subway-on-time-performance-v1/2022-09-14-subway-on-time-performance-v1.parquet
972358,2026-01-09 20:51:47+00:00,2022-09-15,https://performancedata.mbta.com/lamp/subway-on-time-performance-v1/2022-09-15-subway-on-time-performance-v1.parquet
948448,2026-01-09 20:42:35+00:00,2022-09-16,https://performancedata.mbta.com/lamp/subway-on-time-performance-v1/2022-09-16-subway-on-time-performance-v1.parquet
871971,2026-01-09 20:46:14+00:00,2022-09-17,https://performancedata.mbta.com/lamp/subway-on-time-performance-v1/2022-09-17-subway-on-time-performance-v1.parquet
833635,2026-01-09 22:40:37+00:00,2022-09-18,https://performancedata.mbta.com/lamp/subway-on-time-performance-v1/2022-09-18-subway-on-time-performance-v1.parquet
1096926,2026-01-09 20:05:13+00:00,2022-09-19,https://performancedata.mbta.com/lamp/subway-on-time-performance-v1/2022-09-19-subway-on-time-performance-v1.parquet
1091657,2026-01-09 23:22:53+00:00,2022-09-20,https://performancedata.mbta.com/lamp/subway-on-time-performance-v1/2022-09-20-subway-on-time-performance-v1.parquet
1121307,2026-01-09 20:37:38+00:00,2022-09-21,https://performancedata.mbta.com/lamp/subway-on-time-performance-v1/2022-09-21-subway-on-time-performance-v1.parquet
1133436,2026-01-09 23:02:02+00:00,2022-09-22,https://performancedata.mbta.com/lamp/subway-on-time-performance-v1/2022-09-22-subway-on-time-performance-v1.parquet
1153352,2026-01-09 19:47:55+00:00,2022-09-23,https://performancedata.mbta.com/lamp/subway-on-time-performance-v1/2022-09-23-subway-on-time-performance-v1.parquet
950847,2026-01-09 23:24:03+00:00,2022-09-24,https://performancedata.mbta.com/lamp/subway-on-time-performance-v1/2022-09-24-subway-on-time-performance-v1.parquet
880878,2026-01-09 22:17:00+00:00,2022-09-25,https://performancedata.mbta.com/lamp/subway-on-time-performance-v1/2022-09-25-subway-on-time-performance-v1.parquet
1053616,2026-01-09 22:46:53+00:00,2022-09-26,https://performancedata.mbta.com/lamp/subway-on-time-performance-v1/2022-09-26-subway-on-time-performance-v1.parquet
1069541,2026-01-09 21:25:58+00:00,2022-09-27,https://performancedata.mbta.com/lamp/subway-on-time-performance-v1/2022-09-27-subway-on-time-performance-v1.parquet
1091040,2026-01-09 21:49:39+00:00,2022-09-28,https://performancedata.mbta.com/lamp/subway-on-time-performance-v1/2022-09-28-subway-on-time-performance-v1.parquet
1092710,2026-01-09 19:51:03+00:00,2022-09-29,https://performancedata.mbta.com/lamp/subway-on-time-performance-v1/2022-09-29-subway-on-time-performance-v1.parquet
1114439,2026-01-09 21:53:05+00:00,2022-09-30,https://performancedata.mbta.com/lamp/subway-on-time-performance-v1/2022-09-30-subway-on-time-performance-v1.parquet
907593,2026-01-09 23:05:01+00:00,2022-10-01,https://performancedata.mbta.com/lamp/subway-on-time-performance-v1/2022-10-01-subway-on-time-performance-v1.parquet
831617,2026-01-09 21:02:07+00:00,2022-10-02,https://performancedata.mbta.com/lamp/subway-on-time-performance-v1/2022-10-02-subway-on-time-performance-v1.parquet
1213738,2026-01-09 19:58:25+00:00,2022-10-03,https://performancedata.mbta.com/lamp/subway-on-time-performance-v1/2022-10-03-subway-on-time-performance-v1.parquet
1196604,2026-01-09 22:52:35+00:00,2022-10-04,https://performancedata.mbta.com/lamp/subway-on-time-performance-v1/2022-10-04-subway-on-time-performance-v1.parquet
1212799,2026-01-09 22:23:52+00:00,2022-10-05,https://performancedata.mbta.com/lamp/subway-on-time-performance-v1/2022-10-05-subway-on-time-performance-v1.parquet
1207115,2026-01-09 22:51:47+00:00,2022-10-06,https://performancedata.mbta.com/lamp/subway-on-time-performance-v1/2022-10-06-subway-on-time-performance-v1.parquet
1206243,2026-01-09 23:01:30+00:00,2022-10-07,https://performancedata.mbta.com/lamp/subway-on-time-performance-v1/2022-10-07-subway-on-time-performance-v1.parquet
1005609,2026-01-09 20:17:58+00:00,2022-10-08,https://performancedata.mbta.com/lamp/subway-on-time-performance-v1/2022-10-08-subway-on-time-performance-v1.parquet
932406,2026-01-09 22:03:09+00:00,2022-10-09,https://performancedata.mbta.com/lamp/subway-on-time-performance-v1/2022-10-09-subway-on-time-performance-v1.parquet
1156579,2026-01-09 20:54:05+00:00,2022-10-10,https://performancedata.mbta.com/lamp/subway-on-time-performance-v1/2022-10-10-subway-on-time-performance-v1.parquet
1129171,2026-01-09 21:20:51+00:00,2022-10-11,https://performancedata.mbta.com/lamp/subway-on-time-performance-v1/2022-10-11-subway-on-time-performance-v1.parquet
1128694,2026-01-09 20:06:27+00:00,2022-10-12,https://performancedata.mbta.com/lamp/subway-on-time-performance-v1/2022-10-12-subway-on-time-performance-v1.parquet
1092646,2026-01-09 21:49:14+00:00,2022-10-13,https://performancedata.mbta.com/lamp/subway-on-time-performance-v1/2022-10-13-subway-on-time-performance-v1.parquet
1121489,2026-01-09 19:50:21+00:00,2022-10-14,https://performancedata.mbta.com/lamp/subway-on-time-performance-v1/2022-10-14-subway-on-time-performance-v1.parquet
932363,2026-01-09 21:06:30+00:00,2022-10-15,https://performancedata.mbta.com/lamp/subway-on-time-performance-v1/2022-10-15-subway-on-time-performance-v1.parquet
837995,2026-01-09 23:32:13+00:00,2022-10-16,https://performancedata.mbta.com/lamp/subway-on-time-performance-v1/2022-10-16-subway-on-time-performance-v1.parquet
1213896,2026-01-09 19:44:11+00:00,2022-10-17,https://performancedata.mbta.com/lamp/subway-on-time-performance-v1/2022-10-17-subway-on-time-performance-v1.parquet
1216767,2026-01-09 20:38:39+00:00,2022-10-18,https://performancedata.mbta.com/lamp/subway-on-time-performance-v1/2022-10-18-subway-on-time-performance-v1.parquet
1178884,2026-01-09 23:03:26+00:00,2022-10-19,https://performancedata.mbta.com/lamp/subway-on-time-performance-v1/2022-10-19-subway-on-time-performance-v1.parquet
1185838,2026-01-09 22:28:33+00:00,2022-10-20,https://performancedata.mbta.com/lamp/subway-on-time-performance-v1/2022-10-20-subway-on-time-performance-v1.parquet
1203413,2026-01-09 23:27:00+00:00,2022-10-21,https://performancedata.mbta.com/lamp/subway-on-time-performance-v1/2022-10-21-subway-on-time-performance-v1.parquet
941454,2026-01-09 19:49:58+00:00,2022-10-22,https://performancedata.mbta.com/lamp/subway-on-time-performance-v1/2022-10-22-subway-on-time-performance-v1.parquet
867313,2026-01-09 22:51:34+00:00,2022-10-23,https://performancedata.mbta.com/lamp/subway-on-time-performance-v1/2022-10-23-subway-on-time-performance-v1.parquet
1062420,2026-01-09 21:57:05+00:00,2022-10-24,https://performancedata.mbta.com/lamp/subway-on-time-performance-v1/2022-10-24-subway-on-time-performance-v1.parquet
1083257,2026-01-09 21:18:53+00:00,2022-10-25,https://performancedata.mbta.com/lamp/subway-on-time-performance-v1/2022-10-25-subway-on-time-performance-v1.parquet
1085051,2026-01-09 21:50:09+00:00,2022-10-26,https://performancedata.mbta.com/lamp/subway-on-time-performance-v1/2022-10-26-subway-on-time-performance-v1.parquet
1102057,2026-01-09 21:48:25+00:00,2022-10-27,https://performancedata.mbta.com/lamp/subway-on-time-performance-v1/2022-10-27-subway-on-time-performance-v1.parquet
1090595,2026-01-09 20:30:21+00:00,2022-10-28,https://performancedata.mbta.com/lamp/subway-on-time-performance-v1/2022-10-28-subway-on-time-performance-v1.parquet
1006009,2026-01-09 22:44:54+00:00,2022-10-29,https://performancedata.mbta.com/lamp/subway-on-time-performance-v1/2022-10-29-subway-on-time-performance-v1.parquet
900221,2026-01-09 19:40:48+00:00,2022-10-30,https://performancedata.mbta.com/lamp/subway-on-time-performance-v1/2022-10-30-subway-on-time-performance-v1.parquet
1194176,2026-01-09 23:30:07+00:00,2022-10-31,https://performancedata.mbta.com/lamp/subway-on-time-performance-v1/2022-10-31-subway-on-time-performance-v1.parquet
1179675,2026-01-09 20:08:28+00:00,2022-11-01,https://performancedata.mbta.com/lamp/subway-on-time-performance-v1/2022-11-01-subway-on-time-performance-v1.parquet
1165991,2026-01-09 19:45:48+00:00,2022-11-02,https://performancedata.mbta.com/lamp/subway-on-time-performance-v1/2022-11-02-subway-on-time-performance-v1.parquet
1206993,2026-01-09 22:33:51+00:00,2022-11-03,https://performancedata.mbta.com/lamp/subway-on-time-performance-v1/2022-11-03-subway-on-time-performance-v1.parquet
1177495,2026-01-09 20:11:12+00:00,2022-11-04,https://performancedata.mbta.com/lamp/subway-on-time-performance-v1/2022-11-04-subway-on-time-performance-v1.parquet
1077902,2026-01-09 19:57:07+00:00,2022-11-05,https://performancedata.mbta.com/lamp/subway-on-time-performance-v1/2022-11-05-subway-on-time-performance-v1.parquet
975263,2026-01-09 20:33:15+00:00,2022-11-06,https://performancedata.mbta.com/lamp/subway-on-time-performance-v1/2022-11-06-subway-on-time-performance-v1.parquet
1230714,2026-01-09 23:03:07+00:00,2022-11-07,https://performancedata.mbta.com/lamp/subway-on-time-performance-v1/2022-11-07-subway-on-time-performance-v1.parquet
1218503,2026-01-09 20:18:38+00:00,2022-11-08,https://performancedata.mbta.com/lamp/subway-on-time-performance-v1/2022-11-08-subway-on-time-performance-v1.parquet
1183816,2026-01-09 21:44:22+00:00,2022-11-09,https://performancedata.mbta.com/lamp/subway-on-time-performance-v1/2022-11-09-subway-on-time-performance-v1.parquet
1223530,2026-01-09 21:36:56+00:00,2022-11-10,https://performancedata.mbta.com/lamp/subway-on-time-performance-v1/2022-11-10-subway-on-time-performance-v1.parquet
1175897,2026-01-09 21:24:08+00:00,2022-11-11,https://performancedata.mbta.com/lamp/subway-on-time-performance-v1/2022-11-11-subway-on-time-performance-v1.parquet
1018914,2026-01-09 20:32:49+00:00,2022-11-12,https://performancedata.mbta.com/lamp/subway-on-time-performance-v1/2022-11-12-subway-on-time-performance-v1.parquet
935674,2026-01-09 22:27:12+00:00,2022-11-13,https://performancedata.mbta.com/lamp/subway-on-time-performance-v1/2022-11-13-subway-on-time-performance-v1.parquet
1138184,2026-01-09 20:49:01+00:00,2022-11-14,https://performancedata.mbta.com/lamp/subway-on-time-performance-v1/2022-11-14-subway-on-time-performance-v1.parquet
1201644,2026-01-09 20:21:15+00:00,2022-11-15,https://performancedata.mbta.com/lamp/subway-on-time-performance-v1/2022-11-15-subway-on-time-performance-v1.parquet
1207271,2026-01-09 22:11:00+00:00,2022-11-16,https://performancedata.mbta.com/lamp/subway-on-time-performance-v1/2022-11-16-subway-on-time-performance-v1.parquet
1152326,2026-01-09 22:31:59+00:00,2022-11-17,https://performancedata.mbta.com/lamp/subway-on-time-performance-v1/2022-11-17-subway-on-time-performance-v1.parquet
1181532,2026-01-09 21:38:43+00:00,2022-11-18,https://performancedata.mbta.com/lamp/subway-on-time-performance-v1/2022-11-18-subway-on-time-performance-v1.parquet
1038154,2026-01-09 21:30:38+00:00,2022-11-19,https://performancedata.mbta.com/lamp/subway-on-time-performance-v1/2022-11-19-subway-on-time-performance-v1.parquet
952680,2026-01-09 22:32:48+00:00,2022-11-20,https://performancedata.mbta.com/lamp/subway-on-time-performance-v1/2022-11-20-subway-on-time-performance-v1.parquet
1182734,2026-01-09 20:26:19+00:00,2022-11-21,https://performancedata.mbta.com/lamp/subway-on-time-performance-v1/2022-11-21-subway-on-time-performance-v1.parquet
1222914,2026-01-09 21:20:03+00:00,2022-11-22,https://performancedata.mbta.com/lamp/subway-on-time-performance-v1/2022-11-22-subway-on-time-performance-v1.parquet
1206076,2026-01-09 22:06:16+00:00,2022-11-23,https://performancedata.mbta.com/lamp/subway-on-time-performance-v1/2022-11-23-subway-on-time-performance-v1.parquet
985720,2026-01-09 21:32:35+00:00,2022-11-24,https://performancedata.mbta.com/lamp/subway-on-time-performance-v1/2022-11-24-subway-on-time-performance-v1.parquet
1193519,2026-01-09 22:46:25+00:00,2022-11-25,https://performancedata.mbta.com/lamp/subway-on-time-performance-v1/2022-11-25-subway-on-time-performance-v1.parquet
1087715,2026-01-09 23:19:33+00:00,2022-11-26,https://performancedata.mbta.com/lamp/subway-on-time-performance-v1/2022-11-26-subway-on-time-performance-v1.parquet
1000598,2026-01-09 22:32:38+00:00,2022-11-27,https://performancedata.mbta.com/lamp/subway-on-time-performance-v1/2022-11-27-subway-on-time-performance-v1.parquet
1206167,2026-01-09 21:33:18+00:00,2022-11-28,https://performancedata.mbta.com/lamp/subway-on-time-performance-v1/2022-11-28-subway-on-time-performance-v1.parquet
1179477,2026-01-09 20:22:38+00:00,2022-11-29,https://performancedata.mbta.com/lamp/subway-on-time-performance-v1/2022-11-29-subway-on-time-performance-v1.parquet
1211101,2026-01-09 20:47:38+00:00,2022-11-30,https://performancedata.mbta.com/lamp/subway-on-time-performance-v1/2022-11-30-subway-on-time-performance-v1.parquet
1213630,2026-01-09 20:03:23+00:00,2022-12-01,https://performancedata.mbta.com/lamp/subway-on-time-performance-v1/2022-12-01-subway-on-time-performance-v1.parquet
1218397,2026-01-09 21:47:13+00:00,2022-12-02,https://performancedata.mbta.com/lamp/subway-on-time-performance-v1/2022-12-02-subway-on-time-performance-v1.parquet
976053,2026-01-09 20:59:20+00:00,2022-12-03,https://performancedata.mbta.com/lamp/subway-on-time-performance-v1/2022-12-03-subway-on-time-performance-v1.parquet
885582,2026-01-09 21:51:18+00:00,2022-12-04,https://performancedata.mbta.com/lamp/subway-on-time-performance-v1/2022-12-04-subway-on-time-performance-v1.parquet
1180735,2026-01-09 19:55:17+00:00,2022-12-05,https://performancedata.mbta.com/lamp/subway-on-time-performance-v1/2022-12-05-subway-on-time-performance-v1.parquet
1204261,2026-01-09 20:15:12+00:00,2022-12-06,https://performancedata.mbta.com/lamp/subway-on-time-performance-v1/2022-12-06-subway-on-time-performance-v1.parquet
1157448,2026-01-09 21:34:49+00:00,2022-12-07,https://performancedata.mbta.com/lamp/subway-on-time-performance-v1/2022-12-07-subway-on-time-performance-v1.parquet
1106449,2026-01-09 20:40:10+00:00,2022-12-08,https://performancedata.mbta.com/lamp/subway-on-time-performance-v1/2022-12-08-subway-on-time-performance-v1.parquet
1187188,2026-01-09 23:36:57+00:00,2022-12-09,https://performancedata.mbta.com/lamp/subway-on-time-performance-v1/2022-12-09-subway-on-time-performance-v1.parquet
932563,2026-01-09 23:22:23+00:00,2022-12-10,https://performancedata.mbta.com/lamp/subway-on-time-performance-v1/2022-12-10-subway-on-time-performance-v1.parquet
889909,2026-01-09 22:20:01+00:00,2022-12-11,https://performancedata.mbta.com/lamp/subway-on-time-performance-v1/2022-12-11-subway-on-time-performance-v1.parquet
1143093,2026-01-09 21:02:42+00:00,2022-12-12,https://performancedata.mbta.com/lamp/subway-on-time-performance-v1/2022-12-12-subway-on-time-performance-v1.parquet
1207257,2026-01-09 20:32:43+00:00,2022-12-13,https://performancedata.mbta.com/lamp/subway-on-time-performance-v1/2022-12-13-subway-on-time-performance-v1.parquet
1183751,2026-01-09 21:04:36+00:00,2022-12-14,https://performancedata.mbta.com/lamp/subway-on-time-performance-v1/2022-12-14-subway-on-time-performance-v1.parquet
1186654,2026-01-09 20:22:31+00:00,2022-12-15,https://performancedata.mbta.com/lamp/subway-on-time-performance-v1/2022-12-15-subway-on-time-performance-v1.parquet
1153950,2026-01-09 20:38:27+00:00,2022-12-16,https://performancedata.mbta.com/lamp/subway-on-time-performance-v1/2022-12-16-subway-on-time-performance-v1.parquet
999152,2026-01-09 22:12:47+00:00,2022-12-17,https://performancedata.mbta.com/lamp/subway-on-time-performance-v1/2022-12-17-subway-on-time-performance-v1.parquet
934399,2026-01-09 21:27:39+00:00,2022-12-18,https://performancedata.mbta.com/lamp/subway-on-time-performance-v1/2022-12-18-subway-on-time-performance-v1.parquet
1233509,2026-01-09 21:06:59+00:00,2022-12-19,https://performancedata.mbta.com/lamp/subway-on-time-performance-v1/2022-12-19-subway-on-time-performance-v1.parquet
1265828,2026-01-09 21:12:28+00:00,2022-12-20,https://performancedata.mbta.com/lamp/subway-on-time-performance-v1/2022-12-20-subway-on-time-performance-v1.parquet
1273893,2026-01-09 21:54:51+00:00,2022-12-21,https://performancedata.mbta.com/lamp/subway-on-time-performance-v1/2022-12-21-subway-on-time-performance-v1.parquet
1254242,2026-01-09 20:31:42+00:00,2022-12-22,https://performancedata.mbta.com/lamp/subway-on-time-performance-v1/2022-12-22-subway-on-time-performance-v1.parquet
1214372,2026-01-09 21:30:32+00:00,2022-12-23,https://performancedata.mbta.com/lamp/subway-on-time-performance-v1/2022-12-23-subway-on-time-performance-v1.parquet
1095396,2026-01-09 21:48:31+00:00,2022-12-24,https://performancedata.mbta.com/lamp/subway-on-time-performance-v1/2022-12-24-subway-on-time-performance-v1.parquet
991511,2026-01-09 22:16:50+00:00,2022-12-25,https://performancedata.mbta.com/lamp/subway-on-time-performance-v1/2022-12-25-subway-on-time-performance-v1.parquet
1026456,2026-01-09 21:51:45+00:00,2022-12-26,https://performancedata.mbta.com/lamp/subway-on-time-performance-v1/2022-12-26-subway-on-time-performance-v1.parquet
1223493,2026-01-09 21:14:28+00:00,2022-12-27,https://performancedata.mbta.com/lamp/subway-on-time-performance-v1/2022-12-27-subway-on-time-performance-v1.parquet
1266250,2026-01-09 23:34:49+00:00,2022-12-28,https://performancedata.mbta.com/lamp/subway-on-time-performance-v1/2022-12-28-subway-on-time-performance-v1.parquet
1288704,2026-01-09 20:20:29+00:00,2022-12-29,https://performancedata.mbta.com/lamp/subway-on-time-performance-v1/2022-12-29-subway-on-time-performance-v1.parquet
1302959,2026-01-09 23:31:52+00:00,2022-12-30,https://performancedata.mbta.com/lamp/subway-on-time-performance-v1/2022-12-30-subway-on-time-performance-v1.parquet
1265712,2026-01-09 22:30:19+00:00,2022-12-31,https://performancedata.mbta.com/lamp/subway-on-time-performance-v1/2022-12-31-subway-on-time-performance-v1.parquet
997182,2026-01-09 20:00:12+00:00,2023-01-01,https://performancedata.mbta.com/lamp/subway-on-time-performance-v1/2023-01-01-subway-on-time-performance-v1.parquet
1059508,2026-01-09 20:15:18+00:00,2023-01-02,https://performancedata.mbta.com/lamp/subway-on-time-performance-v1/2023-01-02-subway-on-time-performance-v1.parquet
1290465,2026-01-09 19:52:21+00:00,2023-01-03,https://performancedata.mbta.com/lamp/subway-on-time-performance-v1/2023-01-03-subway-on-time-performance-v1.parquet
1275248,2026-01-09 23:31:45+00:00,2023-01-04,https://performancedata.mbta.com/lamp/subway-on-time-performance-v1/2023-01-04-subway-on-time-performance-v1.parquet
1254539,2026-01-09 22:49:57+00:00,2023-01-05,https://performancedata.mbta.com/lamp/subway-on-time-performance-v1/2023-01-05-subway-on-time-performance-v1.parquet
1278078,2026-01-09 21:07:11+00:00,2023-01-06,https://performancedata.mbta.com/lamp/subway-on-time-performance-v1/2023-01-06-subway-on-time-performance-v1.parquet
1041827,2026-01-09 22:46:40+00:00,2023-01-07,https://performancedata.mbta.com/lamp/subway-on-time-performance-v1/2023-01-07-subway-on-time-performance-v1.parquet
908056,2026-01-09 21:47:22+00:00,2023-01-08,https://performancedata.mbta.com/lamp/subway-on-time-performance-v1/2023-01-08-subway-on-time-performance-v1.parquet
1274552,2026-01-09 22:59:17+00:00,2023-01-09,https://performancedata.mbta.com/lamp/subway-on-time-performance-v1/2023-01-09-subway-on-time-performance-v1.parquet
1274958,2026-01-09 21:18:58+00:00,2023-01-10,https://performancedata.mbta.com/lamp/subway-on-time-performance-v1/2023-01-10-subway-on-time-performance-v1.parquet
1285190,2026-01-09 21:49:33+00:00,2023-01-11,https://performancedata.mbta.com/lamp/subway-on-time-performance-v1/2023-01-11-subway-on-time-performance-v1.parquet
1287625,2026-01-09 20:34:00+00:00,2023-01-12,https://performancedata.mbta.com/lamp/subway-on-time-performance-v1/2023-01-12-subway-on-time-performance-v1.parquet
1303270,2026-01-09 22:17:56+00:00,2023-01-13,https://performancedata.mbta.com/lamp/subway-on-time-performance-v1/2023-01-13-subway-on-time-performance-v1.parquet
976424,2026-01-09 21:58:41+00:00,2023-01-14,https://performancedata.mbta.com/lamp/subway-on-time-performance-v1/2023-01-14-subway-on-time-performance-v1.parquet
918516,2026-01-09 23:03:51+00:00,2023-01-15,https://performancedata.mbta.com/lamp/subway-on-time-performance-v1/2023-01-15-subway-on-time-performance-v1.parquet
1120917,2026-01-09 21:54:45+00:00,2023-01-16,https://performancedata.mbta.com/lamp/subway-on-time-performance-v1/2023-01-16-subway-on-time-performance-v1.parquet
1312780,2026-01-09 23:28:09+00:00,2023-01-17,https://performancedata.mbta.com/lamp/subway-on-time-performance-v1/2023-01-17-subway-on-time-performance-v1.parquet
1304947,2026-01-09 22:26:42+00:00,2023-01-18,https://performancedata.mbta.com/lamp/subway-on-time-performance-v1/2023-01-18-subway-on-time-performance-v1.parquet
1261143,2026-01-09 22:01:24+00:00,2023-01-19,https://performancedata.mbta.com/lamp/subway-on-time-performance-v1/2023-01-19-subway-on-time-performance-v1.parquet
1257946,2026-01-09 19:57:47+00:00,2023-01-20,https://performancedata.mbta.com/lamp/subway-on-time-performance-v1/2023-01-20-subway-on-time-performance-v1.parquet
1092139,2026-01-09 22:43:57+00:00,2023-01-21,https://performancedata.mbta.com/lamp/subway-on-time-performance-v1/2023-01-21-subway-on-time-performance-v1.parquet
1014331,2026-01-09 21:10:05+00:00,2023-01-22,https://performancedata.mbta.com/lamp/subway-on-time-performance-v1/2023-01-22-subway-on-time-performance-v1.parquet
1282114,2026-01-09 21:05:09+00:00,2023-01-23,https://performancedata.mbta.com/lamp/subway-on-time-performance-v1/2023-01-23-subway-on-time-performance-v1.parquet
1265733,2026-01-09 21:46:11+00:00,2023-01-24,https://performancedata.mbta.com/lamp/subway-on-time-performance-v1/2023-01-24-subway-on-time-performance-v1.parquet
1276376,2026-01-09 21:08:16+00:00,2023-01-25,https://performancedata.mbta.com/lamp/subway-on-time-performance-v1/2023-01-25-subway-on-time-performance-v1.parquet
1206579,2026-01-09 22:12:27+00:00,2023-01-26,https://performancedata.mbta.com/lamp/subway-on-time-performance-v1/2023-01-26-subway-on-time-performance-v1.parquet
1278593,2026-01-09 20:58:42+00:00,2023-01-27,https://performancedata.mbta.com/lamp/subway-on-time-performance-v1/2023-01-27-subway-on-time-performance-v1.parquet
869210,2026-01-09 21:25:41+00:00,2023-01-28,https://performancedata.mbta.com/lamp/subway-on-time-performance-v1/2023-01-28-subway-on-time-performance-v1.parquet
899889,2026-01-09 21:41:44+00:00,2023-01-29,https://performancedata.mbta.com/lamp/subway-on-time-performance-v1/2023-01-29-subway-on-time-performance-v1.parquet
1285115,2026-01-09 22:00:22+00:00,2023-01-30,https://performancedata.mbta.com/lamp/subway-on-time-performance-v1/2023-01-30-subway-on-time-performance-v1.parquet
1279384,2026-01-09 22:08:23+00:00,2023-01-31,https://performancedata.mbta.com/lamp/subway-on-time-performance-v1/2023-01-31-subway-on-time-performance-v1.parquet
1287170,2026-01-09 22:26:30+00:00,2023-02-01,https://performancedata.mbta.com/lamp/subway-on-time-performance-v1/2023-02-01-subway-on-time-performance-v1.parquet
1273544,2026-01-09 19:55:04+00:00,2023-02-02,https://performancedata.mbta.com/lamp/subway-on-time-performance-v1/2023-02-02-subway-on-time-performance-v1.parquet
1245775,2026-01-09 21:03:33+00:00,2023-02-03,https://performancedata.mbta.com/lamp/subway-on-time-performance-v1/2023-02-03-subway-on-time-performance-v1.parquet
996755,2026-01-09 19:42:59+00:00,2023-02-04,https://performancedata.mbta.com/lamp/subway-on-time-performance-v1/2023-02-04-subway-on-time-performance-v1.parquet
978968,2026-01-09 22:36:29+00:00,2023-02-05,https://performancedata.mbta.com/lamp/subway-on-time-performance-v1/2023-02-05-subway-on-time-performance-v1.parquet
1267515,2026-01-09 23:11:00+00:00,2023-02-06,https://performancedata.mbta.com/lamp/subway-on-time-performance-v1/2023-02-06-subway-on-time-performance-v1.parquet
1294319,2026-01-09 21:14:08+00:00,2023-02-07,https://performancedata.mbta.com/lamp/subway-on-time-performance-v1/2023-02-07-subway-on-time-performance-v1.parquet
1294861,2026-01-09 19:59:33+00:00,2023-02-08,https://performancedata.mbta.com/lamp/subway-on-time-performance-v1/2023-02-08-subway-on-time-performance-v1.parquet
1297241,2026-01-09 19:55:42+00:00,2023-02-09,https://performancedata.mbta.com/lamp/subway-on-time-performance-v1/2023-02-09-subway-on-time-performance-v1.parquet
1328066,2026-01-09 23:30:01+00:00,2023-02-10,https://performancedata.mbta.com/lamp/subway-on-time-performance-v1/2023-02-10-subway-on-time-performance-v1.parquet
983251,2026-01-09 20:46:04+00:00,2023-02-11,https://performancedata.mbta.com/lamp/subway-on-time-performance-v1/2023-02-11-subway-on-time-performance-v1.parquet
1031038,2026-01-09 22:22:30+00:00,2023-02-12,https://performancedata.mbta.com/lamp/subway-on-time-performance-v1/2023-02-12-subway-on-time-performance-v1.parquet
1314683,2026-01-09 20:42:40+00:00,2023-02-13,https://performancedata.mbta.com/lamp/subway-on-time-performance-v1/2023-02-13-subway-on-time-performance-v1.parquet
1314707,2026-01-09 20:56:22+00:00,2023-02-14,https://performancedata.mbta.com/lamp/subway-on-time-performance-v1/2023-02-14-subway-on-time-performance-v1.parquet
1320827,2026-01-09 23:05:17+00:00,2023-02-15,https://performancedata.mbta.com/lamp/subway-on-time-performance-v1/2023-02-15-subway-on-time-performance-v1.parquet
1328941,2026-01-09 20:33:36+00:00,2023-02-16,https://performancedata.mbta.com/lamp/subway-on-time-performance-v1/2023-02-16-subway-on-time-performance-v1.parquet
1308158,2026-01-09 23:37:18+00:00,2023-02-17,https://performancedata.mbta.com/lamp/subway-on-time-performance-v1/2023-02-17-subway-on-time-performance-v1.parquet
992316,2026-01-09 21:08:09+00:00,2023-02-18,https://performancedata.mbta.com/lamp/subway-on-time-performance-v1/2023-02-18-subway-on-time-performance-v1.parquet
902274,2026-01-09 22:45:06+00:00,2023-02-19,https://performancedata.mbta.com/lamp/subway-on-time-performance-v1/2023-02-19-subway-on-time-performance-v1.parquet
1157821,2026-01-09 22:13:55+00:00,2023-02-20,https://performancedata.mbta.com/lamp/subway-on-time-performance-v1/2023-02-20-subway-on-time-performance-v1.parquet
1285479,2026-01-09 21:07:22+00:00,2023-02-21,https://performancedata.mbta.com/lamp/subway-on-time-performance-v1/2023-02-21-subway-on-time-performance-v1.parquet
1279818,2026-01-09 21:44:47+00:00,2023-02-22,https://performancedata.mbta.com/lamp/subway-on-time-performance-v1/2023-02-22-subway-on-time-performance-v1.parquet
1252029,2026-01-09 21:34:05+00:00,2023-02-23,https://performancedata.mbta.com/lamp/subway-on-time-performance-v1/2023-02-23-subway-on-time-performance-v1.parquet
1270685,2026-01-09 22:21:09+00:00,2023-02-24,https://performancedata.mbta.com/lamp/subway-on-time-performance-v1/2023-02-24-subway-on-time-performance-v1.parquet
1010364,2026-01-09 20:24:18+00:00,2023-02-25,https://performancedata.mbta.com/lamp/subway-on-time-performance-v1/2023-02-25-subway-on-time-performance-v1.parquet
951852,2026-01-09 21:06:07+00:00,2023-02-26,https://performancedata.mbta.com/lamp/subway-on-time-performance-v1/2023-02-26-subway-on-time-performance-v1.parquet
1265326,2026-01-09 20:20:43+00:00,2023-02-27,https://performancedata.mbta.com/lamp/subway-on-time-performance-v1/2023-02-27-subway-on-time-performance-v1.parquet
1255863,2026-01-09 20:34:42+00:00,2023-02-28,https://performancedata.mbta.com/lamp/subway-on-time-performance-v1/2023-02-28-subway-on-time-performance-v1.parquet
1262699,2026-01-09 22:45:24+00:00,2023-03-01,https://performancedata.mbta.com/lamp/subway-on-time-performance-v1/2023-03-01-subway-on-time-performance-v1.parquet
1312551,2026-01-09 19:46:34+00:00,2023-03-02,https://performancedata.mbta.com/lamp/subway-on-time-performance-v1/2023-03-02-subway-on-time-performance-v1.parquet
1320630,2026-01-09 20:04:43+00:00,2023-03-03,https://performancedata.mbta.com/lamp/subway-on-time-performance-v1/2023-03-03-subway-on-time-performance-v1.parquet
1053030,2026-01-09 22:14:58+00:00,2023-03-04,https://performancedata.mbta.com/lamp/subway-on-time-performance-v1/2023-03-04-subway-on-time-performance-v1.parquet
959901,2026-01-09 23:29:50+00:00,2023-03-05,https://performancedata.mbta.com/lamp/subway-on-time-performance-v1/2023-03-05-subway-on-time-performance-v1.parquet
1280727,2026-01-09 20:26:37+00:00,2023-03-06,https://performancedata.mbta.com/lamp/subway-on-time-performance-v1/2023-03-06-subway-on-time-performance-v1.parquet
1254825,2026-01-09 21:05:33+00:00,2023-03-07,https://performancedata.mbta.com/lamp/subway-on-time-performance-v1/2023-03-07-subway-on-time-performance-v1.parquet
1255419,2026-01-09 19:50:57+00:00,2023-03-08,https://performancedata.mbta.com/lamp/subway-on-time-performance-v1/2023-03-08-subway-on-time-performance-v1.parquet
1228065,2026-01-09 23:15:27+00:00,2023-03-09,https://performancedata.mbta.com/lamp/subway-on-time-performance-v1/2023-03-09-subway-on-time-performance-v1.parquet
1139687,2026-01-09 22:26:55+00:00,2023-03-10,https://performancedata.mbta.com/lamp/subway-on-time-performance-v1/2023-03-10-subway-on-time-performance-v1.parquet
931955,2026-01-09 20:49:19+00:00,2023-03-11,https://performancedata.mbta.com/lamp/subway-on-time-performance-v1/2023-03-11-subway-on-time-performance-v1.parquet
891567,2026-01-09 20:49:53+00:00,2023-03-12,https://performancedata.mbta.com/lamp/subway-on-time-performance-v1/2023-03-12-subway-on-time-performance-v1.parquet
1229730,2026-01-09 21:49:02+00:00,2023-03-13,https://performancedata.mbta.com/lamp/subway-on-time-performance-v1/2023-03-13-subway-on-time-performance-v1.parquet
1117215,2026-01-09 19:57:53+00:00,2023-03-14,https://performancedata.mbta.com/lamp/subway-on-time-performance-v1/2023-03-14-subway-on-time-performance-v1.parquet
1232920,2026-01-09 23:17:42+00:00,2023-03-15,https://performancedata.mbta.com/lamp/subway-on-time-performance-v1/2023-03-15-subway-on-time-performance-v1.parquet
1227056,2026-01-09 21:14:03+00:00,2023-03-16,https://performancedata.mbta.com/lamp/subway-on-time-performance-v1/2023-03-16-subway-on-time-performance-v1.parquet
1208762,2026-01-09 19:40:05+00:00,2023-03-17,https://performancedata.mbta.com/lamp/subway-on-time-performance-v1/2023-03-17-subway-on-time-performance-v1.parquet
1116824,2026-01-09 21:34:44+00:00,2023-03-18,https://performancedata.mbta.com/lamp/subway-on-time-performance-v1/2023-03-18-subway-on-time-performance-v1.parquet
1068849,2026-01-09 21:26:17+00:00,2023-03-19,https://performancedata.mbta.com/lamp/subway-on-time-performance-v1/2023-03-19-subway-on-time-performance-v1.parquet
1186053,2026-01-09 20:27:08+00:00,2023-03-20,https://performancedata.mbta.com/lamp/subway-on-time-performance-v1/2023-03-20-subway-on-time-performance-v1.parquet
1218937,2026-01-09 20:17:40+00:00,2023-03-21,https://performancedata.mbta.com/lamp/subway-on-time-performance-v1/2023-03-21-subway-on-time-performance-v1.parquet
1231102,2026-01-09 20:59:40+00:00,2023-03-22,https://performancedata.mbta.com/lamp/subway-on-time-performance-v1/2023-03-22-subway-on-time-performance-v1.parquet
1247063,2026-01-09 22:01:36+00:00,2023-03-23,https://performancedata.mbta.com/lamp/subway-on-time-performance-v1/2023-03-23-subway-on-time-performance-v1.parquet
1244370,2026-01-09 20:43:12+00:00,2023-03-24,https://performancedata.mbta.com/lamp/subway-on-time-performance-v1/2023-03-24-subway-on-time-performance-v1.parquet
991695,2026-01-09 21:34:21+00:00,2023-03-25,https://performancedata.mbta.com/lamp/subway-on-time-performance-v1/2023-03-25-subway-on-time-performance-v1.parquet
937504,2026-01-09 22:37:55+00:00,2023-03-26,https://performancedata.mbta.com/lamp/subway-on-time-performance-v1/2023-03-26-subway-on-time-performance-v1.parquet
1241422,2026-01-09 21:21:27+00:00,2023-03-27,https://performancedata.mbta.com/lamp/subway-on-time-performance-v1/2023-03-27-subway-on-time-performance-v1.parquet
1232177,2026-01-09 23:27:12+00:00,2023-03-28,https://performancedata.mbta.com/lamp/subway-on-time-performance-v1/2023-03-28-subway-on-time-performance-v1.parquet
1233385,2026-01-09 21:07:06+00:00,2023-03-29,https://performancedata.mbta.com/lamp/subway-on-time-performance-v1/2023-03-29-subway-on-time-performance-v1.parquet
1164694,2026-01-09 20:14:06+00:00,2023-03-30,https://performancedata.mbta.com/lamp/subway-on-time-performance-v1/2023-03-30-subway-on-time-performance-v1.parquet
1225435,2026-01-09 21:20:17+00:00,2023-03-31,https://performancedata.mbta.com/lamp/subway-on-time-performance-v1/2023-03-31-subway-on-time-performance-v1.parquet
900569,2026-01-09 23:11:23+00:00,2023-04-01,https://performancedata.mbta.com/lamp/subway-on-time-performance-v1/2023-04-01-subway-on-time-performance-v1.parquet
870184,2026-01-09 21:26:29+00:00,2023-04-02,https://performancedata.mbta.com/lamp/subway-on-time-performance-v1/2023-04-02-subway-on-time-performance-v1.parquet
1254222,2026-01-09 20:27:31+00:00,2023-04-03,https://performancedata.mbta.com/lamp/subway-on-time-performance-v1/2023-04-03-subway-on-time-performance-v1.parquet
1251231,2026-01-09 22:42:23+00:00,2023-04-04,https://performancedata.mbta.com/lamp/subway-on-time-performance-v1/2023-04-04-subway-on-time-performance-v1.parquet
1234076,2026-01-09 22:35:17+00:00,2023-04-05,https://performancedata.mbta.com/lamp/subway-on-time-performance-v1/2023-04-05-subway-on-time-performance-v1.parquet
1264311,2026-01-09 21:51:25+00:00,2023-04-06,https://performancedata.mbta.com/lamp/subway-on-time-performance-v1/2023-04-06-subway-on-time-performance-v1.parquet
1249369,2026-01-09 21:39:17+00:00,2023-04-07,https://performancedata.mbta.com/lamp/subway-on-time-performance-v1/2023-04-07-subway-on-time-performance-v1.parquet
972876,2026-01-09 23:00:50+00:00,2023-04-08,https://performancedata.mbta.com/lamp/subway-on-time-performance-v1/2023-04-08-subway-on-time-performance-v1.parquet
1015855,2026-01-09 22:55:25+00:00,2023-04-09,https://performancedata.mbta.com/lamp/subway-on-time-performance-v1/2023-04-09-subway-on-time-performance-v1.parquet
1236776,2026-01-09 22:55:39+00:00,2023-04-10,https://performancedata.mbta.com/lamp/subway-on-time-performance-v1/2023-04-10-subway-on-time-performance-v1.parquet
1264356,2026-01-09 20:04:54+00:00,2023-04-11,https://performancedata.mbta.com/lamp/subway-on-time-performance-v1/2023-04-11-subway-on-time-performance-v1.parquet
1281542,2026-01-09 22:02:28+00:00,2023-04-12,https://performancedata.mbta.com/lamp/subway-on-time-performance-v1/2023-04-12-subway-on-time-performance-v1.parquet
1207316,2026-01-09 20:15:44+00:00,2023-04-13,https://performancedata.mbta.com/lamp/subway-on-time-performance-v1/2023-04-13-subway-on-time-performance-v1.parquet
1224608,2026-01-09 21:01:29+00:00,2023-04-14,https://performancedata.mbta.com/lamp/subway-on-time-performance-v1/2023-04-14-subway-on-time-performance-v1.parquet
1110003,2026-01-09 21:56:37+00:00,2023-04-15,https://performancedata.mbta.com/lamp/subway-on-time-performance-v1/2023-04-15-subway-on-time-performance-v1.parquet
1001908,2026-01-09 20:48:21+00:00,2023-04-16,https://performancedata.mbta.com/lamp/subway-on-time-performance-v1/2023-04-16-subway-on-time-performance-v1.parquet
1206221,2026-01-09 21:58:48+00:00,2023-04-17,https://performancedata.mbta.com/lamp/subway-on-time-performance-v1/2023-04-17-subway-on-time-performance-v1.parquet
1237393,2026-01-09 19:45:16+00:00,2023-04-18,https://performancedata.mbta.com/lamp/subway-on-time-performance-v1/2023-04-18-subway-on-time-performance-v1.parquet
1229958,2026-01-09 21:09:55+00:00,2023-04-19,https://performancedata.mbta.com/lamp/subway-on-time-performance-v1/2023-04-19-subway-on-time-performance-v1.parquet
1247012,2026-01-09 19:53:28+00:00,2023-04-20,https://performancedata.mbta.com/lamp/subway-on-time-performance-v1/2023-04-20-subway-on-time-performance-v1.parquet
1207077,2026-01-09 22:23:30+00:00,2023-04-21,https://performancedata.mbta.com/lamp/subway-on-time-performance-v1/2023-04-21-subway-on-time-performance-v1.parquet
1058996,2026-01-09 21:47:46+00:00,2023-04-22,https://performancedata.mbta.com/lamp/subway-on-time-performance-v1/2023-04-22-subway-on-time-performance-v1.parquet
949186,2026-01-09 20:44:08+00:00,2023-04-23,https://performancedata.mbta.com/lamp/subway-on-time-performance-v1/2023-04-23-subway-on-time-performance-v1.parquet
1242785,2026-01-09 22:56:36+00:00,2023-04-24,https://performancedata.mbta.com/lamp/subway-on-time-performance-v1/2023-04-24-subway-on-time-performance-v1.parquet
1264316,2026-01-09 23:15:16+00:00,2023-04-25,https://performancedata.mbta.com/lamp/subway-on-time-performance-v1/2023-04-25-subway-on-time-performance-v1.parquet
1282002,2026-01-09 19:49:08+00:00,2023-04-26,https://performancedata.mbta.com/lamp/subway-on-time-performance-v1/2023-04-26-subway-on-time-performance-v1.parquet
1258370,2026-01-09 22:05:07+00:00,2023-04-27,https://performancedata.mbta.com/lamp/subway-on-time-performance-v1/2023-04-27-subway-on-time-performance-v1.parquet
1290071,2026-01-09 19:52:52+00:00,2023-04-28,https://performancedata.mbta.com/lamp/subway-on-time-performance-v1/2023-04-28-subway-on-time-performance-v1.parquet
1097384,2026-01-09 21:55:15+00:00,2023-04-29,https://performancedata.mbta.com/lamp/subway-on-time-performance-v1/2023-04-29-subway-on-time-performance-v1.parquet
969456,2026-01-09 21:54:40+00:00,2023-04-30,https://performancedata.mbta.com/lamp/subway-on-time-performance-v1/2023-04-30-subway-on-time-performance-v1.parquet
1228310,2026-01-09 22:06:22+00:00,2023-05-01,https://performancedata.mbta.com/lamp/subway-on-time-performance-v1/2023-05-01-subway-on-time-performance-v1.parquet
1254479,2026-01-09 21:44:40+00:00,2023-05-02,https://performancedata.mbta.com/lamp/subway-on-time-performance-v1/2023-05-02-subway-on-time-performance-v1.parquet
1245223,2026-01-09 20:21:29+00:00,2023-05-03,https://performancedata.mbta.com/lamp/subway-on-time-performance-v1/2023-05-03-subway-on-time-performance-v1.parquet
1239580,2026-01-09 21:14:15+00:00,2023-05-04,https://performancedata.mbta.com/lamp/subway-on-time-performance-v1/2023-05-04-subway-on-time-performance-v1.parquet
1255026,2026-01-09 23:34:29+00:00,2023-05-05,https://performancedata.mbta.com/lamp/subway-on-time-performance-v1/2023-05-05-subway-on-time-performance-v1.parquet
1061080,2026-01-09 21:27:02+00:00,2023-05-06,https://performancedata.mbta.com/lamp/subway-on-time-performance-v1/2023-05-06-subway-on-time-performance-v1.parquet
977923,2026-01-09 19:46:14+00:00,2023-05-07,https://performancedata.mbta.com/lamp/subway-on-time-performance-v1/2023-05-07-subway-on-time-performance-v1.parquet
1246204,2026-01-09 19:47:12+00:00,2023-05-08,https://performancedata.mbta.com/lamp/subway-on-time-performance-v1/2023-05-08-subway-on-time-performance-v1.parquet
1241977,2026-01-09 20:14:37+00:00,2023-05-09,https://performancedata.mbta.com/lamp/subway-on-time-performance-v1/2023-05-09-subway-on-time-performance-v1.parquet
1277131,2026-01-09 22:43:23+00:00,2023-05-10,https://performancedata.mbta.com/lamp/subway-on-time-performance-v1/2023-05-10-subway-on-time-performance-v1.parquet
1248203,2026-01-09 21:15:23+00:00,2023-05-11,https://performancedata.mbta.com/lamp/subway-on-time-performance-v1/2023-05-11-subway-on-time-performance-v1.parquet
1257450,2026-01-09 23:30:13+00:00,2023-05-12,https://performancedata.mbta.com/lamp/subway-on-time-performance-v1/2023-05-12-subway-on-time-performance-v1.parquet
928690,2026-01-09 20:00:22+00:00,2023-05-13,https://performancedata.mbta.com/lamp/subway-on-time-performance-v1/2023-05-13-subway-on-time-performance-v1.parquet
846736,2026-01-09 21:13:45+00:00,2023-05-14,https://performancedata.mbta.com/lamp/subway-on-time-performance-v1/2023-05-14-subway-on-time-performance-v1.parquet
1221915,2026-01-09 20:55:07+00:00,2023-05-15,https://performancedata.mbta.com/lamp/subway-on-time-performance-v1/2023-05-15-subway-on-time-performance-v1.parquet
1198327,2026-01-09 23:18:14+00:00,2023-05-16,https://performancedata.mbta.com/lamp/subway-on-time-performance-v1/2023-05-16-subway-on-time-performance-v1.parquet
1207832,2026-01-09 21:57:35+00:00,2023-05-17,https://performancedata.mbta.com/lamp/subway-on-time-performance-v1/2023-05-17-subway-on-time-performance-v1.parquet
1265045,2026-01-09 20:53:13+00:00,2023-05-18,https://performancedata.mbta.com/lamp/subway-on-time-performance-v1/2023-05-18-subway-on-time-performance-v1.parquet
1227169,2026-01-09 21:42:50+00:00,2023-05-19,https://performancedata.mbta.com/lamp/subway-on-time-performance-v1/2023-05-19-subway-on-time-performance-v1.parquet
916158,2026-01-09 21:47:34+00:00,2023-05-20,https://performancedata.mbta.com/lamp/subway-on-time-performance-v1/2023-05-20-subway-on-time-performance-v1.parquet
851479,2026-01-09 21:15:17+00:00,2023-05-21,https://performancedata.mbta.com/lamp/subway-on-time-performance-v1/2023-05-21-subway-on-time-performance-v1.parquet
1260728,2026-01-09 20:44:50+00:00,2023-05-22,https://performancedata.mbta.com/lamp/subway-on-time-performance-v1/2023-05-22-subway-on-time-performance-v1.parquet
1249166,2026-01-09 22:27:57+00:00,2023-05-23,https://performancedata.mbta.com/lamp/subway-on-time-performance-v1/2023-05-23-subway-on-time-performance-v1.parquet
1283970,2026-01-09 22:42:51+00:00,2023-05-24,https://performancedata.mbta.com/lamp/subway-on-time-performance-v1/2023-05-24-subway-on-time-performance-v1.parquet
1271940,2026-01-09 22:09:52+00:00,2023-05-25,https://performancedata.mbta.com/lamp/subway-on-time-performance-v1/2023-05-25-subway-on-time-performance-v1.parquet
1268009,2026-01-09 22:30:00+00:00,2023-05-26,https://performancedata.mbta.com/lamp/subway-on-time-performance-v1/2023-05-26-subway-on-time-performance-v1.parquet
1165302,2026-01-09 22:54:28+00:00,2023-05-27,https://performancedata.mbta.com/lamp/subway-on-time-performance-v1/2023-05-27-subway-on-time-performance-v1.parquet
1018155,2026-01-09 23:17:29+00:00,2023-05-28,https://performancedata.mbta.com/lamp/subway-on-time-performance-v1/2023-05-28-subway-on-time-performance-v1.parquet
1020222,2026-01-09 22:50:03+00:00,2023-05-29,https://performancedata.mbta.com/lamp/subway-on-time-performance-v1/2023-05-29-subway-on-time-performance-v1.parquet
1248612,2026-01-09 22:00:08+00:00,2023-05-30,https://performancedata.mbta.com/lamp/subway-on-time-performance-v1/2023-05-30-subway-on-time-performance-v1.parquet
1220968,2026-01-09 20:31:02+00:00,2023-05-31,https://performancedata.mbta.com/lamp/subway-on-time-performance-v1/2023-05-31-subway-on-time-performance-v1.parquet
1233911,2026-01-09 21:04:42+00:00,2023-06-01,https://performancedata.mbta.com/lamp/subway-on-time-performance-v1/2023-06-01-subway-on-time-performance-v1.parquet
1216358,2026-01-09 22:27:01+00:00,2023-06-02,https://performancedata.mbta.com/lamp/subway-on-time-performance-v1/2023-06-02-subway-on-time-performance-v1.parquet
990768,2026-01-09 21:57:23+00:00,2023-06-03,https://performancedata.mbta.com/lamp/subway-on-time-performance-v1/2023-06-03-subway-on-time-performance-v1.parquet
904077,2026-01-09 19:47:42+00:00,2023-06-04,https://performancedata.mbta.com/lamp/subway-on-time-performance-v1/2023-06-04-subway-on-time-performance-v1.parquet
1241913,2026-01-09 20:01:03+00:00,2023-06-05,https://performancedata.mbta.com/lamp/subway-on-time-performance-v1/2023-06-05-subway-on-time-performance-v1.parquet
1278775,2026-01-09 21:10:12+00:00,2023-06-06,https://performancedata.mbta.com/lamp/subway-on-time-performance-v1/2023-06-06-subway-on-time-performance-v1.parquet
1234048,2026-01-09 23:16:03+00:00,2023-06-07,https://performancedata.mbta.com/lamp/subway-on-time-performance-v1/2023-06-07-subway-on-time-performance-v1.parquet
1258370,2026-01-09 22:22:48+00:00,2023-06-08,https://performancedata.mbta.com/lamp/subway-on-time-performance-v1/2023-06-08-subway-on-time-performance-v1.parquet
1272669,2026-01-09 21:23:00+00:00,2023-06-09,https://performancedata.mbta.com/lamp/subway-on-time-performance-v1/2023-06-09-subway-on-time-performance-v1.parquet
990132,2026-01-09 23:04:13+00:00,2023-06-10,https://performancedata.mbta.com/lamp/subway-on-time-performance-v1/2023-06-10-subway-on-time-performance-v1.parquet
899934,2026-01-09 22:55:03+00:00,2023-06-11,https://performancedata.mbta.com/lamp/subway-on-time-performance-v1/2023-06-11-subway-on-time-performance-v1.parquet
1044949,2026-01-09 23:35:26+00:00,2023-06-12,https://performancedata.mbta.com/lamp/subway-on-time-performance-v1/2023-06-12-subway-on-time-performance-v1.parquet
1080554,2026-01-09 19:46:59+00:00,2023-06-13,https://performancedata.mbta.com/lamp/subway-on-time-performance-v1/2023-06-13-subway-on-time-performance-v1.parquet
1097314,2026-01-09 19:50:50+00:00,2023-06-14,https://performancedata.mbta.com/lamp/subway-on-time-performance-v1/2023-06-14-subway-on-time-performance-v1.parquet
1062205,2026-01-09 21:14:57+00:00,2023-06-15,https://performancedata.mbta.com/lamp/subway-on-time-performance-v1/2023-06-15-subway-on-time-performance-v1.parquet
1068876,2026-01-09 22:03:56+00:00,2023-06-16,https://performancedata.mbta.com/lamp/subway-on-time-performance-v1/2023-06-16-subway-on-time-performance-v1.parquet
961836,2026-01-09 20:32:37+00:00,2023-06-17,https://performancedata.mbta.com/lamp/subway-on-time-performance-v1/2023-06-17-subway-on-time-performance-v1.parquet
881860,2026-01-09 22:07:59+00:00,2023-06-18,https://performancedata.mbta.com/lamp/subway-on-time-performance-v1/2023-06-18-subway-on-time-performance-v1.parquet
1103545,2026-01-09 22:05:56+00:00,2023-06-19,https://performancedata.mbta.com/lamp/subway-on-time-performance-v1/2023-06-19-subway-on-time-performance-v1.parquet
1099988,2026-01-09 20:10:15+00:00,2023-06-20,https://performancedata.mbta.com/lamp/subway-on-time-performance-v1/2023-06-20-subway-on-time-performance-v1.parquet
1098522,2026-01-09 20:02:31+00:00,2023-06-21,https://performancedata.mbta.com/lamp/subway-on-time-performance-v1/2023-06-21-subway-on-time-performance-v1.parquet
1065696,2026-01-09 23:08:34+00:00,2023-06-22,https://performancedata.mbta.com/lamp/subway-on-time-performance-v1/2023-06-22-subway-on-time-performance-v1.parquet
1083472,2026-01-09 21:55:25+00:00,2023-06-23,https://performancedata.mbta.com/lamp/subway-on-time-performance-v1/2023-06-23-subway-on-time-performance-v1.parquet
978841,2026-01-09 19:59:23+00:00,2023-06-24,https://performancedata.mbta.com/lamp/subway-on-time-performance-v1/2023-06-24-subway-on-time-performance-v1.parquet
885410,2026-01-09 22:19:00+00:00,2023-06-25,https://performancedata.mbta.com/lamp/subway-on-time-performance-v1/2023-06-25-subway-on-time-performance-v1.parquet
1219977,2026-01-09 19:49:21+00:00,2023-06-26,https://performancedata.mbta.com/lamp/subway-on-time-performance-v1/2023-06-26-subway-on-time-performance-v1.parquet
1240734,2026-01-09 21:00:29+00:00,2023-06-27,https://performancedata.mbta.com/lamp/subway-on-time-performance-v1/2023-06-27-subway-on-time-performance-v1.parquet
1186962,2026-01-09 20:14:43+00:00,2023-06-28,https://performancedata.mbta.com/lamp/subway-on-time-performance-v1/2023-06-28-subway-on-time-performance-v1.parquet
1189711,2026-01-09 19:53:12+00:00,2023-06-29,https://performancedata.mbta.com/lamp/subway-on-time-performance-v1/2023-06-29-subway-on-time-performance-v1.parquet
1209615,2026-01-09 22:18:33+00:00,2023-06-30,https://performancedata.mbta.com/lamp/subway-on-time-performance-v1/2023-06-30-subway-on-time-performance-v1.parquet
1050064,2026-01-09 21:09:22+00:00,2023-07-01,https://performancedata.mbta.com/lamp/subway-on-time-performance-v1/2023-07-01-subway-on-time-performance-v1.parquet
1000941,2026-01-09 22:15:19+00:00,2023-07-02,https://performancedata.mbta.com/lamp/subway-on-time-performance-v1/2023-07-02-subway-on-time-performance-v1.parquet
1294938,2026-01-09 21:30:51+00:00,2023-07-03,https://performancedata.mbta.com/lamp/subway-on-time-performance-v1/2023-07-03-subway-on-time-performance-v1.parquet
1233678,2026-01-09 21:59:40+00:00,2023-07-04,https://performancedata.mbta.com/lamp/subway-on-time-performance-v1/2023-07-04-subway-on-time-performance-v1.parquet
1269026,2026-01-09 22:46:36+00:00,2023-07-05,https://performancedata.mbta.com/lamp/subway-on-time-performance-v1/2023-07-05-subway-on-time-performance-v1.parquet
1275521,2026-01-09 22:41:50+00:00,2023-07-06,https://performancedata.mbta.com/lamp/subway-on-time-performance-v1/2023-07-06-subway-on-time-performance-v1.parquet
1256713,2026-01-09 21:00:15+00:00,2023-07-07,https://performancedata.mbta.com/lamp/subway-on-time-performance-v1/2023-07-07-subway-on-time-performance-v1.parquet
1080336,2026-01-09 23:36:30+00:00,2023-07-08,https://performancedata.mbta.com/lamp/subway-on-time-performance-v1/2023-07-08-subway-on-time-performance-v1.parquet
1000768,2026-01-09 22:19:42+00:00,2023-07-09,https://performancedata.mbta.com/lamp/subway-on-time-performance-v1/2023-07-09-subway-on-time-performance-v1.parquet
1268970,2026-01-09 20:57:23+00:00,2023-07-10,https://performancedata.mbta.com/lamp/subway-on-time-performance-v1/2023-07-10-subway-on-time-performance-v1.parquet
1271743,2026-01-09 19:45:42+00:00,2023-07-11,https://performancedata.mbta.com/lamp/subway-on-time-performance-v1/2023-07-11-subway-on-time-performance-v1.parquet
1256639,2026-01-09 21:55:31+00:00,2023-07-12,https://performancedata.mbta.com/lamp/subway-on-time-performance-v1/2023-07-12-subway-on-time-performance-v1.parquet
1274275,2026-01-09 19:56:18+00:00,2023-07-13,https://performancedata.mbta.com/lamp/subway-on-time-performance-v1/2023-07-13-subway-on-time-performance-v1.parquet
1280588,2026-01-09 23:32:50+00:00,2023-07-14,https://performancedata.mbta.com/lamp/subway-on-time-performance-v1/2023-07-14-subway-on-time-performance-v1.parquet
722325,2026-01-09 20:20:22+00:00,2023-07-15,https://performancedata.mbta.com/lamp/subway-on-time-performance-v1/2023-07-15-subway-on-time-performance-v1.parquet
685440,2026-01-09 20:04:08+00:00,2023-07-16,https://performancedata.mbta.com/lamp/subway-on-time-performance-v1/2023-07-16-subway-on-time-performance-v1.parquet
1098158,2026-01-09 22:32:27+00:00,2023-07-17,https://performancedata.mbta.com/lamp/subway-on-time-performance-v1/2023-07-17-subway-on-time-performance-v1.parquet
1167054,2026-01-09 23:16:57+00:00,2023-07-18,https://performancedata.mbta.com/lamp/subway-on-time-performance-v1/2023-07-18-subway-on-time-performance-v1.parquet
1134821,2026-01-09 22:23:24+00:00,2023-07-19,https://performancedata.mbta.com/lamp/subway-on-time-performance-v1/2023-07-19-subway-on-time-performance-v1.parquet
1109810,2026-01-09 20:58:07+00:00,2023-07-20,https://performancedata.mbta.com/lamp/subway-on-time-performance-v1/2023-07-20-subway-on-time-performance-v1.parquet
1092752,2026-01-09 23:34:05+00:00,2023-07-21,https://performancedata.mbta.com/lamp/subway-on-time-performance-v1/2023-07-21-subway-on-time-performance-v1.parquet
963900,2026-01-09 22:30:06+00:00,2023-07-22,https://performancedata.mbta.com/lamp/subway-on-time-performance-v1/2023-07-22-subway-on-time-performance-v1.parquet
883213,2026-01-09 20:53:19+00:00,2023-07-23,https://performancedata.mbta.com/lamp/subway-on-time-performance-v1/2023-07-23-subway-on-time-performance-v1.parquet
1036115,2026-01-09 21:24:31+00:00,2023-07-24,https://performancedata.mbta.com/lamp/subway-on-time-performance-v1/2023-07-24-subway-on-time-performance-v1.parquet
1106683,2026-01-09 22:25:28+00:00,2023-07-25,https://performancedata.mbta.com/lamp/subway-on-time-performance-v1/2023-07-25-subway-on-time-performance-v1.parquet
1104643,2026-01-09 23:10:53+00:00,2023-07-26,https://performancedata.mbta.com/lamp/subway-on-time-performance-v1/2023-07-26-subway-on-time-performance-v1.parquet
1148790,2026-01-09 22:06:41+00:00,2023-07-27,https://performancedata.mbta.com/lamp/subway-on-time-performance-v1/2023-07-27-subway-on-time-performance-v1.parquet
1104612,2026-01-09 23:18:24+00:00,2023-07-28,https://performancedata.mbta.com/lamp/subway-on-time-performance-v1/2023-07-28-subway-on-time-performance-v1.parquet
993610,2026-01-09 22:24:15+00:00,2023-07-29,https://performancedata.mbta.com/lamp/subway-on-time-performance-v1/2023-07-29-subway-on-time-performance-v1.parquet
939575,2026-01-09 20:26:55+00:00,2023-07-30,https://performancedata.mbta.com/lamp/subway-on-time-performance-v1/2023-07-30-subway-on-time-performance-v1.parquet
1125552,2026-01-09 22:53:00+00:00,2023-07-31,https://performancedata.mbta.com/lamp/subway-on-time-performance-v1/2023-07-31-subway-on-time-performance-v1.parquet
1132839,2026-01-09 23:25:41+00:00,2023-08-01,https://performancedata.mbta.com/lamp/subway-on-time-performance-v1/2023-08-01-subway-on-time-performance-v1.parquet
1115841,2026-01-09 20:23:25+00:00,2023-08-02,https://performancedata.mbta.com/lamp/subway-on-time-performance-v1/2023-08-02-subway-on-time-performance-v1.parquet
1178363,2026-01-09 22:22:14+00:00,2023-08-03,https://performancedata.mbta.com/lamp/subway-on-time-performance-v1/2023-08-03-subway-on-time-performance-v1.parquet
1174083,2026-01-09 21:57:45+00:00,2023-08-04,https://performancedata.mbta.com/lamp/subway-on-time-performance-v1/2023-08-04-subway-on-time-performance-v1.parquet
1017566,2026-01-09 20:26:25+00:00,2023-08-05,https://performancedata.mbta.com/lamp/subway-on-time-performance-v1/2023-08-05-subway-on-time-performance-v1.parquet
964807,2026-01-09 20:45:14+00:00,2023-08-06,https://performancedata.mbta.com/lamp/subway-on-time-performance-v1/2023-08-06-subway-on-time-performance-v1.parquet
1142272,2026-01-09 20:22:25+00:00,2023-08-07,https://performancedata.mbta.com/lamp/subway-on-time-performance-v1/2023-08-07-subway-on-time-performance-v1.parquet
1127319,2026-01-09 20:09:58+00:00,2023-08-08,https://performancedata.mbta.com/lamp/subway-on-time-performance-v1/2023-08-08-subway-on-time-performance-v1.parquet
1115088,2026-01-09 20:14:30+00:00,2023-08-09,https://performancedata.mbta.com/lamp/subway-on-time-performance-v1/2023-08-09-subway-on-time-performance-v1.parquet
1226901,2026-01-09 22:21:15+00:00,2023-08-10,https://performancedata.mbta.com/lamp/subway-on-time-performance-v1/2023-08-10-subway-on-time-performance-v1.parquet
1217163,2026-01-09 21:18:21+00:00,2023-08-11,https://performancedata.mbta.com/lamp/subway-on-time-performance-v1/2023-08-11-subway-on-time-performance-v1.parquet
997387,2026-01-09 21:41:57+00:00,2023-08-12,https://performancedata.mbta.com/lamp/subway-on-time-performance-v1/2023-08-12-subway-on-time-performance-v1.parquet
967164,2026-01-09 21:42:02+00:00,2023-08-13,https://performancedata.mbta.com/lamp/subway-on-time-performance-v1/2023-08-13-subway-on-time-performance-v1.parquet
1236483,2026-01-09 20:27:49+00:00,2023-08-14,https://performancedata.mbta.com/lamp/subway-on-time-performance-v1/2023-08-14-subway-on-time-performance-v1.parquet
1245017,2026-01-09 22:05:14+00:00,2023-08-15,https://performancedata.mbta.com/lamp/subway-on-time-performance-v1/2023-08-15-subway-on-time-performance-v1.parquet
1202686,2026-01-09 20:02:45+00:00,2023-08-16,https://performancedata.mbta.com/lamp/subway-on-time-performance-v1/2023-08-16-subway-on-time-performance-v1.parquet
1244667,2026-01-09 20:31:09+00:00,2023-08-17,https://performancedata.mbta.com/lamp/subway-on-time-performance-v1/2023-08-17-subway-on-time-performance-v1.parquet
1205899,2026-01-09 20:10:27+00:00,2023-08-18,https://performancedata.mbta.com/lamp/subway-on-time-performance-v1/2023-08-18-subway-on-time-performance-v1.parquet
1008627,2026-01-09 22:21:41+00:00,2023-08-19,https://performancedata.mbta.com/lamp/subway-on-time-performance-v1/2023-08-19-subway-on-time-performance-v1.parquet
960835,2026-01-09 22:52:28+00:00,2023-08-20,https://performancedata.mbta.com/lamp/subway-on-time-performance-v1/2023-08-20-subway-on-time-performance-v1.parquet
1244886,2026-01-09 19:42:04+00:00,2023-08-21,https://performancedata.mbta.com/lamp/subway-on-time-performance-v1/2023-08-21-subway-on-time-performance-v1.parquet
1241138,2026-01-09 20:53:25+00:00,2023-08-22,https://performancedata.mbta.com/lamp/subway-on-time-performance-v1/2023-08-22-subway-on-time-performance-v1.parquet
1227657,2026-01-09 20:46:30+00:00,2023-08-23,https://performancedata.mbta.com/lamp/subway-on-time-performance-v1/2023-08-23-subway-on-time-performance-v1.parquet
1246493,2026-01-09 22:17:07+00:00,2023-08-24,https://performancedata.mbta.com/lamp/subway-on-time-performance-v1/2023-08-24-subway-on-time-performance-v1.parquet
1228834,2026-01-09 21:25:36+00:00,2023-08-25,https://performancedata.mbta.com/lamp/subway-on-time-performance-v1/2023-08-25-subway-on-time-performance-v1.parquet
967247,2026-01-09 21:46:39+00:00,2023-08-26,https://performancedata.mbta.com/lamp/subway-on-time-performance-v1/2023-08-26-subway-on-time-performance-v1.parquet
927943,2026-01-09 22:59:13+00:00,2023-08-27,https://performancedata.mbta.com/lamp/subway-on-time-performance-v1/2023-08-27-subway-on-time-performance-v1.parquet
1224721,2026-01-09 20:41:05+00:00,2023-08-28,https://performancedata.mbta.com/lamp/subway-on-time-performance-v1/2023-08-28-subway-on-time-performance-v1.parquet
1286281,2026-01-09 22:19:36+00:00,2023-08-29,https://performancedata.mbta.com/lamp/subway-on-time-performance-v1/2023-08-29-subway-on-time-performance-v1.parquet
1267406,2026-01-09 22:04:09+00:00,2023-08-30,https://performancedata.mbta.com/lamp/subway-on-time-performance-v1/2023-08-30-subway-on-time-performance-v1.parquet
1233797,2026-01-09 20:43:40+00:00,2023-08-31,https://performancedata.mbta.com/lamp/subway-on-time-performance-v1/2023-08-31-subway-on-time-performance-v1.parquet
1269872,2026-01-09 21:18:15+00:00,2023-09-01,https://performancedata.mbta.com/lamp/subway-on-time-performance-v1/2023-09-01-subway-on-time-performance-v1.parquet
1108648,2026-01-09 21:20:45+00:00,2023-09-02,https://performancedata.mbta.com/lamp/subway-on-time-performance-v1/2023-09-02-subway-on-time-performance-v1.parquet
985398,2026-01-09 19:41:18+00:00,2023-09-03,https://performancedata.mbta.com/lamp/subway-on-time-performance-v1/2023-09-03-subway-on-time-performance-v1.parquet
991122,2026-01-09 21:01:22+00:00,2023-09-04,https://performancedata.mbta.com/lamp/subway-on-time-performance-v1/2023-09-04-subway-on-time-performance-v1.parquet
1288122,2026-01-09 22:02:35+00:00,2023-09-05,https://performancedata.mbta.com/lamp/subway-on-time-performance-v1/2023-09-05-subway-on-time-performance-v1.parquet
1246432,2026-01-09 21:43:09+00:00,2023-09-06,https://performancedata.mbta.com/lamp/subway-on-time-performance-v1/2023-09-06-subway-on-time-performance-v1.parquet
1212525,2026-01-09 21:16:35+00:00,2023-09-07,https://performancedata.mbta.com/lamp/subway-on-time-performance-v1/2023-09-07-subway-on-time-performance-v1.parquet
1233124,2026-01-09 20:23:02+00:00,2023-09-08,https://performancedata.mbta.com/lamp/subway-on-time-performance-v1/2023-09-08-subway-on-time-performance-v1.parquet
1052765,2026-01-09 21:44:34+00:00,2023-09-09,https://performancedata.mbta.com/lamp/subway-on-time-performance-v1/2023-09-09-subway-on-time-performance-v1.parquet
958179,2026-01-09 19:48:15+00:00,2023-09-10,https://performancedata.mbta.com/lamp/subway-on-time-performance-v1/2023-09-10-subway-on-time-performance-v1.parquet
1246074,2026-01-09 21:14:40+00:00,2023-09-11,https://performancedata.mbta.com/lamp/subway-on-time-performance-v1/2023-09-11-subway-on-time-performance-v1.parquet
1250395,2026-01-09 22:59:07+00:00,2023-09-12,https://performancedata.mbta.com/lamp/subway-on-time-performance-v1/2023-09-12-subway-on-time-performance-v1.parquet
1223396,2026-01-09 22:28:58+00:00,2023-09-13,https://performancedata.mbta.com/lamp/subway-on-time-performance-v1/2023-09-13-subway-on-time-performance-v1.parquet
1230620,2026-01-09 21:22:02+00:00,2023-09-14,https://performancedata.mbta.com/lamp/subway-on-time-performance-v1/2023-09-14-subway-on-time-performance-v1.parquet
1234567,2026-01-09 22:14:14+00:00,2023-09-15,https://performancedata.mbta.com/lamp/subway-on-time-performance-v1/2023-09-15-subway-on-time-performance-v1.parquet
1089203,2026-01-09 22:15:24+00:00,2023-09-16,https://performancedata.mbta.com/lamp/subway-on-time-performance-v1/2023-09-16-subway-on-time-performance-v1.parquet
941749,2026-01-09 22:31:03+00:00,2023-09-17,https://performancedata.mbta.com/lamp/subway-on-time-performance-v1/2023-09-17-subway-on-time-performance-v1.parquet
1091775,2026-01-09 20:32:26+00:00,2023-09-18,https://performancedata.mbta.com/lamp/subway-on-time-performance-v1/2023-09-18-subway-on-time-performance-v1.parquet
1127827,2026-01-09 21:01:41+00:00,2023-09-19,https://performancedata.mbta.com/lamp/subway-on-time-performance-v1/2023-09-19-subway-on-time-performance-v1.parquet
1130683,2026-01-09 22:23:36+00:00,2023-09-20,https://performancedata.mbta.com/lamp/subway-on-time-performance-v1/2023-09-20-subway-on-time-performance-v1.parquet
1131740,2026-01-09 22:08:42+00:00,2023-09-21,https://performancedata.mbta.com/lamp/subway-on-time-performance-v1/2023-09-21-subway-on-time-performance-v1.parquet
1100985,2026-01-09 22:39:40+00:00,2023-09-22,https://performancedata.mbta.com/lamp/subway-on-time-performance-v1/2023-09-22-subway-on-time-performance-v1.parquet
980217,2026-01-09 22:05:39+00:00,2023-09-23,https://performancedata.mbta.com/lamp/subway-on-time-performance-v1/2023-09-23-subway-on-time-performance-v1.parquet
875261,2026-01-09 20:56:12+00:00,2023-09-24,https://performancedata.mbta.com/lamp/subway-on-time-performance-v1/2023-09-24-subway-on-time-performance-v1.parquet
1113095,2026-01-09 20:37:04+00:00,2023-09-25,https://performancedata.mbta.com/lamp/subway-on-time-performance-v1/2023-09-25-subway-on-time-performance-v1.parquet
1154992,2026-01-09 20:37:17+00:00,2023-09-26,https://performancedata.mbta.com/lamp/subway-on-time-performance-v1/2023-09-26-subway-on-time-performance-v1.parquet
1178443,2026-01-09 22:33:40+00:00,2023-09-27,https://performancedata.mbta.com/lamp/subway-on-time-performance-v1/2023-09-27-subway-on-time-performance-v1.parquet
1150173,2026-01-09 22:51:22+00:00,2023-09-28,https://performancedata.mbta.com/lamp/subway-on-time-performance-v1/2023-09-28-subway-on-time-performance-v1.parquet
1138600,2026-01-09 22:48:38+00:00,2023-09-29,https://performancedata.mbta.com/lamp/subway-on-time-performance-v1/2023-09-29-subway-on-time-performance-v1.parquet
971044,2026-01-09 20:57:03+00:00,2023-09-30,https://performancedata.mbta.com/lamp/subway-on-time-performance-v1/2023-09-30-subway-on-time-performance-v1.parquet
884226,2026-01-09 19:57:28+00:00,2023-10-01,https://performancedata.mbta.com/lamp/subway-on-time-performance-v1/2023-10-01-subway-on-time-performance-v1.parquet
1160631,2026-01-09 19:41:57+00:00,2023-10-02,https://performancedata.mbta.com/lamp/subway-on-time-performance-v1/2023-10-02-subway-on-time-performance-v1.parquet
1166183,2026-01-09 22:03:34+00:00,2023-10-03,https://performancedata.mbta.com/lamp/subway-on-time-performance-v1/2023-10-03-subway-on-time-performance-v1.parquet
1114560,2026-01-09 21:15:53+00:00,2023-10-04,https://performancedata.mbta.com/lamp/subway-on-time-performance-v1/2023-10-04-subway-on-time-performance-v1.parquet
1137183,2026-01-09 21:09:05+00:00,2023-10-05,https://performancedata.mbta.com/lamp/subway-on-time-performance-v1/2023-10-05-subway-on-time-performance-v1.parquet
1158796,2026-01-09 23:28:35+00:00,2023-10-06,https://performancedata.mbta.com/lamp/subway-on-time-performance-v1/2023-10-06-subway-on-time-performance-v1.parquet
992447,2026-01-09 20:01:51+00:00,2023-10-07,https://performancedata.mbta.com/lamp/subway-on-time-performance-v1/2023-10-07-subway-on-time-performance-v1.parquet
904786,2026-01-09 22:51:08+00:00,2023-10-08,https://performancedata.mbta.com/lamp/subway-on-time-performance-v1/2023-10-08-subway-on-time-performance-v1.parquet
1045111,2026-01-09 22:28:19+00:00,2023-10-09,https://performancedata.mbta.com/lamp/subway-on-time-performance-v1/2023-10-09-subway-on-time-performance-v1.parquet
1166618,2026-01-09 21:05:50+00:00,2023-10-10,https://performancedata.mbta.com/lamp/subway-on-time-performance-v1/2023-10-10-subway-on-time-performance-v1.parquet
1187146,2026-01-09 23:04:22+00:00,2023-10-11,https://performancedata.mbta.com/lamp/subway-on-time-performance-v1/2023-10-11-subway-on-time-performance-v1.parquet
1191364,2026-01-09 22:09:57+00:00,2023-10-12,https://performancedata.mbta.com/lamp/subway-on-time-performance-v1/2023-10-12-subway-on-time-performance-v1.parquet
1272415,2026-01-09 20:19:38+00:00,2023-10-13,https://performancedata.mbta.com/lamp/subway-on-time-performance-v1/2023-10-13-subway-on-time-performance-v1.parquet
1013240,2026-01-09 22:48:08+00:00,2023-10-14,https://performancedata.mbta.com/lamp/subway-on-time-performance-v1/2023-10-14-subway-on-time-performance-v1.parquet
908068,2026-01-09 21:03:59+00:00,2023-10-15,https://performancedata.mbta.com/lamp/subway-on-time-performance-v1/2023-10-15-subway-on-time-performance-v1.parquet
1150848,2026-01-09 20:16:42+00:00,2023-10-16,https://performancedata.mbta.com/lamp/subway-on-time-performance-v1/2023-10-16-subway-on-time-performance-v1.parquet
1179896,2026-01-09 22:48:13+00:00,2023-10-17,https://performancedata.mbta.com/lamp/subway-on-time-performance-v1/2023-10-17-subway-on-time-performance-v1.parquet
1194947,2026-01-09 20:26:50+00:00,2023-10-18,https://performancedata.mbta.com/lamp/subway-on-time-performance-v1/2023-10-18-subway-on-time-performance-v1.parquet
1187628,2026-01-09 22:52:16+00:00,2023-10-19,https://performancedata.mbta.com/lamp/subway-on-time-performance-v1/2023-10-19-subway-on-time-performance-v1.parquet
1139148,2026-01-09 19:42:25+00:00,2023-10-20,https://performancedata.mbta.com/lamp/subway-on-time-performance-v1/2023-10-20-subway-on-time-performance-v1.parquet
882744,2026-01-09 22:28:44+00:00,2023-10-21,https://performancedata.mbta.com/lamp/subway-on-time-performance-v1/2023-10-21-subway-on-time-performance-v1.parquet
909088,2026-01-09 22:56:55+00:00,2023-10-22,https://performancedata.mbta.com/lamp/subway-on-time-performance-v1/2023-10-22-subway-on-time-performance-v1.parquet
1166328,2026-01-09 22:18:55+00:00,2023-10-23,https://performancedata.mbta.com/lamp/subway-on-time-performance-v1/2023-10-23-subway-on-time-performance-v1.parquet
1119292,2026-01-09 21:33:51+00:00,2023-10-24,https://performancedata.mbta.com/lamp/subway-on-time-performance-v1/2023-10-24-subway-on-time-performance-v1.parquet
1198506,2026-01-09 21:59:01+00:00,2023-10-25,https://performancedata.mbta.com/lamp/subway-on-time-performance-v1/2023-10-25-subway-on-time-performance-v1.parquet
1195632,2026-01-09 20:07:53+00:00,2023-10-26,https://performancedata.mbta.com/lamp/subway-on-time-performance-v1/2023-10-26-subway-on-time-performance-v1.parquet
1173281,2026-01-09 20:11:55+00:00,2023-10-27,https://performancedata.mbta.com/lamp/subway-on-time-performance-v1/2023-10-27-subway-on-time-performance-v1.parquet
1011399,2026-01-09 22:25:08+00:00,2023-10-28,https://performancedata.mbta.com/lamp/subway-on-time-performance-v1/2023-10-28-subway-on-time-performance-v1.parquet
909206,2026-01-09 21:54:56+00:00,2023-10-29,https://performancedata.mbta.com/lamp/subway-on-time-performance-v1/2023-10-29-subway-on-time-performance-v1.parquet
1264466,2026-01-09 20:41:22+00:00,2023-10-30,https://performancedata.mbta.com/lamp/subway-on-time-performance-v1/2023-10-30-subway-on-time-performance-v1.parquet
1224430,2026-01-09 22:07:03+00:00,2023-10-31,https://performancedata.mbta.com/lamp/subway-on-time-performance-v1/2023-10-31-subway-on-time-performance-v1.parquet
1244992,2026-01-09 23:09:21+00:00,2023-11-01,https://performancedata.mbta.com/lamp/subway-on-time-performance-v1/2023-11-01-subway-on-time-performance-v1.parquet
1301055,2026-01-09 22:06:56+00:00,2023-11-02,https://performancedata.mbta.com/lamp/subway-on-time-performance-v1/2023-11-02-subway-on-time-performance-v1.parquet
1322914,2026-01-09 19:43:44+00:00,2023-11-03,https://performancedata.mbta.com/lamp/subway-on-time-performance-v1/2023-11-03-subway-on-time-performance-v1.parquet
1078153,2026-01-09 20:36:04+00:00,2023-11-04,https://performancedata.mbta.com/lamp/subway-on-time-performance-v1/2023-11-04-subway-on-time-performance-v1.parquet
974860,2026-01-09 21:26:44+00:00,2023-11-05,https://performancedata.mbta.com/lamp/subway-on-time-performance-v1/2023-11-05-subway-on-time-performance-v1.parquet
1277678,2026-01-09 20:10:47+00:00,2023-11-06,https://performancedata.mbta.com/lamp/subway-on-time-performance-v1/2023-11-06-subway-on-time-performance-v1.parquet
1259094,2026-01-09 22:18:43+00:00,2023-11-07,https://performancedata.mbta.com/lamp/subway-on-time-performance-v1/2023-11-07-subway-on-time-performance-v1.parquet
1226568,2026-01-09 19:43:34+00:00,2023-11-08,https://performancedata.mbta.com/lamp/subway-on-time-performance-v1/2023-11-08-subway-on-time-performance-v1.parquet
1282975,2026-01-09 22:50:56+00:00,2023-11-09,https://performancedata.mbta.com/lamp/subway-on-time-performance-v1/2023-11-09-subway-on-time-performance-v1.parquet
1286267,2026-01-09 21:03:52+00:00,2023-11-10,https://performancedata.mbta.com/lamp/subway-on-time-performance-v1/2023-11-10-subway-on-time-performance-v1.parquet
1063145,2026-01-09 20:27:59+00:00,2023-11-11,https://performancedata.mbta.com/lamp/subway-on-time-performance-v1/2023-11-11-subway-on-time-performance-v1.parquet
984310,2026-01-09 22:10:54+00:00,2023-11-12,https://performancedata.mbta.com/lamp/subway-on-time-performance-v1/2023-11-12-subway-on-time-performance-v1.parquet
1259688,2026-01-09 23:22:40+00:00,2023-11-13,https://performancedata.mbta.com/lamp/subway-on-time-performance-v1/2023-11-13-subway-on-time-performance-v1.parquet
1256780,2026-01-09 20:32:54+00:00,2023-11-14,https://performancedata.mbta.com/lamp/subway-on-time-performance-v1/2023-11-14-subway-on-time-performance-v1.parquet
1291036,2026-01-09 23:26:05+00:00,2023-11-15,https://performancedata.mbta.com/lamp/subway-on-time-performance-v1/2023-11-15-subway-on-time-performance-v1.parquet
1290447,2026-01-09 20:57:09+00:00,2023-11-16,https://performancedata.mbta.com/lamp/subway-on-time-performance-v1/2023-11-16-subway-on-time-performance-v1.parquet
1308388,2026-01-09 23:10:47+00:00,2023-11-17,https://performancedata.mbta.com/lamp/subway-on-time-performance-v1/2023-11-17-subway-on-time-performance-v1.parquet
1054521,2026-01-09 19:38:56+00:00,2023-11-18,https://performancedata.mbta.com/lamp/subway-on-time-performance-v1/2023-11-18-subway-on-time-performance-v1.parquet
953810,2026-01-09 20:48:55+00:00,2023-11-19,https://performancedata.mbta.com/lamp/subway-on-time-performance-v1/2023-11-19-subway-on-time-performance-v1.parquet
1302446,2026-01-09 23:09:07+00:00,2023-11-20,https://performancedata.mbta.com/lamp/subway-on-time-performance-v1/2023-11-20-subway-on-time-performance-v1.parquet
1301002,2026-01-09 19:50:28+00:00,2023-11-21,https://performancedata.mbta.com/lamp/subway-on-time-performance-v1/2023-11-21-subway-on-time-performance-v1.parquet
1329546,2026-01-09 21:59:27+00:00,2023-11-22,https://performancedata.mbta.com/lamp/subway-on-time-performance-v1/2023-11-22-subway-on-time-performance-v1.parquet
1009218,2026-01-09 20:34:06+00:00,2023-11-23,https://performancedata.mbta.com/lamp/subway-on-time-performance-v1/2023-11-23-subway-on-time-performance-v1.parquet
1335001,2026-01-09 21:29:44+00:00,2023-11-24,https://performancedata.mbta.com/lamp/subway-on-time-performance-v1/2023-11-24-subway-on-time-performance-v1.parquet
1136365,2026-01-09 22:34:13+00:00,2023-11-25,https://performancedata.mbta.com/lamp/subway-on-time-performance-v1/2023-11-25-subway-on-time-performance-v1.parquet
1035492,2026-01-09 20:30:15+00:00,2023-11-26,https://performancedata.mbta.com/lamp/subway-on-time-performance-v1/2023-11-26-subway-on-time-performance-v1.parquet
932649,2026-01-09 23:32:03+00:00,2023-11-27,https://performancedata.mbta.com/lamp/subway-on-time-performance-v1/2023-11-27-subway-on-time-performance-v1.parquet
939221,2026-01-09 22:44:14+00:00,2023-11-28,https://performancedata.mbta.com/lamp/subway-on-time-performance-v1/2023-11-28-subway-on-time-performance-v1.parquet
936264,2026-01-09 21:35:32+00:00,2023-11-29,https://performancedata.mbta.com/lamp/subway-on-time-performance-v1/2023-11-29-subway-on-time-performance-v1.parquet
932754,2026-01-09 21:15:58+00:00,2023-11-30,https://performancedata.mbta.com/lamp/subway-on-time-performance-v1/2023-11-30-subway-on-time-performance-v1.parquet
930598,2026-01-09 22:16:55+00:00,2023-12-01,https://performancedata.mbta.com/lamp/subway-on-time-performance-v1/2023-12-01-subway-on-time-performance-v1.parquet
788356,2026-01-09 20:04:47+00:00,2023-12-02,https://performancedata.mbta.com/lamp/subway-on-time-performance-v1/2023-12-02-subway-on-time-performance-v1.parquet
710671,2026-01-09 19:41:13+00:00,2023-12-03,https://performancedata.mbta.com/lamp/subway-on-time-performance-v1/2023-12-03-subway-on-time-performance-v1.parquet
893213,2026-01-09 20:35:47+00:00,2023-12-04,https://performancedata.mbta.com/lamp/subway-on-time-performance-v1/2023-12-04-subway-on-time-performance-v1.parquet
925518,2026-01-09 21:02:36+00:00,2023-12-05,https://performancedata.mbta.com/lamp/subway-on-time-performance-v1/2023-12-05-subway-on-time-performance-v1.parquet
1217290,2026-01-09 23:06:09+00:00,2023-12-06,https://performancedata.mbta.com/lamp/subway-on-time-performance-v1/2023-12-06-subway-on-time-performance-v1.parquet
1192835,2026-01-09 20:36:17+00:00,2023-12-07,https://performancedata.mbta.com/lamp/subway-on-time-performance-v1/2023-12-07-subway-on-time-performance-v1.parquet
1262616,2026-01-09 22:04:16+00:00,2023-12-08,https://performancedata.mbta.com/lamp/subway-on-time-performance-v1/2023-12-08-subway-on-time-performance-v1.parquet
1040139,2026-01-09 22:11:13+00:00,2023-12-09,https://performancedata.mbta.com/lamp/subway-on-time-performance-v1/2023-12-09-subway-on-time-performance-v1.parquet
992638,2026-01-09 23:22:58+00:00,2023-12-10,https://performancedata.mbta.com/lamp/subway-on-time-performance-v1/2023-12-10-subway-on-time-performance-v1.parquet
1153939,2026-01-09 22:02:22+00:00,2023-12-11,https://performancedata.mbta.com/lamp/subway-on-time-performance-v1/2023-12-11-subway-on-time-performance-v1.parquet
1142657,2026-01-09 22:30:33+00:00,2023-12-12,https://performancedata.mbta.com/lamp/subway-on-time-performance-v1/2023-12-12-subway-on-time-performance-v1.parquet
1144354,2026-01-09 22:50:16+00:00,2023-12-13,https://performancedata.mbta.com/lamp/subway-on-time-performance-v1/2023-12-13-subway-on-time-performance-v1.parquet
1127399,2026-01-09 20:20:18+00:00,2023-12-14,https://performancedata.mbta.com/lamp/subway-on-time-performance-v1/2023-12-14-subway-on-time-performance-v1.parquet
1117471,2026-01-09 20:03:48+00:00,2023-12-15,https://performancedata.mbta.com/lamp/subway-on-time-performance-v1/2023-12-15-subway-on-time-performance-v1.parquet
939438,2026-01-09 20:35:28+00:00,2023-12-16,https://performancedata.mbta.com/lamp/subway-on-time-performance-v1/2023-12-16-subway-on-time-performance-v1.parquet
912963,2026-01-09 19:39:16+00:00,2023-12-17,https://performancedata.mbta.com/lamp/subway-on-time-performance-v1/2023-12-17-subway-on-time-performance-v1.parquet
1161243,2026-01-09 23:16:18+00:00,2023-12-18,https://performancedata.mbta.com/lamp/subway-on-time-performance-v1/2023-12-18-subway-on-time-performance-v1.parquet
1173121,2026-01-09 20:43:19+00:00,2023-12-19,https://performancedata.mbta.com/lamp/subway-on-time-performance-v1/2023-12-19-subway-on-time-performance-v1.parquet
1221121,2026-01-09 20:27:55+00:00,2023-12-20,https://performancedata.mbta.com/lamp/subway-on-time-performance-v1/2023-12-20-subway-on-time-performance-v1.parquet
1299694,2026-01-09 21:44:02+00:00,2023-12-21,https://performancedata.mbta.com/lamp/subway-on-time-performance-v1/2023-12-21-subway-on-time-performance-v1.parquet
1257241,2026-01-09 22:35:10+00:00,2023-12-22,https://performancedata.mbta.com/lamp/subway-on-time-performance-v1/2023-12-22-subway-on-time-performance-v1.parquet
1125981,2026-01-09 19:41:51+00:00,2023-12-23,https://performancedata.mbta.com/lamp/subway-on-time-performance-v1/2023-12-23-subway-on-time-performance-v1.parquet
1027859,2026-01-09 20:04:17+00:00,2023-12-24,https://performancedata.mbta.com/lamp/subway-on-time-performance-v1/2023-12-24-subway-on-time-performance-v1.parquet
980983,2026-01-09 22:39:34+00:00,2023-12-25,https://performancedata.mbta.com/lamp/subway-on-time-performance-v1/2023-12-25-subway-on-time-performance-v1.parquet
1290849,2026-01-09 21:29:21+00:00,2023-12-26,https://performancedata.mbta.com/lamp/subway-on-time-performance-v1/2023-12-26-subway-on-time-performance-v1.parquet
1312258,2026-01-09 22:45:01+00:00,2023-12-27,https://performancedata.mbta.com/lamp/subway-on-time-performance-v1/2023-12-27-subway-on-time-performance-v1.parquet
1331308,2026-01-09 23:35:51+00:00,2023-12-28,https://performancedata.mbta.com/lamp/subway-on-time-performance-v1/2023-12-28-subway-on-time-performance-v1.parquet
1315864,2026-01-09 22:59:24+00:00,2023-12-29,https://performancedata.mbta.com/lamp/subway-on-time-performance-v1/2023-12-29-subway-on-time-performance-v1.parquet
1148775,2026-01-09 20:07:46+00:00,2023-12-30,https://performancedata.mbta.com/lamp/subway-on-time-performance-v1/2023-12-30-subway-on-time-performance-v1.parquet
1231623,2026-01-09 22:58:33+00:00,2023-12-31,https://performancedata.mbta.com/lamp/subway-on-time-performance-v1/2023-12-31-subway-on-time-performance-v1.parquet
997864,2026-01-09 22:02:41+00:00,2024-01-01,https://performancedata.mbta.com/lamp/subway-on-time-performance-v1/2024-01-01-subway-on-time-performance-v1.parquet
1288876,2026-01-09 21:36:11+00:00,2024-01-02,https://performancedata.mbta.com/lamp/subway-on-time-performance-v1/2024-01-02-subway-on-time-performance-v1.parquet
955889,2026-01-09 19:39:38+00:00,2024-01-03,https://performancedata.mbta.com/lamp/subway-on-time-performance-v1/2024-01-03-subway-on-time-performance-v1.parquet
953196,2026-01-09 21:31:40+00:00,2024-01-04,https://performancedata.mbta.com/lamp/subway-on-time-performance-v1/2024-01-04-subway-on-time-performance-v1.parquet
966600,2026-01-09 21:39:42+00:00,2024-01-05,https://performancedata.mbta.com/lamp/subway-on-time-performance-v1/2024-01-05-subway-on-time-performance-v1.parquet
716301,2026-01-09 20:28:11+00:00,2024-01-06,https://performancedata.mbta.com/lamp/subway-on-time-performance-v1/2024-01-06-subway-on-time-performance-v1.parquet
735247,2026-01-09 19:46:08+00:00,2024-01-07,https://performancedata.mbta.com/lamp/subway-on-time-performance-v1/2024-01-07-subway-on-time-performance-v1.parquet
964031,2026-01-09 23:12:08+00:00,2024-01-08,https://performancedata.mbta.com/lamp/subway-on-time-performance-v1/2024-01-08-subway-on-time-performance-v1.parquet
965787,2026-01-09 22:50:27+00:00,2024-01-09,https://performancedata.mbta.com/lamp/subway-on-time-performance-v1/2024-01-09-subway-on-time-performance-v1.parquet
956055,2026-01-09 20:56:16+00:00,2024-01-10,https://performancedata.mbta.com/lamp/subway-on-time-performance-v1/2024-01-10-subway-on-time-performance-v1.parquet
963747,2026-01-09 23:30:18+00:00,2024-01-11,https://performancedata.mbta.com/lamp/subway-on-time-performance-v1/2024-01-11-subway-on-time-performance-v1.parquet
968941,2026-01-09 20:09:04+00:00,2024-01-12,https://performancedata.mbta.com/lamp/subway-on-time-performance-v1/2024-01-12-subway-on-time-performance-v1.parquet
1111392,2026-01-09 21:39:10+00:00,2024-01-13,https://performancedata.mbta.com/lamp/subway-on-time-performance-v1/2024-01-13-subway-on-time-performance-v1.parquet
1022538,2026-01-09 21:06:01+00:00,2024-01-14,https://performancedata.mbta.com/lamp/subway-on-time-performance-v1/2024-01-14-subway-on-time-performance-v1.parquet
1116724,2026-01-09 20:10:59+00:00,2024-01-15,https://performancedata.mbta.com/lamp/subway-on-time-performance-v1/2024-01-15-subway-on-time-performance-v1.parquet
922859,2026-01-09 21:00:00+00:00,2024-01-16,https://performancedata.mbta.com/lamp/subway-on-time-performance-v1/2024-01-16-subway-on-time-performance-v1.parquet
936883,2026-01-09 22:23:40+00:00,2024-01-17,https://performancedata.mbta.com/lamp/subway-on-time-performance-v1/2024-01-17-subway-on-time-performance-v1.parquet
938063,2026-01-09 20:13:21+00:00,2024-01-18,https://performancedata.mbta.com/lamp/subway-on-time-performance-v1/2024-01-18-subway-on-time-performance-v1.parquet
969880,2026-01-09 23:05:55+00:00,2024-01-19,https://performancedata.mbta.com/lamp/subway-on-time-performance-v1/2024-01-19-subway-on-time-performance-v1.parquet
724463,2026-01-09 22:04:19+00:00,2024-01-20,https://performancedata.mbta.com/lamp/subway-on-time-performance-v1/2024-01-20-subway-on-time-performance-v1.parquet
677414,2026-01-09 22:31:33+00:00,2024-01-21,https://performancedata.mbta.com/lamp/subway-on-time-performance-v1/2024-01-21-subway-on-time-performance-v1.parquet
971968,2026-01-09 20:59:23+00:00,2024-01-22,https://performancedata.mbta.com/lamp/subway-on-time-performance-v1/2024-01-22-subway-on-time-performance-v1.parquet
968623,2026-01-09 21:04:23+00:00,2024-01-23,https://performancedata.mbta.com/lamp/subway-on-time-performance-v1/2024-01-23-subway-on-time-performance-v1.parquet
956818,2026-01-09 19:50:01+00:00,2024-01-24,https://performancedata.mbta.com/lamp/subway-on-time-performance-v1/2024-01-24-subway-on-time-performance-v1.parquet
957902,2026-01-09 21:03:55+00:00,2024-01-25,https://performancedata.mbta.com/lamp/subway-on-time-performance-v1/2024-01-25-subway-on-time-performance-v1.parquet
981121,2026-01-09 23:36:05+00:00,2024-01-26,https://performancedata.mbta.com/lamp/subway-on-time-performance-v1/2024-01-26-subway-on-time-performance-v1.parquet
734221,2026-01-09 22:12:21+00:00,2024-01-27,https://performancedata.mbta.com/lamp/subway-on-time-performance-v1/2024-01-27-subway-on-time-performance-v1.parquet
679679,2026-01-09 20:04:11+00:00,2024-01-28,https://performancedata.mbta.com/lamp/subway-on-time-performance-v1/2024-01-28-subway-on-time-performance-v1.parquet
1313201,2026-01-09 20:03:42+00:00,2024-01-29,https://performancedata.mbta.com/lamp/subway-on-time-performance-v1/2024-01-29-subway-on-time-performance-v1.parquet
1268947,2026-01-09 22:41:56+00:00,2024-01-30,https://performancedata.mbta.com/lamp/subway-on-time-performance-v1/2024-01-30-subway-on-time-performance-v1.parquet
1313240,2026-01-09 23:05:30+00:00,2024-01-31,https://performancedata.mbta.com/lamp/subway-on-time-performance-v1/2024-01-31-subway-on-time-performance-v1.parquet
1325369,2026-01-09 23:03:01+00:00,2024-02-01,https://performancedata.mbta.com/lamp/subway-on-time-performance-v1/2024-02-01-subway-on-time-performance-v1.parquet
1319352,2026-01-09 21:41:51+00:00,2024-02-02,https://performancedata.mbta.com/lamp/subway-on-time-performance-v1/2024-02-02-subway-on-time-performance-v1.parquet
1125894,2026-01-09 21:09:28+00:00,2024-02-03,https://performancedata.mbta.com/lamp/subway-on-time-performance-v1/2024-02-03-subway-on-time-performance-v1.parquet
1029241,2026-01-09 20:10:10+00:00,2024-02-04,https://performancedata.mbta.com/lamp/subway-on-time-performance-v1/2024-02-04-subway-on-time-performance-v1.parquet
1265335,2026-01-09 22:01:17+00:00,2024-02-05,https://performancedata.mbta.com/lamp/subway-on-time-performance-v1/2024-02-05-subway-on-time-performance-v1.parquet
1248491,2026-01-09 21:04:13+00:00,2024-02-06,https://performancedata.mbta.com/lamp/subway-on-time-performance-v1/2024-02-06-subway-on-time-performance-v1.parquet
1277862,2026-01-09 22:57:20+00:00,2024-02-07,https://performancedata.mbta.com/lamp/subway-on-time-performance-v1/2024-02-07-subway-on-time-performance-v1.parquet
1290538,2026-01-09 20:28:57+00:00,2024-02-08,https://performancedata.mbta.com/lamp/subway-on-time-performance-v1/2024-02-08-subway-on-time-performance-v1.parquet
1294105,2026-01-09 23:21:21+00:00,2024-02-09,https://performancedata.mbta.com/lamp/subway-on-time-performance-v1/2024-02-09-subway-on-time-performance-v1.parquet
1100187,2026-01-09 20:04:36+00:00,2024-02-10,https://performancedata.mbta.com/lamp/subway-on-time-performance-v1/2024-02-10-subway-on-time-performance-v1.parquet
1011884,2026-01-09 20:30:48+00:00,2024-02-11,https://performancedata.mbta.com/lamp/subway-on-time-performance-v1/2024-02-11-subway-on-time-performance-v1.parquet
1232865,2026-01-09 20:15:51+00:00,2024-02-12,https://performancedata.mbta.com/lamp/subway-on-time-performance-v1/2024-02-12-subway-on-time-performance-v1.parquet
1192154,2026-01-09 22:58:09+00:00,2024-02-13,https://performancedata.mbta.com/lamp/subway-on-time-performance-v1/2024-02-13-subway-on-time-performance-v1.parquet
1247338,2026-01-09 20:57:44+00:00,2024-02-14,https://performancedata.mbta.com/lamp/subway-on-time-performance-v1/2024-02-14-subway-on-time-performance-v1.parquet
1216274,2026-01-09 23:23:52+00:00,2024-02-15,https://performancedata.mbta.com/lamp/subway-on-time-performance-v1/2024-02-15-subway-on-time-performance-v1.parquet
1326392,2026-01-09 22:11:27+00:00,2024-02-16,https://performancedata.mbta.com/lamp/subway-on-time-performance-v1/2024-02-16-subway-on-time-performance-v1.parquet
1116558,2026-01-09 21:58:12+00:00,2024-02-17,https://performancedata.mbta.com/lamp/subway-on-time-performance-v1/2024-02-17-subway-on-time-performance-v1.parquet
1022124,2026-01-09 22:20:06+00:00,2024-02-18,https://performancedata.mbta.com/lamp/subway-on-time-performance-v1/2024-02-18-subway-on-time-performance-v1.parquet
1139806,2026-01-09 22:35:54+00:00,2024-02-19,https://performancedata.mbta.com/lamp/subway-on-time-performance-v1/2024-02-19-subway-on-time-performance-v1.parquet
1005844,2026-01-09 20:21:35+00:00,2024-02-20,https://performancedata.mbta.com/lamp/subway-on-time-performance-v1/2024-02-20-subway-on-time-performance-v1.parquet
1015652,2026-01-09 21:26:10+00:00,2024-02-21,https://performancedata.mbta.com/lamp/subway-on-time-performance-v1/2024-02-21-subway-on-time-performance-v1.parquet
1064560,2026-01-09 20:40:04+00:00,2024-02-22,https://performancedata.mbta.com/lamp/subway-on-time-performance-v1/2024-02-22-subway-on-time-performance-v1.parquet
1068117,2026-01-09 20:13:11+00:00,2024-02-23,https://performancedata.mbta.com/lamp/subway-on-time-performance-v1/2024-02-23-subway-on-time-performance-v1.parquet
817129,2026-01-09 21:19:49+00:00,2024-02-24,https://performancedata.mbta.com/lamp/subway-on-time-performance-v1/2024-02-24-subway-on-time-performance-v1.parquet
741731,2026-01-09 20:59:08+00:00,2024-02-25,https://performancedata.mbta.com/lamp/subway-on-time-performance-v1/2024-02-25-subway-on-time-performance-v1.parquet
1064767,2026-01-09 22:34:54+00:00,2024-02-26,https://performancedata.mbta.com/lamp/subway-on-time-performance-v1/2024-02-26-subway-on-time-performance-v1.parquet
1062153,2026-01-09 20:42:01+00:00,2024-02-27,https://performancedata.mbta.com/lamp/subway-on-time-performance-v1/2024-02-27-subway-on-time-performance-v1.parquet
1066348,2026-01-09 23:15:56+00:00,2024-02-28,https://performancedata.mbta.com/lamp/subway-on-time-performance-v1/2024-02-28-subway-on-time-performance-v1.parquet
1048980,2026-01-09 21:11:24+00:00,2024-02-29,https://performancedata.mbta.com/lamp/subway-on-time-performance-v1/2024-02-29-subway-on-time-performance-v1.parquet
1029995,2026-01-09 20:47:51+00:00,2024-03-01,https://performancedata.mbta.com/lamp/subway-on-time-performance-v1/2024-03-01-subway-on-time-performance-v1.parquet
833644,2026-01-09 21:31:09+00:00,2024-03-02,https://performancedata.mbta.com/lamp/subway-on-time-performance-v1/2024-03-02-subway-on-time-performance-v1.parquet
750663,2026-01-09 21:23:54+00:00,2024-03-03,https://performancedata.mbta.com/lamp/subway-on-time-performance-v1/2024-03-03-subway-on-time-performance-v1.parquet
1062338,2026-01-09 22:07:20+00:00,2024-03-04,https://performancedata.mbta.com/lamp/subway-on-time-performance-v1/2024-03-04-subway-on-time-performance-v1.parquet
1050253,2026-01-09 20:56:43+00:00,2024-03-05,https://performancedata.mbta.com/lamp/subway-on-time-performance-v1/2024-03-05-subway-on-time-performance-v1.parquet
1042943,2026-01-09 20:50:23+00:00,2024-03-06,https://performancedata.mbta.com/lamp/subway-on-time-performance-v1/2024-03-06-subway-on-time-performance-v1.parquet
1027371,2026-01-09 22:18:13+00:00,2024-03-07,https://performancedata.mbta.com/lamp/subway-on-time-performance-v1/2024-03-07-subway-on-time-performance-v1.parquet
1033350,2026-01-09 21:24:13+00:00,2024-03-08,https://performancedata.mbta.com/lamp/subway-on-time-performance-v1/2024-03-08-subway-on-time-performance-v1.parquet
949662,2026-01-09 20:46:10+00:00,2024-03-09,https://performancedata.mbta.com/lamp/subway-on-time-performance-v1/2024-03-09-subway-on-time-performance-v1.parquet
1006086,2026-01-09 21:05:38+00:00,2024-03-10,https://performancedata.mbta.com/lamp/subway-on-time-performance-v1/2024-03-10-subway-on-time-performance-v1.parquet
1299092,2026-01-09 21:15:48+00:00,2024-03-11,https://performancedata.mbta.com/lamp/subway-on-time-performance-v1/2024-03-11-subway-on-time-performance-v1.parquet
1299478,2026-01-09 23:08:55+00:00,2024-03-12,https://performancedata.mbta.com/lamp/subway-on-time-performance-v1/2024-03-12-subway-on-time-performance-v1.parquet
1315706,2026-01-09 23:13:38+00:00,2024-03-13,https://performancedata.mbta.com/lamp/subway-on-time-performance-v1/2024-03-13-subway-on-time-performance-v1.parquet
1282778,2026-01-09 23:37:45+00:00,2024-03-14,https://performancedata.mbta.com/lamp/subway-on-time-performance-v1/2024-03-14-subway-on-time-performance-v1.parquet
1311467,2026-01-09 22:23:13+00:00,2024-03-15,https://performancedata.mbta.com/lamp/subway-on-time-performance-v1/2024-03-15-subway-on-time-performance-v1.parquet
1124872,2026-01-09 21:42:22+00:00,2024-03-16,https://performancedata.mbta.com/lamp/subway-on-time-performance-v1/2024-03-16-subway-on-time-performance-v1.parquet
1087673,2026-01-09 21:38:57+00:00,2024-03-17,https://performancedata.mbta.com/lamp/subway-on-time-performance-v1/2024-03-17-subway-on-time-performance-v1.parquet
1250146,2026-01-09 21:18:47+00:00,2024-03-18,https://performancedata.mbta.com/lamp/subway-on-time-performance-v1/2024-03-18-subway-on-time-performance-v1.parquet
1211463,2026-01-09 20:25:49+00:00,2024-03-19,https://performancedata.mbta.com/lamp/subway-on-time-performance-v1/2024-03-19-subway-on-time-performance-v1.parquet
1227292,2026-01-09 21:02:54+00:00,2024-03-20,https://performancedata.mbta.com/lamp/subway-on-time-performance-v1/2024-03-20-subway-on-time-performance-v1.parquet
1250792,2026-01-09 22:49:52+00:00,2024-03-21,https://performancedata.mbta.com/lamp/subway-on-time-performance-v1/2024-03-21-subway-on-time-performance-v1.parquet
1272601,2026-01-09 23:17:48+00:00,2024-03-22,https://performancedata.mbta.com/lamp/subway-on-time-performance-v1/2024-03-22-subway-on-time-performance-v1.parquet
1063416,2026-01-09 21:05:44+00:00,2024-03-23,https://performancedata.mbta.com/lamp/subway-on-time-performance-v1/2024-03-23-subway-on-time-performance-v1.parquet
995109,2026-01-09 20:46:01+00:00,2024-03-24,https://performancedata.mbta.com/lamp/subway-on-time-performance-v1/2024-03-24-subway-on-time-performance-v1.parquet
1286738,2026-01-09 19:48:09+00:00,2024-03-25,https://performancedata.mbta.com/lamp/subway-on-time-performance-v1/2024-03-25-subway-on-time-performance-v1.parquet
1313648,2026-01-09 19:58:58+00:00,2024-03-26,https://performancedata.mbta.com/lamp/subway-on-time-performance-v1/2024-03-26-subway-on-time-performance-v1.parquet
1327928,2026-01-09 22:53:14+00:00,2024-03-27,https://performancedata.mbta.com/lamp/subway-on-time-performance-v1/2024-03-27-subway-on-time-performance-v1.parquet
1344733,2026-01-09 20:14:50+00:00,2024-03-28,https://performancedata.mbta.com/lamp/subway-on-time-performance-v1/2024-03-28-subway-on-time-performance-v1.parquet
1290972,2026-01-09 23:00:27+00:00,2024-03-29,https://performancedata.mbta.com/lamp/subway-on-time-performance-v1/2024-03-29-subway-on-time-performance-v1.parquet
1002952,2026-01-09 23:05:41+00:00,2024-03-30,https://performancedata.mbta.com/lamp/subway-on-time-performance-v1/2024-03-30-subway-on-time-performance-v1.parquet
956503,2026-01-09 20:18:43+00:00,2024-03-31,https://performancedata.mbta.com/lamp/subway-on-time-performance-v1/2024-03-31-subway-on-time-performance-v1.parquet
1321862,2026-01-09 22:31:09+00:00,2024-04-01,https://performancedata.mbta.com/lamp/subway-on-time-performance-v1/2024-04-01-subway-on-time-performance-v1.parquet
1319056,2026-01-09 21:39:04+00:00,2024-04-02,https://performancedata.mbta.com/lamp/subway-on-time-performance-v1/2024-04-02-subway-on-time-performance-v1.parquet
1311643,2026-01-09 22:44:23+00:00,2024-04-03,https://performancedata.mbta.com/lamp/subway-on-time-performance-v1/2024-04-03-subway-on-time-performance-v1.parquet
1296601,2026-01-09 21:32:18+00:00,2024-04-04,https://performancedata.mbta.com/lamp/subway-on-time-performance-v1/2024-04-04-subway-on-time-performance-v1.parquet
1379629,2026-01-09 22:02:03+00:00,2024-04-05,https://performancedata.mbta.com/lamp/subway-on-time-performance-v1/2024-04-05-subway-on-time-performance-v1.parquet
1025217,2026-01-09 20:31:55+00:00,2024-04-06,https://performancedata.mbta.com/lamp/subway-on-time-performance-v1/2024-04-06-subway-on-time-performance-v1.parquet
966283,2026-01-09 20:34:35+00:00,2024-04-07,https://performancedata.mbta.com/lamp/subway-on-time-performance-v1/2024-04-07-subway-on-time-performance-v1.parquet
1377352,2026-01-09 22:29:22+00:00,2024-04-08,https://performancedata.mbta.com/lamp/subway-on-time-performance-v1/2024-04-08-subway-on-time-performance-v1.parquet
1407972,2026-01-09 23:35:02+00:00,2024-04-09,https://performancedata.mbta.com/lamp/subway-on-time-performance-v1/2024-04-09-subway-on-time-performance-v1.parquet
1384904,2026-01-09 20:58:22+00:00,2024-04-10,https://performancedata.mbta.com/lamp/subway-on-time-performance-v1/2024-04-10-subway-on-time-performance-v1.parquet
1383541,2026-01-09 20:39:58+00:00,2024-04-11,https://performancedata.mbta.com/lamp/subway-on-time-performance-v1/2024-04-11-subway-on-time-performance-v1.parquet
1403666,2026-01-09 20:36:00+00:00,2024-04-12,https://performancedata.mbta.com/lamp/subway-on-time-performance-v1/2024-04-12-subway-on-time-performance-v1.parquet
1167711,2026-01-09 22:34:37+00:00,2024-04-13,https://performancedata.mbta.com/lamp/subway-on-time-performance-v1/2024-04-13-subway-on-time-performance-v1.parquet
1072542,2026-01-09 21:13:33+00:00,2024-04-14,https://performancedata.mbta.com/lamp/subway-on-time-performance-v1/2024-04-14-subway-on-time-performance-v1.parquet
1330502,2026-01-09 22:23:18+00:00,2024-04-15,https://performancedata.mbta.com/lamp/subway-on-time-performance-v1/2024-04-15-subway-on-time-performance-v1.parquet
1400412,2026-01-09 20:10:42+00:00,2024-04-16,https://performancedata.mbta.com/lamp/subway-on-time-performance-v1/2024-04-16-subway-on-time-performance-v1.parquet
1309939,2026-01-09 20:06:32+00:00,2024-04-17,https://performancedata.mbta.com/lamp/subway-on-time-performance-v1/2024-04-17-subway-on-time-performance-v1.parquet
1307691,2026-01-09 22:55:46+00:00,2024-04-18,https://performancedata.mbta.com/lamp/subway-on-time-performance-v1/2024-04-18-subway-on-time-performance-v1.parquet
1281853,2026-01-09 22:26:35+00:00,2024-04-19,https://performancedata.mbta.com/lamp/subway-on-time-performance-v1/2024-04-19-subway-on-time-performance-v1.parquet
1060060,2026-01-09 21:10:49+00:00,2024-04-20,https://performancedata.mbta.com/lamp/subway-on-time-performance-v1/2024-04-20-subway-on-time-performance-v1.parquet
976961,2026-01-09 19:42:41+00:00,2024-04-21,https://performancedata.mbta.com/lamp/subway-on-time-performance-v1/2024-04-21-subway-on-time-performance-v1.parquet
1323168,2026-01-09 20:06:21+00:00,2024-04-22,https://performancedata.mbta.com/lamp/subway-on-time-performance-v1/2024-04-22-subway-on-time-performance-v1.parquet
1301686,2026-01-09 20:17:33+00:00,2024-04-23,https://performancedata.mbta.com/lamp/subway-on-time-performance-v1/2024-04-23-subway-on-time-performance-v1.parquet
1353281,2026-01-09 21:13:51+00:00,2024-04-24,https://performancedata.mbta.com/lamp/subway-on-time-performance-v1/2024-04-24-subway-on-time-performance-v1.parquet
1327375,2026-01-09 20:39:16+00:00,2024-04-25,https://performancedata.mbta.com/lamp/subway-on-time-performance-v1/2024-04-25-subway-on-time-performance-v1.parquet
1320155,2026-01-09 20:43:46+00:00,2024-04-26,https://performancedata.mbta.com/lamp/subway-on-time-performance-v1/2024-04-26-subway-on-time-performance-v1.parquet
1091654,2026-01-09 21:42:44+00:00,2024-04-27,https://performancedata.mbta.com/lamp/subway-on-time-performance-v1/2024-04-27-subway-on-time-performance-v1.parquet
1013058,2026-01-09 21:09:59+00:00,2024-04-28,https://performancedata.mbta.com/lamp/subway-on-time-performance-v1/2024-04-28-subway-on-time-performance-v1.parquet
1346830,2026-01-09 23:10:34+00:00,2024-04-29,https://performancedata.mbta.com/lamp/subway-on-time-performance-v1/2024-04-29-subway-on-time-performance-v1.parquet
1321344,2026-01-09 20:05:52+00:00,2024-04-30,https://performancedata.mbta.com/lamp/subway-on-time-performance-v1/2024-04-30-subway-on-time-performance-v1.parquet
1385358,2026-01-09 22:06:02+00:00,2024-05-01,https://performancedata.mbta.com/lamp/subway-on-time-performance-v1/2024-05-01-subway-on-time-performance-v1.parquet
1335110,2026-01-09 20:28:30+00:00,2024-05-02,https://performancedata.mbta.com/lamp/subway-on-time-performance-v1/2024-05-02-subway-on-time-performance-v1.parquet
1349551,2026-01-09 20:59:55+00:00,2024-05-03,https://performancedata.mbta.com/lamp/subway-on-time-performance-v1/2024-05-03-subway-on-time-performance-v1.parquet
1098927,2026-01-09 22:13:37+00:00,2024-05-04,https://performancedata.mbta.com/lamp/subway-on-time-performance-v1/2024-05-04-subway-on-time-performance-v1.parquet
1028952,2026-01-09 20:49:14+00:00,2024-05-05,https://performancedata.mbta.com/lamp/subway-on-time-performance-v1/2024-05-05-subway-on-time-performance-v1.parquet
1344830,2026-01-09 23:02:41+00:00,2024-05-06,https://performancedata.mbta.com/lamp/subway-on-time-performance-v1/2024-05-06-subway-on-time-performance-v1.parquet
1340209,2026-01-09 22:57:36+00:00,2024-05-07,https://performancedata.mbta.com/lamp/subway-on-time-performance-v1/2024-05-07-subway-on-time-performance-v1.parquet
1311079,2026-01-09 23:12:32+00:00,2024-05-08,https://performancedata.mbta.com/lamp/subway-on-time-performance-v1/2024-05-08-subway-on-time-performance-v1.parquet
1336953,2026-01-09 19:38:35+00:00,2024-05-09,https://performancedata.mbta.com/lamp/subway-on-time-performance-v1/2024-05-09-subway-on-time-performance-v1.parquet
1343676,2026-01-09 20:08:59+00:00,2024-05-10,https://performancedata.mbta.com/lamp/subway-on-time-performance-v1/2024-05-10-subway-on-time-performance-v1.parquet
1123114,2026-01-09 20:51:59+00:00,2024-05-11,https://performancedata.mbta.com/lamp/subway-on-time-performance-v1/2024-05-11-subway-on-time-performance-v1.parquet
1029907,2026-01-09 21:29:55+00:00,2024-05-12,https://performancedata.mbta.com/lamp/subway-on-time-performance-v1/2024-05-12-subway-on-time-performance-v1.parquet
1426556,2026-01-09 20:16:23+00:00,2024-05-13,https://performancedata.mbta.com/lamp/subway-on-time-performance-v1/2024-05-13-subway-on-time-performance-v1.parquet
1411190,2026-01-09 21:17:03+00:00,2024-05-14,https://performancedata.mbta.com/lamp/subway-on-time-performance-v1/2024-05-14-subway-on-time-performance-v1.parquet
1411567,2026-01-09 21:20:58+00:00,2024-05-15,https://performancedata.mbta.com/lamp/subway-on-time-performance-v1/2024-05-15-subway-on-time-performance-v1.parquet
1385847,2026-01-09 23:22:29+00:00,2024-05-16,https://performancedata.mbta.com/lamp/subway-on-time-performance-v1/2024-05-16-subway-on-time-performance-v1.parquet
1395971,2026-01-09 21:43:02+00:00,2024-05-17,https://performancedata.mbta.com/lamp/subway-on-time-performance-v1/2024-05-17-subway-on-time-performance-v1.parquet
1045618,2026-01-09 19:44:17+00:00,2024-05-18,https://performancedata.mbta.com/lamp/subway-on-time-performance-v1/2024-05-18-subway-on-time-performance-v1.parquet
952365,2026-01-09 20:39:27+00:00,2024-05-19,https://performancedata.mbta.com/lamp/subway-on-time-performance-v1/2024-05-19-subway-on-time-performance-v1.parquet
1358991,2026-01-09 23:00:08+00:00,2024-05-20,https://performancedata.mbta.com/lamp/subway-on-time-performance-v1/2024-05-20-subway-on-time-performance-v1.parquet
1287366,2026-01-09 23:32:57+00:00,2024-05-21,https://performancedata.mbta.com/lamp/subway-on-time-performance-v1/2024-05-21-subway-on-time-performance-v1.parquet
1407414,2026-01-09 20:53:42+00:00,2024-05-22,https://performancedata.mbta.com/lamp/subway-on-time-performance-v1/2024-05-22-subway-on-time-performance-v1.parquet
1395628,2026-01-09 21:28:24+00:00,2024-05-23,https://performancedata.mbta.com/lamp/subway-on-time-performance-v1/2024-05-23-subway-on-time-performance-v1.parquet
1380476,2026-01-09 23:20:32+00:00,2024-05-24,https://performancedata.mbta.com/lamp/subway-on-time-performance-v1/2024-05-24-subway-on-time-performance-v1.parquet
1191893,2026-01-09 23:21:39+00:00,2024-05-25,https://performancedata.mbta.com/lamp/subway-on-time-performance-v1/2024-05-25-subway-on-time-performance-v1.parquet
1087270,2026-01-09 23:02:14+00:00,2024-05-26,https://performancedata.mbta.com/lamp/subway-on-time-performance-v1/2024-05-26-subway-on-time-performance-v1.parquet
1086015,2026-01-09 21:21:31+00:00,2024-05-27,https://performancedata.mbta.com/lamp/subway-on-time-performance-v1/2024-05-27-subway-on-time-performance-v1.parquet
1324093,2026-01-09 22:06:51+00:00,2024-05-28,https://performancedata.mbta.com/lamp/subway-on-time-performance-v1/2024-05-28-subway-on-time-performance-v1.parquet
1347642,2026-01-09 21:29:14+00:00,2024-05-29,https://performancedata.mbta.com/lamp/subway-on-time-performance-v1/2024-05-29-subway-on-time-performance-v1.parquet
1319432,2026-01-09 23:15:38+00:00,2024-05-30,https://performancedata.mbta.com/lamp/subway-on-time-performance-v1/2024-05-30-subway-on-time-performance-v1.parquet
1326258,2026-01-09 19:54:00+00:00,2024-05-31,https://performancedata.mbta.com/lamp/subway-on-time-performance-v1/2024-05-31-subway-on-time-performance-v1.parquet
1108291,2026-01-09 19:49:01+00:00,2024-06-01,https://performancedata.mbta.com/lamp/subway-on-time-performance-v1/2024-06-01-subway-on-time-performance-v1.parquet
1052430,2026-01-09 21:07:26+00:00,2024-06-02,https://performancedata.mbta.com/lamp/subway-on-time-performance-v1/2024-06-02-subway-on-time-performance-v1.parquet
1238879,2026-01-09 23:04:27+00:00,2024-06-03,https://performancedata.mbta.com/lamp/subway-on-time-performance-v1/2024-06-03-subway-on-time-performance-v1.parquet
1266905,2026-01-09 20:51:15+00:00,2024-06-04,https://performancedata.mbta.com/lamp/subway-on-time-performance-v1/2024-06-04-subway-on-time-performance-v1.parquet
1252219,2026-01-09 22:39:07+00:00,2024-06-05,https://performancedata.mbta.com/lamp/subway-on-time-performance-v1/2024-06-05-subway-on-time-performance-v1.parquet
1256478,2026-01-09 22:28:14+00:00,2024-06-06,https://performancedata.mbta.com/lamp/subway-on-time-performance-v1/2024-06-06-subway-on-time-performance-v1.parquet
1385439,2026-01-09 22:01:30+00:00,2024-06-07,https://performancedata.mbta.com/lamp/subway-on-time-performance-v1/2024-06-07-subway-on-time-performance-v1.parquet
1032901,2026-01-09 23:29:37+00:00,2024-06-08,https://performancedata.mbta.com/lamp/subway-on-time-performance-v1/2024-06-08-subway-on-time-performance-v1.parquet
971503,2026-01-09 21:55:56+00:00,2024-06-09,https://performancedata.mbta.com/lamp/subway-on-time-performance-v1/2024-06-09-subway-on-time-performance-v1.parquet
1361594,2026-01-09 22:09:07+00:00,2024-06-10,https://performancedata.mbta.com/lamp/subway-on-time-performance-v1/2024-06-10-subway-on-time-performance-v1.parquet
1428431,2026-01-09 23:09:00+00:00,2024-06-11,https://performancedata.mbta.com/lamp/subway-on-time-performance-v1/2024-06-11-subway-on-time-performance-v1.parquet
1414383,2026-01-09 22:10:21+00:00,2024-06-12,https://performancedata.mbta.com/lamp/subway-on-time-performance-v1/2024-06-12-subway-on-time-performance-v1.parquet
1323636,2026-01-09 20:45:40+00:00,2024-06-13,https://performancedata.mbta.com/lamp/subway-on-time-performance-v1/2024-06-13-subway-on-time-performance-v1.parquet
1370085,2026-01-09 23:11:44+00:00,2024-06-14,https://performancedata.mbta.com/lamp/subway-on-time-performance-v1/2024-06-14-subway-on-time-performance-v1.parquet
1070817,2026-01-09 20:22:49+00:00,2024-06-15,https://performancedata.mbta.com/lamp/subway-on-time-performance-v1/2024-06-15-subway-on-time-performance-v1.parquet
964802,2026-01-09 22:58:49+00:00,2024-06-16,https://performancedata.mbta.com/lamp/subway-on-time-performance-v1/2024-06-16-subway-on-time-performance-v1.parquet
1389458,2026-01-09 22:07:39+00:00,2024-06-17,https://performancedata.mbta.com/lamp/subway-on-time-performance-v1/2024-06-17-subway-on-time-performance-v1.parquet
1415187,2026-01-09 23:24:09+00:00,2024-06-18,https://performancedata.mbta.com/lamp/subway-on-time-performance-v1/2024-06-18-subway-on-time-performance-v1.parquet
1431974,2026-01-09 21:49:28+00:00,2024-06-19,https://performancedata.mbta.com/lamp/subway-on-time-performance-v1/2024-06-19-subway-on-time-performance-v1.parquet
1406773,2026-01-09 19:43:14+00:00,2024-06-20,https://performancedata.mbta.com/lamp/subway-on-time-performance-v1/2024-06-20-subway-on-time-performance-v1.parquet
1345163,2026-01-09 23:03:13+00:00,2024-06-21,https://performancedata.mbta.com/lamp/subway-on-time-performance-v1/2024-06-21-subway-on-time-performance-v1.parquet
1045982,2026-01-09 19:48:52+00:00,2024-06-22,https://performancedata.mbta.com/lamp/subway-on-time-performance-v1/2024-06-22-subway-on-time-performance-v1.parquet
990006,2026-01-09 23:07:42+00:00,2024-06-23,https://performancedata.mbta.com/lamp/subway-on-time-performance-v1/2024-06-23-subway-on-time-performance-v1.parquet
1371014,2026-01-09 20:22:56+00:00,2024-06-24,https://performancedata.mbta.com/lamp/subway-on-time-performance-v1/2024-06-24-subway-on-time-performance-v1.parquet
1308659,2026-01-09 20:34:17+00:00,2024-06-25,https://performancedata.mbta.com/lamp/subway-on-time-performance-v1/2024-06-25-subway-on-time-performance-v1.parquet
1345532,2026-01-09 21:37:08+00:00,2024-06-26,https://performancedata.mbta.com/lamp/subway-on-time-performance-v1/2024-06-26-subway-on-time-performance-v1.parquet
1380020,2026-01-09 23:04:46+00:00,2024-06-27,https://performancedata.mbta.com/lamp/subway-on-time-performance-v1/2024-06-27-subway-on-time-performance-v1.parquet
1308683,2026-01-09 20:44:25+00:00,2024-06-28,https://performancedata.mbta.com/lamp/subway-on-time-performance-v1/2024-06-28-subway-on-time-performance-v1.parquet
1076773,2026-01-09 20:43:50+00:00,2024-06-29,https://performancedata.mbta.com/lamp/subway-on-time-performance-v1/2024-06-29-subway-on-time-performance-v1.parquet
1037128,2026-01-09 20:05:39+00:00,2024-06-30,https://performancedata.mbta.com/lamp/subway-on-time-performance-v1/2024-06-30-subway-on-time-performance-v1.parquet
1441128,2026-01-09 22:15:57+00:00,2024-07-01,https://performancedata.mbta.com/lamp/subway-on-time-performance-v1/2024-07-01-subway-on-time-performance-v1.parquet
1398600,2026-01-09 22:28:27+00:00,2024-07-02,https://performancedata.mbta.com/lamp/subway-on-time-performance-v1/2024-07-02-subway-on-time-performance-v1.parquet
1484813,2026-01-09 20:30:29+00:00,2024-07-03,https://performancedata.mbta.com/lamp/subway-on-time-performance-v1/2024-07-03-subway-on-time-performance-v1.parquet
1364612,2026-01-09 19:39:11+00:00,2024-07-04,https://performancedata.mbta.com/lamp/subway-on-time-performance-v1/2024-07-04-subway-on-time-performance-v1.parquet
1397969,2026-01-09 23:02:49+00:00,2024-07-05,https://performancedata.mbta.com/lamp/subway-on-time-performance-v1/2024-07-05-subway-on-time-performance-v1.parquet
1160338,2026-01-09 19:39:44+00:00,2024-07-06,https://performancedata.mbta.com/lamp/subway-on-time-performance-v1/2024-07-06-subway-on-time-performance-v1.parquet
1055506,2026-01-09 21:49:08+00:00,2024-07-07,https://performancedata.mbta.com/lamp/subway-on-time-performance-v1/2024-07-07-subway-on-time-performance-v1.parquet
1354915,2026-01-09 21:13:41+00:00,2024-07-08,https://performancedata.mbta.com/lamp/subway-on-time-performance-v1/2024-07-08-subway-on-time-performance-v1.parquet
1351107,2026-01-09 21:29:08+00:00,2024-07-09,https://performancedata.mbta.com/lamp/subway-on-time-performance-v1/2024-07-09-subway-on-time-performance-v1.parquet
1359530,2026-01-09 22:50:10+00:00,2024-07-10,https://performancedata.mbta.com/lamp/subway-on-time-performance-v1/2024-07-10-subway-on-time-performance-v1.parquet
1367824,2026-01-09 20:18:17+00:00,2024-07-11,https://performancedata.mbta.com/lamp/subway-on-time-performance-v1/2024-07-11-subway-on-time-performance-v1.parquet
1354552,2026-01-09 20:24:45+00:00,2024-07-12,https://performancedata.mbta.com/lamp/subway-on-time-performance-v1/2024-07-12-subway-on-time-performance-v1.parquet
942074,2026-01-09 22:24:20+00:00,2024-07-13,https://performancedata.mbta.com/lamp/subway-on-time-performance-v1/2024-07-13-subway-on-time-performance-v1.parquet
890655,2026-01-09 21:15:41+00:00,2024-07-14,https://performancedata.mbta.com/lamp/subway-on-time-performance-v1/2024-07-14-subway-on-time-performance-v1.parquet
1251995,2026-01-09 20:58:29+00:00,2024-07-15,https://performancedata.mbta.com/lamp/subway-on-time-performance-v1/2024-07-15-subway-on-time-performance-v1.parquet
1295090,2026-01-09 22:44:04+00:00,2024-07-16,https://performancedata.mbta.com/lamp/subway-on-time-performance-v1/2024-07-16-subway-on-time-performance-v1.parquet
1283444,2026-01-09 21:28:54+00:00,2024-07-17,https://performancedata.mbta.com/lamp/subway-on-time-performance-v1/2024-07-17-subway-on-time-performance-v1.parquet
1290311,2026-01-09 22:55:14+00:00,2024-07-18,https://performancedata.mbta.com/lamp/subway-on-time-performance-v1/2024-07-18-subway-on-time-performance-v1.parquet
1287020,2026-01-09 22:48:57+00:00,2024-07-19,https://performancedata.mbta.com/lamp/subway-on-time-performance-v1/2024-07-19-subway-on-time-performance-v1.parquet
1073587,2026-01-09 21:04:29+00:00,2024-07-20,https://performancedata.mbta.com/lamp/subway-on-time-performance-v1/2024-07-20-subway-on-time-performance-v1.parquet
994375,2026-01-09 20:01:33+00:00,2024-07-21,https://performancedata.mbta.com/lamp/subway-on-time-performance-v1/2024-07-21-subway-on-time-performance-v1.parquet
1258442,2026-01-09 20:20:36+00:00,2024-07-22,https://performancedata.mbta.com/lamp/subway-on-time-performance-v1/2024-07-22-subway-on-time-performance-v1.parquet
1321493,2026-01-09 21:18:08+00:00,2024-07-23,https://performancedata.mbta.com/lamp/subway-on-time-performance-v1/2024-07-23-subway-on-time-performance-v1.parquet
1332899,2026-01-09 21:55:03+00:00,2024-07-24,https://performancedata.mbta.com/lamp/subway-on-time-performance-v1/2024-07-24-subway-on-time-performance-v1.parquet
1304668,2026-01-09 21:12:08+00:00,2024-07-25,https://performancedata.mbta.com/lamp/subway-on-time-performance-v1/2024-07-25-subway-on-time-performance-v1.parquet
1300119,2026-01-09 20:31:49+00:00,2024-07-26,https://performancedata.mbta.com/lamp/subway-on-time-performance-v1/2024-07-26-subway-on-time-performance-v1.parquet
1027314,2026-01-09 23:18:35+00:00,2024-07-27,https://performancedata.mbta.com/lamp/subway-on-time-performance-v1/2024-07-27-subway-on-time-performance-v1.parquet
939132,2026-01-09 21:47:56+00:00,2024-07-28,https://performancedata.mbta.com/lamp/subway-on-time-performance-v1/2024-07-28-subway-on-time-performance-v1.parquet
1383810,2026-01-09 22:42:17+00:00,2024-07-29,https://performancedata.mbta.com/lamp/subway-on-time-performance-v1/2024-07-29-subway-on-time-performance-v1.parquet
1383747,2026-01-09 23:09:15+00:00,2024-07-30,https://performancedata.mbta.com/lamp/subway-on-time-performance-v1/2024-07-30-subway-on-time-performance-v1.parquet
1381363,2026-01-09 19:42:19+00:00,2024-07-31,https://performancedata.mbta.com/lamp/subway-on-time-performance-v1/2024-07-31-subway-on-time-performance-v1.parquet
1368487,2026-01-09 21:00:22+00:00,2024-08-01,https://performancedata.mbta.com/lamp/subway-on-time-performance-v1/2024-08-01-subway-on-time-performance-v1.parquet
1271647,2026-01-09 21:35:59+00:00,2024-08-02,https://performancedata.mbta.com/lamp/subway-on-time-performance-v1/2024-08-02-subway-on-time-performance-v1.parquet
938153,2026-01-09 23:25:13+00:00,2024-08-03,https://performancedata.mbta.com/lamp/subway-on-time-performance-v1/2024-08-03-subway-on-time-performance-v1.parquet
944058,2026-01-09 21:05:56+00:00,2024-08-04,https://performancedata.mbta.com/lamp/subway-on-time-performance-v1/2024-08-04-subway-on-time-performance-v1.parquet
1294907,2026-01-09 22:11:48+00:00,2024-08-05,https://performancedata.mbta.com/lamp/subway-on-time-performance-v1/2024-08-05-subway-on-time-performance-v1.parquet
1315086,2026-01-09 22:23:59+00:00,2024-08-06,https://performancedata.mbta.com/lamp/subway-on-time-performance-v1/2024-08-06-subway-on-time-performance-v1.parquet
1313531,2026-01-09 22:59:49+00:00,2024-08-07,https://performancedata.mbta.com/lamp/subway-on-time-performance-v1/2024-08-07-subway-on-time-performance-v1.parquet
1299343,2026-01-09 21:08:28+00:00,2024-08-08,https://performancedata.mbta.com/lamp/subway-on-time-performance-v1/2024-08-08-subway-on-time-performance-v1.parquet
1267533,2026-01-09 21:06:37+00:00,2024-08-09,https://performancedata.mbta.com/lamp/subway-on-time-performance-v1/2024-08-09-subway-on-time-performance-v1.parquet
1028514,2026-01-09 23:19:15+00:00,2024-08-10,https://performancedata.mbta.com/lamp/subway-on-time-performance-v1/2024-08-10-subway-on-time-performance-v1.parquet
977640,2026-01-09 20:59:15+00:00,2024-08-11,https://performancedata.mbta.com/lamp/subway-on-time-performance-v1/2024-08-11-subway-on-time-performance-v1.parquet
1390486,2026-01-09 21:23:37+00:00,2024-08-12,https://performancedata.mbta.com/lamp/subway-on-time-performance-v1/2024-08-12-subway-on-time-performance-v1.parquet
1396805,2026-01-09 21:35:45+00:00,2024-08-13,https://performancedata.mbta.com/lamp/subway-on-time-performance-v1/2024-08-13-subway-on-time-performance-v1.parquet
1386653,2026-01-09 21:37:35+00:00,2024-08-14,https://performancedata.mbta.com/lamp/subway-on-time-performance-v1/2024-08-14-subway-on-time-performance-v1.parquet
1393243,2026-01-09 21:45:00+00:00,2024-08-15,https://performancedata.mbta.com/lamp/subway-on-time-performance-v1/2024-08-15-subway-on-time-performance-v1.parquet
1420157,2026-01-09 22:51:40+00:00,2024-08-16,https://performancedata.mbta.com/lamp/subway-on-time-performance-v1/2024-08-16-subway-on-time-performance-v1.parquet
1038362,2026-01-09 19:44:43+00:00,2024-08-17,https://performancedata.mbta.com/lamp/subway-on-time-performance-v1/2024-08-17-subway-on-time-performance-v1.parquet
984111,2026-01-09 23:27:57+00:00,2024-08-18,https://performancedata.mbta.com/lamp/subway-on-time-performance-v1/2024-08-18-subway-on-time-performance-v1.parquet
1308621,2026-01-09 23:31:33+00:00,2024-08-19,https://performancedata.mbta.com/lamp/subway-on-time-performance-v1/2024-08-19-subway-on-time-performance-v1.parquet
1348577,2026-01-09 23:07:37+00:00,2024-08-20,https://performancedata.mbta.com/lamp/subway-on-time-performance-v1/2024-08-20-subway-on-time-performance-v1.parquet
1334825,2026-01-09 21:34:31+00:00,2024-08-21,https://performancedata.mbta.com/lamp/subway-on-time-performance-v1/2024-08-21-subway-on-time-performance-v1.parquet
1302514,2026-01-09 19:51:40+00:00,2024-08-22,https://performancedata.mbta.com/lamp/subway-on-time-performance-v1/2024-08-22-subway-on-time-performance-v1.parquet
1324523,2026-01-09 21:08:35+00:00,2024-08-23,https://performancedata.mbta.com/lamp/subway-on-time-performance-v1/2024-08-23-subway-on-time-performance-v1.parquet
1072871,2026-01-09 20:22:14+00:00,2024-08-24,https://performancedata.mbta.com/lamp/subway-on-time-performance-v1/2024-08-24-subway-on-time-performance-v1.parquet
1004811,2026-01-09 19:42:37+00:00,2024-08-25,https://performancedata.mbta.com/lamp/subway-on-time-performance-v1/2024-08-25-subway-on-time-performance-v1.parquet
1354500,2026-01-09 20:55:13+00:00,2024-08-26,https://performancedata.mbta.com/lamp/subway-on-time-performance-v1/2024-08-26-subway-on-time-performance-v1.parquet
1472566,2026-01-09 19:59:48+00:00,2024-08-27,https://performancedata.mbta.com/lamp/subway-on-time-performance-v1/2024-08-27-subway-on-time-performance-v1.parquet
1458653,2026-01-09 19:38:50+00:00,2024-08-28,https://performancedata.mbta.com/lamp/subway-on-time-performance-v1/2024-08-28-subway-on-time-performance-v1.parquet
1471341,2026-01-09 22:43:51+00:00,2024-08-29,https://performancedata.mbta.com/lamp/subway-on-time-performance-v1/2024-08-29-subway-on-time-performance-v1.parquet
1433839,2026-01-09 21:25:09+00:00,2024-08-30,https://performancedata.mbta.com/lamp/subway-on-time-performance-v1/2024-08-30-subway-on-time-performance-v1.parquet
1200409,2026-01-09 21:25:02+00:00,2024-08-31,https://performancedata.mbta.com/lamp/subway-on-time-performance-v1/2024-08-31-subway-on-time-performance-v1.parquet
1135828,2026-01-09 21:16:42+00:00,2024-09-01,https://performancedata.mbta.com/lamp/subway-on-time-performance-v1/2024-09-01-subway-on-time-performance-v1.parquet
1141463,2026-01-09 19:46:27+00:00,2024-09-02,https://performancedata.mbta.com/lamp/subway-on-time-performance-v1/2024-09-02-subway-on-time-performance-v1.parquet
1391652,2026-01-09 21:19:25+00:00,2024-09-03,https://performancedata.mbta.com/lamp/subway-on-time-performance-v1/2024-09-03-subway-on-time-performance-v1.parquet
1484381,2026-01-09 23:27:42+00:00,2024-09-04,https://performancedata.mbta.com/lamp/subway-on-time-performance-v1/2024-09-04-subway-on-time-performance-v1.parquet
1473082,2026-01-09 19:40:28+00:00,2024-09-05,https://performancedata.mbta.com/lamp/subway-on-time-performance-v1/2024-09-05-subway-on-time-performance-v1.parquet
1458538,2026-01-09 20:49:26+00:00,2024-09-06,https://performancedata.mbta.com/lamp/subway-on-time-performance-v1/2024-09-06-subway-on-time-performance-v1.parquet
1175593,2026-01-09 22:24:57+00:00,2024-09-07,https://performancedata.mbta.com/lamp/subway-on-time-performance-v1/2024-09-07-subway-on-time-performance-v1.parquet
1115676,2026-01-09 22:16:44+00:00,2024-09-08,https://performancedata.mbta.com/lamp/subway-on-time-performance-v1/2024-09-08-subway-on-time-performance-v1.parquet
1454749,2026-01-09 21:04:06+00:00,2024-09-09,https://performancedata.mbta.com/lamp/subway-on-time-performance-v1/2024-09-09-subway-on-time-performance-v1.parquet
1453896,2026-01-09 20:59:47+00:00,2024-09-10,https://performancedata.mbta.com/lamp/subway-on-time-performance-v1/2024-09-10-subway-on-time-performance-v1.parquet
1445240,2026-01-09 20:46:38+00:00,2024-09-11,https://performancedata.mbta.com/lamp/subway-on-time-performance-v1/2024-09-11-subway-on-time-performance-v1.parquet
1431142,2026-01-09 23:35:15+00:00,2024-09-12,https://performancedata.mbta.com/lamp/subway-on-time-performance-v1/2024-09-12-subway-on-time-performance-v1.parquet
1383306,2026-01-09 20:06:05+00:00,2024-09-13,https://performancedata.mbta.com/lamp/subway-on-time-performance-v1/2024-09-13-subway-on-time-performance-v1.parquet
1187233,2026-01-09 23:28:25+00:00,2024-09-14,https://performancedata.mbta.com/lamp/subway-on-time-performance-v1/2024-09-14-subway-on-time-performance-v1.parquet
1080185,2026-01-09 23:10:15+00:00,2024-09-15,https://performancedata.mbta.com/lamp/subway-on-time-performance-v1/2024-09-15-subway-on-time-performance-v1.parquet
1466007,2026-01-09 22:02:08+00:00,2024-09-16,https://performancedata.mbta.com/lamp/subway-on-time-performance-v1/2024-09-16-subway-on-time-performance-v1.parquet
1445180,2026-01-09 21:39:31+00:00,2024-09-17,https://performancedata.mbta.com/lamp/subway-on-time-performance-v1/2024-09-17-subway-on-time-performance-v1.parquet
1441204,2026-01-09 22:16:10+00:00,2024-09-18,https://performancedata.mbta.com/lamp/subway-on-time-performance-v1/2024-09-18-subway-on-time-performance-v1.parquet
1451838,2026-01-09 23:09:32+00:00,2024-09-19,https://performancedata.mbta.com/lamp/subway-on-time-performance-v1/2024-09-19-subway-on-time-performance-v1.parquet
1414577,2026-01-09 21:20:22+00:00,2024-09-20,https://performancedata.mbta.com/lamp/subway-on-time-performance-v1/2024-09-20-subway-on-time-performance-v1.parquet
1165264,2026-01-09 23:24:21+00:00,2024-09-21,https://performancedata.mbta.com/lamp/subway-on-time-performance-v1/2024-09-21-subway-on-time-performance-v1.parquet
1100685,2026-01-09 20:15:23+00:00,2024-09-22,https://performancedata.mbta.com/lamp/subway-on-time-performance-v1/2024-09-22-subway-on-time-performance-v1.parquet
1409581,2026-01-09 22:10:34+00:00,2024-09-23,https://performancedata.mbta.com/lamp/subway-on-time-performance-v1/2024-09-23-subway-on-time-performance-v1.parquet
1442453,2026-01-09 22:40:51+00:00,2024-09-24,https://performancedata.mbta.com/lamp/subway-on-time-performance-v1/2024-09-24-subway-on-time-performance-v1.parquet
1470703,2026-01-09 21:23:16+00:00,2024-09-25,https://performancedata.mbta.com/lamp/subway-on-time-performance-v1/2024-09-25-subway-on-time-performance-v1.parquet
1439449,2026-01-09 23:38:46+00:00,2024-09-26,https://performancedata.mbta.com/lamp/subway-on-time-performance-v1/2024-09-26-subway-on-time-performance-v1.parquet
1409540,2026-01-09 22:09:40+00:00,2024-09-27,https://performancedata.mbta.com/lamp/subway-on-time-performance-v1/2024-09-27-subway-on-time-performance-v1.parquet
1095220,2026-01-09 21:22:15+00:00,2024-09-28,https://performancedata.mbta.com/lamp/subway-on-time-performance-v1/2024-09-28-subway-on-time-performance-v1.parquet
1093736,2026-01-09 20:55:28+00:00,2024-09-29,https://performancedata.mbta.com/lamp/subway-on-time-performance-v1/2024-09-29-subway-on-time-performance-v1.parquet
1522453,2026-01-09 21:12:01+00:00,2024-09-30,https://performancedata.mbta.com/lamp/subway-on-time-performance-v1/2024-09-30-subway-on-time-performance-v1.parquet
1462165,2026-01-09 20:43:33+00:00,2024-10-01,https://performancedata.mbta.com/lamp/subway-on-time-performance-v1/2024-10-01-subway-on-time-performance-v1.parquet
1362771,2026-01-09 21:03:08+00:00,2024-10-02,https://performancedata.mbta.com/lamp/subway-on-time-performance-v1/2024-10-02-subway-on-time-performance-v1.parquet
1373499,2026-01-09 21:21:13+00:00,2024-10-03,https://performancedata.mbta.com/lamp/subway-on-time-performance-v1/2024-10-03-subway-on-time-performance-v1.parquet
1479501,2026-01-09 20:36:32+00:00,2024-10-04,https://performancedata.mbta.com/lamp/subway-on-time-performance-v1/2024-10-04-subway-on-time-performance-v1.parquet
1032224,2026-01-09 23:34:35+00:00,2024-10-05,https://performancedata.mbta.com/lamp/subway-on-time-performance-v1/2024-10-05-subway-on-time-performance-v1.parquet
970371,2026-01-09 21:21:56+00:00,2024-10-06,https://performancedata.mbta.com/lamp/subway-on-time-performance-v1/2024-10-06-subway-on-time-performance-v1.parquet
1487557,2026-01-09 21:23:24+00:00,2024-10-07,https://performancedata.mbta.com/lamp/subway-on-time-performance-v1/2024-10-07-subway-on-time-performance-v1.parquet
1385026,2026-01-09 21:22:30+00:00,2024-10-08,https://performancedata.mbta.com/lamp/subway-on-time-performance-v1/2024-10-08-subway-on-time-performance-v1.parquet
1393683,2026-01-09 23:10:04+00:00,2024-10-09,https://performancedata.mbta.com/lamp/subway-on-time-performance-v1/2024-10-09-subway-on-time-performance-v1.parquet
1398100,2026-01-09 19:46:42+00:00,2024-10-10,https://performancedata.mbta.com/lamp/subway-on-time-performance-v1/2024-10-10-subway-on-time-performance-v1.parquet
1367017,2026-01-09 20:49:42+00:00,2024-10-11,https://performancedata.mbta.com/lamp/subway-on-time-performance-v1/2024-10-11-subway-on-time-performance-v1.parquet
1082493,2026-01-09 20:35:12+00:00,2024-10-12,https://performancedata.mbta.com/lamp/subway-on-time-performance-v1/2024-10-12-subway-on-time-performance-v1.parquet
1071761,2026-01-09 21:32:47+00:00,2024-10-13,https://performancedata.mbta.com/lamp/subway-on-time-performance-v1/2024-10-13-subway-on-time-performance-v1.parquet
1146363,2026-01-09 21:05:26+00:00,2024-10-14,https://performancedata.mbta.com/lamp/subway-on-time-performance-v1/2024-10-14-subway-on-time-performance-v1.parquet
1380134,2026-01-09 22:47:21+00:00,2024-10-15,https://performancedata.mbta.com/lamp/subway-on-time-performance-v1/2024-10-15-subway-on-time-performance-v1.parquet
1402557,2026-01-09 23:02:09+00:00,2024-10-16,https://performancedata.mbta.com/lamp/subway-on-time-performance-v1/2024-10-16-subway-on-time-performance-v1.parquet
1381992,2026-01-09 22:32:12+00:00,2024-10-17,https://performancedata.mbta.com/lamp/subway-on-time-performance-v1/2024-10-17-subway-on-time-performance-v1.parquet
1384972,2026-01-09 23:25:03+00:00,2024-10-18,https://performancedata.mbta.com/lamp/subway-on-time-performance-v1/2024-10-18-subway-on-time-performance-v1.parquet
1093187,2026-01-09 22:19:11+00:00,2024-10-19,https://performancedata.mbta.com/lamp/subway-on-time-performance-v1/2024-10-19-subway-on-time-performance-v1.parquet
1006811,2026-01-09 21:22:42+00:00,2024-10-20,https://performancedata.mbta.com/lamp/subway-on-time-performance-v1/2024-10-20-subway-on-time-performance-v1.parquet
1475194,2026-01-09 21:04:56+00:00,2024-10-21,https://performancedata.mbta.com/lamp/subway-on-time-performance-v1/2024-10-21-subway-on-time-performance-v1.parquet
1503486,2026-01-09 21:26:05+00:00,2024-10-22,https://performancedata.mbta.com/lamp/subway-on-time-performance-v1/2024-10-22-subway-on-time-performance-v1.parquet
1479550,2026-01-09 21:45:20+00:00,2024-10-23,https://performancedata.mbta.com/lamp/subway-on-time-performance-v1/2024-10-23-subway-on-time-performance-v1.parquet
1492218,2026-01-09 20:35:54+00:00,2024-10-24,https://performancedata.mbta.com/lamp/subway-on-time-performance-v1/2024-10-24-subway-on-time-performance-v1.parquet
1468768,2026-01-09 22:20:36+00:00,2024-10-25,https://performancedata.mbta.com/lamp/subway-on-time-performance-v1/2024-10-25-subway-on-time-performance-v1.parquet
1055795,2026-01-09 21:01:47+00:00,2024-10-26,https://performancedata.mbta.com/lamp/subway-on-time-performance-v1/2024-10-26-subway-on-time-performance-v1.parquet
1023946,2026-01-09 20:01:27+00:00,2024-10-27,https://performancedata.mbta.com/lamp/subway-on-time-performance-v1/2024-10-27-subway-on-time-performance-v1.parquet
1421421,2026-01-09 20:13:18+00:00,2024-10-28,https://performancedata.mbta.com/lamp/subway-on-time-performance-v1/2024-10-28-subway-on-time-performance-v1.parquet
1428491,2026-01-09 21:03:48+00:00,2024-10-29,https://performancedata.mbta.com/lamp/subway-on-time-performance-v1/2024-10-29-subway-on-time-performance-v1.parquet
1404875,2026-01-09 23:35:09+00:00,2024-10-30,https://performancedata.mbta.com/lamp/subway-on-time-performance-v1/2024-10-30-subway-on-time-performance-v1.parquet
1387272,2026-01-09 22:16:05+00:00,2024-10-31,https://performancedata.mbta.com/lamp/subway-on-time-performance-v1/2024-10-31-subway-on-time-performance-v1.parquet
1380129,2026-01-09 23:24:56+00:00,2024-11-01,https://performancedata.mbta.com/lamp/subway-on-time-performance-v1/2024-11-01-subway-on-time-performance-v1.parquet
1201778,2026-01-09 20:17:05+00:00,2024-11-02,https://performancedata.mbta.com/lamp/subway-on-time-performance-v1/2024-11-02-subway-on-time-performance-v1.parquet
1095468,2026-01-09 19:45:09+00:00,2024-11-03,https://performancedata.mbta.com/lamp/subway-on-time-performance-v1/2024-11-03-subway-on-time-performance-v1.parquet
1465182,2026-01-09 22:20:14+00:00,2024-11-04,https://performancedata.mbta.com/lamp/subway-on-time-performance-v1/2024-11-04-subway-on-time-performance-v1.parquet
1398962,2026-01-09 21:26:56+00:00,2024-11-05,https://performancedata.mbta.com/lamp/subway-on-time-performance-v1/2024-11-05-subway-on-time-performance-v1.parquet
1381560,2026-01-09 19:58:41+00:00,2024-11-06,https://performancedata.mbta.com/lamp/subway-on-time-performance-v1/2024-11-06-subway-on-time-performance-v1.parquet
1407603,2026-01-09 22:14:41+00:00,2024-11-07,https://performancedata.mbta.com/lamp/subway-on-time-performance-v1/2024-11-07-subway-on-time-performance-v1.parquet
3066,2026-01-09 19:43:01+00:00,2024-11-08,https://performancedata.mbta.com/lamp/subway-on-time-performance-v1/2024-11-08-subway-on-time-performance-v1.parquet
3066,2026-01-09 22:33:34+00:00,2024-11-09,https://performancedata.mbta.com/lamp/subway-on-time-performance-v1/2024-11-09-subway-on-time-performance-v1.parquet
3066,2026-01-09 20:59:10+00:00,2024-11-10,https://performancedata.mbta.com/lamp/subway-on-time-performance-v1/2024-11-10-subway-on-time-performance-v1.parquet
3066,2026-01-09 19:53:06+00:00,2024-11-11,https://performancedata.mbta.com/lamp/subway-on-time-performance-v1/2024-11-11-subway-on-time-performance-v1.parquet
1505221,2026-01-09 21:22:10+00:00,2024-11-12,https://performancedata.mbta.com/lamp/subway-on-time-performance-v1/2024-11-12-subway-on-time-performance-v1.parquet
1479351,2026-01-09 22:36:52+00:00,2024-11-13,https://performancedata.mbta.com/lamp/subway-on-time-performance-v1/2024-11-13-subway-on-time-performance-v1.parquet
1484882,2026-01-09 19:52:45+00:00,2024-11-14,https://performancedata.mbta.com/lamp/subway-on-time-performance-v1/2024-11-14-subway-on-time-performance-v1.parquet
1404444,2026-01-09 20:08:15+00:00,2024-11-15,https://performancedata.mbta.com/lamp/subway-on-time-performance-v1/2024-11-15-subway-on-time-performance-v1.parquet
1015561,2026-01-09 21:59:45+00:00,2024-11-16,https://performancedata.mbta.com/lamp/subway-on-time-performance-v1/2024-11-16-subway-on-time-performance-v1.parquet
938973,2026-01-09 20:31:35+00:00,2024-11-17,https://performancedata.mbta.com/lamp/subway-on-time-performance-v1/2024-11-17-subway-on-time-performance-v1.parquet
1365351,2026-01-09 21:08:04+00:00,2024-11-18,https://performancedata.mbta.com/lamp/subway-on-time-performance-v1/2024-11-18-subway-on-time-performance-v1.parquet
1385831,2026-01-09 21:58:38+00:00,2024-11-19,https://performancedata.mbta.com/lamp/subway-on-time-performance-v1/2024-11-19-subway-on-time-performance-v1.parquet
3066,2026-01-09 21:07:57+00:00,2024-11-20,https://performancedata.mbta.com/lamp/subway-on-time-performance-v1/2024-11-20-subway-on-time-performance-v1.parquet
1327680,2026-01-09 21:28:03+00:00,2024-11-21,https://performancedata.mbta.com/lamp/subway-on-time-performance-v1/2024-11-21-subway-on-time-performance-v1.parquet
1306119,2026-01-09 19:43:57+00:00,2024-11-22,https://performancedata.mbta.com/lamp/subway-on-time-performance-v1/2024-11-22-subway-on-time-performance-v1.parquet
1086194,2026-01-09 20:35:22+00:00,2024-11-23,https://performancedata.mbta.com/lamp/subway-on-time-performance-v1/2024-11-23-subway-on-time-performance-v1.parquet
1008464,2026-01-09 21:54:02+00:00,2024-11-24,https://performancedata.mbta.com/lamp/subway-on-time-performance-v1/2024-11-24-subway-on-time-performance-v1.parquet
1511304,2026-01-09 21:40:56+00:00,2024-11-25,https://performancedata.mbta.com/lamp/subway-on-time-performance-v1/2024-11-25-subway-on-time-performance-v1.parquet
1436231,2026-01-09 21:21:50+00:00,2024-11-26,https://performancedata.mbta.com/lamp/subway-on-time-performance-v1/2024-11-26-subway-on-time-performance-v1.parquet
1408562,2026-01-09 23:01:42+00:00,2024-11-27,https://performancedata.mbta.com/lamp/subway-on-time-performance-v1/2024-11-27-subway-on-time-performance-v1.parquet
1053497,2026-01-09 20:27:36+00:00,2024-11-28,https://performancedata.mbta.com/lamp/subway-on-time-performance-v1/2024-11-28-subway-on-time-performance-v1.parquet
1509263,2026-01-09 20:25:36+00:00,2024-11-29,https://performancedata.mbta.com/lamp/subway-on-time-performance-v1/2024-11-29-subway-on-time-performance-v1.parquet
1181445,2026-01-09 23:04:56+00:00,2024-11-30,https://performancedata.mbta.com/lamp/subway-on-time-performance-v1/2024-11-30-subway-on-time-performance-v1.parquet
1088917,2026-01-09 20:53:35+00:00,2024-12-01,https://performancedata.mbta.com/lamp/subway-on-time-performance-v1/2024-12-01-subway-on-time-performance-v1.parquet
1465888,2026-01-09 20:20:55+00:00,2024-12-02,https://performancedata.mbta.com/lamp/subway-on-time-performance-v1/2024-12-02-subway-on-time-performance-v1.parquet
1460624,2026-01-09 22:37:06+00:00,2024-12-03,https://performancedata.mbta.com/lamp/subway-on-time-performance-v1/2024-12-03-subway-on-time-performance-v1.parquet
1445014,2026-01-09 22:11:41+00:00,2024-12-04,https://performancedata.mbta.com/lamp/subway-on-time-performance-v1/2024-12-04-subway-on-time-performance-v1.parquet
1442763,2026-01-09 20:21:09+00:00,2024-12-05,https://performancedata.mbta.com/lamp/subway-on-time-performance-v1/2024-12-05-subway-on-time-performance-v1.parquet
1235701,2026-01-09 21:09:48+00:00,2024-12-06,https://performancedata.mbta.com/lamp/subway-on-time-performance-v1/2024-12-06-subway-on-time-performance-v1.parquet
966503,2026-01-09 21:41:39+00:00,2024-12-07,https://performancedata.mbta.com/lamp/subway-on-time-performance-v1/2024-12-07-subway-on-time-performance-v1.parquet
894971,2026-01-09 20:29:24+00:00,2024-12-08,https://performancedata.mbta.com/lamp/subway-on-time-performance-v1/2024-12-08-subway-on-time-performance-v1.parquet
1206877,2026-01-09 20:12:35+00:00,2024-12-09,https://performancedata.mbta.com/lamp/subway-on-time-performance-v1/2024-12-09-subway-on-time-performance-v1.parquet
1238478,2026-01-09 20:29:30+00:00,2024-12-10,https://performancedata.mbta.com/lamp/subway-on-time-performance-v1/2024-12-10-subway-on-time-performance-v1.parquet
1183997,2026-01-09 21:13:57+00:00,2024-12-11,https://performancedata.mbta.com/lamp/subway-on-time-performance-v1/2024-12-11-subway-on-time-performance-v1.parquet
1178507,2026-01-09 23:22:18+00:00,2024-12-12,https://performancedata.mbta.com/lamp/subway-on-time-performance-v1/2024-12-12-subway-on-time-performance-v1.parquet
1200551,2026-01-09 21:01:35+00:00,2024-12-13,https://performancedata.mbta.com/lamp/subway-on-time-performance-v1/2024-12-13-subway-on-time-performance-v1.parquet
3066,2026-01-09 20:57:38+00:00,2024-12-14,https://performancedata.mbta.com/lamp/subway-on-time-performance-v1/2024-12-14-subway-on-time-performance-v1.parquet
930128,2026-01-09 20:39:32+00:00,2024-12-15,https://performancedata.mbta.com/lamp/subway-on-time-performance-v1/2024-12-15-subway-on-time-performance-v1.parquet
1264263,2026-01-09 21:27:34+00:00,2024-12-16,https://performancedata.mbta.com/lamp/subway-on-time-performance-v1/2024-12-16-subway-on-time-performance-v1.parquet
1274055,2026-01-09 21:16:56+00:00,2024-12-17,https://performancedata.mbta.com/lamp/subway-on-time-performance-v1/2024-12-17-subway-on-time-performance-v1.parquet
1260548,2026-01-09 22:13:31+00:00,2024-12-18,https://performancedata.mbta.com/lamp/subway-on-time-performance-v1/2024-12-18-subway-on-time-performance-v1.parquet
1236204,2026-01-09 20:38:00+00:00,2024-12-19,https://performancedata.mbta.com/lamp/subway-on-time-performance-v1/2024-12-19-subway-on-time-performance-v1.parquet
1117476,2026-01-09 20:07:34+00:00,2024-12-20,https://performancedata.mbta.com/lamp/subway-on-time-performance-v1/2024-12-20-subway-on-time-performance-v1.parquet
1145907,2026-01-09 22:13:20+00:00,2024-12-21,https://performancedata.mbta.com/lamp/subway-on-time-performance-v1/2024-12-21-subway-on-time-performance-v1.parquet
1060419,2026-01-09 19:40:11+00:00,2024-12-22,https://performancedata.mbta.com/lamp/subway-on-time-performance-v1/2024-12-22-subway-on-time-performance-v1.parquet
1378167,2026-01-09 20:07:00+00:00,2024-12-23,https://performancedata.mbta.com/lamp/subway-on-time-performance-v1/2024-12-23-subway-on-time-performance-v1.parquet
3066,2026-01-09 20:04:04+00:00,2024-12-24,https://performancedata.mbta.com/lamp/subway-on-time-performance-v1/2024-12-24-subway-on-time-performance-v1.parquet
3066,2026-01-09 20:26:57+00:00,2024-12-25,https://performancedata.mbta.com/lamp/subway-on-time-performance-v1/2024-12-25-subway-on-time-performance-v1.parquet
3066,2026-01-09 23:24:17+00:00,2024-12-26,https://performancedata.mbta.com/lamp/subway-on-time-performance-v1/2024-12-26-subway-on-time-performance-v1.parquet
1510519,2026-01-09 20:58:01+00:00,2024-12-27,https://performancedata.mbta.com/lamp/subway-on-time-performance-v1/2024-12-27-subway-on-time-performance-v1.parquet
1241374,2026-01-09 22:34:20+00:00,2024-12-28,https://performancedata.mbta.com/lamp/subway-on-time-performance-v1/2024-12-28-subway-on-time-performance-v1.parquet
1099008,2026-01-09 23:30:59+00:00,2024-12-29,https://performancedata.mbta.com/lamp/subway-on-time-performance-v1/2024-12-29-subway-on-time-performance-v1.parquet
1486933,2026-01-09 20:42:30+00:00,2024-12-30,https://performancedata.mbta.com/lamp/subway-on-time-performance-v1/2024-12-30-subway-on-time-performance-v1.parquet
1616504,2026-01-09 19:58:03+00:00,2024-12-31,https://performancedata.mbta.com/lamp/subway-on-time-performance-v1/2024-12-31-subway-on-time-performance-v1.parquet
1126428,2026-01-09 20:39:05+00:00,2025-01-01,https://performancedata.mbta.com/lamp/subway-on-time-performance-v1/2025-01-01-subway-on-time-performance-v1.parquet
1506183,2026-01-09 20:36:45+00:00,2025-01-02,https://performancedata.mbta.com/lamp/subway-on-time-performance-v1/2025-01-02-subway-on-time-performance-v1.parquet
1500833,2026-01-09 23:01:24+00:00,2025-01-03,https://performancedata.mbta.com/lamp/subway-on-time-performance-v1/2025-01-03-subway-on-time-performance-v1.parquet
1236901,2026-01-09 20:01:21+00:00,2025-01-04,https://performancedata.mbta.com/lamp/subway-on-time-performance-v1/2025-01-04-subway-on-time-performance-v1.parquet
1128612,2026-01-09 22:11:34+00:00,2025-01-05,https://performancedata.mbta.com/lamp/subway-on-time-performance-v1/2025-01-05-subway-on-time-performance-v1.parquet
1472380,2026-01-09 20:22:07+00:00,2025-01-06,https://performancedata.mbta.com/lamp/subway-on-time-performance-v1/2025-01-06-subway-on-time-performance-v1.parquet
1495101,2026-01-09 23:02:21+00:00,2025-01-07,https://performancedata.mbta.com/lamp/subway-on-time-performance-v1/2025-01-07-subway-on-time-performance-v1.parquet
1496387,2026-01-09 20:10:36+00:00,2025-01-08,https://performancedata.mbta.com/lamp/subway-on-time-performance-v1/2025-01-08-subway-on-time-performance-v1.parquet
1503118,2026-01-09 20:37:54+00:00,2025-01-09,https://performancedata.mbta.com/lamp/subway-on-time-performance-v1/2025-01-09-subway-on-time-performance-v1.parquet
1495856,2026-01-09 23:03:34+00:00,2025-01-10,https://performancedata.mbta.com/lamp/subway-on-time-performance-v1/2025-01-10-subway-on-time-performance-v1.parquet
1232301,2026-01-09 21:39:59+00:00,2025-01-11,https://performancedata.mbta.com/lamp/subway-on-time-performance-v1/2025-01-11-subway-on-time-performance-v1.parquet
1131161,2026-01-09 19:42:11+00:00,2025-01-12,https://performancedata.mbta.com/lamp/subway-on-time-performance-v1/2025-01-12-subway-on-time-performance-v1.parquet
3066,2026-01-09 21:32:30+00:00,2025-01-13,https://performancedata.mbta.com/lamp/subway-on-time-performance-v1/2025-01-13-subway-on-time-performance-v1.parquet
1498914,2026-01-09 22:09:20+00:00,2025-01-14,https://performancedata.mbta.com/lamp/subway-on-time-performance-v1/2025-01-14-subway-on-time-performance-v1.parquet
1444098,2026-01-09 23:26:20+00:00,2025-01-15,https://performancedata.mbta.com/lamp/subway-on-time-performance-v1/2025-01-15-subway-on-time-performance-v1.parquet
1501921,2026-01-09 23:14:19+00:00,2025-01-16,https://performancedata.mbta.com/lamp/subway-on-time-performance-v1/2025-01-16-subway-on-time-performance-v1.parquet
1452886,2026-01-09 21:56:11+00:00,2025-01-17,https://performancedata.mbta.com/lamp/subway-on-time-performance-v1/2025-01-17-subway-on-time-performance-v1.parquet
1138496,2026-01-09 21:57:18+00:00,2025-01-18,https://performancedata.mbta.com/lamp/subway-on-time-performance-v1/2025-01-18-subway-on-time-performance-v1.parquet
1089072,2026-01-09 22:27:50+00:00,2025-01-19,https://performancedata.mbta.com/lamp/subway-on-time-performance-v1/2025-01-19-subway-on-time-performance-v1.parquet
1148900,2026-01-09 23:33:38+00:00,2025-01-20,https://performancedata.mbta.com/lamp/subway-on-time-performance-v1/2025-01-20-subway-on-time-performance-v1.parquet
1396872,2026-01-09 22:03:16+00:00,2025-01-21,https://performancedata.mbta.com/lamp/subway-on-time-performance-v1/2025-01-21-subway-on-time-performance-v1.parquet
1412473,2026-01-09 23:16:46+00:00,2025-01-22,https://performancedata.mbta.com/lamp/subway-on-time-performance-v1/2025-01-22-subway-on-time-performance-v1.parquet
1475245,2026-01-09 21:38:51+00:00,2025-01-23,https://performancedata.mbta.com/lamp/subway-on-time-performance-v1/2025-01-23-subway-on-time-performance-v1.parquet
1482125,2026-01-09 23:13:13+00:00,2025-01-24,https://performancedata.mbta.com/lamp/subway-on-time-performance-v1/2025-01-24-subway-on-time-performance-v1.parquet
1192722,2026-01-09 23:01:02+00:00,2025-01-25,https://performancedata.mbta.com/lamp/subway-on-time-performance-v1/2025-01-25-subway-on-time-performance-v1.parquet
1074983,2026-01-09 21:16:16+00:00,2025-01-26,https://performancedata.mbta.com/lamp/subway-on-time-performance-v1/2025-01-26-subway-on-time-performance-v1.parquet
1495946,2026-01-09 22:33:21+00:00,2025-01-27,https://performancedata.mbta.com/lamp/subway-on-time-performance-v1/2025-01-27-subway-on-time-performance-v1.parquet
1473008,2026-01-09 21:57:53+00:00,2025-01-28,https://performancedata.mbta.com/lamp/subway-on-time-performance-v1/2025-01-28-subway-on-time-performance-v1.parquet
1488550,2026-01-09 22:01:49+00:00,2025-01-29,https://performancedata.mbta.com/lamp/subway-on-time-performance-v1/2025-01-29-subway-on-time-performance-v1.parquet
1473376,2026-01-09 21:25:24+00:00,2025-01-30,https://performancedata.mbta.com/lamp/subway-on-time-performance-v1/2025-01-30-subway-on-time-performance-v1.parquet
1449754,2026-01-09 20:05:23+00:00,2025-01-31,https://performancedata.mbta.com/lamp/subway-on-time-performance-v1/2025-01-31-subway-on-time-performance-v1.parquet
1150863,2026-01-09 22:41:39+00:00,2025-02-01,https://performancedata.mbta.com/lamp/subway-on-time-performance-v1/2025-02-01-subway-on-time-performance-v1.parquet
1072338,2026-01-09 22:17:14+00:00,2025-02-02,https://performancedata.mbta.com/lamp/subway-on-time-performance-v1/2025-02-02-subway-on-time-performance-v1.parquet
1414159,2026-01-09 20:15:05+00:00,2025-02-03,https://performancedata.mbta.com/lamp/subway-on-time-performance-v1/2025-02-03-subway-on-time-performance-v1.parquet
1437474,2026-01-09 23:26:54+00:00,2025-02-04,https://performancedata.mbta.com/lamp/subway-on-time-performance-v1/2025-02-04-subway-on-time-performance-v1.parquet
1484796,2026-01-09 20:31:24+00:00,2025-02-05,https://performancedata.mbta.com/lamp/subway-on-time-performance-v1/2025-02-05-subway-on-time-performance-v1.parquet
1461116,2026-01-09 22:05:33+00:00,2025-02-06,https://performancedata.mbta.com/lamp/subway-on-time-performance-v1/2025-02-06-subway-on-time-performance-v1.parquet
1457990,2026-01-09 20:58:15+00:00,2025-02-07,https://performancedata.mbta.com/lamp/subway-on-time-performance-v1/2025-02-07-subway-on-time-performance-v1.parquet
1168795,2026-01-09 19:51:54+00:00,2025-02-08,https://performancedata.mbta.com/lamp/subway-on-time-performance-v1/2025-02-08-subway-on-time-performance-v1.parquet
925314,2026-01-09 21:39:37+00:00,2025-02-09,https://performancedata.mbta.com/lamp/subway-on-time-performance-v1/2025-02-09-subway-on-time-performance-v1.parquet
1353671,2026-01-09 21:50:34+00:00,2025-02-10,https://performancedata.mbta.com/lamp/subway-on-time-performance-v1/2025-02-10-subway-on-time-performance-v1.parquet
1492715,2026-01-09 21:47:07+00:00,2025-02-11,https://performancedata.mbta.com/lamp/subway-on-time-performance-v1/2025-02-11-subway-on-time-performance-v1.parquet
1451168,2026-01-09 21:30:02+00:00,2025-02-12,https://performancedata.mbta.com/lamp/subway-on-time-performance-v1/2025-02-12-subway-on-time-performance-v1.parquet
1453252,2026-01-09 20:46:53+00:00,2025-02-13,https://performancedata.mbta.com/lamp/subway-on-time-performance-v1/2025-02-13-subway-on-time-performance-v1.parquet
1415873,2026-01-09 21:13:10+00:00,2025-02-14,https://performancedata.mbta.com/lamp/subway-on-time-performance-v1/2025-02-14-subway-on-time-performance-v1.parquet
1098473,2026-01-09 21:59:33+00:00,2025-02-15,https://performancedata.mbta.com/lamp/subway-on-time-performance-v1/2025-02-15-subway-on-time-performance-v1.parquet
1023005,2026-01-09 22:45:43+00:00,2025-02-16,https://performancedata.mbta.com/lamp/subway-on-time-performance-v1/2025-02-16-subway-on-time-performance-v1.parquet
1097519,2026-01-09 20:44:44+00:00,2025-02-17,https://performancedata.mbta.com/lamp/subway-on-time-performance-v1/2025-02-17-subway-on-time-performance-v1.parquet
1371692,2026-01-09 21:32:00+00:00,2025-02-18,https://performancedata.mbta.com/lamp/subway-on-time-performance-v1/2025-02-18-subway-on-time-performance-v1.parquet
1390725,2026-01-09 22:55:53+00:00,2025-02-19,https://performancedata.mbta.com/lamp/subway-on-time-performance-v1/2025-02-19-subway-on-time-performance-v1.parquet
1377086,2026-01-09 21:58:06+00:00,2025-02-20,https://performancedata.mbta.com/lamp/subway-on-time-performance-v1/2025-02-20-subway-on-time-performance-v1.parquet
1427386,2026-01-09 22:40:32+00:00,2025-02-21,https://performancedata.mbta.com/lamp/subway-on-time-performance-v1/2025-02-21-subway-on-time-performance-v1.parquet
874125,2026-01-09 22:03:28+00:00,2025-02-22,https://performancedata.mbta.com/lamp/subway-on-time-performance-v1/2025-02-22-subway-on-time-performance-v1.parquet
813646,2026-01-09 21:24:56+00:00,2025-02-23,https://performancedata.mbta.com/lamp/subway-on-time-performance-v1/2025-02-23-subway-on-time-performance-v1.parquet
1439190,2026-01-09 21:59:09+00:00,2025-02-24,https://performancedata.mbta.com/lamp/subway-on-time-performance-v1/2025-02-24-subway-on-time-performance-v1.parquet
1482562,2026-01-09 19:54:29+00:00,2025-02-25,https://performancedata.mbta.com/lamp/subway-on-time-performance-v1/2025-02-25-subway-on-time-performance-v1.parquet
1452730,2026-01-09 19:44:57+00:00,2025-02-26,https://performancedata.mbta.com/lamp/subway-on-time-performance-v1/2025-02-26-subway-on-time-performance-v1.parquet
1476196,2026-01-09 20:21:23+00:00,2025-02-27,https://performancedata.mbta.com/lamp/subway-on-time-performance-v1/2025-02-27-subway-on-time-performance-v1.parquet
1472852,2026-01-09 23:04:34+00:00,2025-02-28,https://performancedata.mbta.com/lamp/subway-on-time-performance-v1/2025-02-28-subway-on-time-performance-v1.parquet
1137503,2026-01-09 21:16:04+00:00,2025-03-01,https://performancedata.mbta.com/lamp/subway-on-time-performance-v1/2025-03-01-subway-on-time-performance-v1.parquet
1078834,2026-01-09 22:54:22+00:00,2025-03-02,https://performancedata.mbta.com/lamp/subway-on-time-performance-v1/2025-03-02-subway-on-time-performance-v1.parquet
1465021,2026-01-09 22:57:27+00:00,2025-03-03,https://performancedata.mbta.com/lamp/subway-on-time-performance-v1/2025-03-03-subway-on-time-performance-v1.parquet
1505768,2026-01-09 22:12:41+00:00,2025-03-04,https://performancedata.mbta.com/lamp/subway-on-time-performance-v1/2025-03-04-subway-on-time-performance-v1.parquet
1498134,2026-01-09 19:52:02+00:00,2025-03-05,https://performancedata.mbta.com/lamp/subway-on-time-performance-v1/2025-03-05-subway-on-time-performance-v1.parquet
1469062,2026-01-09 22:07:34+00:00,2025-03-06,https://performancedata.mbta.com/lamp/subway-on-time-performance-v1/2025-03-06-subway-on-time-performance-v1.parquet
1420711,2026-01-09 22:31:23+00:00,2025-03-07,https://performancedata.mbta.com/lamp/subway-on-time-performance-v1/2025-03-07-subway-on-time-performance-v1.parquet
1113812,2026-01-09 23:29:03+00:00,2025-03-08,https://performancedata.mbta.com/lamp/subway-on-time-performance-v1/2025-03-08-subway-on-time-performance-v1.parquet
1028246,2026-01-09 21:23:50+00:00,2025-03-09,https://performancedata.mbta.com/lamp/subway-on-time-performance-v1/2025-03-09-subway-on-time-performance-v1.parquet
1423822,2026-01-09 21:31:17+00:00,2025-03-10,https://performancedata.mbta.com/lamp/subway-on-time-performance-v1/2025-03-10-subway-on-time-performance-v1.parquet
1461480,2026-01-09 21:51:02+00:00,2025-03-11,https://performancedata.mbta.com/lamp/subway-on-time-performance-v1/2025-03-11-subway-on-time-performance-v1.parquet
1461050,2026-01-09 20:27:42+00:00,2025-03-12,https://performancedata.mbta.com/lamp/subway-on-time-performance-v1/2025-03-12-subway-on-time-performance-v1.parquet
1351414,2026-01-09 20:03:36+00:00,2025-03-13,https://performancedata.mbta.com/lamp/subway-on-time-performance-v1/2025-03-13-subway-on-time-performance-v1.parquet
1468764,2026-01-09 21:10:45+00:00,2025-03-14,https://performancedata.mbta.com/lamp/subway-on-time-performance-v1/2025-03-14-subway-on-time-performance-v1.parquet
1213324,2026-01-09 22:22:24+00:00,2025-03-15,https://performancedata.mbta.com/lamp/subway-on-time-performance-v1/2025-03-15-subway-on-time-performance-v1.parquet
1118676,2026-01-09 22:30:37+00:00,2025-03-16,https://performancedata.mbta.com/lamp/subway-on-time-performance-v1/2025-03-16-subway-on-time-performance-v1.parquet
1465683,2026-01-09 20:35:06+00:00,2025-03-17,https://performancedata.mbta.com/lamp/subway-on-time-performance-v1/2025-03-17-subway-on-time-performance-v1.parquet
1530383,2026-01-09 21:25:30+00:00,2025-03-18,https://performancedata.mbta.com/lamp/subway-on-time-performance-v1/2025-03-18-subway-on-time-performance-v1.parquet
1533675,2026-01-09 22:00:28+00:00,2025-03-19,https://performancedata.mbta.com/lamp/subway-on-time-performance-v1/2025-03-19-subway-on-time-performance-v1.parquet
1492744,2026-01-09 21:04:21+00:00,2025-03-20,https://performancedata.mbta.com/lamp/subway-on-time-performance-v1/2025-03-20-subway-on-time-performance-v1.parquet
1457926,2026-01-09 21:58:19+00:00,2025-03-21,https://performancedata.mbta.com/lamp/subway-on-time-performance-v1/2025-03-21-subway-on-time-performance-v1.parquet
1138928,2026-01-09 22:09:46+00:00,2025-03-22,https://performancedata.mbta.com/lamp/subway-on-time-performance-v1/2025-03-22-subway-on-time-performance-v1.parquet
1021450,2026-01-09 23:13:06+00:00,2025-03-23,https://performancedata.mbta.com/lamp/subway-on-time-performance-v1/2025-03-23-subway-on-time-performance-v1.parquet
1445272,2026-01-09 21:00:58+00:00,2025-03-24,https://performancedata.mbta.com/lamp/subway-on-time-performance-v1/2025-03-24-subway-on-time-performance-v1.parquet
1511977,2026-01-09 23:12:40+00:00,2025-03-25,https://performancedata.mbta.com/lamp/subway-on-time-performance-v1/2025-03-25-subway-on-time-performance-v1.parquet
1458655,2026-01-09 23:29:44+00:00,2025-03-26,https://performancedata.mbta.com/lamp/subway-on-time-performance-v1/2025-03-26-subway-on-time-performance-v1.parquet
1496928,2026-01-09 22:35:03+00:00,2025-03-27,https://performancedata.mbta.com/lamp/subway-on-time-performance-v1/2025-03-27-subway-on-time-performance-v1.parquet
1455531,2026-01-09 20:00:06+00:00,2025-03-28,https://performancedata.mbta.com/lamp/subway-on-time-performance-v1/2025-03-28-subway-on-time-performance-v1.parquet
1154943,2026-01-09 22:37:26+00:00,2025-03-29,https://performancedata.mbta.com/lamp/subway-on-time-performance-v1/2025-03-29-subway-on-time-performance-v1.parquet
1043726,2026-01-09 21:57:59+00:00,2025-03-30,https://performancedata.mbta.com/lamp/subway-on-time-performance-v1/2025-03-30-subway-on-time-performance-v1.parquet
1497834,2026-01-09 23:25:21+00:00,2025-03-31,https://performancedata.mbta.com/lamp/subway-on-time-performance-v1/2025-03-31-subway-on-time-performance-v1.parquet
1302122,2026-01-09 23:26:41+00:00,2025-04-01,https://performancedata.mbta.com/lamp/subway-on-time-performance-v1/2025-04-01-subway-on-time-performance-v1.parquet
1336334,2026-01-09 22:32:22+00:00,2025-04-02,https://performancedata.mbta.com/lamp/subway-on-time-performance-v1/2025-04-02-subway-on-time-performance-v1.parquet
1270408,2026-01-09 19:43:08+00:00,2025-04-03,https://performancedata.mbta.com/lamp/subway-on-time-performance-v1/2025-04-03-subway-on-time-performance-v1.parquet
1340942,2026-01-09 21:12:55+00:00,2025-04-04,https://performancedata.mbta.com/lamp/subway-on-time-performance-v1/2025-04-04-subway-on-time-performance-v1.parquet
1111113,2026-01-09 19:39:58+00:00,2025-04-05,https://performancedata.mbta.com/lamp/subway-on-time-performance-v1/2025-04-05-subway-on-time-performance-v1.parquet
1106469,2026-01-09 23:01:08+00:00,2025-04-06,https://performancedata.mbta.com/lamp/subway-on-time-performance-v1/2025-04-06-subway-on-time-performance-v1.parquet
1402144,2026-01-09 23:10:23+00:00,2025-04-07,https://performancedata.mbta.com/lamp/subway-on-time-performance-v1/2025-04-07-subway-on-time-performance-v1.parquet
1406734,2026-01-09 20:51:35+00:00,2025-04-08,https://performancedata.mbta.com/lamp/subway-on-time-performance-v1/2025-04-08-subway-on-time-performance-v1.parquet
1408490,2026-01-09 21:40:38+00:00,2025-04-09,https://performancedata.mbta.com/lamp/subway-on-time-performance-v1/2025-04-09-subway-on-time-performance-v1.parquet
1471698,2026-01-09 23:21:09+00:00,2025-04-10,https://performancedata.mbta.com/lamp/subway-on-time-performance-v1/2025-04-10-subway-on-time-performance-v1.parquet
1450465,2026-01-09 20:24:12+00:00,2025-04-11,https://performancedata.mbta.com/lamp/subway-on-time-performance-v1/2025-04-11-subway-on-time-performance-v1.parquet
1173310,2026-01-09 20:17:20+00:00,2025-04-12,https://performancedata.mbta.com/lamp/subway-on-time-performance-v1/2025-04-12-subway-on-time-performance-v1.parquet
1136854,2026-01-09 20:54:40+00:00,2025-04-13,https://performancedata.mbta.com/lamp/subway-on-time-performance-v1/2025-04-13-subway-on-time-performance-v1.parquet
1428746,2026-01-09 20:23:32+00:00,2025-04-14,https://performancedata.mbta.com/lamp/subway-on-time-performance-v1/2025-04-14-subway-on-time-performance-v1.parquet
1423571,2026-01-09 20:32:20+00:00,2025-04-15,https://performancedata.mbta.com/lamp/subway-on-time-performance-v1/2025-04-15-subway-on-time-performance-v1.parquet
1503051,2026-01-09 20:33:44+00:00,2025-04-16,https://performancedata.mbta.com/lamp/subway-on-time-performance-v1/2025-04-16-subway-on-time-performance-v1.parquet
1488997,2026-01-09 19:40:19+00:00,2025-04-17,https://performancedata.mbta.com/lamp/subway-on-time-performance-v1/2025-04-17-subway-on-time-performance-v1.parquet
1470411,2026-01-09 21:17:18+00:00,2025-04-18,https://performancedata.mbta.com/lamp/subway-on-time-performance-v1/2025-04-18-subway-on-time-performance-v1.parquet
1242630,2026-01-09 21:14:22+00:00,2025-04-19,https://performancedata.mbta.com/lamp/subway-on-time-performance-v1/2025-04-19-subway-on-time-performance-v1.parquet
1128837,2026-01-09 22:07:26+00:00,2025-04-20,https://performancedata.mbta.com/lamp/subway-on-time-performance-v1/2025-04-20-subway-on-time-performance-v1.parquet
1411347,2026-01-09 22:38:03+00:00,2025-04-21,https://performancedata.mbta.com/lamp/subway-on-time-performance-v1/2025-04-21-subway-on-time-performance-v1.parquet
1498028,2026-01-09 22:02:58+00:00,2025-04-22,https://performancedata.mbta.com/lamp/subway-on-time-performance-v1/2025-04-22-subway-on-time-performance-v1.parquet
1442293,2026-01-09 22:03:24+00:00,2025-04-23,https://performancedata.mbta.com/lamp/subway-on-time-performance-v1/2025-04-23-subway-on-time-performance-v1.parquet
1481323,2026-01-09 22:16:27+00:00,2025-04-24,https://performancedata.mbta.com/lamp/subway-on-time-performance-v1/2025-04-24-subway-on-time-performance-v1.parquet
1469211,2026-01-09 19:57:15+00:00,2025-04-25,https://performancedata.mbta.com/lamp/subway-on-time-performance-v1/2025-04-25-subway-on-time-performance-v1.parquet
1090191,2026-01-09 21:12:40+00:00,2025-04-26,https://performancedata.mbta.com/lamp/subway-on-time-performance-v1/2025-04-26-subway-on-time-performance-v1.parquet
976607,2026-01-09 20:50:57+00:00,2025-04-27,https://performancedata.mbta.com/lamp/subway-on-time-performance-v1/2025-04-27-subway-on-time-performance-v1.parquet
1456356,2026-01-09 20:03:00+00:00,2025-04-28,https://performancedata.mbta.com/lamp/subway-on-time-performance-v1/2025-04-28-subway-on-time-performance-v1.parquet
1513009,2026-01-09 19:57:23+00:00,2025-04-29,https://performancedata.mbta.com/lamp/subway-on-time-performance-v1/2025-04-29-subway-on-time-performance-v1.parquet
1502625,2026-01-09 23:27:28+00:00,2025-04-30,https://performancedata.mbta.com/lamp/subway-on-time-performance-v1/2025-04-30-subway-on-time-performance-v1.parquet
1586735,2026-01-09 20:04:03+00:00,2025-05-01,https://performancedata.mbta.com/lamp/subway-on-time-performance-v1/2025-05-01-subway-on-time-performance-v1.parquet
1572462,2026-01-09 20:47:59+00:00,2025-05-02,https://performancedata.mbta.com/lamp/subway-on-time-performance-v1/2025-05-02-subway-on-time-performance-v1.parquet
1206704,2026-01-09 22:27:21+00:00,2025-05-03,https://performancedata.mbta.com/lamp/subway-on-time-performance-v1/2025-05-03-subway-on-time-performance-v1.parquet
1149031,2026-01-09 21:38:32+00:00,2025-05-04,https://performancedata.mbta.com/lamp/subway-on-time-performance-v1/2025-05-04-subway-on-time-performance-v1.parquet
1567596,2026-01-09 20:33:23+00:00,2025-05-05,https://performancedata.mbta.com/lamp/subway-on-time-performance-v1/2025-05-05-subway-on-time-performance-v1.parquet
1547057,2026-01-09 22:45:51+00:00,2025-05-06,https://performancedata.mbta.com/lamp/subway-on-time-performance-v1/2025-05-06-subway-on-time-performance-v1.parquet
1534779,2026-01-09 23:07:56+00:00,2025-05-07,https://performancedata.mbta.com/lamp/subway-on-time-performance-v1/2025-05-07-subway-on-time-performance-v1.parquet
3066,2026-01-09 22:40:03+00:00,2025-05-08,https://performancedata.mbta.com/lamp/subway-on-time-performance-v1/2025-05-08-subway-on-time-performance-v1.parquet
1482336,2026-01-09 22:55:33+00:00,2025-05-09,https://performancedata.mbta.com/lamp/subway-on-time-performance-v1/2025-05-09-subway-on-time-performance-v1.parquet
1150894,2026-01-09 21:13:24+00:00,2025-05-10,https://performancedata.mbta.com/lamp/subway-on-time-performance-v1/2025-05-10-subway-on-time-performance-v1.parquet
1100907,2026-01-09 20:58:58+00:00,2025-05-11,https://performancedata.mbta.com/lamp/subway-on-time-performance-v1/2025-05-11-subway-on-time-performance-v1.parquet
1437910,2026-01-09 21:46:53+00:00,2025-05-12,https://performancedata.mbta.com/lamp/subway-on-time-performance-v1/2025-05-12-subway-on-time-performance-v1.parquet
1443990,2026-01-09 20:38:59+00:00,2025-05-13,https://performancedata.mbta.com/lamp/subway-on-time-performance-v1/2025-05-13-subway-on-time-performance-v1.parquet
1474837,2026-01-09 20:12:03+00:00,2025-05-14,https://performancedata.mbta.com/lamp/subway-on-time-performance-v1/2025-05-14-subway-on-time-performance-v1.parquet
1455463,2026-01-09 23:06:54+00:00,2025-05-15,https://performancedata.mbta.com/lamp/subway-on-time-performance-v1/2025-05-15-subway-on-time-performance-v1.parquet
1473007,2026-01-09 20:02:52+00:00,2025-05-16,https://performancedata.mbta.com/lamp/subway-on-time-performance-v1/2025-05-16-subway-on-time-performance-v1.parquet
1180671,2026-01-09 19:57:40+00:00,2025-05-17,https://performancedata.mbta.com/lamp/subway-on-time-performance-v1/2025-05-17-subway-on-time-performance-v1.parquet
1137097,2026-01-09 22:47:06+00:00,2025-05-18,https://performancedata.mbta.com/lamp/subway-on-time-performance-v1/2025-05-18-subway-on-time-performance-v1.parquet
1581635,2026-01-09 20:35:36+00:00,2025-05-19,https://performancedata.mbta.com/lamp/subway-on-time-performance-v1/2025-05-19-subway-on-time-performance-v1.parquet
1572256,2026-01-09 22:27:43+00:00,2025-05-20,https://performancedata.mbta.com/lamp/subway-on-time-performance-v1/2025-05-20-subway-on-time-performance-v1.parquet
1536266,2026-01-09 21:43:35+00:00,2025-05-21,https://performancedata.mbta.com/lamp/subway-on-time-performance-v1/2025-05-21-subway-on-time-performance-v1.parquet
1518498,2026-01-09 21:53:45+00:00,2025-05-22,https://performancedata.mbta.com/lamp/subway-on-time-performance-v1/2025-05-22-subway-on-time-performance-v1.parquet
1519550,2026-01-09 19:56:42+00:00,2025-05-23,https://performancedata.mbta.com/lamp/subway-on-time-performance-v1/2025-05-23-subway-on-time-performance-v1.parquet
1256563,2026-01-09 23:06:34+00:00,2025-05-24,https://performancedata.mbta.com/lamp/subway-on-time-performance-v1/2025-05-24-subway-on-time-performance-v1.parquet
1195380,2026-01-09 20:06:39+00:00,2025-05-25,https://performancedata.mbta.com/lamp/subway-on-time-performance-v1/2025-05-25-subway-on-time-performance-v1.parquet
1158664,2026-01-09 22:39:02+00:00,2025-05-26,https://performancedata.mbta.com/lamp/subway-on-time-performance-v1/2025-05-26-subway-on-time-performance-v1.parquet
1510534,2026-01-09 21:57:00+00:00,2025-05-27,https://performancedata.mbta.com/lamp/subway-on-time-performance-v1/2025-05-27-subway-on-time-performance-v1.parquet
1891364,2026-01-09 21:38:21+00:00,2025-05-28,https://performancedata.mbta.com/lamp/subway-on-time-performance-v1/2025-05-28-subway-on-time-performance-v1.parquet
1957889,2026-01-09 20:06:16+00:00,2025-05-29,https://performancedata.mbta.com/lamp/subway-on-time-performance-v1/2025-05-29-subway-on-time-performance-v1.parquet
1778259,2026-01-09 20:52:46+00:00,2025-05-30,https://performancedata.mbta.com/lamp/subway-on-time-performance-v1/2025-05-30-subway-on-time-performance-v1.parquet
1365684,2026-01-09 22:35:26+00:00,2025-05-31,https://performancedata.mbta.com/lamp/subway-on-time-performance-v1/2025-05-31-subway-on-time-performance-v1.parquet
1066037,2026-01-09 21:32:05+00:00,2025-06-01,https://performancedata.mbta.com/lamp/subway-on-time-performance-v1/2025-06-01-subway-on-time-performance-v1.parquet
1806780,2026-01-09 20:21:53+00:00,2025-06-02,https://performancedata.mbta.com/lamp/subway-on-time-performance-v1/2025-06-02-subway-on-time-performance-v1.parquet
1882600,2026-01-09 22:14:52+00:00,2025-06-03,https://performancedata.mbta.com/lamp/subway-on-time-performance-v1/2025-06-03-subway-on-time-performance-v1.parquet
4767415,2026-01-09 22:36:25+00:00,2025-06-04,https://performancedata.mbta.com/lamp/subway-on-time-performance-v1/2025-06-04-subway-on-time-performance-v1.parquet
1095105,2026-01-09 19:48:56+00:00,2025-06-05,https://performancedata.mbta.com/lamp/subway-on-time-performance-v1/2025-06-05-subway-on-time-performance-v1.parquet
1110592,2026-01-09 22:41:33+00:00,2025-06-06,https://performancedata.mbta.com/lamp/subway-on-time-performance-v1/2025-06-06-subway-on-time-performance-v1.parquet
860639,2026-01-09 22:57:41+00:00,2025-06-07,https://performancedata.mbta.com/lamp/subway-on-time-performance-v1/2025-06-07-subway-on-time-performance-v1.parquet
806396,2026-01-09 21:24:25+00:00,2025-06-08,https://performancedata.mbta.com/lamp/subway-on-time-performance-v1/2025-06-08-subway-on-time-performance-v1.parquet
1426480,2026-01-09 20:01:41+00:00,2025-06-09,https://performancedata.mbta.com/lamp/subway-on-time-performance-v1/2025-06-09-subway-on-time-performance-v1.parquet
1431187,2026-01-09 21:33:25+00:00,2025-06-10,https://performancedata.mbta.com/lamp/subway-on-time-performance-v1/2025-06-10-subway-on-time-performance-v1.parquet
1444121,2026-01-09 20:23:58+00:00,2025-06-11,https://performancedata.mbta.com/lamp/subway-on-time-performance-v1/2025-06-11-subway-on-time-performance-v1.parquet
1443162,2026-01-09 23:13:53+00:00,2025-06-12,https://performancedata.mbta.com/lamp/subway-on-time-performance-v1/2025-06-12-subway-on-time-performance-v1.parquet
1468348,2026-01-09 20:29:45+00:00,2025-06-13,https://performancedata.mbta.com/lamp/subway-on-time-performance-v1/2025-06-13-subway-on-time-performance-v1.parquet
1222256,2026-01-09 21:41:03+00:00,2025-06-14,https://performancedata.mbta.com/lamp/subway-on-time-performance-v1/2025-06-14-subway-on-time-performance-v1.parquet
1102527,2026-01-09 20:28:22+00:00,2025-06-15,https://performancedata.mbta.com/lamp/subway-on-time-performance-v1/2025-06-15-subway-on-time-performance-v1.parquet
1475176,2026-01-09 19:39:24+00:00,2025-06-16,https://performancedata.mbta.com/lamp/subway-on-time-performance-v1/2025-06-16-subway-on-time-performance-v1.parquet
1550981,2026-01-09 19:56:27+00:00,2025-06-17,https://performancedata.mbta.com/lamp/subway-on-time-performance-v1/2025-06-17-subway-on-time-performance-v1.parquet
1563467,2026-01-09 19:59:06+00:00,2025-06-18,https://performancedata.mbta.com/lamp/subway-on-time-performance-v1/2025-06-18-subway-on-time-performance-v1.parquet
1541177,2026-01-09 20:15:31+00:00,2025-06-19,https://performancedata.mbta.com/lamp/subway-on-time-performance-v1/2025-06-19-subway-on-time-performance-v1.parquet
1538193,2026-01-09 22:47:14+00:00,2025-06-20,https://performancedata.mbta.com/lamp/subway-on-time-performance-v1/2025-06-20-subway-on-time-performance-v1.parquet
1141355,2026-01-09 20:05:59+00:00,2025-06-21,https://performancedata.mbta.com/lamp/subway-on-time-performance-v1/2025-06-21-subway-on-time-performance-v1.parquet
1099304,2026-01-09 22:38:36+00:00,2025-06-22,https://performancedata.mbta.com/lamp/subway-on-time-performance-v1/2025-06-22-subway-on-time-performance-v1.parquet
1286689,2026-01-09 20:16:30+00:00,2025-06-23,https://performancedata.mbta.com/lamp/subway-on-time-performance-v1/2025-06-23-subway-on-time-performance-v1.parquet
1333266,2026-01-09 20:16:58+00:00,2025-06-24,https://performancedata.mbta.com/lamp/subway-on-time-performance-v1/2025-06-24-subway-on-time-performance-v1.parquet
1408115,2026-01-09 22:47:58+00:00,2025-06-25,https://performancedata.mbta.com/lamp/subway-on-time-performance-v1/2025-06-25-subway-on-time-performance-v1.parquet
1476272,2026-01-09 22:56:43+00:00,2025-06-26,https://performancedata.mbta.com/lamp/subway-on-time-performance-v1/2025-06-26-subway-on-time-performance-v1.parquet
1476084,2026-01-09 21:51:39+00:00,2025-06-27,https://performancedata.mbta.com/lamp/subway-on-time-performance-v1/2025-06-27-subway-on-time-performance-v1.parquet
1154538,2026-01-09 20:29:03+00:00,2025-06-28,https://performancedata.mbta.com/lamp/subway-on-time-performance-v1/2025-06-28-subway-on-time-performance-v1.parquet
1070289,2026-01-09 21:42:34+00:00,2025-06-29,https://performancedata.mbta.com/lamp/subway-on-time-performance-v1/2025-06-29-subway-on-time-performance-v1.parquet
1598050,2026-01-09 21:08:48+00:00,2025-06-30,https://performancedata.mbta.com/lamp/subway-on-time-performance-v1/2025-06-30-subway-on-time-performance-v1.parquet
1515769,2026-01-09 22:40:11+00:00,2025-07-01,https://performancedata.mbta.com/lamp/subway-on-time-performance-v1/2025-07-01-subway-on-time-performance-v1.parquet
1519771,2026-01-09 20:09:32+00:00,2025-07-02,https://performancedata.mbta.com/lamp/subway-on-time-performance-v1/2025-07-02-subway-on-time-performance-v1.parquet
1507582,2026-01-09 22:56:50+00:00,2025-07-03,https://performancedata.mbta.com/lamp/subway-on-time-performance-v1/2025-07-03-subway-on-time-performance-v1.parquet
1389541,2026-01-09 20:13:29+00:00,2025-07-04,https://performancedata.mbta.com/lamp/subway-on-time-performance-v1/2025-07-04-subway-on-time-performance-v1.parquet
1244436,2026-01-09 22:53:07+00:00,2025-07-05,https://performancedata.mbta.com/lamp/subway-on-time-performance-v1/2025-07-05-subway-on-time-performance-v1.parquet
1161969,2026-01-09 22:12:53+00:00,2025-07-06,https://performancedata.mbta.com/lamp/subway-on-time-performance-v1/2025-07-06-subway-on-time-performance-v1.parquet
1458152,2026-01-09 21:10:30+00:00,2025-07-07,https://performancedata.mbta.com/lamp/subway-on-time-performance-v1/2025-07-07-subway-on-time-performance-v1.parquet
1534266,2026-01-09 23:18:48+00:00,2025-07-08,https://performancedata.mbta.com/lamp/subway-on-time-performance-v1/2025-07-08-subway-on-time-performance-v1.parquet
1606443,2026-01-09 20:55:22+00:00,2025-07-09,https://performancedata.mbta.com/lamp/subway-on-time-performance-v1/2025-07-09-subway-on-time-performance-v1.parquet
1513831,2026-01-09 20:41:55+00:00,2025-07-10,https://performancedata.mbta.com/lamp/subway-on-time-performance-v1/2025-07-10-subway-on-time-performance-v1.parquet
1438724,2026-01-09 20:08:08+00:00,2025-07-11,https://performancedata.mbta.com/lamp/subway-on-time-performance-v1/2025-07-11-subway-on-time-performance-v1.parquet
1183192,2026-01-09 21:55:19+00:00,2025-07-12,https://performancedata.mbta.com/lamp/subway-on-time-performance-v1/2025-07-12-subway-on-time-performance-v1.parquet
1095241,2026-01-09 22:59:59+00:00,2025-07-13,https://performancedata.mbta.com/lamp/subway-on-time-performance-v1/2025-07-13-subway-on-time-performance-v1.parquet
1570475,2026-01-09 22:36:37+00:00,2025-07-14,https://performancedata.mbta.com/lamp/subway-on-time-performance-v1/2025-07-14-subway-on-time-performance-v1.parquet
1511835,2026-01-09 19:54:41+00:00,2025-07-15,https://performancedata.mbta.com/lamp/subway-on-time-performance-v1/2025-07-15-subway-on-time-performance-v1.parquet
1529903,2026-01-09 21:52:00+00:00,2025-07-16,https://performancedata.mbta.com/lamp/subway-on-time-performance-v1/2025-07-16-subway-on-time-performance-v1.parquet
1503418,2026-01-09 21:06:48+00:00,2025-07-17,https://performancedata.mbta.com/lamp/subway-on-time-performance-v1/2025-07-17-subway-on-time-performance-v1.parquet
1444230,2026-01-09 20:12:52+00:00,2025-07-18,https://performancedata.mbta.com/lamp/subway-on-time-performance-v1/2025-07-18-subway-on-time-performance-v1.parquet
1173310,2026-01-09 20:45:27+00:00,2025-07-19,https://performancedata.mbta.com/lamp/subway-on-time-performance-v1/2025-07-19-subway-on-time-performance-v1.parquet
1107390,2026-01-09 23:33:03+00:00,2025-07-20,https://performancedata.mbta.com/lamp/subway-on-time-performance-v1/2025-07-20-subway-on-time-performance-v1.parquet
1548561,2026-01-09 20:29:19+00:00,2025-07-21,https://performancedata.mbta.com/lamp/subway-on-time-performance-v1/2025-07-21-subway-on-time-performance-v1.parquet
1551822,2026-01-09 21:16:50+00:00,2025-07-22,https://performancedata.mbta.com/lamp/subway-on-time-performance-v1/2025-07-22-subway-on-time-performance-v1.parquet
1570270,2026-01-09 22:51:55+00:00,2025-07-23,https://performancedata.mbta.com/lamp/subway-on-time-performance-v1/2025-07-23-subway-on-time-performance-v1.parquet
1547389,2026-01-09 22:34:07+00:00,2025-07-24,https://performancedata.mbta.com/lamp/subway-on-time-performance-v1/2025-07-24-subway-on-time-performance-v1.parquet
1543613,2026-01-09 22:41:04+00:00,2025-07-25,https://performancedata.mbta.com/lamp/subway-on-time-performance-v1/2025-07-25-subway-on-time-performance-v1.parquet
1168461,2026-01-09 22:06:35+00:00,2025-07-26,https://performancedata.mbta.com/lamp/subway-on-time-performance-v1/2025-07-26-subway-on-time-performance-v1.parquet
1094871,2026-01-09 20:58:35+00:00,2025-07-27,https://performancedata.mbta.com/lamp/subway-on-time-performance-v1/2025-07-27-subway-on-time-performance-v1.parquet
1496121,2026-01-09 23:34:43+00:00,2025-07-28,https://performancedata.mbta.com/lamp/subway-on-time-performance-v1/2025-07-28-subway-on-time-performance-v1.parquet
1526065,2026-01-09 22:48:51+00:00,2025-07-29,https://performancedata.mbta.com/lamp/subway-on-time-performance-v1/2025-07-29-subway-on-time-performance-v1.parquet
3066,2026-01-09 20:01:05+00:00,2025-07-30,https://performancedata.mbta.com/lamp/subway-on-time-performance-v1/2025-07-30-subway-on-time-performance-v1.parquet
3066,2026-01-09 23:00:40+00:00,2025-07-31,https://performancedata.mbta.com/lamp/subway-on-time-performance-v1/2025-07-31-subway-on-time-performance-v1.parquet
1548439,2026-01-09 21:27:10+00:00,2025-08-01,https://performancedata.mbta.com/lamp/subway-on-time-performance-v1/2025-08-01-subway-on-time-performance-v1.parquet
1180229,2026-01-09 22:35:46+00:00,2025-08-02,https://performancedata.mbta.com/lamp/subway-on-time-performance-v1/2025-08-02-subway-on-time-performance-v1.parquet
1120990,2026-01-09 22:38:46+00:00,2025-08-03,https://performancedata.mbta.com/lamp/subway-on-time-performance-v1/2025-08-03-subway-on-time-performance-v1.parquet
1607781,2026-01-09 20:17:14+00:00,2025-08-04,https://performancedata.mbta.com/lamp/subway-on-time-performance-v1/2025-08-04-subway-on-time-performance-v1.parquet
1562418,2026-01-09 20:48:49+00:00,2025-08-05,https://performancedata.mbta.com/lamp/subway-on-time-performance-v1/2025-08-05-subway-on-time-performance-v1.parquet
1585873,2026-01-09 22:51:16+00:00,2025-08-06,https://performancedata.mbta.com/lamp/subway-on-time-performance-v1/2025-08-06-subway-on-time-performance-v1.parquet
1588944,2026-01-09 20:01:14+00:00,2025-08-07,https://performancedata.mbta.com/lamp/subway-on-time-performance-v1/2025-08-07-subway-on-time-performance-v1.parquet
1572222,2026-01-09 20:26:45+00:00,2025-08-08,https://performancedata.mbta.com/lamp/subway-on-time-performance-v1/2025-08-08-subway-on-time-performance-v1.parquet
1067345,2026-01-09 21:55:09+00:00,2025-08-09,https://performancedata.mbta.com/lamp/subway-on-time-performance-v1/2025-08-09-subway-on-time-performance-v1.parquet
1038076,2026-01-09 20:39:22+00:00,2025-08-10,https://performancedata.mbta.com/lamp/subway-on-time-performance-v1/2025-08-10-subway-on-time-performance-v1.parquet
1478698,2026-01-09 21:00:36+00:00,2025-08-11,https://performancedata.mbta.com/lamp/subway-on-time-performance-v1/2025-08-11-subway-on-time-performance-v1.parquet
1465730,2026-01-09 23:20:55+00:00,2025-08-12,https://performancedata.mbta.com/lamp/subway-on-time-performance-v1/2025-08-12-subway-on-time-performance-v1.parquet
1510739,2026-01-09 20:38:08+00:00,2025-08-13,https://performancedata.mbta.com/lamp/subway-on-time-performance-v1/2025-08-13-subway-on-time-performance-v1.parquet
1518265,2026-01-09 19:43:27+00:00,2025-08-14,https://performancedata.mbta.com/lamp/subway-on-time-performance-v1/2025-08-14-subway-on-time-performance-v1.parquet
1495605,2026-01-09 22:51:29+00:00,2025-08-15,https://performancedata.mbta.com/lamp/subway-on-time-performance-v1/2025-08-15-subway-on-time-performance-v1.parquet
1157770,2026-01-09 21:52:30+00:00,2025-08-16,https://performancedata.mbta.com/lamp/subway-on-time-performance-v1/2025-08-16-subway-on-time-performance-v1.parquet
1157551,2026-01-09 22:40:18+00:00,2025-08-17,https://performancedata.mbta.com/lamp/subway-on-time-performance-v1/2025-08-17-subway-on-time-performance-v1.parquet
1576059,2026-01-09 22:26:23+00:00,2025-08-18,https://performancedata.mbta.com/lamp/subway-on-time-performance-v1/2025-08-18-subway-on-time-performance-v1.parquet
1625413,2026-01-09 20:42:55+00:00,2025-08-19,https://performancedata.mbta.com/lamp/subway-on-time-performance-v1/2025-08-19-subway-on-time-performance-v1.parquet
1559989,2026-01-09 22:37:14+00:00,2025-08-20,https://performancedata.mbta.com/lamp/subway-on-time-performance-v1/2025-08-20-subway-on-time-performance-v1.parquet
1554496,2026-01-09 23:31:41+00:00,2025-08-21,https://performancedata.mbta.com/lamp/subway-on-time-performance-v1/2025-08-21-subway-on-time-performance-v1.parquet
1574031,2026-01-09 21:31:00+00:00,2025-08-22,https://performancedata.mbta.com/lamp/subway-on-time-performance-v1/2025-08-22-subway-on-time-performance-v1.parquet
1156516,2026-01-09 20:40:36+00:00,2025-08-23,https://performancedata.mbta.com/lamp/subway-on-time-performance-v1/2025-08-23-subway-on-time-performance-v1.parquet
1107344,2026-01-09 21:48:19+00:00,2025-08-24,https://performancedata.mbta.com/lamp/subway-on-time-performance-v1/2025-08-24-subway-on-time-performance-v1.parquet
1638429,2026-01-09 21:59:53+00:00,2025-08-25,https://performancedata.mbta.com/lamp/subway-on-time-performance-v1/2025-08-25-subway-on-time-performance-v1.parquet
1666911,2026-01-09 21:52:52+00:00,2025-08-26,https://performancedata.mbta.com/lamp/subway-on-time-performance-v1/2025-08-26-subway-on-time-performance-v1.parquet
3066,2026-01-09 23:36:24+00:00,2025-08-27,https://performancedata.mbta.com/lamp/subway-on-time-performance-v1/2025-08-27-subway-on-time-performance-v1.parquet
1549515,2026-01-09 21:42:11+00:00,2025-08-28,https://performancedata.mbta.com/lamp/subway-on-time-performance-v1/2025-08-28-subway-on-time-performance-v1.parquet
1647521,2026-01-09 20:47:32+00:00,2025-08-29,https://performancedata.mbta.com/lamp/subway-on-time-performance-v1/2025-08-29-subway-on-time-performance-v1.parquet
1321166,2026-01-09 20:12:45+00:00,2025-08-30,https://performancedata.mbta.com/lamp/subway-on-time-performance-v1/2025-08-30-subway-on-time-performance-v1.parquet
1196533,2026-01-09 19:39:32+00:00,2025-08-31,https://performancedata.mbta.com/lamp/subway-on-time-performance-v1/2025-08-31-subway-on-time-performance-v1.parquet
1188666,2026-01-09 19:40:35+00:00,2025-09-01,https://performancedata.mbta.com/lamp/subway-on-time-performance-v1/2025-09-01-subway-on-time-performance-v1.parquet
1595939,2026-01-09 23:19:03+00:00,2025-09-02,https://performancedata.mbta.com/lamp/subway-on-time-performance-v1/2025-09-02-subway-on-time-performance-v1.parquet
1462772,2026-01-09 21:15:12+00:00,2025-09-03,https://performancedata.mbta.com/lamp/subway-on-time-performance-v1/2025-09-03-subway-on-time-performance-v1.parquet
1421917,2026-01-09 21:47:29+00:00,2025-09-04,https://performancedata.mbta.com/lamp/subway-on-time-performance-v1/2025-09-04-subway-on-time-performance-v1.parquet
1542901,2026-01-09 23:37:12+00:00,2025-09-05,https://performancedata.mbta.com/lamp/subway-on-time-performance-v1/2025-09-05-subway-on-time-performance-v1.parquet
1202768,2026-01-09 23:35:38+00:00,2025-09-06,https://performancedata.mbta.com/lamp/subway-on-time-performance-v1/2025-09-06-subway-on-time-performance-v1.parquet
1100863,2026-01-09 21:54:19+00:00,2025-09-07,https://performancedata.mbta.com/lamp/subway-on-time-performance-v1/2025-09-07-subway-on-time-performance-v1.parquet
1506421,2026-01-09 20:19:00+00:00,2025-09-08,https://performancedata.mbta.com/lamp/subway-on-time-performance-v1/2025-09-08-subway-on-time-performance-v1.parquet
1456381,2026-01-09 19:41:34+00:00,2025-09-09,https://performancedata.mbta.com/lamp/subway-on-time-performance-v1/2025-09-09-subway-on-time-performance-v1.parquet
1511764,2026-01-09 21:35:53+00:00,2025-09-10,https://performancedata.mbta.com/lamp/subway-on-time-performance-v1/2025-09-10-subway-on-time-performance-v1.parquet
3066,2026-01-09 21:56:39+00:00,2025-09-11,https://performancedata.mbta.com/lamp/subway-on-time-performance-v1/2025-09-11-subway-on-time-performance-v1.parquet
1643281,2026-01-09 20:00:42+00:00,2025-09-12,https://performancedata.mbta.com/lamp/subway-on-time-performance-v1/2025-09-12-subway-on-time-performance-v1.parquet
1180796,2026-01-09 20:24:30+00:00,2025-09-13,https://performancedata.mbta.com/lamp/subway-on-time-performance-v1/2025-09-13-subway-on-time-performance-v1.parquet
1084338,2026-01-09 22:54:16+00:00,2025-09-14,https://performancedata.mbta.com/lamp/subway-on-time-performance-v1/2025-09-14-subway-on-time-performance-v1.parquet
3066,2026-01-09 23:14:06+00:00,2025-09-15,https://performancedata.mbta.com/lamp/subway-on-time-performance-v1/2025-09-15-subway-on-time-performance-v1.parquet
1631200,2026-01-09 21:46:27+00:00,2025-09-16,https://performancedata.mbta.com/lamp/subway-on-time-performance-v1/2025-09-16-subway-on-time-performance-v1.parquet
1612191,2026-01-09 20:29:55+00:00,2025-09-17,https://performancedata.mbta.com/lamp/subway-on-time-performance-v1/2025-09-17-subway-on-time-performance-v1.parquet
1616184,2026-01-09 22:52:49+00:00,2025-09-18,https://performancedata.mbta.com/lamp/subway-on-time-performance-v1/2025-09-18-subway-on-time-performance-v1.parquet
1580376,2026-01-09 22:31:41+00:00,2025-09-19,https://performancedata.mbta.com/lamp/subway-on-time-performance-v1/2025-09-19-subway-on-time-performance-v1.parquet
1203666,2026-01-09 22:44:41+00:00,2025-09-20,https://performancedata.mbta.com/lamp/subway-on-time-performance-v1/2025-09-20-subway-on-time-performance-v1.parquet
1128501,2026-01-09 22:31:30+00:00,2025-09-21,https://performancedata.mbta.com/lamp/subway-on-time-performance-v1/2025-09-21-subway-on-time-performance-v1.parquet
1588785,2026-01-09 22:29:42+00:00,2025-09-22,https://performancedata.mbta.com/lamp/subway-on-time-performance-v1/2025-09-22-subway-on-time-performance-v1.parquet
1544150,2026-01-09 20:40:53+00:00,2025-09-23,https://performancedata.mbta.com/lamp/subway-on-time-performance-v1/2025-09-23-subway-on-time-performance-v1.parquet
1620620,2026-01-09 20:08:39+00:00,2025-09-24,https://performancedata.mbta.com/lamp/subway-on-time-performance-v1/2025-09-24-subway-on-time-performance-v1.parquet
1572631,2026-01-09 19:52:30+00:00,2025-09-25,https://performancedata.mbta.com/lamp/subway-on-time-performance-v1/2025-09-25-subway-on-time-performance-v1.parquet
1583246,2026-01-09 23:01:16+00:00,2025-09-26,https://performancedata.mbta.com/lamp/subway-on-time-performance-v1/2025-09-26-subway-on-time-performance-v1.parquet
1158497,2026-01-09 23:14:44+00:00,2025-09-27,https://performancedata.mbta.com/lamp/subway-on-time-performance-v1/2025-09-27-subway-on-time-performance-v1.parquet
1074362,2026-01-09 19:49:44+00:00,2025-09-28,https://performancedata.mbta.com/lamp/subway-on-time-performance-v1/2025-09-28-subway-on-time-performance-v1.parquet
1551198,2026-01-09 23:20:19+00:00,2025-09-29,https://performancedata.mbta.com/lamp/subway-on-time-performance-v1/2025-09-29-subway-on-time-performance-v1.parquet
1397567,2026-01-09 23:21:58+00:00,2025-09-30,https://performancedata.mbta.com/lamp/subway-on-time-performance-v1/2025-09-30-subway-on-time-performance-v1.parquet
1604328,2026-01-09 23:20:27+00:00,2025-10-01,https://performancedata.mbta.com/lamp/subway-on-time-performance-v1/2025-10-01-subway-on-time-performance-v1.parquet
1544806,2026-01-09 23:16:26+00:00,2025-10-02,https://performancedata.mbta.com/lamp/subway-on-time-performance-v1/2025-10-02-subway-on-time-performance-v1.parquet
1566410,2026-01-09 21:33:58+00:00,2025-10-03,https://performancedata.mbta.com/lamp/subway-on-time-performance-v1/2025-10-03-subway-on-time-performance-v1.parquet
1152534,2026-01-09 20:13:42+00:00,2025-10-04,https://performancedata.mbta.com/lamp/subway-on-time-performance-v1/2025-10-04-subway-on-time-performance-v1.parquet
1084178,2026-01-09 22:42:39+00:00,2025-10-05,https://performancedata.mbta.com/lamp/subway-on-time-performance-v1/2025-10-05-subway-on-time-performance-v1.parquet
1583530,2026-01-09 22:52:23+00:00,2025-10-06,https://performancedata.mbta.com/lamp/subway-on-time-performance-v1/2025-10-06-subway-on-time-performance-v1.parquet
1602507,2026-01-09 23:23:38+00:00,2025-10-07,https://performancedata.mbta.com/lamp/subway-on-time-performance-v1/2025-10-07-subway-on-time-performance-v1.parquet
1616479,2026-01-09 21:41:28+00:00,2025-10-08,https://performancedata.mbta.com/lamp/subway-on-time-performance-v1/2025-10-08-subway-on-time-performance-v1.parquet
1587037,2026-01-09 23:08:40+00:00,2025-10-09,https://performancedata.mbta.com/lamp/subway-on-time-performance-v1/2025-10-09-subway-on-time-performance-v1.parquet
1642214,2026-01-09 19:40:42+00:00,2025-10-10,https://performancedata.mbta.com/lamp/subway-on-time-performance-v1/2025-10-10-subway-on-time-performance-v1.parquet
1158233,2026-01-09 22:54:33+00:00,2025-10-11,https://performancedata.mbta.com/lamp/subway-on-time-performance-v1/2025-10-11-subway-on-time-performance-v1.parquet
1101118,2026-01-09 21:08:22+00:00,2025-10-12,https://performancedata.mbta.com/lamp/subway-on-time-performance-v1/2025-10-12-subway-on-time-performance-v1.parquet
1130380,2026-01-09 23:32:30+00:00,2025-10-13,https://performancedata.mbta.com/lamp/subway-on-time-performance-v1/2025-10-13-subway-on-time-performance-v1.parquet
1611792,2026-01-09 22:54:05+00:00,2025-10-14,https://performancedata.mbta.com/lamp/subway-on-time-performance-v1/2025-10-14-subway-on-time-performance-v1.parquet
1585996,2026-01-09 22:16:33+00:00,2025-10-15,https://performancedata.mbta.com/lamp/subway-on-time-performance-v1/2025-10-15-subway-on-time-performance-v1.parquet
1574424,2026-01-09 22:20:22+00:00,2025-10-16,https://performancedata.mbta.com/lamp/subway-on-time-performance-v1/2025-10-16-subway-on-time-performance-v1.parquet
1639009,2026-01-09 20:13:59+00:00,2025-10-17,https://performancedata.mbta.com/lamp/subway-on-time-performance-v1/2025-10-17-subway-on-time-performance-v1.parquet
1298279,2026-01-09 20:25:42+00:00,2025-10-18,https://performancedata.mbta.com/lamp/subway-on-time-performance-v1/2025-10-18-subway-on-time-performance-v1.parquet
1198028,2026-01-09 21:47:18+00:00,2025-10-19,https://performancedata.mbta.com/lamp/subway-on-time-performance-v1/2025-10-19-subway-on-time-performance-v1.parquet
1583991,2026-01-09 22:08:49+00:00,2025-10-20,https://performancedata.mbta.com/lamp/subway-on-time-performance-v1/2025-10-20-subway-on-time-performance-v1.parquet
1636893,2026-01-09 21:51:52+00:00,2025-10-21,https://performancedata.mbta.com/lamp/subway-on-time-performance-v1/2025-10-21-subway-on-time-performance-v1.parquet
1588841,2026-01-09 20:25:56+00:00,2025-10-22,https://performancedata.mbta.com/lamp/subway-on-time-performance-v1/2025-10-22-subway-on-time-performance-v1.parquet
1576335,2026-01-09 21:15:30+00:00,2025-10-23,https://performancedata.mbta.com/lamp/subway-on-time-performance-v1/2025-10-23-subway-on-time-performance-v1.parquet
1574068,2026-01-09 20:52:19+00:00,2025-10-24,https://performancedata.mbta.com/lamp/subway-on-time-performance-v1/2025-10-24-subway-on-time-performance-v1.parquet
1163942,2026-01-09 22:22:18+00:00,2025-10-25,https://performancedata.mbta.com/lamp/subway-on-time-performance-v1/2025-10-25-subway-on-time-performance-v1.parquet
1084512,2026-01-09 21:32:28+00:00,2025-10-26,https://performancedata.mbta.com/lamp/subway-on-time-performance-v1/2025-10-26-subway-on-time-performance-v1.parquet
1452995,2026-01-09 23:21:45+00:00,2025-10-27,https://performancedata.mbta.com/lamp/subway-on-time-performance-v1/2025-10-27-subway-on-time-performance-v1.parquet
1474281,2026-01-09 20:49:35+00:00,2025-10-28,https://performancedata.mbta.com/lamp/subway-on-time-performance-v1/2025-10-28-subway-on-time-performance-v1.parquet
1397544,2026-01-09 21:45:31+00:00,2025-10-29,https://performancedata.mbta.com/lamp/subway-on-time-performance-v1/2025-10-29-subway-on-time-performance-v1.parquet
1447551,2026-01-09 23:21:34+00:00,2025-10-30,https://performancedata.mbta.com/lamp/subway-on-time-performance-v1/2025-10-30-subway-on-time-performance-v1.parquet
1509614,2026-01-09 23:33:27+00:00,2025-10-31,https://performancedata.mbta.com/lamp/subway-on-time-performance-v1/2025-10-31-subway-on-time-performance-v1.parquet
1132797,2026-01-09 23:38:22+00:00,2025-11-01,https://performancedata.mbta.com/lamp/subway-on-time-performance-v1/2025-11-01-subway-on-time-performance-v1.parquet
1045209,2026-01-09 22:24:45+00:00,2025-11-02,https://performancedata.mbta.com/lamp/subway-on-time-performance-v1/2025-11-02-subway-on-time-performance-v1.parquet
1604160,2026-01-09 23:36:23+00:00,2025-11-03,https://performancedata.mbta.com/lamp/subway-on-time-performance-v1/2025-11-03-subway-on-time-performance-v1.parquet
1526320,2026-01-09 21:34:59+00:00,2025-11-04,https://performancedata.mbta.com/lamp/subway-on-time-performance-v1/2025-11-04-subway-on-time-performance-v1.parquet
1314014,2026-01-09 22:07:54+00:00,2025-11-05,https://performancedata.mbta.com/lamp/subway-on-time-performance-v1/2025-11-05-subway-on-time-performance-v1.parquet
1310827,2026-01-09 22:19:24+00:00,2025-11-06,https://performancedata.mbta.com/lamp/subway-on-time-performance-v1/2025-11-06-subway-on-time-performance-v1.parquet
1323854,2026-01-09 22:56:07+00:00,2025-11-07,https://performancedata.mbta.com/lamp/subway-on-time-performance-v1/2025-11-07-subway-on-time-performance-v1.parquet
1055126,2026-01-09 21:44:53+00:00,2025-11-08,https://performancedata.mbta.com/lamp/subway-on-time-performance-v1/2025-11-08-subway-on-time-performance-v1.parquet
902115,2026-01-09 21:14:47+00:00,2025-11-09,https://performancedata.mbta.com/lamp/subway-on-time-performance-v1/2025-11-09-subway-on-time-performance-v1.parquet
1309463,2026-01-09 22:30:13+00:00,2025-11-10,https://performancedata.mbta.com/lamp/subway-on-time-performance-v1/2025-11-10-subway-on-time-performance-v1.parquet
1324956,2026-01-09 20:50:45+00:00,2025-11-11,https://performancedata.mbta.com/lamp/subway-on-time-performance-v1/2025-11-11-subway-on-time-performance-v1.parquet
1307612,2026-01-09 20:50:02+00:00,2025-11-12,https://performancedata.mbta.com/lamp/subway-on-time-performance-v1/2025-11-12-subway-on-time-performance-v1.parquet
1301132,2026-01-09 23:31:17+00:00,2025-11-13,https://performancedata.mbta.com/lamp/subway-on-time-performance-v1/2025-11-13-subway-on-time-performance-v1.parquet
1546696,2026-01-09 19:45:29+00:00,2025-11-14,https://performancedata.mbta.com/lamp/subway-on-time-performance-v1/2025-11-14-subway-on-time-performance-v1.parquet
1194148,2026-01-09 23:21:51+00:00,2025-11-15,https://performancedata.mbta.com/lamp/subway-on-time-performance-v1/2025-11-15-subway-on-time-performance-v1.parquet
1110870,2026-01-09 22:26:05+00:00,2025-11-16,https://performancedata.mbta.com/lamp/subway-on-time-performance-v1/2025-11-16-subway-on-time-performance-v1.parquet
1561163,2026-01-09 21:10:39+00:00,2025-11-17,https://performancedata.mbta.com/lamp/subway-on-time-performance-v1/2025-11-17-subway-on-time-performance-v1.parquet
1572905,2026-01-09 19:59:17+00:00,2025-11-18,https://performancedata.mbta.com/lamp/subway-on-time-performance-v1/2025-11-18-subway-on-time-performance-v1.parquet
1599514,2026-01-09 21:49:23+00:00,2025-11-19,https://performancedata.mbta.com/lamp/subway-on-time-performance-v1/2025-11-19-subway-on-time-performance-v1.parquet
1578493,2026-01-09 21:02:02+00:00,2025-11-20,https://performancedata.mbta.com/lamp/subway-on-time-performance-v1/2025-11-20-subway-on-time-performance-v1.parquet
1638992,2026-01-09 23:18:03+00:00,2025-11-21,https://performancedata.mbta.com/lamp/subway-on-time-performance-v1/2025-11-21-subway-on-time-performance-v1.parquet
1278032,2026-01-09 20:57:17+00:00,2025-11-22,https://performancedata.mbta.com/lamp/subway-on-time-performance-v1/2025-11-22-subway-on-time-performance-v1.parquet
1198746,2026-01-09 20:09:47+00:00,2025-11-23,https://performancedata.mbta.com/lamp/subway-on-time-performance-v1/2025-11-23-subway-on-time-performance-v1.parquet
1539951,2026-01-09 21:36:37+00:00,2025-11-24,https://performancedata.mbta.com/lamp/subway-on-time-performance-v1/2025-11-24-subway-on-time-performance-v1.parquet
1615927,2026-01-09 21:11:05+00:00,2025-11-25,https://performancedata.mbta.com/lamp/subway-on-time-performance-v1/2025-11-25-subway-on-time-performance-v1.parquet
3066,2026-01-09 22:24:33+00:00,2025-11-26,https://performancedata.mbta.com/lamp/subway-on-time-performance-v1/2025-11-26-subway-on-time-performance-v1.parquet
3066,2026-01-09 21:09:35+00:00,2025-11-27,https://performancedata.mbta.com/lamp/subway-on-time-performance-v1/2025-11-27-subway-on-time-performance-v1.parquet
1655436,2026-01-09 19:53:40+00:00,2025-11-28,https://performancedata.mbta.com/lamp/subway-on-time-performance-v1/2025-11-28-subway-on-time-performance-v1.parquet
1294725,2026-01-09 23:09:56+00:00,2025-11-29,https://performancedata.mbta.com/lamp/subway-on-time-performance-v1/2025-11-29-subway-on-time-performance-v1.parquet
1178652,2026-01-09 21:07:41+00:00,2025-11-30,https://performancedata.mbta.com/lamp/subway-on-time-performance-v1/2025-11-30-subway-on-time-performance-v1.parquet
1549007,2026-01-09 20:56:38+00:00,2025-12-01,https://performancedata.mbta.com/lamp/subway-on-time-performance-v1/2025-12-01-subway-on-time-performance-v1.parquet
1556581,2026-01-09 19:59:58+00:00,2025-12-02,https://performancedata.mbta.com/lamp/subway-on-time-performance-v1/2025-12-02-subway-on-time-performance-v1.parquet
1558506,2026-01-09 23:23:26+00:00,2025-12-03,https://performancedata.mbta.com/lamp/subway-on-time-performance-v1/2025-12-03-subway-on-time-performance-v1.parquet
3066,2026-01-09 23:28:57+00:00,2025-12-04,https://performancedata.mbta.com/lamp/subway-on-time-performance-v1/2025-12-04-subway-on-time-performance-v1.parquet
1379688,2026-01-09 22:53:58+00:00,2025-12-05,https://performancedata.mbta.com/lamp/subway-on-time-performance-v1/2025-12-05-subway-on-time-performance-v1.parquet
1203251,2026-01-09 21:36:22+00:00,2025-12-06,https://performancedata.mbta.com/lamp/subway-on-time-performance-v1/2025-12-06-subway-on-time-performance-v1.parquet
1174189,2026-01-09 21:48:55+00:00,2025-12-07,https://performancedata.mbta.com/lamp/subway-on-time-performance-v1/2025-12-07-subway-on-time-performance-v1.parquet
1174632,2026-01-09 20:07:07+00:00,2025-12-08,https://performancedata.mbta.com/lamp/subway-on-time-performance-v1/2025-12-08-subway-on-time-performance-v1.parquet
1103266,2026-01-09 20:24:38+00:00,2025-12-09,https://performancedata.mbta.com/lamp/subway-on-time-performance-v1/2025-12-09-subway-on-time-performance-v1.parquet
3066,2026-01-09 20:29:32+00:00,2025-12-10,https://performancedata.mbta.com/lamp/subway-on-time-performance-v1/2025-12-10-subway-on-time-performance-v1.parquet
1151861,2026-01-09 21:56:25+00:00,2025-12-11,https://performancedata.mbta.com/lamp/subway-on-time-performance-v1/2025-12-11-subway-on-time-performance-v1.parquet
3066,2026-01-09 21:37:23+00:00,2025-12-12,https://performancedata.mbta.com/lamp/subway-on-time-performance-v1/2025-12-12-subway-on-time-performance-v1.parquet
958395,2026-01-09 23:15:45+00:00,2025-12-13,https://performancedata.mbta.com/lamp/subway-on-time-performance-v1/2025-12-13-subway-on-time-performance-v1.parquet
883753,2026-01-09 21:05:15+00:00,2025-12-14,https://performancedata.mbta.com/lamp/subway-on-time-performance-v1/2025-12-14-subway-on-time-performance-v1.parquet
1127119,2026-01-09 22:50:33+00:00,2025-12-15,https://performancedata.mbta.com/lamp/subway-on-time-performance-v1/2025-12-15-subway-on-time-performance-v1.parquet
1119438,2026-01-09 23:05:12+00:00,2025-12-16,https://performancedata.mbta.com/lamp/subway-on-time-performance-v1/2025-12-16-subway-on-time-performance-v1.parquet
1129245,2026-01-09 23:27:05+00:00,2025-12-17,https://performancedata.mbta.com/lamp/subway-on-time-performance-v1/2025-12-17-subway-on-time-performance-v1.parquet
1117083,2026-01-09 22:28:03+00:00,2025-12-18,https://performancedata.mbta.com/lamp/subway-on-time-performance-v1/2025-12-18-subway-on-time-performance-v1.parquet
1124973,2026-01-09 19:58:11+00:00,2025-12-19,https://performancedata.mbta.com/lamp/subway-on-time-performance-v1/2025-12-19-subway-on-time-performance-v1.parquet
960476,2026-01-09 23:25:08+00:00,2025-12-20,https://performancedata.mbta.com/lamp/subway-on-time-performance-v1/2025-12-20-subway-on-time-performance-v1.parquet
878920,2026-01-09 23:11:33+00:00,2025-12-21,https://performancedata.mbta.com/lamp/subway-on-time-performance-v1/2025-12-21-subway-on-time-performance-v1.parquet
1165703,2026-01-09 23:26:46+00:00,2025-12-22,https://performancedata.mbta.com/lamp/subway-on-time-performance-v1/2025-12-22-subway-on-time-performance-v1.parquet
1565145,2026-01-09 22:30:57+00:00,2025-12-23,https://performancedata.mbta.com/lamp/subway-on-time-performance-v1/2025-12-23-subway-on-time-performance-v1.parquet
1602463,2026-01-09 23:08:17+00:00,2025-12-24,https://performancedata.mbta.com/lamp/subway-on-time-performance-v1/2025-12-24-subway-on-time-performance-v1.parquet
1163597,2026-01-09 22:56:17+00:00,2025-12-25,https://performancedata.mbta.com/lamp/subway-on-time-performance-v1/2025-12-25-subway-on-time-performance-v1.parquet
1576313,2026-01-09 22:26:49+00:00,2025-12-26,https://performancedata.mbta.com/lamp/subway-on-time-performance-v1/2025-12-26-subway-on-time-performance-v1.parquet
1236919,2026-01-09 20:56:58+00:00,2025-12-27,https://performancedata.mbta.com/lamp/subway-on-time-performance-v1/2025-12-27-subway-on-time-performance-v1.parquet
1144510,2026-01-09 21:45:36+00:00,2025-12-28,https://performancedata.mbta.com/lamp/subway-on-time-performance-v1/2025-12-28-subway-on-time-performance-v1.parquet
1549267,2026-01-09 22:13:02+00:00,2025-12-29,https://performancedata.mbta.com/lamp/subway-on-time-performance-v1/2025-12-29-subway-on-time-performance-v1.parquet
1597575,2026-03-01 10:03:59+00:00,2025-12-30,https://performancedata.mbta.com/lamp/subway-on-time-performance-v1/2025-12-30-subway-on-time-performance-v1.parquet
1652035,2026-03-01 10:04:07+00:00,2025-12-31,https://performancedata.mbta.com/lamp/subway-on-time-performance-v1/2025-12-31-subway-on-time-performance-v1.parquet
1172732,2026-03-01 10:04:15+00:00,2026-01-01,https://performancedata.mbta.com/lamp/subway-on-time-performance-v1/2026-01-01-subway-on-time-performance-v1.parquet
1543566,2026-03-01 10:03:43+00:00,2026-01-02,https://performancedata.mbta.com/lamp/subway-on-time-performance-v1/2026-01-02-subway-on-time-performance-v1.parquet
1223826,2026-03-01 10:03:51+00:00,2026-01-03,https://performancedata.mbta.com/lamp/subway-on-time-performance-v1/2026-01-03-subway-on-time-performance-v1.parquet
1198479,2026-03-03 12:35:42+00:00,2026-01-04,https://performancedata.mbta.com/lamp/subway-on-time-performance-v1/2026-01-04-subway-on-time-performance-v1.parquet
1095994,2026-03-03 12:35:49+00:00,2026-01-05,https://performancedata.mbta.com/lamp/subway-on-time-performance-v1/2026-01-05-subway-on-time-performance-v1.parquet
1562581,2026-01-09 20:12:15+00:00,2026-01-06,https://performancedata.mbta.com/lamp/subway-on-time-performance-v1/2026-01-06-subway-on-time-performance-v1.parquet
1549798,2026-01-09 22:10:50+00:00,2026-01-07,https://performancedata.mbta.com/lamp/subway-on-time-performance-v1/2026-01-07-subway-on-time-performance-v1.parquet
1580224,2026-01-10 03:07:37+00:00,2026-01-08,https://performancedata.mbta.com/lamp/subway-on-time-performance-v1/2026-01-08-subway-on-time-performance-v1.parquet
1611034,2026-01-11 00:44:06+00:00,2026-01-09,https://performancedata.mbta.com/lamp/subway-on-time-performance-v1/2026-01-09-subway-on-time-performance-v1.parquet
1188989,2026-01-12 00:49:09+00:00,2026-01-10,https://performancedata.mbta.com/lamp/subway-on-time-performance-v1/2026-01-10-subway-on-time-performance-v1.parquet
1105096,2026-01-13 02:34:33+00:00,2026-01-11,https://performancedata.mbta.com/lamp/subway-on-time-performance-v1/2026-01-11-subway-on-time-performance-v1.parquet
1589461,2026-01-14 01:04:38+00:00,2026-01-12,https://performancedata.mbta.com/lamp/subway-on-time-performance-v1/2026-01-12-subway-on-time-performance-v1.parquet
1567808,2026-01-15 02:28:01+00:00,2026-01-13,https://performancedata.mbta.com/lamp/subway-on-time-performance-v1/2026-01-13-subway-on-time-performance-v1.parquet
1616702,2026-01-16 01:34:35+00:00,2026-01-14,https://performancedata.mbta.com/lamp/subway-on-time-performance-v1/2026-01-14-subway-on-time-performance-v1.parquet
1571849,2026-01-17 00:19:21+00:00,2026-01-15,https://performancedata.mbta.com/lamp/subway-on-time-performance-v1/2026-01-15-subway-on-time-performance-v1.parquet
1575351,2026-01-18 00:17:10+00:00,2026-01-16,https://performancedata.mbta.com/lamp/subway-on-time-performance-v1/2026-01-16-subway-on-time-performance-v1.parquet
1287201,2026-01-19 00:16:00+00:00,2026-01-17,https://performancedata.mbta.com/lamp/subway-on-time-performance-v1/2026-01-17-subway-on-time-performance-v1.parquet
1158920,2026-01-20 00:13:46+00:00,2026-01-18,https://performancedata.mbta.com/lamp/subway-on-time-performance-v1/2026-01-18-subway-on-time-performance-v1.parquet
1205783,2026-01-21 00:50:23+00:00,2026-01-19,https://performancedata.mbta.com/lamp/subway-on-time-performance-v1/2026-01-19-subway-on-time-performance-v1.parquet
1556340,2026-01-22 00:19:20+00:00,2026-01-20,https://performancedata.mbta.com/lamp/subway-on-time-performance-v1/2026-01-20-subway-on-time-performance-v1.parquet
1561868,2026-01-23 00:20:56+00:00,2026-01-21,https://performancedata.mbta.com/lamp/subway-on-time-performance-v1/2026-01-21-subway-on-time-performance-v1.parquet
1581850,2026-01-24 00:20:25+00:00,2026-01-22,https://performancedata.mbta.com/lamp/subway-on-time-performance-v1/2026-01-22-subway-on-time-performance-v1.parquet
1599349,2026-01-25 00:41:29+00:00,2026-01-23,https://performancedata.mbta.com/lamp/subway-on-time-performance-v1/2026-01-23-subway-on-time-performance-v1.parquet
1172325,2026-01-26 00:32:20+00:00,2026-01-24,https://performancedata.mbta.com/lamp/subway-on-time-performance-v1/2026-01-24-subway-on-time-performance-v1.parquet
904888,2026-01-27 02:58:20+00:00,2026-01-25,https://performancedata.mbta.com/lamp/subway-on-time-performance-v1/2026-01-25-subway-on-time-performance-v1.parquet
749299,2026-01-28 05:07:25+00:00,2026-01-26,https://performancedata.mbta.com/lamp/subway-on-time-performance-v1/2026-01-26-subway-on-time-performance-v1.parquet
1168248,2026-01-29 03:58:20+00:00,2026-01-27,https://performancedata.mbta.com/lamp/subway-on-time-performance-v1/2026-01-27-subway-on-time-performance-v1.parquet
1257958,2026-01-30 02:41:27+00:00,2026-01-28,https://performancedata.mbta.com/lamp/subway-on-time-performance-v1/2026-01-28-subway-on-time-performance-v1.parquet
1305117,2026-01-31 04:46:23+00:00,2026-01-29,https://performancedata.mbta.com/lamp/subway-on-time-performance-v1/2026-01-29-subway-on-time-performance-v1.parquet
1327642,2026-02-01 00:15:25+00:00,2026-01-30,https://performancedata.mbta.com/lamp/subway-on-time-performance-v1/2026-01-30-subway-on-time-performance-v1.parquet
1134205,2026-02-02 01:52:04+00:00,2026-01-31,https://performancedata.mbta.com/lamp/subway-on-time-performance-v1/2026-01-31-subway-on-time-performance-v1.parquet
1136544,2026-02-03 00:40:11+00:00,2026-02-01,https://performancedata.mbta.com/lamp/subway-on-time-performance-v1/2026-02-01-subway-on-time-performance-v1.parquet
1410368,2026-02-04 02:40:40+00:00,2026-02-02,https://performancedata.mbta.com/lamp/subway-on-time-performance-v1/2026-02-02-subway-on-time-performance-v1.parquet
1428767,2026-02-05 01:35:17+00:00,2026-02-03,https://performancedata.mbta.com/lamp/subway-on-time-performance-v1/2026-02-03-subway-on-time-performance-v1.parquet
1513658,2026-02-06 01:36:55+00:00,2026-02-04,https://performancedata.mbta.com/lamp/subway-on-time-performance-v1/2026-02-04-subway-on-time-performance-v1.parquet
1486930,2026-02-07 01:45:23+00:00,2026-02-05,https://performancedata.mbta.com/lamp/subway-on-time-performance-v1/2026-02-05-subway-on-time-performance-v1.parquet
1518268,2026-02-08 00:13:51+00:00,2026-02-06,https://performancedata.mbta.com/lamp/subway-on-time-performance-v1/2026-02-06-subway-on-time-performance-v1.parquet
1181339,2026-02-09 00:10:42+00:00,2026-02-07,https://performancedata.mbta.com/lamp/subway-on-time-performance-v1/2026-02-07-subway-on-time-performance-v1.parquet
1029893,2026-02-10 00:53:51+00:00,2026-02-08,https://performancedata.mbta.com/lamp/subway-on-time-performance-v1/2026-02-08-subway-on-time-performance-v1.parquet
1410783,2026-02-11 01:10:45+00:00,2026-02-09,https://performancedata.mbta.com/lamp/subway-on-time-performance-v1/2026-02-09-subway-on-time-performance-v1.parquet
1417869,2026-02-12 00:56:50+00:00,2026-02-10,https://performancedata.mbta.com/lamp/subway-on-time-performance-v1/2026-02-10-subway-on-time-performance-v1.parquet
1465945,2026-02-13 01:49:13+00:00,2026-02-11,https://performancedata.mbta.com/lamp/subway-on-time-performance-v1/2026-02-11-subway-on-time-performance-v1.parquet
1546343,2026-02-14 01:55:18+00:00,2026-02-12,https://performancedata.mbta.com/lamp/subway-on-time-performance-v1/2026-02-12-subway-on-time-performance-v1.parquet
1542674,2026-02-15 00:36:51+00:00,2026-02-13,https://performancedata.mbta.com/lamp/subway-on-time-performance-v1/2026-02-13-subway-on-time-performance-v1.parquet
1213593,2026-02-16 00:25:21+00:00,2026-02-14,https://performancedata.mbta.com/lamp/subway-on-time-performance-v1/2026-02-14-subway-on-time-performance-v1.parquet
1128275,2026-02-17 00:14:40+00:00,2026-02-15,https://performancedata.mbta.com/lamp/subway-on-time-performance-v1/2026-02-15-subway-on-time-performance-v1.parquet
1174149,2026-02-18 00:53:22+00:00,2026-02-16,https://performancedata.mbta.com/lamp/subway-on-time-performance-v1/2026-02-16-subway-on-time-performance-v1.parquet
1571848,2026-02-19 01:26:53+00:00,2026-02-17,https://performancedata.mbta.com/lamp/subway-on-time-performance-v1/2026-02-17-subway-on-time-performance-v1.parquet
1497023,2026-02-20 02:10:06+00:00,2026-02-18,https://performancedata.mbta.com/lamp/subway-on-time-performance-v1/2026-02-18-subway-on-time-performance-v1.parquet
1544750,2026-02-21 01:43:44+00:00,2026-02-19,https://performancedata.mbta.com/lamp/subway-on-time-performance-v1/2026-02-19-subway-on-time-performance-v1.parquet
1576628,2026-02-22 01:00:24+00:00,2026-02-20,https://performancedata.mbta.com/lamp/subway-on-time-performance-v1/2026-02-20-subway-on-time-performance-v1.parquet
1208450,2026-02-23 00:10:05+00:00,2026-02-21,https://performancedata.mbta.com/lamp/subway-on-time-performance-v1/2026-02-21-subway-on-time-performance-v1.parquet
1108358,2026-02-24 00:45:32+00:00,2026-02-22,https://performancedata.mbta.com/lamp/subway-on-time-performance-v1/2026-02-22-subway-on-time-performance-v1.parquet
739847,2026-02-25 00:23:22+00:00,2026-02-23,https://performancedata.mbta.com/lamp/subway-on-time-performance-v1/2026-02-23-subway-on-time-performance-v1.parquet
1186983,2026-02-26 02:30:37+00:00,2026-02-24,https://performancedata.mbta.com/lamp/subway-on-time-performance-v1/2026-02-24-subway-on-time-performance-v1.parquet
1388891,2026-02-27 00:13:58+00:00,2026-02-25,https://performancedata.mbta.com/lamp/subway-on-time-performance-v1/2026-02-25-subway-on-time-performance-v1.parquet
1532520,2026-02-28 00:50:49+00:00,2026-02-26,https://performancedata.mbta.com/lamp/subway-on-time-performance-v1/2026-02-26-subway-on-time-performance-v1.parquet
1553565,2026-03-01 00:13:13+00:00,2026-02-27,https://performancedata.mbta.com/lamp/subway-on-time-performance-v1/2026-02-27-subway-on-time-performance-v1.parquet
1176048,2026-03-02 01:06:56+00:00,2026-02-28,https://performancedata.mbta.com/lamp/subway-on-time-performance-v1/2026-02-28-subway-on-time-performance-v1.parquet
1114612,2026-03-03 00:24:08+00:00,2026-03-01,https://performancedata.mbta.com/lamp/subway-on-time-performance-v1/2026-03-01-subway-on-time-performance-v1.parquet
1301291,2026-03-04 00:50:06+00:00,2026-03-02,https://performancedata.mbta.com/lamp/subway-on-time-performance-v1/2026-03-02-subway-on-time-performance-v1.parquet
1400689,2026-03-05 00:57:20+00:00,2026-03-03,https://performancedata.mbta.com/lamp/subway-on-time-performance-v1/2026-03-03-subway-on-time-performance-v1.parquet
1367381,2026-03-06 00:22:27+00:00,2026-03-04,https://performancedata.mbta.com/lamp/subway-on-time-performance-v1/2026-03-04-subway-on-time-performance-v1.parquet
1388728,2026-03-07 00:29:41+00:00,2026-03-05,https://performancedata.mbta.com/lamp/subway-on-time-performance-v1/2026-03-05-subway-on-time-performance-v1.parquet
1393205,2026-03-08 00:43:48+00:00,2026-03-06,https://performancedata.mbta.com/lamp/subway-on-time-performance-v1/2026-03-06-subway-on-time-performance-v1.parquet
1270171,2026-03-09 00:50:14+00:00,2026-03-07,https://performancedata.mbta.com/lamp/subway-on-time-performance-v1/2026-03-07-subway-on-time-performance-v1.parquet
1154714,2026-03-10 00:14:19+00:00,2026-03-08,https://performancedata.mbta.com/lamp/subway-on-time-performance-v1/2026-03-08-subway-on-time-performance-v1.parquet
1533365,2026-03-11 00:28:45+00:00,2026-03-09,https://performancedata.mbta.com/lamp/subway-on-time-performance-v1/2026-03-09-subway-on-time-performance-v1.parquet
1513782,2026-03-12 00:52:44+00:00,2026-03-10,https://performancedata.mbta.com/lamp/subway-on-time-performance-v1/2026-03-10-subway-on-time-performance-v1.parquet
1592203,2026-03-13 00:19:42+00:00,2026-03-11,https://performancedata.mbta.com/lamp/subway-on-time-performance-v1/2026-03-11-subway-on-time-performance-v1.parquet
1533341,2026-03-14 00:44:27+00:00,2026-03-12,https://performancedata.mbta.com/lamp/subway-on-time-performance-v1/2026-03-12-subway-on-time-performance-v1.parquet
1599873,2026-03-15 01:00:17+00:00,2026-03-13,https://performancedata.mbta.com/lamp/subway-on-time-performance-v1/2026-03-13-subway-on-time-performance-v1.parquet
1227674,2026-03-16 00:07:17+00:00,2026-03-14,https://performancedata.mbta.com/lamp/subway-on-time-performance-v1/2026-03-14-subway-on-time-performance-v1.parquet
1195229,2026-03-17 00:30:52+00:00,2026-03-15,https://performancedata.mbta.com/lamp/subway-on-time-performance-v1/2026-03-15-subway-on-time-performance-v1.parquet
1543776,2026-03-18 00:21:25+00:00,2026-03-16,https://performancedata.mbta.com/lamp/subway-on-time-performance-v1/2026-03-16-subway-on-time-performance-v1.parquet
1538134,2026-03-19 00:10:29+00:00,2026-03-17,https://performancedata.mbta.com/lamp/subway-on-time-performance-v1/2026-03-17-subway-on-time-performance-v1.parquet
1554319,2026-03-20 00:37:35+00:00,2026-03-18,https://performancedata.mbta.com/lamp/subway-on-time-performance-v1/2026-03-18-subway-on-time-performance-v1.parquet
1524115,2026-03-21 00:58:26+00:00,2026-03-19,https://performancedata.mbta.com/lamp/subway-on-time-performance-v1/2026-03-19-subway-on-time-performance-v1.parquet
1562905,2026-03-22 00:08:05+00:00,2026-03-20,https://performancedata.mbta.com/lamp/subway-on-time-performance-v1/2026-03-20-subway-on-time-performance-v1.parquet
1230724,2026-03-23 00:53:13+00:00,2026-03-21,https://performancedata.mbta.com/lamp/subway-on-time-performance-v1/2026-03-21-subway-on-time-performance-v1.parquet
1164829,2026-03-24 00:35:49+00:00,2026-03-22,https://performancedata.mbta.com/lamp/subway-on-time-performance-v1/2026-03-22-subway-on-time-performance-v1.parquet
1543045,2026-03-25 02:02:57+00:00,2026-03-23,https://performancedata.mbta.com/lamp/subway-on-time-performance-v1/2026-03-23-subway-on-time-performance-v1.parquet
1524016,2026-03-26 02:05:23+00:00,2026-03-24,https://performancedata.mbta.com/lamp/subway-on-time-performance-v1/2026-03-24-subway-on-time-performance-v1.parquet
1565313,2026-03-27 02:29:23+00:00,2026-03-25,https://performancedata.mbta.com/lamp/subway-on-time-performance-v1/2026-03-25-subway-on-time-performance-v1.parquet
1519227,2026-03-28 01:46:08+00:00,2026-03-26,https://performancedata.mbta.com/lamp/subway-on-time-performance-v1/2026-03-26-subway-on-time-performance-v1.parquet
1572004,2026-03-29 00:36:51+00:00,2026-03-27,https://performancedata.mbta.com/lamp/subway-on-time-performance-v1/2026-03-27-subway-on-time-performance-v1.parquet
1272826,2026-03-30 00:46:53+00:00,2026-03-28,https://performancedata.mbta.com/lamp/subway-on-time-performance-v1/2026-03-28-subway-on-time-performance-v1.parquet
1151687,2026-03-31 01:35:56+00:00,2026-03-29,https://performancedata.mbta.com/lamp/subway-on-time-performance-v1/2026-03-29-subway-on-time-performance-v1.parquet
1533998,2026-04-01 02:44:39+00:00,2026-03-30,https://performancedata.mbta.com/lamp/subway-on-time-performance-v1/2026-03-30-subway-on-time-performance-v1.parquet
1536652,2026-04-02 02:25:43+00:00,2026-03-31,https://performancedata.mbta.com/lamp/subway-on-time-performance-v1/2026-03-31-subway-on-time-performance-v1.parquet
1454672,2026-04-03 01:09:33+00:00,2026-04-01,https://performancedata.mbta.com/lamp/subway-on-time-performance-v1/2026-04-01-subway-on-time-performance-v1.parquet
1519472,2026-04-04 01:42:58+00:00,2026-04-02,https://performancedata.mbta.com/lamp/subway-on-time-performance-v1/2026-04-02-subway-on-time-performance-v1.parquet
1549277,2026-04-05 00:39:08+00:00,2026-04-03,https://performancedata.mbta.com/lamp/subway-on-time-performance-v1/2026-04-03-subway-on-time-performance-v1.parquet
1213589,2026-04-06 00:41:37+00:00,2026-04-04,https://performancedata.mbta.com/lamp/subway-on-time-performance-v1/2026-04-04-subway-on-time-performance-v1.parquet
1128637,2026-04-07 00:16:02+00:00,2026-04-05,https://performancedata.mbta.com/lamp/subway-on-time-performance-v1/2026-04-05-subway-on-time-performance-v1.parquet
1535647,2026-04-08 00:23:04+00:00,2026-04-06,https://performancedata.mbta.com/lamp/subway-on-time-performance-v1/2026-04-06-subway-on-time-performance-v1.parquet
1545594,2026-04-09 00:27:49+00:00,2026-04-07,https://performancedata.mbta.com/lamp/subway-on-time-performance-v1/2026-04-07-subway-on-time-performance-v1.parquet
1537047,2026-04-10 00:49:01+00:00,2026-04-08,https://performancedata.mbta.com/lamp/subway-on-time-performance-v1/2026-04-08-subway-on-time-performance-v1.parquet
1584772,2026-04-11 01:01:32+00:00,2026-04-09,https://performancedata.mbta.com/lamp/subway-on-time-performance-v1/2026-04-09-subway-on-time-performance-v1.parquet
1628751,2026-04-12 00:52:17+00:00,2026-04-10,https://performancedata.mbta.com/lamp/subway-on-time-performance-v1/2026-04-10-subway-on-time-performance-v1.parquet
1255404,2026-04-13 00:23:29+00:00,2026-04-11,https://performancedata.mbta.com/lamp/subway-on-time-performance-v1/2026-04-11-subway-on-time-performance-v1.parquet
1157945,2026-04-14 00:32:10+00:00,2026-04-12,https://performancedata.mbta.com/lamp/subway-on-time-performance-v1/2026-04-12-subway-on-time-performance-v1.parquet
1578145,2026-04-15 00:36:18+00:00,2026-04-13,https://performancedata.mbta.com/lamp/subway-on-time-performance-v1/2026-04-13-subway-on-time-performance-v1.parquet
1506616,2026-04-16 01:18:50+00:00,2026-04-14,https://performancedata.mbta.com/lamp/subway-on-time-performance-v1/2026-04-14-subway-on-time-performance-v1.parquet
1559262,2026-04-17 01:16:32+00:00,2026-04-15,https://performancedata.mbta.com/lamp/subway-on-time-performance-v1/2026-04-15-subway-on-time-performance-v1.parquet
1559313,2026-04-18 01:19:20+00:00,2026-04-16,https://performancedata.mbta.com/lamp/subway-on-time-performance-v1/2026-04-16-subway-on-time-performance-v1.parquet
1640701,2026-04-19 00:47:17+00:00,2026-04-17,https://performancedata.mbta.com/lamp/subway-on-time-performance-v1/2026-04-17-subway-on-time-performance-v1.parquet
1260758,2026-04-20 00:16:53+00:00,2026-04-18,https://performancedata.mbta.com/lamp/subway-on-time-performance-v1/2026-04-18-subway-on-time-performance-v1.parquet
1189013,2026-04-21 00:39:07+00:00,2026-04-19,https://performancedata.mbta.com/lamp/subway-on-time-performance-v1/2026-04-19-subway-on-time-performance-v1.parquet
1515701,2026-04-22 00:21:36+00:00,2026-04-20,https://performancedata.mbta.com/lamp/subway-on-time-performance-v1/2026-04-20-subway-on-time-performance-v1.parquet
1615875,2026-04-23 00:19:24+00:00,2026-04-21,https://performancedata.mbta.com/lamp/subway-on-time-performance-v1/2026-04-21-subway-on-time-performance-v1.parquet
1431105,2026-04-24 00:18:41+00:00,2026-04-22,https://performancedata.mbta.com/lamp/subway-on-time-performance-v1/2026-04-22-subway-on-time-performance-v1.parquet
1430620,2026-04-25 01:05:52+00:00,2026-04-23,https://performancedata.mbta.com/lamp/subway-on-time-performance-v1/2026-04-23-subway-on-time-performance-v1.parquet
1508754,2026-04-26 00:10:32+00:00,2026-04-24,https://performancedata.mbta.com/lamp/subway-on-time-performance-v1/2026-04-24-subway-on-time-performance-v1.parquet
956874,2026-04-27 00:43:54+00:00,2026-04-25,https://performancedata.mbta.com/lamp/subway-on-time-performance-v1/2026-04-25-subway-on-time-performance-v1.parquet
883443,2026-04-28 00:11:08+00:00,2026-04-26,https://performancedata.mbta.com/lamp/subway-on-time-performance-v1/2026-04-26-subway-on-time-performance-v1.parquet
1484070,2026-04-29 01:24:55+00:00,2026-04-27,https://performancedata.mbta.com/lamp/subway-on-time-performance-v1/2026-04-27-subway-on-time-performance-v1.parquet
1415792,2026-04-30 01:16:36+00:00,2026-04-28,https://performancedata.mbta.com/lamp/subway-on-time-performance-v1/2026-04-28-subway-on-time-performance-v1.parquet
1485275,2026-05-01 01:01:45+00:00,2026-04-29,https://performancedata.mbta.com/lamp/subway-on-time-performance-v1/2026-04-29-subway-on-time-performance-v1.parquet
1493821,2026-05-02 02:35:30+00:00,2026-04-30,https://performancedata.mbta.com/lamp/subway-on-time-performance-v1/2026-04-30-subway-on-time-performance-v1.parquet
1632922,2026-05-03 00:55:49+00:00,2026-05-01,https://performancedata.mbta.com/lamp/subway-on-time-performance-v1/2026-05-01-subway-on-time-performance-v1.parquet
1228327,2026-05-04 00:22:44+00:00,2026-05-02,https://performancedata.mbta.com/lamp/subway-on-time-performance-v1/2026-05-02-subway-on-time-performance-v1.parquet
1103159,2026-05-05 01:55:54+00:00,2026-05-03,https://performancedata.mbta.com/lamp/subway-on-time-performance-v1/2026-05-03-subway-on-time-performance-v1.parquet
1490199,2026-05-06 01:09:00+00:00,2026-05-04,https://performancedata.mbta.com/lamp/subway-on-time-performance-v1/2026-05-04-subway-on-time-performance-v1.parquet
1574901,2026-05-07 02:48:30+00:00,2026-05-05,https://performancedata.mbta.com/lamp/subway-on-time-performance-v1/2026-05-05-subway-on-time-performance-v1.parquet
1358919,2026-05-08 00:54:38+00:00,2026-05-06,https://performancedata.mbta.com/lamp/subway-on-time-performance-v1/2026-05-06-subway-on-time-performance-v1.parquet
1351236,2026-05-09 01:08:47+00:00,2026-05-07,https://performancedata.mbta.com/lamp/subway-on-time-performance-v1/2026-05-07-subway-on-time-performance-v1.parquet
1535602,2026-05-10 01:04:11+00:00,2026-05-08,https://performancedata.mbta.com/lamp/subway-on-time-performance-v1/2026-05-08-subway-on-time-performance-v1.parquet
1141676,2026-05-11 00:47:47+00:00,2026-05-09,https://performancedata.mbta.com/lamp/subway-on-time-performance-v1/2026-05-09-subway-on-time-performance-v1.parquet
1003754,2026-05-12 01:15:03+00:00,2026-05-10,https://performancedata.mbta.com/lamp/subway-on-time-performance-v1/2026-05-10-subway-on-time-performance-v1.parquet
1476201,2026-05-13 00:26:15+00:00,2026-05-11,https://performancedata.mbta.com/lamp/subway-on-time-performance-v1/2026-05-11-subway-on-time-performance-v1.parquet
1459270,2026-05-14 01:04:13+00:00,2026-05-12,https://performancedata.mbta.com/lamp/subway-on-time-performance-v1/2026-05-12-subway-on-time-performance-v1.parquet
1489713,2026-05-15 00:16:57+00:00,2026-05-13,https://performancedata.mbta.com/lamp/subway-on-time-performance-v1/2026-05-13-subway-on-time-performance-v1.parquet
1419186,2026-05-16 00:57:45+00:00,2026-05-14,https://performancedata.mbta.com/lamp/subway-on-time-performance-v1/2026-05-14-subway-on-time-performance-v1.parquet
1287225,2026-05-17 01:09:38+00:00,2026-05-15,https://performancedata.mbta.com/lamp/subway-on-time-performance-v1/2026-05-15-subway-on-time-performance-v1.parquet
1037191,2026-05-18 01:10:56+00:00,2026-05-16,https://performancedata.mbta.com/lamp/subway-on-time-performance-v1/2026-05-16-subway-on-time-performance-v1.parquet
986963,2026-05-19 00:19:02+00:00,2026-05-17,https://performancedata.mbta.com/lamp/subway-on-time-performance-v1/2026-05-17-subway-on-time-performance-v1.parquet
1400616,2026-05-20 01:11:27+00:00,2026-05-18,https://performancedata.mbta.com/lamp/subway-on-time-performance-v1/2026-05-18-subway-on-time-performance-v1.parquet
1356785,2026-05-21 00:34:25+00:00,2026-05-19,https://performancedata.mbta.com/lamp/subway-on-time-performance-v1/2026-05-19-subway-on-time-performance-v1.parquet
1450113,2026-05-22 00:37:41+00:00,2026-05-20,https://performancedata.mbta.com/lamp/subway-on-time-performance-v1/2026-05-20-subway-on-time-performance-v1.parquet
1533589,2026-05-23 00:14:05+00:00,2026-05-21,https://performancedata.mbta.com/lamp/subway-on-time-performance-v1/2026-05-21-subway-on-time-performance-v1.parquet
1621512,2026-05-24 00:12:27+00:00,2026-05-22,https://performancedata.mbta.com/lamp/subway-on-time-performance-v1/2026-05-22-subway-on-time-performance-v1.parquet
1266683,2026-05-25 00:10:59+00:00,2026-05-23,https://performancedata.mbta.com/lamp/subway-on-time-performance-v1/2026-05-23-subway-on-time-performance-v1.parquet
1187361,2026-05-26 00:24:56+00:00,2026-05-24,https://performancedata.mbta.com/lamp/subway-on-time-performance-v1/2026-05-24-subway-on-time-performance-v1.parquet
1188525,2026-05-27 00:12:41+00:00,2026-05-25,https://performancedata.mbta.com/lamp/subway-on-time-performance-v1/2026-05-25-subway-on-time-performance-v1.parquet
1569613,2026-05-28 00:21:51+00:00,2026-05-26,https://performancedata.mbta.com/lamp/subway-on-time-performance-v1/2026-05-26-subway-on-time-performance-v1.parquet
1567262,2026-05-29 00:29:01+00:00,2026-05-27,https://performancedata.mbta.com/lamp/subway-on-time-performance-v1/2026-05-27-subway-on-time-performance-v1.parquet
1579640,2026-05-30 01:14:04+00:00,2026-05-28,https://performancedata.mbta.com/lamp/subway-on-time-performance-v1/2026-05-28-subway-on-time-performance-v1.parquet
1452530,2026-05-31 00:13:48+00:00,2026-05-29,https://performancedata.mbta.com/lamp/subway-on-time-performance-v1/2026-05-29-subway-on-time-performance-v1.parquet
1041356,2026-06-01 00:23:22+00:00,2026-05-30,https://performancedata.mbta.com/lamp/subway-on-time-performance-v1/2026-05-30-subway-on-time-performance-v1.parquet
985137,2026-06-02 01:34:03+00:00,2026-05-31,https://performancedata.mbta.com/lamp/subway-on-time-performance-v1/2026-05-31-subway-on-time-performance-v1.parquet
1396275,2026-06-03 01:36:15+00:00,2026-06-01,https://performancedata.mbta.com/lamp/subway-on-time-performance-v1/2026-06-01-subway-on-time-performance-v1.parquet
1420197,2026-06-04 00:37:21+00:00,2026-06-02,https://performancedata.mbta.com/lamp/subway-on-time-performance-v1/2026-06-02-subway-on-time-performance-v1.parquet
1268466,2026-06-05 01:01:28+00:00,2026-06-03,https://performancedata.mbta.com/lamp/subway-on-time-performance-v1/2026-06-03-subway-on-time-performance-v1.parquet
1365331,2026-06-06 00:27:30+00:00,2026-06-04,https://performancedata.mbta.com/lamp/subway-on-time-performance-v1/2026-06-04-subway-on-time-performance-v1.parquet
1406926,2026-06-07 00:19:03+00:00,2026-06-05,https://performancedata.mbta.com/lamp/subway-on-time-performance-v1/2026-06-05-subway-on-time-performance-v1.parquet
1223998,2026-06-08 00:11:31+00:00,2026-06-06,https://performancedata.mbta.com/lamp/subway-on-time-performance-v1/2026-06-06-subway-on-time-performance-v1.parquet
948381,2026-06-09 01:08:44+00:00,2026-06-07,https://performancedata.mbta.com/lamp/subway-on-time-performance-v1/2026-06-07-subway-on-time-performance-v1.parquet
1475747,2026-06-10 01:15:50+00:00,2026-06-08,https://performancedata.mbta.com/lamp/subway-on-time-performance-v1/2026-06-08-subway-on-time-performance-v1.parquet
1473595,2026-06-11 00:40:40+00:00,2026-06-09,https://performancedata.mbta.com/lamp/subway-on-time-performance-v1/2026-06-09-subway-on-time-performance-v1.parquet
1535508,2026-06-12 01:46:59+00:00,2026-06-10,https://performancedata.mbta.com/lamp/subway-on-time-performance-v1/2026-06-10-subway-on-time-performance-v1.parquet
1569769,2026-06-13 02:15:52+00:00,2026-06-11,https://performancedata.mbta.com/lamp/subway-on-time-performance-v1/2026-06-11-subway-on-time-performance-v1.parquet
1591939,2026-06-14 00:35:12+00:00,2026-06-12,https://performancedata.mbta.com/lamp/subway-on-time-performance-v1/2026-06-12-subway-on-time-performance-v1.parquet
1411705,2026-06-15 00:11:10+00:00,2026-06-13,https://performancedata.mbta.com/lamp/subway-on-time-performance-v1/2026-06-13-subway-on-time-performance-v1.parquet
1120471,2026-06-16 02:06:11+00:00,2026-06-14,https://performancedata.mbta.com/lamp/subway-on-time-performance-v1/2026-06-14-subway-on-time-performance-v1.parquet
1620083,2026-06-17 02:02:21+00:00,2026-06-15,https://performancedata.mbta.com/lamp/subway-on-time-performance-v1/2026-06-15-subway-on-time-performance-v1.parquet
1583451,2026-06-18 01:44:55+00:00,2026-06-16,https://performancedata.mbta.com/lamp/subway-on-time-performance-v1/2026-06-16-subway-on-time-performance-v1.parquet
1635310,2026-06-19 01:43:30+00:00,2026-06-17,https://performancedata.mbta.com/lamp/subway-on-time-performance-v1/2026-06-17-subway-on-time-performance-v1.parquet
1642089,2026-06-20 01:39:39+00:00,2026-06-18,https://performancedata.mbta.com/lamp/subway-on-time-performance-v1/2026-06-18-subway-on-time-performance-v1.parquet
1734768,2026-06-21 00:19:41+00:00,2026-06-19,https://performancedata.mbta.com/lamp/subway-on-time-performance-v1/2026-06-19-subway-on-time-performance-v1.parquet
1274379,2026-06-22 00:20:45+00:00,2026-06-20,https://performancedata.mbta.com/lamp/subway-on-time-performance-v1/2026-06-20-subway-on-time-performance-v1.parquet
1199837,2026-06-23 01:15:42+00:00,2026-06-21,https://performancedata.mbta.com/lamp/subway-on-time-performance-v1/2026-06-21-subway-on-time-performance-v1.parquet
1672832,2026-06-24 01:55:19+00:00,2026-06-22,https://performancedata.mbta.com/lamp/subway-on-time-performance-v1/2026-06-22-subway-on-time-performance-v1.parquet
1665493,2026-06-25 01:39:15+00:00,2026-06-23,https://performancedata.mbta.com/lamp/subway-on-time-performance-v1/2026-06-23-subway-on-time-performance-v1.parquet
1661892,2026-06-26 01:42:59+00:00,2026-06-24,https://performancedata.mbta.com/lamp/subway-on-time-performance-v1/2026-06-24-subway-on-time-performance-v1.parquet
1615260,2026-06-27 01:45:56+00:00,2026-06-25,https://performancedata.mbta.com/lamp/subway-on-time-performance-v1/2026-06-25-subway-on-time-performance-v1.parquet
1648092,2026-06-28 00:34:34+00:00,2026-06-26,https://performancedata.mbta.com/lamp/subway-on-time-performance-v1/2026-06-26-subway-on-time-performance-v1.parquet
1291643,2026-06-29 00:07:25+00:00,2026-06-27,https://performancedata.mbta.com/lamp/subway-on-time-performance-v1/2026-06-27-subway-on-time-performance-v1.parquet
1209769,2026-06-30 01:11:30+00:00,2026-06-28,https://performancedata.mbta.com/lamp/subway-on-time-performance-v1/2026-06-28-subway-on-time-performance-v1.parquet
1633506,2026-07-01 01:23:45+00:00,2026-06-29,https://performancedata.mbta.com/lamp/subway-on-time-performance-v1/2026-06-29-subway-on-time-performance-v1.parquet
1619379,2026-07-02 01:30:06+00:00,2026-06-30,https://performancedata.mbta.com/lamp/subway-on-time-performance-v1/2026-06-30-subway-on-time-performance-v1.parquet
1569012,2026-07-03 01:23:54+00:00,2026-07-01,https://performancedata.mbta.com/lamp/subway-on-time-performance-v1/2026-07-01-subway-on-time-performance-v1.parquet
1539296,2026-07-04 00:26:18+00:00,2026-07-02,https://performancedata.mbta.com/lamp/subway-on-time-performance-v1/2026-07-02-subway-on-time-performance-v1.parquet
1261500,2026-07-05 00:15:03+00:00,2026-07-03,https://performancedata.mbta.com/lamp/subway-on-time-performance-v1/2026-07-03-subway-on-time-performance-v1.parquet
1470958,2026-07-06 00:14:19+00:00,2026-07-04,https://performancedata.mbta.com/lamp/subway-on-time-performance-v1/2026-07-04-subway-on-time-performance-v1.parquet
1172485,2026-07-07 01:05:21+00:00,2026-07-05,https://performancedata.mbta.com/lamp/subway-on-time-performance-v1/2026-07-05-subway-on-time-performance-v1.parquet
1586152,2026-07-08 01:27:41+00:00,2026-07-06,https://performancedata.mbta.com/lamp/subway-on-time-performance-v1/2026-07-06-subway-on-time-performance-v1.parquet
1561467,2026-07-09 00:23:44+00:00,2026-07-07,https://performancedata.mbta.com/lamp/subway-on-time-performance-v1/2026-07-07-subway-on-time-performance-v1.parquet
1575611,2026-07-10 00:52:32+00:00,2026-07-08,https://performancedata.mbta.com/lamp/subway-on-time-performance-v1/2026-07-08-subway-on-time-performance-v1.parquet
1594051,2026-07-11 00:19:05+00:00,2026-07-09,https://performancedata.mbta.com/lamp/subway-on-time-performance-v1/2026-07-09-subway-on-time-performance-v1.parquet
1582372,2026-07-12 00:32:07+00:00,2026-07-10,https://performancedata.mbta.com/lamp/subway-on-time-performance-v1/2026-07-10-subway-on-time-performance-v1.parquet
1377096,2026-07-13 00:11:09+00:00,2026-07-11,https://performancedata.mbta.com/lamp/subway-on-time-performance-v1/2026-07-11-subway-on-time-performance-v1.parquet
1168822,2026-07-14 00:20:05+00:00,2026-07-12,https://performancedata.mbta.com/lamp/subway-on-time-performance-v1/2026-07-12-subway-on-time-performance-v1.parquet
1623879,2026-07-15 00:42:03+00:00,2026-07-13,https://performancedata.mbta.com/lamp/subway-on-time-performance-v1/2026-07-13-subway-on-time-performance-v1.parquet
1561786,2026-07-16 03:07:03+00:00,2026-07-14,https://performancedata.mbta.com/lamp/subway-on-time-performance-v1/2026-07-14-subway-on-time-performance-v1.parquet
1644682,2026-07-17 01:35:42+00:00,2026-07-15,https://performancedata.mbta.com/lamp/subway-on-time-performance-v1/2026-07-15-subway-on-time-performance-v1.parquet
1577981,2026-07-18 01:52:51+00:00,2026-07-16,https://performancedata.mbta.com/lamp/subway-on-time-performance-v1/2026-07-16-subway-on-time-performance-v1.parquet
1556253,2026-07-19 00:27:08+00:00,2026-07-17,https://performancedata.mbta.com/lamp/subway-on-time-performance-v1/2026-07-17-subway-on-time-performance-v1.parquet
1270555,2026-07-20 00:09:33+00:00,2026-07-18,https://performancedata.mbta.com/lamp/subway-on-time-performance-v1/2026-07-18-subway-on-time-performance-v1.parquet
1194243,2026-07-21 01:16:20+00:00,2026-07-19,https://performancedata.mbta.com/lamp/subway-on-time-performance-v1/2026-07-19-subway-on-time-performance-v1.parquet
1539926,2026-07-22 00:37:42+00:00,2026-07-20,https://performancedata.mbta.com/lamp/subway-on-time-performance-v1/2026-07-20-subway-on-time-performance-v1.parquet
1402973,2026-07-23 00:33:37+00:00,2026-07-21,https://performancedata.mbta.com/lamp/subway-on-time-performance-v1/2026-07-21-subway-on-time-performance-v1.parquet
1405593,2026-07-24 00:25:20+00:00,2026-07-22,https://performancedata.mbta.com/lamp/subway-on-time-performance-v1/2026-07-22-subway-on-time-performance-v1.parquet
1402114,2026-07-25 00:10:42+00:00,2026-07-23,https://performancedata.mbta.com/lamp/subway-on-time-performance-v1/2026-07-23-subway-on-time-performance-v1.parquet
1325862,2026-07-26 00:09:52+00:00,2026-07-24,https://performancedata.mbta.com/lamp/subway-on-time-performance-v1/2026-07-24-subway-on-time-performance-v1.parquet
1117942,2026-07-27 00:14:53+00:00,2026-07-25,https://performancedata.mbta.com/lamp/subway-on-time-performance-v1/2026-07-25-subway-on-time-performance-v1.parquet
1061601,2026-07-28 00:22:44+00:00,2026-07-26,https://performancedata.mbta.com/lamp/subway-on-time-performance-v1/2026-07-26-subway-on-time-performance-v1.parquet
1460088,2026-07-29 00:14:32+00:00,2026-07-27,https://performancedata.mbta.com/lamp/subway-on-time-performance-v1/2026-07-27-subway-on-time-performance-v1.parquet
1417439,2026-07-30 00:16:11+00:00,2026-07-28,https://performancedata.mbta.com/lamp/subway-on-time-performance-v1/2026-07-28-subway-on-time-performance-v1.parquet
1424224,2026-07-31 00:42:28+00:00,2026-07-29,https://performancedata.mbta.com/lamp/subway-on-time-performance-v1/2026-07-29-subway-on-time-performance-v1.parquet
1389141,2026-08-01 00:11:42+00:00,2026-07-30,https://performancedata.mbta.com/lamp/subway-on-time-performance-v1/2026-07-30-subway-on-time-performance-v1.parquet
1494167,2026-08-02 00:16:34+00:00,2026-07-31,https://performancedata.mbta.com/lamp/subway-on-time-performance-v1/2026-07-31-subway-on-time-performance-v1.parquet
931868,2026-08-03 00:29:27+00:00,2026-08-01,https://performancedata.mbta.com/lamp/subway-on-time-performance-v1/2026-08-01-subway-on-time-performance-v1.parquet
844205,2026-08-04 01:06:56+00:00,2026-08-02,https://performancedata.mbta.com/lamp/subway-on-time-performance-v1/2026-08-02-subway-on-time-performance-v1.parquet
1557530,2026-08-05 01:46:03+00:00,2026-08-03,https://performancedata.mbta.com/lamp/subway-on-time-performance-v1/2026-08-03-subway-on-time-performance-v1.parquet
1611903,2026-08-06 01:55:15+00:00,2026-08-04,https://performancedata.mbta.com/lamp/subway-on-time-performance-v1/2026-08-04-subway-on-time-performance-v1.parquet
1525218,2026-08-07 01:58:21+00:00,2026-08-05,https://performancedata.mbta.com/lamp/subway-on-time-performance-v1/2026-08-05-subway-on-time-performance-v1.parquet
1534605,2026-08-08 01:51:46+00:00,2026-08-06,https://performancedata.mbta.com/lamp/subway-on-time-performance-v1/2026-08-06-subway-on-time-performance-v1.parquet
1437590,2026-08-09 00:27:44+00:00,2026-08-07,https://performancedata.mbta.com/lamp/subway-on-time-performance-v1/2026-08-07-subway-on-time-performance-v1.parquet
805615,2026-08-10 00:34:11+00:00,2026-08-08,https://performancedata.mbta.com/lamp/subway-on-time-performance-v1/2026-08-08-subway-on-time-performance-v1.parquet
763166,2026-08-11 00:13:15+00:00,2026-08-09,https://performancedata.mbta.com/lamp/subway-on-time-performance-v1/2026-08-09-subway-on-time-performance-v1.parquet
1009460,2026-08-12 00:46:03+00:00,2026-08-10,https://performancedata.mbta.com/lamp/subway-on-time-performance-v1/2026-08-10-subway-on-time-performance-v1.parquet
1046243,2026-08-13 00:17:19+00:00,2026-08-11,https://performancedata.mbta.com/lamp/subway-on-time-performance-v1/2026-08-11-subway-on-time-performance-v1.parquet
1070702,2026-08-14 00:14:18+00:00,2026-08-12,https://performancedata.mbta.com/lamp/subway-on-time-performance-v1/2026-08-12-subway-on-time-performance-v1.parquet
1057212,2026-08-15 00:23:56+00:00,2026-08-13,https://performancedata.mbta.com/lamp/subway-on-time-performance-v1/2026-08-13-subway-on-time-performance-v1.parquet
1065956,2026-08-16 00:20:03+00:00,2026-08-14,https://performancedata.mbta.com/lamp/subway-on-time-performance-v1/2026-08-14-subway-on-time-performance-v1.parquet
816944,2026-08-17 00:10:07+00:00,2026-08-15,https://performancedata.mbta.com/lamp/subway-on-time-performance-v1/2026-08-15-subway-on-time-performance-v1.parquet
772174,2026-08-18 01:49:11+00:00,2026-08-16,https://performancedata.mbta.com/lamp/subway-on-time-performance-v1/2026-08-16-subway-on-time-performance-v1.parquet
1448578,2026-08-19 00:17:21+00:00,2026-08-17,https://performancedata.mbta.com/lamp/subway-on-time-performance-v1/2026-08-17-subway-on-time-performance-v1.parquet
1352196,2026-08-20 00:16:59+00:00,2026-08-18,https://performancedata.mbta.com/lamp/subway-on-time-performance-v1/2026-08-18-subway-on-time-performance-v1.parquet
1501290,2026-08-21 00:19:41+00:00,2026-08-19,https://performancedata.mbta.com/lamp/subway-on-time-performance-v1/2026-08-19-subway-on-time-performance-v1.parquet
1332296,2026-08-22 00:39:50+00:00,2026-08-20,https://performancedata.mbta.com/lamp/subway-on-time-performance-v1/2026-08-20-subway-on-time-performance-v1.parquet
1385075,2026-08-23 00:20:24+00:00,2026-08-21,https://performancedata.mbta.com/lamp/subway-on-time-performance-v1/2026-08-21-subway-on-time-performance-v1.parquet
1094714,2026-08-24 00:10:24+00:00,2026-08-22,https://performancedata.mbta.com/lamp/subway-on-time-performance-v1/2026-08-22-subway-on-time-performance-v1.parquet
1055022,2026-08-25 01:17:25+00:00,2026-08-23,https://performancedata.mbta.com/lamp/subway-on-time-performance-v1/2026-08-23-subway-on-time-performance-v1.parquet
1374523,2026-08-26 00:43:12+00:00,2026-08-24,https://performancedata.mbta.com/lamp/subway-on-time-performance-v1/2026-08-24-subway-on-time-performance-v1.parquet
1415744,2026-08-27 01:13:12+00:00,2026-08-25,https://performancedata.mbta.com/lamp/subway-on-time-performance-v1/2026-08-25-subway-on-time-performance-v1.parquet
1425506,2026-08-28 00:42:47+00:00,2026-08-26,https://performancedata.mbta.com/lamp/subway-on-time-performance-v1/2026-08-26-subway-on-time-performance-v1.parquet
1400732,2026-08-29 01:03:55+00:00,2026-08-27,https://performancedata.mbta.com/lamp/subway-on-time-performance-v1/2026-08-27-subway-on-time-performance-v1.parquet
1421260,2026-08-30 00:19:50+00:00,2026-08-28,https://performancedata.mbta.com/lamp/subway-on-time-performance-v1/2026-08-28-subway-on-time-performance-v1.parquet
1126384,2026-08-31 00:07:37+00:00,2026-08-29,https://performancedata.mbta.com/lamp/subway-on-time-performance-v1/2026-08-29-subway-on-time-performance-v1.parquet
1024571,2026-09-01 01:54:31+00:00,2026-08-30,https://performancedata.mbta.com/lamp/subway-on-time-performance-v1/2026-08-30-subway-on-time-performance-v1.parquet
1666313,2026-09-02 02:17:37+00:00,2026-08-31,https://performancedata.mbta.com/lamp/subway-on-time-performance-v1/2026-08-31-subway-on-time-performance-v1.parquet
1536949,2026-09-03 01:58:58+00:00,2026-09-01,https://performancedata.mbta.com/lamp/subway-on-time-performance-v1/2026-09-01-subway-on-time-performance-v1.parquet
1565220,2026-09-04 01:50:06+00:00,2026-09-02,https://performancedata.mbta.com/lamp/subway-on-time-performance-v1/2026-09-02-subway-on-time-performance-v1.parquet
1609144,2026-09-05 01:45:56+00:00,2026-09-03,https://performancedata.mbta.com/lamp/subway-on-time-performance-v1/2026-09-03-subway-on-time-performance-v1.parquet
1589248,2026-09-06 00:12:39+00:00,2026-09-04,https://performancedata.mbta.com/lamp/subway-on-time-performance-v1/2026-09-04-subway-on-time-performance-v1.parquet
1203193,2026-09-07 00:13:34+00:00,2026-09-05,https://performancedata.mbta.com/lamp/subway-on-time-performance-v1/2026-09-05-subway-on-time-performance-v1.parquet
1184997,2026-09-08 00:17:08+00:00,2026-09-06,https://performancedata.mbta.com/lamp/subway-on-time-performance-v1/2026-09-06-subway-on-time-performance-v1.parquet
1171612,2026-09-09 00:23:55+00:00,2026-09-07,https://performancedata.mbta.com/lamp/subway-on-time-performance-v1/2026-09-07-subway-on-time-performance-v1.parquet
1619335,2026-09-10 01:50:15+00:00,2026-09-08,https://performancedata.mbta.com/lamp/subway-on-time-performance-v1/2026-09-08-subway-on-time-performance-v1.parquet
1631773,2026-09-11 00:19:43+00:00,2026-09-09,https://performancedata.mbta.com/lamp/subway-on-time-performance-v1/2026-09-09-subway-on-time-performance-v1.parquet
1495009,2026-09-12 01:41:15+00:00,2026-09-10,https://performancedata.mbta.com/lamp/subway-on-time-performance-v1/2026-09-10-subway-on-time-performance-v1.parquet
1482497,2026-09-13 00:13:42+00:00,2026-09-11,https://performancedata.mbta.com/lamp/subway-on-time-performance-v1/2026-09-11-subway-on-time-performance-v1.parquet
1144923,2026-09-14 00:15:56+00:00,2026-09-12,https://performancedata.mbta.com/lamp/subway-on-time-performance-v1/2026-09-12-subway-on-time-performance-v1.parquet
1121064,2026-09-15 00:22:27+00:00,2026-09-13,https://performancedata.mbta.com/lamp/subway-on-time-performance-v1/2026-09-13-subway-on-time-performance-v1.parquet
1458128,2026-09-16 00:26:05+00:00,2026-09-14,https://performancedata.mbta.com/lamp/subway-on-time-performance-v1/2026-09-14-subway-on-time-performance-v1.parquet
1593476,2026-09-17 00:31:35+00:00,2026-09-15,https://performancedata.mbta.com/lamp/subway-on-time-performance-v1/2026-09-15-subway-on-time-performance-v1.parquet
1541970,2026-09-18 00:18:03+00:00,2026-09-16,https://performancedata.mbta.com/lamp/subway-on-time-performance-v1/2026-09-16-subway-on-time-performance-v1.parquet
1546228,2026-09-19 00:18:29+00:00,2026-09-17,https://performancedata.mbta.com/lamp/subway-on-time-performance-v1/2026-09-17-subway-on-time-performance-v1.parquet
1572192,2026-09-20 00:33:06+00:00,2026-09-18,https://performancedata.mbta.com/lamp/subway-on-time-performance-v1/2026-09-18-subway-on-time-performance-v1.parquet
904415,2026-09-21 00:08:13+00:00,2026-09-19,https://performancedata.mbta.com/lamp/subway-on-time-performance-v1/2026-09-19-subway-on-time-performance-v1.parquet
697466,2026-09-21 02:04:44+00:00,2026-09-20,https://performancedata.mbta.com/lamp/subway-on-time-performance-v1/2026-09-20-subway-on-time-performance-v1.parquet
